{
  "type": "FeatureCollection",
  "features": [
    {
      "type": "Feature",
      "id": "rgn_auxiliary.1525162078854139977",
      "geometry": {
        "type": "Polygon",
        "coordinates": [
          [
            [
              91.87497377,
              44.43240559,
              1215.15969022
            ],
            [
              91.87497268,
              44.43240399,
              1215.15969022
            ],
            [
              91.8749716,
              44.43240238,
              1215.15969022
            ],
            [
              91.87497051,
              44.43240078,
              1215.15969022
            ],
            [
              91.87496942,
              44.43239918,
              1215.15969022
            ],
            [
              91.87496834,
              44.43239758,
              1215.15969022
            ],
            [
              91.87496725,
              44.43239597,
              1215.15969022
            ],
            [
              91.87496616,
              44.43239437,
              1215.15969022
            ],
            [
              91.87496508,
              44.43239277,
              1215.15969022
            ],
            [
              91.87496399,
              44.43239116,
              1215.15969022
            ],
            [
              91.8749629,
              44.43238956,
              1215.15969022
            ],
            [
              91.87496182,
              44.43238796,
              1215.15969022
            ],
            [
              91.87496073,
              44.43238636,
              1215.15969022
            ],
            [
              91.87495964,
              44.43238475,
              1215.15969022
            ],
            [
              91.87495855,
              44.43238315,
              1215.15969022
            ],
            [
              91.87495747,
              44.43238155,
              1215.15969022
            ],
            [
              91.87495638,
              44.43237995,
              1215.15969022
            ],
            [
              91.87495529,
              44.43237834,
              1215.15969022
            ],
            [
              91.87495421,
              44.43237674,
              1215.15969022
            ],
            [
              91.87495312,
              44.43237514,
              1215.15969022
            ],
            [
              91.87495203,
              44.43237353,
              1215.15969022
            ],
            [
              91.87495095,
              44.43237193,
              1215.15969022
            ],
            [
              91.87494986,
              44.43237033,
              1215.15969022
            ],
            [
              91.87494877,
              44.43236873,
              1215.15969022
            ],
            [
              91.87494769,
              44.43236712,
              1215.15969022
            ],
            [
              91.8749466,
              44.43236552,
              1215.15969022
            ],
            [
              91.87494551,
              44.43236392,
              1215.15969022
            ],
            [
              91.87494443,
              44.43236231,
              1215.15969022
            ],
            [
              91.87494334,
              44.43236071,
              1215.15969022
            ],
            [
              91.87494225,
              44.43235911,
              1215.15969022
            ],
            [
              91.87494117,
              44.43235751,
              1215.15969022
            ],
            [
              91.87494008,
              44.4323559,
              1215.15969022
            ],
            [
              91.87493899,
              44.4323543,
              1215.15969022
            ],
            [
              91.87493791,
              44.4323527,
              1215.15969022
            ],
            [
              91.87493682,
              44.43235109,
              1215.15969022
            ],
            [
              91.87493573,
              44.43234949,
              1215.15969022
            ],
            [
              91.87493465,
              44.43234789,
              1215.15969022
            ],
            [
              91.87493356,
              44.43234629,
              1215.15969022
            ],
            [
              91.87493247,
              44.43234468,
              1215.15969022
            ],
            [
              91.87493138,
              44.43234308,
              1215.15969022
            ],
            [
              91.8749303,
              44.43234148,
              1215.15969022
            ],
            [
              91.87492921,
              44.43233988,
              1215.15969022
            ],
            [
              91.87492812,
              44.43233827,
              1215.15969022
            ],
            [
              91.87492704,
              44.43233667,
              1215.15969022
            ],
            [
              91.87492595,
              44.43233507,
              1215.15969022
            ],
            [
              91.87492486,
              44.43233346,
              1215.15969022
            ],
            [
              91.87492378,
              44.43233186,
              1215.15969022
            ],
            [
              91.87492269,
              44.43233026,
              1215.15969022
            ],
            [
              91.8749216,
              44.43232866,
              1215.15969022
            ],
            [
              91.87492052,
              44.43232705,
              1215.15969022
            ],
            [
              91.87491943,
              44.43232545,
              1215.15969022
            ],
            [
              91.87491888,
              44.43232464,
              1215.1862546
            ],
            [
              91.8749178,
              44.43232305,
              1215.1862546
            ],
            [
              91.87491672,
              44.43232146,
              1215.1862546
            ],
            [
              91.87491564,
              44.43231987,
              1215.1862546
            ],
            [
              91.87491456,
              44.43231827,
              1215.1862546
            ],
            [
              91.87491348,
              44.43231668,
              1215.1862546
            ],
            [
              91.8749124,
              44.43231509,
              1215.1862546
            ],
            [
              91.87491132,
              44.4323135,
              1215.1862546
            ],
            [
              91.87491025,
              44.43231191,
              1215.1862546
            ],
            [
              91.87490917,
              44.43231032,
              1215.1862546
            ],
            [
              91.87490809,
              44.43230872,
              1215.1862546
            ],
            [
              91.87490701,
              44.43230713,
              1215.1862546
            ],
            [
              91.87490593,
              44.43230554,
              1215.1862546
            ],
            [
              91.87490485,
              44.43230395,
              1215.1862546
            ],
            [
              91.87490377,
              44.43230236,
              1215.1862546
            ],
            [
              91.87490269,
              44.43230077,
              1215.1862546
            ],
            [
              91.87490161,
              44.43229917,
              1215.1862546
            ],
            [
              91.87490053,
              44.43229758,
              1215.1862546
            ],
            [
              91.87489945,
              44.43229599,
              1215.1862546
            ],
            [
              91.87489837,
              44.4322944,
              1215.1862546
            ],
            [
              91.87489729,
              44.43229281,
              1215.1862546
            ],
            [
              91.87489621,
              44.43229122,
              1215.1862546
            ],
            [
              91.87489513,
              44.43228962,
              1215.1862546
            ],
            [
              91.87489406,
              44.43228803,
              1215.1862546
            ],
            [
              91.87489298,
              44.43228644,
              1215.1862546
            ],
            [
              91.8748919,
              44.43228485,
              1215.1862546
            ],
            [
              91.87489082,
              44.43228326,
              1215.1862546
            ],
            [
              91.87488974,
              44.43228167,
              1215.1862546
            ],
            [
              91.87488866,
              44.43228007,
              1215.1862546
            ],
            [
              91.87488758,
              44.43227848,
              1215.1862546
            ],
            [
              91.8748865,
              44.43227689,
              1215.1862546
            ],
            [
              91.87488595,
              44.43227608,
              1215.2278966
            ],
            [
              91.87488486,
              44.43227447,
              1215.2278966
            ],
            [
              91.87488377,
              44.43227286,
              1215.2278966
            ],
            [
              91.87488267,
              44.43227125,
              1215.2278966
            ],
            [
              91.87488158,
              44.43226964,
              1215.2278966
            ],
            [
              91.87488049,
              44.43226803,
              1215.2278966
            ],
            [
              91.8748794,
              44.43226642,
              1215.2278966
            ],
            [
              91.87487831,
              44.43226481,
              1215.2278966
            ],
            [
              91.87487722,
              44.4322632,
              1215.2278966
            ],
            [
              91.87487612,
              44.43226159,
              1215.2278966
            ],
            [
              91.87487503,
              44.43225998,
              1215.2278966
            ],
            [
              91.87487394,
              44.43225837,
              1215.2278966
            ],
            [
              91.87487285,
              44.43225676,
              1215.2278966
            ],
            [
              91.87487176,
              44.43225515,
              1215.2278966
            ],
            [
              91.87487067,
              44.43225354,
              1215.2278966
            ],
            [
              91.87486957,
              44.43225193,
              1215.2278966
            ],
            [
              91.87486848,
              44.43225032,
              1215.2278966
            ],
            [
              91.87486739,
              44.43224871,
              1215.2278966
            ],
            [
              91.8748663,
              44.4322471,
              1215.2278966
            ],
            [
              91.87486521,
              44.43224549,
              1215.2278966
            ],
            [
              91.87486412,
              44.43224388,
              1215.2278966
            ],
            [
              91.87486302,
              44.43224227,
              1215.2278966
            ],
            [
              91.87486193,
              44.43224066,
              1215.2278966
            ],
            [
              91.87486084,
              44.43223905,
              1215.2278966
            ],
            [
              91.87485975,
              44.43223744,
              1215.2278966
            ],
            [
              91.87485866,
              44.43223583,
              1215.2278966
            ],
            [
              91.87485757,
              44.43223422,
              1215.2278966
            ],
            [
              91.87485647,
              44.43223261,
              1215.2278966
            ],
            [
              91.87485538,
              44.432231,
              1215.2278966
            ],
            [
              91.87485429,
              44.43222939,
              1215.2278966
            ],
            [
              91.8748532,
              44.43222778,
              1215.2278966
            ],
            [
              91.87485211,
              44.43222617,
              1215.2278966
            ],
            [
              91.87485102,
              44.43222456,
              1215.2278966
            ],
            [
              91.87484992,
              44.43222295,
              1215.2278966
            ],
            [
              91.87484883,
              44.43222134,
              1215.2278966
            ],
            [
              91.87484774,
              44.43221973,
              1215.2278966
            ],
            [
              91.87484665,
              44.43221812,
              1215.2278966
            ],
            [
              91.87484556,
              44.43221651,
              1215.2278966
            ],
            [
              91.87484447,
              44.4322149,
              1215.2278966
            ],
            [
              91.87484337,
              44.43221329,
              1215.2278966
            ],
            [
              91.87484228,
              44.43221168,
              1215.2278966
            ],
            [
              91.87484119,
              44.43221007,
              1215.2278966
            ],
            [
              91.8748401,
              44.43220846,
              1215.2278966
            ],
            [
              91.87483901,
              44.43220685,
              1215.2278966
            ],
            [
              91.87483792,
              44.43220524,
              1215.2278966
            ],
            [
              91.87483682,
              44.43220363,
              1215.2278966
            ],
            [
              91.87483573,
              44.43220202,
              1215.2278966
            ],
            [
              91.87483464,
              44.43220041,
              1215.2278966
            ],
            [
              91.87483355,
              44.4321988,
              1215.2278966
            ],
            [
              91.87483246,
              44.43219719,
              1215.2278966
            ],
            [
              91.87483137,
              44.43219558,
              1215.2278966
            ],
            [
              91.87483027,
              44.43219397,
              1215.2278966
            ],
            [
              91.87482918,
              44.43219236,
              1215.2278966
            ],
            [
              91.87482809,
              44.43219075,
              1215.2278966
            ],
            [
              91.874827,
              44.43218914,
              1215.2278966
            ],
            [
              91.87482591,
              44.43218753,
              1215.2278966
            ],
            [
              91.87482482,
              44.43218592,
              1215.2278966
            ],
            [
              91.87482372,
              44.43218431,
              1215.2278966
            ],
            [
              91.87482263,
              44.4321827,
              1215.2278966
            ],
            [
              91.87482154,
              44.43218109,
              1215.2278966
            ],
            [
              91.87482045,
              44.43217948,
              1215.2278966
            ],
            [
              91.87481936,
              44.43217787,
              1215.2278966
            ],
            [
              91.87481827,
              44.43217626,
              1215.2278966
            ],
            [
              91.87481717,
              44.43217465,
              1215.2278966
            ],
            [
              91.87481608,
              44.43217304,
              1215.2278966
            ],
            [
              91.87481499,
              44.43217143,
              1215.2278966
            ],
            [
              91.8748139,
              44.43216982,
              1215.2278966
            ],
            [
              91.87481281,
              44.43216821,
              1215.2278966
            ],
            [
              91.87481172,
              44.4321666,
              1215.2278966
            ],
            [
              91.87481062,
              44.43216499,
              1215.2278966
            ],
            [
              91.87480953,
              44.43216338,
              1215.2278966
            ],
            [
              91.87480844,
              44.43216177,
              1215.2278966
            ],
            [
              91.87480735,
              44.43216016,
              1215.2278966
            ],
            [
              91.87480626,
              44.43215855,
              1215.2278966
            ],
            [
              91.87480517,
              44.43215694,
              1215.2278966
            ],
            [
              91.87480407,
              44.43215533,
              1215.2278966
            ],
            [
              91.87480298,
              44.43215372,
              1215.2278966
            ],
            [
              91.87480189,
              44.43215211,
              1215.2278966
            ],
            [
              91.8748008,
              44.4321505,
              1215.2278966
            ],
            [
              91.87479971,
              44.43214889,
              1215.2278966
            ],
            [
              91.87479862,
              44.43214728,
              1215.2278966
            ],
            [
              91.87479752,
              44.43214567,
              1215.2278966
            ],
            [
              91.87479643,
              44.43214406,
              1215.2278966
            ],
            [
              91.87479534,
              44.43214245,
              1215.2278966
            ],
            [
              91.87479425,
              44.43214084,
              1215.2278966
            ],
            [
              91.87479316,
              44.43213923,
              1215.2278966
            ],
            [
              91.87479207,
              44.43213762,
              1215.2278966
            ],
            [
              91.87479097,
              44.43213601,
              1215.2278966
            ],
            [
              91.87478988,
              44.4321344,
              1215.2278966
            ],
            [
              91.87478879,
              44.43213279,
              1215.2278966
            ],
            [
              91.8747877,
              44.43213118,
              1215.2278966
            ],
            [
              91.87478715,
              44.43213037,
              1215.41704017
            ],
            [
              91.87478608,
              44.43212879,
              1215.41704017
            ],
            [
              91.87478501,
              44.43212721,
              1215.41704017
            ],
            [
              91.87478394,
              44.43212563,
              1215.41704017
            ],
            [
              91.87478287,
              44.43212406,
              1215.41704017
            ],
            [
              91.8747818,
              44.43212248,
              1215.41704017
            ],
            [
              91.87478073,
              44.4321209,
              1215.41704017
            ],
            [
              91.87477966,
              44.43211932,
              1215.41704017
            ],
            [
              91.87477859,
              44.43211774,
              1215.41704017
            ],
            [
              91.87477752,
              44.43211616,
              1215.41704017
            ],
            [
              91.87477644,
              44.43211459,
              1215.41704017
            ],
            [
              91.87477537,
              44.43211301,
              1215.41704017
            ],
            [
              91.8747743,
              44.43211143,
              1215.41704017
            ],
            [
              91.87477323,
              44.43210985,
              1215.41704017
            ],
            [
              91.87477216,
              44.43210827,
              1215.41704017
            ],
            [
              91.87477109,
              44.43210669,
              1215.41704017
            ],
            [
              91.87477002,
              44.43210511,
              1215.41704017
            ],
            [
              91.87476895,
              44.43210354,
              1215.41704017
            ],
            [
              91.87476788,
              44.43210196,
              1215.41704017
            ],
            [
              91.87476681,
              44.43210038,
              1215.41704017
            ],
            [
              91.87476574,
              44.4320988,
              1215.41704017
            ],
            [
              91.87476519,
              44.43209799,
              1215.43294284
            ],
            [
              91.87476409,
              44.43209637,
              1215.43294284
            ],
            [
              91.87476299,
              44.43209475,
              1215.43294284
            ],
            [
              91.8747619,
              44.43209313,
              1215.43294284
            ],
            [
              91.8747608,
              44.43209151,
              1215.43294284
            ],
            [
              91.8747597,
              44.4320899,
              1215.43294284
            ],
            [
              91.8747586,
              44.43208828,
              1215.43294284
            ],
            [
              91.87475751,
              44.43208666,
              1215.43294284
            ],
            [
              91.87475641,
              44.43208504,
              1215.43294284
            ],
            [
              91.87475531,
              44.43208342,
              1215.43294284
            ],
            [
              91.87475421,
              44.4320818,
              1215.43294284
            ],
            [
              91.87475312,
              44.43208018,
              1215.43294284
            ],
            [
              91.87475202,
              44.43207856,
              1215.43294284
            ],
            [
              91.87475092,
              44.43207695,
              1215.43294284
            ],
            [
              91.87474982,
              44.43207533,
              1215.43294284
            ],
            [
              91.87474873,
              44.43207371,
              1215.43294284
            ],
            [
              91.87474763,
              44.43207209,
              1215.43294284
            ],
            [
              91.87474653,
              44.43207047,
              1215.43294284
            ],
            [
              91.87474543,
              44.43206885,
              1215.43294284
            ],
            [
              91.87474434,
              44.43206723,
              1215.43294284
            ],
            [
              91.87474324,
              44.43206561,
              1215.43294284
            ],
            [
              91.87474214,
              44.432064,
              1215.43294284
            ],
            [
              91.87474104,
              44.43206238,
              1215.43294284
            ],
            [
              91.87473995,
              44.43206076,
              1215.43294284
            ],
            [
              91.87473885,
              44.43205914,
              1215.43294284
            ],
            [
              91.87473775,
              44.43205752,
              1215.43294284
            ],
            [
              91.87473665,
              44.4320559,
              1215.43294284
            ],
            [
              91.87473556,
              44.43205428,
              1215.43294284
            ],
            [
              91.87473446,
              44.43205266,
              1215.43294284
            ],
            [
              91.87473336,
              44.43205105,
              1215.43294284
            ],
            [
              91.87473226,
              44.43204943,
              1215.43294284
            ],
            [
              91.87473117,
              44.43204781,
              1215.43294284
            ],
            [
              91.87473007,
              44.43204619,
              1215.43294284
            ],
            [
              91.87472897,
              44.43204457,
              1215.429426
            ],
            [
              91.87493884,
              44.43199424,
              1215.4676942
            ],
            [
              91.87493747,
              44.43199574,
              1215.4676942
            ],
            [
              91.87493609,
              44.43199724,
              1215.4676942
            ],
            [
              91.87493472,
              44.43199874,
              1215.4676942
            ],
            [
              91.87493334,
              44.43200024,
              1215.4676942
            ],
            [
              91.87493197,
              44.43200174,
              1215.4676942
            ],
            [
              91.87493059,
              44.43200324,
              1215.4676942
            ],
            [
              91.87492922,
              44.43200474,
              1215.4676942
            ],
            [
              91.87492784,
              44.43200624,
              1215.4676942
            ],
            [
              91.87492647,
              44.43200774,
              1215.4676942
            ],
            [
              91.87492509,
              44.43200924,
              1215.4676942
            ],
            [
              91.87492372,
              44.43201073,
              1215.4676942
            ],
            [
              91.87492234,
              44.43201223,
              1215.4676942
            ],
            [
              91.87492097,
              44.43201373,
              1215.4676942
            ],
            [
              91.87491959,
              44.43201523,
              1215.4676942
            ],
            [
              91.87491822,
              44.43201673,
              1215.4676942
            ],
            [
              91.87491684,
              44.43201823,
              1215.4676942
            ],
            [
              91.87491547,
              44.43201973,
              1215.4676942
            ],
            [
              91.87491409,
              44.43202123,
              1215.4676942
            ],
            [
              91.87491272,
              44.43202273,
              1215.4676942
            ],
            [
              91.87491134,
              44.43202423,
              1215.4676942
            ],
            [
              91.87491159,
              44.4320258,
              1215.4676942
            ],
            [
              91.87491183,
              44.43202736,
              1215.4676942
            ],
            [
              91.87491208,
              44.43202893,
              1215.4676942
            ],
            [
              91.87491232,
              44.4320305,
              1215.4676942
            ],
            [
              91.87491257,
              44.43203207,
              1215.4802458
            ],
            [
              91.8749136,
              44.43203369,
              1215.4802458
            ],
            [
              91.87491462,
              44.43203532,
              1215.4802458
            ],
            [
              91.87491565,
              44.43203695,
              1215.4802458
            ],
            [
              91.87491667,
              44.43203858,
              1215.4802458
            ],
            [
              91.8749177,
              44.43204021,
              1215.4802458
            ],
            [
              91.87491872,
              44.43204184,
              1215.4802458
            ],
            [
              91.87491975,
              44.43204347,
              1215.4802458
            ],
            [
              91.87492077,
              44.4320451,
              1215.4802458
            ],
            [
              91.8749218,
              44.43204673,
              1215.4802458
            ],
            [
              91.87492282,
              44.43204836,
              1215.4802458
            ],
            [
              91.87492385,
              44.43204999,
              1215.4802458
            ],
            [
              91.87492487,
              44.43205162,
              1215.4802458
            ],
            [
              91.8749259,
              44.43205325,
              1215.4802458
            ],
            [
              91.87492692,
              44.43205488,
              1215.4802458
            ],
            [
              91.87492795,
              44.43205651,
              1215.4802458
            ],
            [
              91.87492897,
              44.43205814,
              1215.4802458
            ],
            [
              91.87493,
              44.43205977,
              1215.4802458
            ],
            [
              91.87493102,
              44.4320614,
              1215.4802458
            ],
            [
              91.87493205,
              44.43206303,
              1215.4802458
            ],
            [
              91.87493307,
              44.43206466,
              1215.4802458
            ],
            [
              91.8749341,
              44.43206629,
              1215.4802458
            ],
            [
              91.87493512,
              44.43206792,
              1215.4802458
            ],
            [
              91.87493615,
              44.43206955,
              1215.4802458
            ],
            [
              91.87493717,
              44.43207118,
              1215.4802458
            ],
            [
              91.8749382,
              44.43207281,
              1215.4802458
            ],
            [
              91.87493922,
              44.43207444,
              1215.4802458
            ],
            [
              91.87494025,
              44.43207607,
              1215.4802458
            ],
            [
              91.87494127,
              44.4320777,
              1215.4802458
            ],
            [
              91.8749423,
              44.43207933,
              1215.4802458
            ],
            [
              91.87494332,
              44.43208096,
              1215.4802458
            ],
            [
              91.87494435,
              44.43208259,
              1215.4802458
            ],
            [
              91.87494537,
              44.43208422,
              1215.4802458
            ],
            [
              91.8749464,
              44.43208585,
              1215.4802458
            ],
            [
              91.87494742,
              44.43208748,
              1215.4802458
            ],
            [
              91.87494845,
              44.43208911,
              1215.4802458
            ],
            [
              91.87494947,
              44.43209074,
              1215.4802458
            ],
            [
              91.8749505,
              44.43209237,
              1215.4802458
            ],
            [
              91.87495152,
              44.432094,
              1215.4802458
            ],
            [
              91.87495255,
              44.43209563,
              1215.4802458
            ],
            [
              91.87495357,
              44.43209726,
              1215.4802458
            ],
            [
              91.8749546,
              44.43209889,
              1215.4802458
            ],
            [
              91.87495562,
              44.43210052,
              1215.4802458
            ],
            [
              91.87495665,
              44.43210215,
              1215.4802458
            ],
            [
              91.87495767,
              44.43210378,
              1215.4802458
            ],
            [
              91.8749587,
              44.43210541,
              1215.4802458
            ],
            [
              91.87495972,
              44.43210704,
              1215.4802458
            ],
            [
              91.87496075,
              44.43210867,
              1215.4802458
            ],
            [
              91.87496177,
              44.4321103,
              1215.4802458
            ],
            [
              91.8749628,
              44.43211193,
              1215.4802458
            ],
            [
              91.87496382,
              44.43211355,
              1215.4802458
            ],
            [
              91.87496485,
              44.43211518,
              1215.4802458
            ],
            [
              91.87496587,
              44.43211681,
              1215.4802458
            ],
            [
              91.8749669,
              44.43211844,
              1215.4802458
            ],
            [
              91.87496792,
              44.43212007,
              1215.4802458
            ],
            [
              91.87496895,
              44.4321217,
              1215.4802458
            ],
            [
              91.87496998,
              44.43212333,
              1215.4802458
            ],
            [
              91.874971,
              44.43212496,
              1215.4802458
            ],
            [
              91.87497203,
              44.43212659,
              1215.4802458
            ],
            [
              91.87497305,
              44.43212822,
              1215.4802458
            ],
            [
              91.87497408,
              44.43212985,
              1215.4802458
            ],
            [
              91.8749751,
              44.43213148,
              1215.4802458
            ],
            [
              91.87497613,
              44.43213311,
              1215.4802458
            ],
            [
              91.87497715,
              44.43213474,
              1215.4802458
            ],
            [
              91.87497818,
              44.43213637,
              1215.4802458
            ],
            [
              91.8749792,
              44.432138,
              1215.4802458
            ],
            [
              91.87498023,
              44.43213963,
              1215.4802458
            ],
            [
              91.87498125,
              44.43214126,
              1215.4802458
            ],
            [
              91.87498228,
              44.43214289,
              1215.4802458
            ],
            [
              91.8749833,
              44.43214452,
              1215.4802458
            ],
            [
              91.87498433,
              44.43214615,
              1215.4802458
            ],
            [
              91.87498535,
              44.43214778,
              1215.4802458
            ],
            [
              91.87498638,
              44.43214941,
              1215.4802458
            ],
            [
              91.8749874,
              44.43215104,
              1215.4802458
            ],
            [
              91.87498843,
              44.43215267,
              1215.4802458
            ],
            [
              91.8749906,
              44.43215345,
              1215.4802458
            ],
            [
              91.87499277,
              44.43215423,
              1215.4802458
            ],
            [
              91.87499494,
              44.43215502,
              1215.4802458
            ],
            [
              91.87499711,
              44.4321558,
              1215.4802458
            ],
            [
              91.87499928,
              44.43215658,
              1215.4802458
            ],
            [
              91.87500145,
              44.43215736,
              1215.4802458
            ],
            [
              91.87500363,
              44.43215814,
              1215.4802458
            ],
            [
              91.8750058,
              44.43215893,
              1215.4802458
            ],
            [
              91.87500797,
              44.43215971,
              1215.4802458
            ],
            [
              91.87501014,
              44.43216049,
              1215.4802458
            ],
            [
              91.87501231,
              44.43216127,
              1215.4802458
            ],
            [
              91.87501448,
              44.43216205,
              1215.4802458
            ],
            [
              91.87501665,
              44.43216284,
              1215.4802458
            ],
            [
              91.87501883,
              44.43216362,
              1215.4802458
            ],
            [
              91.875021,
              44.4321644,
              1215.4802458
            ],
            [
              91.87502317,
              44.43216518,
              1215.4802458
            ],
            [
              91.87502534,
              44.43216596,
              1215.4802458
            ],
            [
              91.87502751,
              44.43216675,
              1215.4802458
            ],
            [
              91.87502968,
              44.43216753,
              1215.4802458
            ],
            [
              91.87503185,
              44.43216831,
              1215.4802458
            ],
            [
              91.87503402,
              44.43216909,
              1215.4802458
            ],
            [
              91.8750362,
              44.43216987,
              1215.4802458
            ],
            [
              91.87503837,
              44.43217066,
              1215.4802458
            ],
            [
              91.87504054,
              44.43217144,
              1215.4802458
            ],
            [
              91.87504271,
              44.43217222,
              1215.31600268
            ],
            [
              91.87504367,
              44.43217387,
              1215.31600268
            ],
            [
              91.87504463,
              44.43217551,
              1215.31600268
            ],
            [
              91.87504559,
              44.43217716,
              1215.31600268
            ],
            [
              91.87504655,
              44.4321788,
              1215.31600268
            ],
            [
              91.87504751,
              44.43218045,
              1215.31600268
            ],
            [
              91.87504847,
              44.43218209,
              1215.31600268
            ],
            [
              91.87504943,
              44.43218374,
              1215.31600268
            ],
            [
              91.87505039,
              44.43218538,
              1215.31600268
            ],
            [
              91.87505135,
              44.43218703,
              1215.31600268
            ],
            [
              91.87505231,
              44.43218867,
              1215.31600268
            ],
            [
              91.87505327,
              44.43219032,
              1215.31600268
            ],
            [
              91.87505423,
              44.43219196,
              1215.31600268
            ],
            [
              91.87505519,
              44.43219361,
              1215.31600268
            ],
            [
              91.87505615,
              44.43219525,
              1215.31600268
            ],
            [
              91.87505711,
              44.4321969,
              1215.31600268
            ],
            [
              91.87505807,
              44.43219854,
              1215.31600268
            ],
            [
              91.87505903,
              44.43220019,
              1215.31600268
            ],
            [
              91.87505999,
              44.43220183,
              1215.31600268
            ],
            [
              91.87506095,
              44.43220348,
              1215.31600268
            ],
            [
              91.87506191,
              44.43220512,
              1215.31600268
            ],
            [
              91.87506287,
              44.43220677,
              1215.31600268
            ],
            [
              91.87506383,
              44.43220841,
              1215.31600268
            ],
            [
              91.87506479,
              44.43221006,
              1215.31600268
            ],
            [
              91.87506575,
              44.4322117,
              1215.31600268
            ],
            [
              91.87506671,
              44.43221335,
              1215.31600268
            ],
            [
              91.87506767,
              44.43221499,
              1215.31600268
            ],
            [
              91.87506863,
              44.43221664,
              1215.31600268
            ],
            [
              91.87506959,
              44.43221828,
              1215.31600268
            ],
            [
              91.87507055,
              44.43221993,
              1215.31600268
            ],
            [
              91.87507151,
              44.43222157,
              1215.31600268
            ],
            [
              91.87507247,
              44.43222322,
              1215.31600268
            ],
            [
              91.87507343,
              44.43222486,
              1215.31600268
            ],
            [
              91.87507439,
              44.43222651,
              1215.31600268
            ],
            [
              91.87507535,
              44.43222816,
              1215.31600268
            ],
            [
              91.87507631,
              44.4322298,
              1215.31600268
            ],
            [
              91.87507727,
              44.43223145,
              1215.31600268
            ],
            [
              91.87507823,
              44.43223309,
              1215.31600268
            ],
            [
              91.87507919,
              44.43223474,
              1215.31600268
            ],
            [
              91.87508015,
              44.43223638,
              1215.31600268
            ],
            [
              91.87508111,
              44.43223803,
              1215.31600268
            ],
            [
              91.87508207,
              44.43223967,
              1215.31600268
            ],
            [
              91.87508303,
              44.43224132,
              1215.31600268
            ],
            [
              91.87508399,
              44.43224296,
              1215.31600268
            ],
            [
              91.87508495,
              44.43224461,
              1215.31600268
            ],
            [
              91.87508591,
              44.43224625,
              1215.31600268
            ],
            [
              91.87508687,
              44.4322479,
              1215.31600268
            ],
            [
              91.87508783,
              44.43224954,
              1215.31600268
            ],
            [
              91.87508879,
              44.43225119,
              1215.31600268
            ],
            [
              91.87508975,
              44.43225283,
              1215.31600268
            ],
            [
              91.8750907,
              44.43225448,
              1215.31600268
            ],
            [
              91.87509166,
              44.43225612,
              1215.31600268
            ],
            [
              91.87509262,
              44.43225777,
              1215.31600268
            ],
            [
              91.87509358,
              44.43225941,
              1215.31600268
            ],
            [
              91.87509454,
              44.43226106,
              1215.31600268
            ],
            [
              91.8750955,
              44.4322627,
              1215.31600268
            ],
            [
              91.87509646,
              44.43226435,
              1215.31600268
            ],
            [
              91.87509742,
              44.43226599,
              1215.31600268
            ],
            [
              91.87509838,
              44.43226764,
              1215.31600268
            ],
            [
              91.87509934,
              44.43226928,
              1215.31600268
            ],
            [
              91.8751003,
              44.43227093,
              1215.31600268
            ],
            [
              91.87510126,
              44.43227257,
              1215.31600268
            ],
            [
              91.87510222,
              44.43227422,
              1215.31600268
            ],
            [
              91.87510318,
              44.43227586,
              1215.31600268
            ],
            [
              91.87510414,
              44.43227751,
              1215.31600268
            ],
            [
              91.8751051,
              44.43227915,
              1215.31600268
            ],
            [
              91.87510606,
              44.4322808,
              1215.31600268
            ],
            [
              91.87510702,
              44.43228244,
              1215.31600268
            ],
            [
              91.87510798,
              44.43228409,
              1215.31600268
            ],
            [
              91.87510894,
              44.43228574,
              1215.31600268
            ],
            [
              91.8751099,
              44.43228738,
              1215.31600268
            ],
            [
              91.87511086,
              44.43228903,
              1215.31600268
            ],
            [
              91.87511182,
              44.43229067,
              1215.31600268
            ],
            [
              91.87511278,
              44.43229232,
              1215.31600268
            ],
            [
              91.87511374,
              44.43229396,
              1215.31600268
            ],
            [
              91.8751147,
              44.43229561,
              1215.31600268
            ],
            [
              91.87511566,
              44.43229725,
              1215.31600268
            ],
            [
              91.87511662,
              44.4322989,
              1215.31600268
            ],
            [
              91.87511758,
              44.43230054,
              1215.31600268
            ],
            [
              91.87511854,
              44.43230219,
              1215.31600268
            ],
            [
              91.8751195,
              44.43230383,
              1215.31600268
            ],
            [
              91.87512046,
              44.43230548,
              1215.31600268
            ],
            [
              91.87512142,
              44.43230712,
              1215.31600268
            ],
            [
              91.87512238,
              44.43230877,
              1215.31600268
            ],
            [
              91.87512334,
              44.43231041,
              1215.31600268
            ],
            [
              91.8751243,
              44.43231206,
              1215.31600268
            ],
            [
              91.87512526,
              44.4323137,
              1215.31600268
            ],
            [
              91.87512622,
              44.43231535,
              1215.31600268
            ],
            [
              91.87512718,
              44.43231699,
              1215.31600268
            ],
            [
              91.87512814,
              44.43231864,
              1215.31600268
            ],
            [
              91.8751291,
              44.43232028,
              1215.31600268
            ],
            [
              91.87513006,
              44.43232193,
              1215.31600268
            ],
            [
              91.87513102,
              44.43232357,
              1215.31600268
            ],
            [
              91.87513198,
              44.43232522,
              1215.31600268
            ],
            [
              91.87513294,
              44.43232686,
              1215.31600268
            ],
            [
              91.8751339,
              44.43232851,
              1215.31600268
            ],
            [
              91.87513486,
              44.43233015,
              1215.31600268
            ],
            [
              91.87513582,
              44.4323318,
              1215.31600268
            ],
            [
              91.87513678,
              44.43233344,
              1215.31600268
            ],
            [
              91.87513774,
              44.43233509,
              1215.31600268
            ],
            [
              91.8751387,
              44.43233673,
              1215.31600268
            ],
            [
              91.87513966,
              44.43233838,
              1215.31600268
            ],
            [
              91.87514063,
              44.43234003,
              1215.22722247
            ],
            [
              91.87497377,
              44.43240559,
              1215.15969022
            ]
          ]
        ]
      },
      "geometry_name": "shape",
      "properties": {
        "object_id": "13",
        "name": "加油点2",
        "mapset_code": "0000",
        "geo_code": null,
        "type": 4,
        "version": "1782733499476_20260714214830",
        "attribute": "{\"MannedMode\":1}"
      },
      "bbox": [
        91.87472897,
        44.43199424,
        91.87514063,
        44.43240559
      ]
    },
    {
      "type": "Feature",
      "id": "rgn_auxiliary.1521240285063893063",
      "geometry": {
        "type": "Polygon",
        "coordinates": [
          [
            [
              91.91384684,
              44.41554866,
              1321
            ],
            [
              91.91384727,
              44.4155469,
              1321
            ],
            [
              91.91384769,
              44.41554513,
              1321
            ],
            [
              91.91384812,
              44.41554337,
              1321
            ],
            [
              91.91384854,
              44.41554161,
              1321
            ],
            [
              91.91384897,
              44.41553985,
              1321
            ],
            [
              91.91384939,
              44.41553808,
              1321
            ],
            [
              91.91384982,
              44.41553632,
              1321
            ],
            [
              91.91385025,
              44.41553456,
              1321
            ],
            [
              91.91385067,
              44.4155328,
              1321
            ],
            [
              91.9138511,
              44.41553103,
              1321
            ],
            [
              91.91385152,
              44.41552927,
              1321
            ],
            [
              91.91385195,
              44.41552751,
              1321
            ],
            [
              91.91385238,
              44.41552575,
              1321
            ],
            [
              91.9138528,
              44.41552398,
              1321
            ],
            [
              91.91385323,
              44.41552222,
              1321
            ],
            [
              91.91385365,
              44.41552046,
              1321
            ],
            [
              91.91385408,
              44.41551869,
              1321
            ],
            [
              91.9138545,
              44.41551693,
              1321
            ],
            [
              91.91385493,
              44.41551517,
              1321
            ],
            [
              91.91385536,
              44.41551341,
              1321
            ],
            [
              91.91385578,
              44.41551164,
              1321
            ],
            [
              91.91385621,
              44.41550988,
              1321
            ],
            [
              91.91385663,
              44.41550812,
              1321
            ],
            [
              91.91385706,
              44.41550636,
              1321
            ],
            [
              91.91385748,
              44.41550459,
              1321
            ],
            [
              91.91385791,
              44.41550283,
              1321
            ],
            [
              91.91385834,
              44.41550107,
              1321
            ],
            [
              91.91385876,
              44.4154993,
              1321
            ],
            [
              91.91385919,
              44.41549754,
              1321
            ],
            [
              91.91385961,
              44.41549578,
              1321
            ],
            [
              91.91386004,
              44.41549402,
              1321
            ],
            [
              91.91386047,
              44.41549225,
              1321
            ],
            [
              91.91386089,
              44.41549049,
              1321
            ],
            [
              91.91386132,
              44.41548873,
              1321
            ],
            [
              91.91386174,
              44.41548697,
              1321
            ],
            [
              91.91386217,
              44.4154852,
              1321
            ],
            [
              91.91386259,
              44.41548344,
              1321
            ],
            [
              91.91386302,
              44.41548168,
              1321
            ],
            [
              91.91386345,
              44.41547992,
              1321
            ],
            [
              91.91386387,
              44.41547815,
              1321
            ],
            [
              91.9138643,
              44.41547639,
              1321
            ],
            [
              91.91386472,
              44.41547463,
              1321
            ],
            [
              91.91386515,
              44.41547286,
              1321
            ],
            [
              91.91386558,
              44.4154711,
              1321
            ],
            [
              91.913866,
              44.41546934,
              1321
            ],
            [
              91.91386643,
              44.41546758,
              1321
            ],
            [
              91.91386685,
              44.41546581,
              1321
            ],
            [
              91.91386728,
              44.41546405,
              1321
            ],
            [
              91.9138677,
              44.41546229,
              1321
            ],
            [
              91.91386813,
              44.41546053,
              1321
            ],
            [
              91.91386856,
              44.41545876,
              1321
            ],
            [
              91.91386898,
              44.415457,
              1321
            ],
            [
              91.91386941,
              44.41545524,
              1321
            ],
            [
              91.91386983,
              44.41545348,
              1321
            ],
            [
              91.91387026,
              44.41545171,
              1321
            ],
            [
              91.91387068,
              44.41544995,
              1321
            ],
            [
              91.91387111,
              44.41544819,
              1321
            ],
            [
              91.91387154,
              44.41544642,
              1321
            ],
            [
              91.91387196,
              44.41544466,
              1321
            ],
            [
              91.91387239,
              44.4154429,
              1321
            ],
            [
              91.91387281,
              44.41544114,
              1321
            ],
            [
              91.91387324,
              44.41543937,
              1321
            ],
            [
              91.91387367,
              44.41543761,
              1321
            ],
            [
              91.91387409,
              44.41543585,
              1321
            ],
            [
              91.91387452,
              44.41543409,
              1321
            ],
            [
              91.91387494,
              44.41543232,
              1321
            ],
            [
              91.91387537,
              44.41543056,
              1321
            ],
            [
              91.91387579,
              44.4154288,
              1321
            ],
            [
              91.91387622,
              44.41542704,
              1321
            ],
            [
              91.91387665,
              44.41542527,
              1321
            ],
            [
              91.91387707,
              44.41542351,
              1321
            ],
            [
              91.9138775,
              44.41542175,
              1321
            ],
            [
              91.91387792,
              44.41541998,
              1321
            ],
            [
              91.91387835,
              44.41541822,
              1321
            ],
            [
              91.91387877,
              44.41541646,
              1321
            ],
            [
              91.9138792,
              44.4154147,
              1321
            ],
            [
              91.91387963,
              44.41541293,
              1321
            ],
            [
              91.91388005,
              44.41541117,
              1321
            ],
            [
              91.91388048,
              44.41540941,
              1321
            ],
            [
              91.9138809,
              44.41540765,
              1321
            ],
            [
              91.91388133,
              44.41540588,
              1321
            ],
            [
              91.91388176,
              44.41540412,
              1321
            ],
            [
              91.91388218,
              44.41540236,
              1321
            ],
            [
              91.91388261,
              44.41540059,
              1321
            ],
            [
              91.91388303,
              44.41539883,
              1321
            ],
            [
              91.91388346,
              44.41539707,
              1321
            ],
            [
              91.91388388,
              44.41539531,
              1321
            ],
            [
              91.91388431,
              44.41539354,
              1321
            ],
            [
              91.91388474,
              44.41539178,
              1321
            ],
            [
              91.91388516,
              44.41539002,
              1321
            ],
            [
              91.91388559,
              44.41538826,
              1321
            ],
            [
              91.91388601,
              44.41538649,
              1321
            ],
            [
              91.91388644,
              44.41538473,
              1321
            ],
            [
              91.91388686,
              44.41538297,
              1321
            ],
            [
              91.91388729,
              44.41538121,
              1321
            ],
            [
              91.91388772,
              44.41537944,
              1321
            ],
            [
              91.91388814,
              44.41537768,
              1321
            ],
            [
              91.91388857,
              44.41537592,
              1321
            ],
            [
              91.91388899,
              44.41537415,
              1321
            ],
            [
              91.91388942,
              44.41537239,
              1321
            ],
            [
              91.91388985,
              44.41537063,
              1321
            ],
            [
              91.91389027,
              44.41536887,
              1321
            ],
            [
              91.9138907,
              44.4153671,
              1321
            ],
            [
              91.91389112,
              44.41536534,
              1321
            ],
            [
              91.91389155,
              44.41536358,
              1321
            ],
            [
              91.91389197,
              44.41536182,
              1321
            ],
            [
              91.9138924,
              44.41536005,
              1321
            ],
            [
              91.91389283,
              44.41535829,
              1321
            ],
            [
              91.91389325,
              44.41535653,
              1321
            ],
            [
              91.91389368,
              44.41535477,
              1321
            ],
            [
              91.9138941,
              44.415353,
              1321
            ],
            [
              91.91389453,
              44.41535124,
              1321
            ],
            [
              91.91389496,
              44.41534948,
              1321
            ],
            [
              91.91389538,
              44.41534771,
              1321
            ],
            [
              91.91389581,
              44.41534595,
              1321
            ],
            [
              91.91389623,
              44.41534419,
              1321
            ],
            [
              91.91389666,
              44.41534243,
              1321
            ],
            [
              91.91389708,
              44.41534066,
              1321
            ],
            [
              91.91389751,
              44.4153389,
              1321
            ],
            [
              91.91389794,
              44.41533714,
              1321
            ],
            [
              91.91389836,
              44.41533538,
              1321
            ],
            [
              91.91389879,
              44.41533361,
              1321
            ],
            [
              91.91389921,
              44.41533185,
              1321
            ],
            [
              91.91389964,
              44.41533009,
              1321
            ],
            [
              91.91390006,
              44.41532832,
              1321
            ],
            [
              91.91390049,
              44.41532656,
              1321
            ],
            [
              91.91390092,
              44.4153248,
              1321
            ],
            [
              91.91390134,
              44.41532304,
              1321
            ],
            [
              91.91390177,
              44.41532127,
              1321
            ],
            [
              91.91390219,
              44.41531951,
              1321
            ],
            [
              91.91390262,
              44.41531775,
              1321
            ],
            [
              91.91390305,
              44.41531599,
              1321
            ],
            [
              91.91390347,
              44.41531422,
              1321
            ],
            [
              91.9139039,
              44.41531246,
              1321
            ],
            [
              91.91390432,
              44.4153107,
              1321
            ],
            [
              91.91390475,
              44.41530894,
              1321
            ],
            [
              91.91390517,
              44.41530717,
              1321
            ],
            [
              91.9139056,
              44.41530541,
              1321
            ],
            [
              91.91390494,
              44.41530369,
              1321
            ],
            [
              91.91390428,
              44.41530196,
              1321
            ],
            [
              91.91390362,
              44.41530024,
              1321
            ],
            [
              91.91390297,
              44.41529851,
              1321
            ],
            [
              91.91390231,
              44.41529679,
              1321
            ],
            [
              91.91390165,
              44.41529506,
              1321
            ],
            [
              91.91390099,
              44.41529334,
              1321
            ],
            [
              91.91390033,
              44.41529162,
              1321
            ],
            [
              91.91389967,
              44.41528989,
              1321
            ],
            [
              91.91389902,
              44.41528817,
              1321
            ],
            [
              91.91389836,
              44.41528644,
              1321
            ],
            [
              91.9138977,
              44.41528472,
              1321
            ],
            [
              91.91389704,
              44.41528299,
              1321
            ],
            [
              91.91389638,
              44.41528127,
              1321
            ],
            [
              91.91389572,
              44.41527955,
              1321
            ],
            [
              91.91389507,
              44.41527782,
              1321
            ],
            [
              91.91389441,
              44.4152761,
              1321
            ],
            [
              91.91389375,
              44.41527437,
              1321
            ],
            [
              91.91389309,
              44.41527265,
              1321
            ],
            [
              91.91389243,
              44.41527092,
              1321
            ],
            [
              91.91389177,
              44.4152692,
              1321
            ],
            [
              91.91389112,
              44.41526748,
              1321
            ],
            [
              91.91389046,
              44.41526575,
              1321
            ],
            [
              91.9138898,
              44.41526403,
              1321
            ],
            [
              91.91388914,
              44.4152623,
              1321
            ],
            [
              91.91388848,
              44.41526058,
              1321
            ],
            [
              91.91388782,
              44.41525885,
              1321
            ],
            [
              91.91388717,
              44.41525713,
              1321
            ],
            [
              91.91388651,
              44.41525541,
              1321
            ],
            [
              91.91388585,
              44.41525368,
              1321
            ],
            [
              91.91388519,
              44.41525196,
              1321
            ],
            [
              91.91388453,
              44.41525023,
              1321
            ],
            [
              91.91388387,
              44.41524851,
              1321
            ],
            [
              91.91388322,
              44.41524678,
              1321
            ],
            [
              91.91388256,
              44.41524506,
              1321
            ],
            [
              91.9138819,
              44.41524334,
              1321
            ],
            [
              91.91388124,
              44.41524161,
              1321
            ],
            [
              91.91388058,
              44.41523989,
              1321
            ],
            [
              91.91387992,
              44.41523816,
              1321
            ],
            [
              91.91387927,
              44.41523644,
              1321
            ],
            [
              91.91387861,
              44.41523471,
              1321
            ],
            [
              91.91387795,
              44.41523299,
              1321
            ],
            [
              91.91387729,
              44.41523127,
              1321
            ],
            [
              91.91387663,
              44.41522954,
              1321
            ],
            [
              91.91387597,
              44.41522782,
              1321
            ],
            [
              91.91387532,
              44.41522609,
              1321
            ],
            [
              91.91387466,
              44.41522437,
              1321
            ],
            [
              91.913874,
              44.41522264,
              1321
            ],
            [
              91.91387334,
              44.41522092,
              1321
            ],
            [
              91.91387268,
              44.4152192,
              1321
            ],
            [
              91.91387202,
              44.41521747,
              1321
            ],
            [
              91.91387137,
              44.41521575,
              1321
            ],
            [
              91.91387071,
              44.41521402,
              1321
            ],
            [
              91.91387005,
              44.4152123,
              1321
            ],
            [
              91.91386939,
              44.41521058,
              1321
            ],
            [
              91.91386873,
              44.41520885,
              1321
            ],
            [
              91.91386807,
              44.41520713,
              1321
            ],
            [
              91.91386741,
              44.4152054,
              1321
            ],
            [
              91.91386676,
              44.41520368,
              1321
            ],
            [
              91.9138661,
              44.41520195,
              1321
            ],
            [
              91.91386544,
              44.41520023,
              1321
            ],
            [
              91.91386478,
              44.41519851,
              1321
            ],
            [
              91.91386412,
              44.41519678,
              1321
            ],
            [
              91.91386346,
              44.41519506,
              1321
            ],
            [
              91.91386281,
              44.41519333,
              1321
            ],
            [
              91.91386215,
              44.41519161,
              1321
            ],
            [
              91.91386149,
              44.41518988,
              1321
            ],
            [
              91.91386083,
              44.41518816,
              1321
            ],
            [
              91.91386017,
              44.41518644,
              1321
            ],
            [
              91.91385951,
              44.41518471,
              1321
            ],
            [
              91.91385886,
              44.41518299,
              1321
            ],
            [
              91.9138582,
              44.41518126,
              1321
            ],
            [
              91.91385754,
              44.41517954,
              1321
            ],
            [
              91.91385688,
              44.41517781,
              1321
            ],
            [
              91.91385622,
              44.41517609,
              1321
            ],
            [
              91.91385556,
              44.41517437,
              1321
            ],
            [
              91.91385491,
              44.41517264,
              1321
            ],
            [
              91.91385425,
              44.41517092,
              1321
            ],
            [
              91.91385359,
              44.41516919,
              1321
            ],
            [
              91.91385293,
              44.41516747,
              1321
            ],
            [
              91.91385227,
              44.41516574,
              1321
            ],
            [
              91.91385161,
              44.41516402,
              1321
            ],
            [
              91.91385096,
              44.4151623,
              1321
            ],
            [
              91.9138503,
              44.41516057,
              1321
            ],
            [
              91.91384964,
              44.41515885,
              1321
            ],
            [
              91.91384898,
              44.41515712,
              1321
            ],
            [
              91.91384832,
              44.4151554,
              1321
            ],
            [
              91.91384766,
              44.41515367,
              1321
            ],
            [
              91.91384701,
              44.41515195,
              1321
            ],
            [
              91.91384635,
              44.41515023,
              1321
            ],
            [
              91.91384569,
              44.4151485,
              1321
            ],
            [
              91.91384503,
              44.41514678,
              1321
            ],
            [
              91.91384437,
              44.41514505,
              1321
            ],
            [
              91.91384371,
              44.41514333,
              1321
            ],
            [
              91.91384306,
              44.4151416,
              1321
            ],
            [
              91.9138424,
              44.41513988,
              1321
            ],
            [
              91.91384174,
              44.41513816,
              1321
            ],
            [
              91.91384108,
              44.41513643,
              1321
            ],
            [
              91.91384042,
              44.41513471,
              1321
            ],
            [
              91.91383976,
              44.41513298,
              1321
            ],
            [
              91.91383911,
              44.41513126,
              1321
            ],
            [
              91.91383845,
              44.41512953,
              1321
            ],
            [
              91.91383779,
              44.41512781,
              1321
            ],
            [
              91.91383713,
              44.41512609,
              1321
            ],
            [
              91.91383647,
              44.41512436,
              1321
            ],
            [
              91.91383581,
              44.41512264,
              1321
            ],
            [
              91.91383516,
              44.41512091,
              1321
            ],
            [
              91.9138345,
              44.41511919,
              1321
            ],
            [
              91.91383384,
              44.41511746,
              1321
            ],
            [
              91.91383318,
              44.41511574,
              1321
            ],
            [
              91.91383377,
              44.41511399,
              1321
            ],
            [
              91.91383436,
              44.41511225,
              1321
            ],
            [
              91.91383495,
              44.4151105,
              1321
            ],
            [
              91.91383554,
              44.41510876,
              1321
            ],
            [
              91.91383614,
              44.41510701,
              1321
            ],
            [
              91.91383673,
              44.41510526,
              1321
            ],
            [
              91.91383732,
              44.41510352,
              1321
            ],
            [
              91.91383791,
              44.41510177,
              1321
            ],
            [
              91.9138385,
              44.41510002,
              1321
            ],
            [
              91.91383909,
              44.41509828,
              1321
            ],
            [
              91.91383968,
              44.41509653,
              1321
            ],
            [
              91.91384027,
              44.41509479,
              1321
            ],
            [
              91.91384087,
              44.41509304,
              1321
            ],
            [
              91.91384146,
              44.41509129,
              1321
            ],
            [
              91.91384205,
              44.41508955,
              1321
            ],
            [
              91.91384264,
              44.4150878,
              1321
            ],
            [
              91.91384323,
              44.41508605,
              1321
            ],
            [
              91.91384382,
              44.41508431,
              1321
            ],
            [
              91.91384441,
              44.41508256,
              1321
            ],
            [
              91.913845,
              44.41508082,
              1321
            ],
            [
              91.9138456,
              44.41507907,
              1321
            ],
            [
              91.91384619,
              44.41507732,
              1321
            ],
            [
              91.91384678,
              44.41507558,
              1321
            ],
            [
              91.91384737,
              44.41507383,
              1321
            ],
            [
              91.91384796,
              44.41507208,
              1321
            ],
            [
              91.91384855,
              44.41507034,
              1321
            ],
            [
              91.91384914,
              44.41506859,
              1321
            ],
            [
              91.91384973,
              44.41506685,
              1321
            ],
            [
              91.91385033,
              44.4150651,
              1321
            ],
            [
              91.91385092,
              44.41506335,
              1321
            ],
            [
              91.91385151,
              44.41506161,
              1321
            ],
            [
              91.9138521,
              44.41505986,
              1321
            ],
            [
              91.91385269,
              44.41505811,
              1321
            ],
            [
              91.91385328,
              44.41505637,
              1321
            ],
            [
              91.91385387,
              44.41505462,
              1321
            ],
            [
              91.91385446,
              44.41505288,
              1321
            ],
            [
              91.91385506,
              44.41505113,
              1321
            ],
            [
              91.91385565,
              44.41504938,
              1321
            ],
            [
              91.91385624,
              44.41504764,
              1321
            ],
            [
              91.91385683,
              44.41504589,
              1321
            ],
            [
              91.91385742,
              44.41504414,
              1321
            ],
            [
              91.91385801,
              44.4150424,
              1321
            ],
            [
              91.9138586,
              44.41504065,
              1321
            ],
            [
              91.91385919,
              44.41503891,
              1321
            ],
            [
              91.91385979,
              44.41503716,
              1321
            ],
            [
              91.91386038,
              44.41503541,
              1321
            ],
            [
              91.91386097,
              44.41503367,
              1321
            ],
            [
              91.91386156,
              44.41503192,
              1321
            ],
            [
              91.91386215,
              44.41503017,
              1321
            ],
            [
              91.91386274,
              44.41502843,
              1321
            ],
            [
              91.91386333,
              44.41502668,
              1321
            ],
            [
              91.91386392,
              44.41502494,
              1321
            ],
            [
              91.91386452,
              44.41502319,
              1321
            ],
            [
              91.91386511,
              44.41502144,
              1321
            ],
            [
              91.9138657,
              44.4150197,
              1321
            ],
            [
              91.91386629,
              44.41501795,
              1321
            ],
            [
              91.91386688,
              44.4150162,
              1321
            ],
            [
              91.91386747,
              44.41501446,
              1321
            ],
            [
              91.91386806,
              44.41501271,
              1321
            ],
            [
              91.91386865,
              44.41501097,
              1321
            ],
            [
              91.91386925,
              44.41500922,
              1321
            ],
            [
              91.91386984,
              44.41500747,
              1321
            ],
            [
              91.91387043,
              44.41500573,
              1321
            ],
            [
              91.91387102,
              44.41500398,
              1321
            ],
            [
              91.91387161,
              44.41500223,
              1321
            ],
            [
              91.9138722,
              44.41500049,
              1321
            ],
            [
              91.91387279,
              44.41499874,
              1321
            ],
            [
              91.91387338,
              44.414997,
              1321
            ],
            [
              91.91387398,
              44.41499525,
              1321
            ],
            [
              91.91387457,
              44.4149935,
              1321
            ],
            [
              91.91387516,
              44.41499176,
              1321
            ],
            [
              91.91387575,
              44.41499001,
              1321
            ],
            [
              91.91387634,
              44.41498826,
              1321
            ],
            [
              91.91387693,
              44.41498652,
              1321
            ],
            [
              91.91387752,
              44.41498477,
              1321
            ],
            [
              91.91387811,
              44.41498303,
              1321
            ],
            [
              91.91387871,
              44.41498128,
              1321
            ],
            [
              91.9138793,
              44.41497953,
              1321
            ],
            [
              91.91387989,
              44.41497779,
              1321
            ],
            [
              91.91388048,
              44.41497604,
              1321
            ],
            [
              91.91388107,
              44.41497429,
              1321
            ],
            [
              91.91388166,
              44.41497255,
              1321
            ],
            [
              91.91388225,
              44.4149708,
              1321
            ],
            [
              91.91388284,
              44.41496906,
              1321
            ],
            [
              91.91388344,
              44.41496731,
              1321
            ],
            [
              91.91388403,
              44.41496556,
              1321
            ],
            [
              91.91388462,
              44.41496382,
              1321
            ],
            [
              91.91388521,
              44.41496207,
              1321
            ],
            [
              91.9138858,
              44.41496032,
              1321
            ],
            [
              91.91388639,
              44.41495858,
              1321
            ],
            [
              91.91388698,
              44.41495683,
              1321
            ],
            [
              91.91388757,
              44.41495509,
              1321
            ],
            [
              91.91388817,
              44.41495334,
              1321
            ],
            [
              91.91388876,
              44.41495159,
              1321
            ],
            [
              91.91388935,
              44.41494985,
              1321
            ],
            [
              91.91388994,
              44.4149481,
              1321
            ],
            [
              91.91389053,
              44.41494635,
              1321
            ],
            [
              91.91389112,
              44.41494461,
              1321
            ],
            [
              91.91389171,
              44.41494286,
              1321
            ],
            [
              91.9138923,
              44.41494112,
              1321
            ],
            [
              91.9138929,
              44.41493937,
              1321
            ],
            [
              91.91389349,
              44.41493762,
              1321
            ],
            [
              91.91389408,
              44.41493588,
              1321
            ],
            [
              91.91389467,
              44.41493413,
              1321
            ],
            [
              91.91389526,
              44.41493238,
              1321
            ],
            [
              91.91389585,
              44.41493064,
              1321
            ],
            [
              91.91389644,
              44.41492889,
              1321
            ],
            [
              91.91389703,
              44.41492715,
              1321
            ],
            [
              91.91389763,
              44.4149254,
              1321
            ],
            [
              91.91389822,
              44.41492365,
              1321
            ],
            [
              91.91389881,
              44.41492191,
              1321
            ],
            [
              91.9138994,
              44.41492016,
              1321
            ],
            [
              91.91389999,
              44.41491841,
              1321
            ],
            [
              91.91390058,
              44.41491667,
              1321
            ],
            [
              91.91390117,
              44.41491492,
              1321
            ],
            [
              91.91390176,
              44.41491318,
              1321
            ],
            [
              91.91390236,
              44.41491143,
              1321
            ],
            [
              91.91390295,
              44.41490968,
              1321
            ],
            [
              91.91390354,
              44.41490794,
              1321
            ],
            [
              91.91390413,
              44.41490619,
              1321
            ],
            [
              91.91390472,
              44.41490444,
              1321
            ],
            [
              91.91390531,
              44.4149027,
              1321
            ],
            [
              91.9139059,
              44.41490095,
              1321
            ],
            [
              91.91390649,
              44.41489921,
              1321
            ],
            [
              91.91390709,
              44.41489746,
              1321
            ],
            [
              91.91390768,
              44.41489571,
              1321
            ],
            [
              91.91390827,
              44.41489397,
              1321
            ],
            [
              91.91390886,
              44.41489222,
              1321
            ],
            [
              91.91390945,
              44.41489047,
              1321
            ],
            [
              91.91391004,
              44.41488873,
              1321
            ],
            [
              91.91391063,
              44.41488698,
              1321
            ],
            [
              91.91391122,
              44.41488524,
              1321
            ],
            [
              91.91391182,
              44.41488349,
              1321
            ],
            [
              91.91391241,
              44.41488174,
              1321
            ],
            [
              91.913913,
              44.41488,
              1321
            ],
            [
              91.91391359,
              44.41487825,
              1321
            ],
            [
              91.91391418,
              44.4148765,
              1321
            ],
            [
              91.91391477,
              44.41487476,
              1321
            ],
            [
              91.91391536,
              44.41487301,
              1321
            ],
            [
              91.91391595,
              44.41487127,
              1321
            ],
            [
              91.91391654,
              44.41486952,
              1321
            ],
            [
              91.91391714,
              44.41486777,
              1321
            ],
            [
              91.91391773,
              44.41486603,
              1321
            ],
            [
              91.91391832,
              44.41486428,
              1321
            ],
            [
              91.91391891,
              44.41486253,
              1321
            ],
            [
              91.9139195,
              44.41486079,
              1321
            ],
            [
              91.91392009,
              44.41485904,
              1321
            ],
            [
              91.91392068,
              44.4148573,
              1321
            ],
            [
              91.91392127,
              44.41485555,
              1321
            ],
            [
              91.91392187,
              44.4148538,
              1321
            ],
            [
              91.91392246,
              44.41485206,
              1321
            ],
            [
              91.91392305,
              44.41485031,
              1321
            ],
            [
              91.91392364,
              44.41484856,
              1321
            ],
            [
              91.91392423,
              44.41484682,
              1321
            ],
            [
              91.91392482,
              44.41484507,
              1321
            ],
            [
              91.91392541,
              44.41484333,
              1321
            ],
            [
              91.913926,
              44.41484158,
              1321
            ],
            [
              91.9139266,
              44.41483983,
              1321
            ],
            [
              91.91392719,
              44.41483809,
              1321
            ],
            [
              91.91392778,
              44.41483634,
              1321
            ],
            [
              91.91392837,
              44.41483459,
              1321
            ],
            [
              91.91392896,
              44.41483285,
              1321
            ],
            [
              91.91392955,
              44.4148311,
              1321
            ],
            [
              91.91393014,
              44.41482936,
              1321
            ],
            [
              91.91393073,
              44.41482761,
              1321
            ],
            [
              91.91393133,
              44.41482586,
              1321
            ],
            [
              91.91393192,
              44.41482412,
              1321
            ],
            [
              91.91393251,
              44.41482237,
              1321
            ],
            [
              91.9139331,
              44.41482062,
              1321
            ],
            [
              91.91393369,
              44.41481888,
              1321
            ],
            [
              91.91393428,
              44.41481713,
              1321
            ],
            [
              91.91393487,
              44.41481539,
              1321
            ],
            [
              91.91393546,
              44.41481364,
              1321
            ],
            [
              91.91393606,
              44.41481189,
              1321
            ],
            [
              91.91393665,
              44.41481015,
              1321
            ],
            [
              91.91393724,
              44.4148084,
              1321
            ],
            [
              91.91393783,
              44.41480665,
              1321
            ],
            [
              91.91393842,
              44.41480491,
              1321
            ],
            [
              91.91393901,
              44.41480316,
              1321
            ],
            [
              91.9139396,
              44.41480142,
              1321
            ],
            [
              91.91394019,
              44.41479967,
              1321
            ],
            [
              91.91394079,
              44.41479792,
              1321
            ],
            [
              91.91394138,
              44.41479618,
              1321
            ],
            [
              91.91394197,
              44.41479443,
              1321
            ],
            [
              91.91394256,
              44.41479268,
              1321
            ],
            [
              91.91394315,
              44.41479094,
              1321
            ],
            [
              91.91394374,
              44.41478919,
              1321
            ],
            [
              91.91394433,
              44.41478745,
              1321
            ],
            [
              91.91394492,
              44.4147857,
              1321
            ],
            [
              91.91394552,
              44.41478395,
              1321
            ],
            [
              91.91394611,
              44.41478221,
              1321
            ],
            [
              91.9139467,
              44.41478046,
              1321
            ],
            [
              91.91394729,
              44.41477871,
              1321
            ],
            [
              91.91394788,
              44.41477697,
              1321
            ],
            [
              91.91394847,
              44.41477522,
              1321
            ],
            [
              91.91394906,
              44.41477348,
              1321
            ],
            [
              91.91394965,
              44.41477173,
              1321
            ],
            [
              91.91395025,
              44.41476998,
              1321
            ],
            [
              91.91395084,
              44.41476824,
              1321
            ],
            [
              91.91395143,
              44.41476649,
              1321
            ],
            [
              91.91395202,
              44.41476474,
              1321
            ],
            [
              91.91395261,
              44.414763,
              1321
            ],
            [
              91.9139532,
              44.41476125,
              1321
            ],
            [
              91.91395379,
              44.41475951,
              1321
            ],
            [
              91.91395438,
              44.41475776,
              1321
            ],
            [
              91.91395498,
              44.41475601,
              1321
            ],
            [
              91.91395557,
              44.41475427,
              1321
            ],
            [
              91.91395616,
              44.41475252,
              1321
            ],
            [
              91.91395675,
              44.41475077,
              1321
            ],
            [
              91.91395734,
              44.41474903,
              1321
            ],
            [
              91.91395793,
              44.41474728,
              1321
            ],
            [
              91.91395852,
              44.41474554,
              1321
            ],
            [
              91.91395911,
              44.41474379,
              1321
            ],
            [
              91.91395971,
              44.41474204,
              1321
            ],
            [
              91.9139603,
              44.4147403,
              1321
            ],
            [
              91.91396089,
              44.41473855,
              1321
            ],
            [
              91.91396148,
              44.4147368,
              1321
            ],
            [
              91.91396207,
              44.41473506,
              1321
            ],
            [
              91.91396266,
              44.41473331,
              1321
            ],
            [
              91.91396325,
              44.41473157,
              1321
            ],
            [
              91.91396384,
              44.41472982,
              1321
            ],
            [
              91.91396444,
              44.41472807,
              1321
            ],
            [
              91.91396503,
              44.41472633,
              1321
            ],
            [
              91.91396562,
              44.41472458,
              1321
            ],
            [
              91.91396621,
              44.41472283,
              1321
            ],
            [
              91.9139668,
              44.41472109,
              1321
            ],
            [
              91.91396739,
              44.41471934,
              1321
            ],
            [
              91.91396798,
              44.4147176,
              1321
            ],
            [
              91.91396857,
              44.41471585,
              1321
            ],
            [
              91.91396917,
              44.4147141,
              1321
            ],
            [
              91.91396976,
              44.41471236,
              1321
            ],
            [
              91.91397035,
              44.41471061,
              1321
            ],
            [
              91.91397094,
              44.41470886,
              1321
            ],
            [
              91.91397153,
              44.41470712,
              1321
            ],
            [
              91.91397212,
              44.41470537,
              1321
            ],
            [
              91.91397271,
              44.41470363,
              1321
            ],
            [
              91.9139733,
              44.41470188,
              1321
            ],
            [
              91.91397389,
              44.41470013,
              1321
            ],
            [
              91.91397449,
              44.41469839,
              1321
            ],
            [
              91.91397508,
              44.41469664,
              1321
            ],
            [
              91.91397567,
              44.41469489,
              1321
            ],
            [
              91.91397626,
              44.41469315,
              1321
            ],
            [
              91.91397685,
              44.4146914,
              1321
            ],
            [
              91.91397744,
              44.41468966,
              1321
            ],
            [
              91.91397803,
              44.41468791,
              1321
            ],
            [
              91.91397862,
              44.41468616,
              1321
            ],
            [
              91.91397922,
              44.41468442,
              1321
            ],
            [
              91.91397981,
              44.41468267,
              1321
            ],
            [
              91.9139804,
              44.41468092,
              1321
            ],
            [
              91.91398099,
              44.41467918,
              1321
            ],
            [
              91.91398158,
              44.41467743,
              1321
            ],
            [
              91.91398217,
              44.41467569,
              1321
            ],
            [
              91.91398276,
              44.41467394,
              1321
            ],
            [
              91.91398335,
              44.41467219,
              1321
            ],
            [
              91.91398395,
              44.41467045,
              1321
            ],
            [
              91.91398454,
              44.4146687,
              1321
            ],
            [
              91.91398513,
              44.41466695,
              1321
            ],
            [
              91.91398572,
              44.41466521,
              1321
            ],
            [
              91.91398631,
              44.41466346,
              1321
            ],
            [
              91.9139869,
              44.41466172,
              1321
            ],
            [
              91.91398749,
              44.41465997,
              1321
            ],
            [
              91.91398808,
              44.41465822,
              1321
            ],
            [
              91.91398868,
              44.41465648,
              1321
            ],
            [
              91.91398927,
              44.41465473,
              1321
            ],
            [
              91.91398986,
              44.41465298,
              1321
            ],
            [
              91.91399045,
              44.41465124,
              1321
            ],
            [
              91.91399104,
              44.41464949,
              1321
            ],
            [
              91.91399163,
              44.41464775,
              1321
            ],
            [
              91.91399222,
              44.414646,
              1321
            ],
            [
              91.91399281,
              44.41464425,
              1321
            ],
            [
              91.91399341,
              44.41464251,
              1321
            ],
            [
              91.913994,
              44.41464076,
              1321
            ],
            [
              91.91399459,
              44.41463901,
              1321
            ],
            [
              91.91399518,
              44.41463727,
              1321
            ],
            [
              91.91399577,
              44.41463552,
              1321
            ],
            [
              91.91399636,
              44.41463378,
              1321
            ],
            [
              91.91399695,
              44.41463203,
              1321
            ],
            [
              91.91399754,
              44.41463028,
              1321
            ],
            [
              91.91399814,
              44.41462854,
              1321
            ],
            [
              91.91399873,
              44.41462679,
              1321
            ],
            [
              91.91399932,
              44.41462504,
              1321
            ],
            [
              91.91399991,
              44.4146233,
              1321
            ],
            [
              91.9140005,
              44.41462155,
              1321
            ],
            [
              91.91400109,
              44.41461981,
              1321
            ],
            [
              91.91400168,
              44.41461806,
              1321
            ],
            [
              91.91400227,
              44.41461631,
              1321
            ],
            [
              91.91400287,
              44.41461457,
              1321
            ],
            [
              91.91400346,
              44.41461282,
              1321
            ],
            [
              91.91400405,
              44.41461107,
              1321
            ],
            [
              91.91400464,
              44.41460933,
              1321
            ],
            [
              91.91400523,
              44.41460758,
              1321
            ],
            [
              91.91400582,
              44.41460584,
              1321
            ],
            [
              91.91400641,
              44.41460409,
              1321
            ],
            [
              91.914007,
              44.41460234,
              1321
            ],
            [
              91.9140076,
              44.4146006,
              1321
            ],
            [
              91.91400819,
              44.41459885,
              1321
            ],
            [
              91.91400878,
              44.4145971,
              1321
            ],
            [
              91.91400937,
              44.41459536,
              1321
            ],
            [
              91.91400996,
              44.41459361,
              1321
            ],
            [
              91.91401055,
              44.41459187,
              1321
            ],
            [
              91.91401114,
              44.41459012,
              1321
            ],
            [
              91.91401173,
              44.41458837,
              1321
            ],
            [
              91.91401233,
              44.41458663,
              1321
            ],
            [
              91.91401292,
              44.41458488,
              1321
            ],
            [
              91.91401351,
              44.41458313,
              1321
            ],
            [
              91.9140141,
              44.41458139,
              1321
            ],
            [
              91.91401469,
              44.41457964,
              1321
            ],
            [
              91.91401528,
              44.4145779,
              1321
            ],
            [
              91.91401587,
              44.41457615,
              1321
            ],
            [
              91.91401646,
              44.4145744,
              1321
            ],
            [
              91.91401706,
              44.41457266,
              1321
            ],
            [
              91.91401765,
              44.41457091,
              1321
            ],
            [
              91.91401824,
              44.41456916,
              1321
            ],
            [
              91.91401883,
              44.41456742,
              1321
            ],
            [
              91.91401942,
              44.41456567,
              1321
            ],
            [
              91.91402001,
              44.41456393,
              1321
            ],
            [
              91.9140206,
              44.41456218,
              1321
            ],
            [
              91.91402119,
              44.41456043,
              1321
            ],
            [
              91.91402178,
              44.41455869,
              1321
            ],
            [
              91.91402238,
              44.41455694,
              1321
            ],
            [
              91.91402297,
              44.41455519,
              1321
            ],
            [
              91.91402356,
              44.41455345,
              1321
            ],
            [
              91.91402415,
              44.4145517,
              1321
            ],
            [
              91.91402474,
              44.41454996,
              1321
            ],
            [
              91.91402533,
              44.41454821,
              1321
            ],
            [
              91.91402592,
              44.41454646,
              1321
            ],
            [
              91.91402651,
              44.41454472,
              1321
            ],
            [
              91.91402711,
              44.41454297,
              1321
            ],
            [
              91.9140277,
              44.41454122,
              1321
            ],
            [
              91.91402829,
              44.41453948,
              1321
            ],
            [
              91.91402888,
              44.41453773,
              1321
            ],
            [
              91.91402947,
              44.41453599,
              1321
            ],
            [
              91.91403006,
              44.41453424,
              1321
            ],
            [
              91.91403065,
              44.41453249,
              1321
            ],
            [
              91.91403124,
              44.41453075,
              1321
            ],
            [
              91.91403184,
              44.414529,
              1321
            ],
            [
              91.91403243,
              44.41452725,
              1321
            ],
            [
              91.91403302,
              44.41452551,
              1321
            ],
            [
              91.91403361,
              44.41452376,
              1321
            ],
            [
              91.9140342,
              44.41452202,
              1321
            ],
            [
              91.91403479,
              44.41452027,
              1321
            ],
            [
              91.91403538,
              44.41451852,
              1321
            ],
            [
              91.91403597,
              44.41451678,
              1321
            ],
            [
              91.91403657,
              44.41451503,
              1321
            ],
            [
              91.91403716,
              44.41451328,
              1321
            ],
            [
              91.91403775,
              44.41451154,
              1321
            ],
            [
              91.91403834,
              44.41450979,
              1321
            ],
            [
              91.91403893,
              44.41450805,
              1321
            ],
            [
              91.91403952,
              44.4145063,
              1321
            ],
            [
              91.91404011,
              44.41450455,
              1321
            ],
            [
              91.9140407,
              44.41450281,
              1321
            ],
            [
              91.9140413,
              44.41450106,
              1321
            ],
            [
              91.91404189,
              44.41449931,
              1321
            ],
            [
              91.91404248,
              44.41449757,
              1321
            ],
            [
              91.91404307,
              44.41449582,
              1321
            ],
            [
              91.91404366,
              44.41449408,
              1321
            ],
            [
              91.91404425,
              44.41449233,
              1321
            ],
            [
              91.91404484,
              44.41449058,
              1321
            ],
            [
              91.91404543,
              44.41448884,
              1321
            ],
            [
              91.91404603,
              44.41448709,
              1321
            ],
            [
              91.91404662,
              44.41448534,
              1321
            ],
            [
              91.91404721,
              44.4144836,
              1321
            ],
            [
              91.9140478,
              44.41448185,
              1321
            ],
            [
              91.91404839,
              44.41448011,
              1321
            ],
            [
              91.91404898,
              44.41447836,
              1321
            ],
            [
              91.91404957,
              44.41447661,
              1321
            ],
            [
              91.91405016,
              44.41447487,
              1321
            ],
            [
              91.91405076,
              44.41447312,
              1321
            ],
            [
              91.91405135,
              44.41447137,
              1321
            ],
            [
              91.91405194,
              44.41446963,
              1321
            ],
            [
              91.91405253,
              44.41446788,
              1321
            ],
            [
              91.91405312,
              44.41446614,
              1321
            ],
            [
              91.91405371,
              44.41446439,
              1321
            ],
            [
              91.9140543,
              44.41446264,
              1321
            ],
            [
              91.91405489,
              44.4144609,
              1321
            ],
            [
              91.91405549,
              44.41445915,
              1321
            ],
            [
              91.91405608,
              44.4144574,
              1321
            ],
            [
              91.91405667,
              44.41445566,
              1321
            ],
            [
              91.91405726,
              44.41445391,
              1321
            ],
            [
              91.91405785,
              44.41445217,
              1321
            ],
            [
              91.91405844,
              44.41445042,
              1321
            ],
            [
              91.91405903,
              44.41444867,
              1321
            ],
            [
              91.91405962,
              44.41444693,
              1321
            ],
            [
              91.91406021,
              44.41444518,
              1321
            ],
            [
              91.91406081,
              44.41444343,
              1321
            ],
            [
              91.9140614,
              44.41444169,
              1321
            ],
            [
              91.91406199,
              44.41443994,
              1321
            ],
            [
              91.91406258,
              44.4144382,
              1321
            ],
            [
              91.91406317,
              44.41443645,
              1321
            ],
            [
              91.91406376,
              44.4144347,
              1321
            ],
            [
              91.91406435,
              44.41443296,
              1321
            ],
            [
              91.91406494,
              44.41443121,
              1321
            ],
            [
              91.91406554,
              44.41442946,
              1321
            ],
            [
              91.91406613,
              44.41442772,
              1321
            ],
            [
              91.91406672,
              44.41442597,
              1321
            ],
            [
              91.91406731,
              44.41442423,
              1321
            ],
            [
              91.9140679,
              44.41442248,
              1321
            ],
            [
              91.91406849,
              44.41442073,
              1321
            ],
            [
              91.91406908,
              44.41441899,
              1321
            ],
            [
              91.91406967,
              44.41441724,
              1321
            ],
            [
              91.91407027,
              44.41441549,
              1321
            ],
            [
              91.91407086,
              44.41441375,
              1321
            ],
            [
              91.91407145,
              44.414412,
              1321
            ],
            [
              91.91407204,
              44.41441026,
              1321
            ],
            [
              91.91407263,
              44.41440851,
              1321
            ],
            [
              91.91407322,
              44.41440676,
              1321
            ],
            [
              91.91407381,
              44.41440502,
              1321
            ],
            [
              91.9140744,
              44.41440327,
              1321
            ],
            [
              91.914075,
              44.41440152,
              1321
            ],
            [
              91.91407559,
              44.41439978,
              1321
            ],
            [
              91.91407618,
              44.41439803,
              1321
            ],
            [
              91.91407677,
              44.41439629,
              1321
            ],
            [
              91.91407736,
              44.41439454,
              1321
            ],
            [
              91.91407795,
              44.41439279,
              1321
            ],
            [
              91.91407854,
              44.41439105,
              1321
            ],
            [
              91.91407913,
              44.4143893,
              1321
            ],
            [
              91.91407973,
              44.41438755,
              1321
            ],
            [
              91.91408032,
              44.41438581,
              1321
            ],
            [
              91.91408091,
              44.41438406,
              1321
            ],
            [
              91.9140815,
              44.41438232,
              1321
            ],
            [
              91.91408209,
              44.41438057,
              1321
            ],
            [
              91.91408268,
              44.41437882,
              1321
            ],
            [
              91.91408327,
              44.41437708,
              1321
            ],
            [
              91.91408386,
              44.41437533,
              1321
            ],
            [
              91.91408446,
              44.41437358,
              1321
            ],
            [
              91.91408505,
              44.41437184,
              1321
            ],
            [
              91.91408564,
              44.41437009,
              1321
            ],
            [
              91.91408623,
              44.41436835,
              1321
            ],
            [
              91.91408682,
              44.4143666,
              1321
            ],
            [
              91.91408741,
              44.41436485,
              1321
            ],
            [
              91.914088,
              44.41436311,
              1321
            ],
            [
              91.91408859,
              44.41436136,
              1321
            ],
            [
              91.91408919,
              44.41435961,
              1321
            ],
            [
              91.91408978,
              44.41435787,
              1321
            ],
            [
              91.91409037,
              44.41435612,
              1321
            ],
            [
              91.91409096,
              44.41435438,
              1321
            ],
            [
              91.91409155,
              44.41435263,
              1321
            ],
            [
              91.91409185,
              44.41435084,
              1321
            ],
            [
              91.91409215,
              44.41434906,
              1321
            ],
            [
              91.91409246,
              44.41434727,
              1321
            ],
            [
              91.91409276,
              44.41434548,
              1321
            ],
            [
              91.91409306,
              44.4143437,
              1321
            ],
            [
              91.91409336,
              44.41434191,
              1321
            ],
            [
              91.91409366,
              44.41434012,
              1321
            ],
            [
              91.91409396,
              44.41433834,
              1321
            ],
            [
              91.91409427,
              44.41433655,
              1321
            ],
            [
              91.91409457,
              44.41433476,
              1321
            ],
            [
              91.91409487,
              44.41433298,
              1321
            ],
            [
              91.91409517,
              44.41433119,
              1321
            ],
            [
              91.91409547,
              44.4143294,
              1321
            ],
            [
              91.91409578,
              44.41432762,
              1321
            ],
            [
              91.91409608,
              44.41432583,
              1321
            ],
            [
              91.91409638,
              44.41432405,
              1321
            ],
            [
              91.91409668,
              44.41432226,
              1321
            ],
            [
              91.91409698,
              44.41432047,
              1321
            ],
            [
              91.91409729,
              44.41431869,
              1321
            ],
            [
              91.91409759,
              44.4143169,
              1321
            ],
            [
              91.91409789,
              44.41431511,
              1321
            ],
            [
              91.91409819,
              44.41431333,
              1321
            ],
            [
              91.91409849,
              44.41431154,
              1321
            ],
            [
              91.91409879,
              44.41430975,
              1321
            ],
            [
              91.9140991,
              44.41430797,
              1321
            ],
            [
              91.9140994,
              44.41430618,
              1321
            ],
            [
              91.9140997,
              44.41430439,
              1321
            ],
            [
              91.9141,
              44.41430261,
              1321
            ],
            [
              91.9141003,
              44.41430082,
              1321
            ],
            [
              91.91410061,
              44.41429903,
              1321
            ],
            [
              91.91410091,
              44.41429725,
              1321
            ],
            [
              91.91410121,
              44.41429546,
              1321
            ],
            [
              91.91410151,
              44.41429367,
              1321
            ],
            [
              91.91410181,
              44.41429189,
              1321
            ],
            [
              91.91410212,
              44.4142901,
              1321
            ],
            [
              91.91410242,
              44.41428831,
              1321
            ],
            [
              91.91410272,
              44.41428653,
              1321
            ],
            [
              91.91410302,
              44.41428474,
              1321
            ],
            [
              91.91410332,
              44.41428295,
              1321
            ],
            [
              91.91410362,
              44.41428117,
              1321
            ],
            [
              91.91410393,
              44.41427938,
              1321
            ],
            [
              91.91410423,
              44.41427759,
              1321
            ],
            [
              91.91410453,
              44.41427581,
              1321
            ],
            [
              91.91410483,
              44.41427402,
              1321
            ],
            [
              91.91410513,
              44.41427223,
              1321
            ],
            [
              91.91410544,
              44.41427045,
              1321
            ],
            [
              91.91410574,
              44.41426866,
              1321
            ],
            [
              91.91410604,
              44.41426688,
              1321
            ],
            [
              91.91410634,
              44.41426509,
              1321
            ],
            [
              91.91410664,
              44.4142633,
              1321
            ],
            [
              91.91410695,
              44.41426152,
              1321
            ],
            [
              91.91410725,
              44.41425973,
              1321
            ],
            [
              91.91410755,
              44.41425794,
              1321
            ],
            [
              91.91410785,
              44.41425616,
              1321
            ],
            [
              91.91410815,
              44.41425437,
              1321
            ],
            [
              91.91410845,
              44.41425258,
              1321
            ],
            [
              91.91410876,
              44.4142508,
              1321
            ],
            [
              91.91410906,
              44.41424901,
              1321
            ],
            [
              91.91410936,
              44.41424722,
              1321
            ],
            [
              91.91410966,
              44.41424544,
              1321
            ],
            [
              91.91410996,
              44.41424365,
              1321
            ],
            [
              91.91411027,
              44.41424186,
              1321
            ],
            [
              91.91411057,
              44.41424008,
              1321
            ],
            [
              91.91411087,
              44.41423829,
              1321
            ],
            [
              91.91411117,
              44.4142365,
              1321
            ],
            [
              91.91411147,
              44.41423472,
              1321
            ],
            [
              91.91411178,
              44.41423293,
              1321
            ],
            [
              91.91411208,
              44.41423114,
              1321
            ],
            [
              91.91411238,
              44.41422936,
              1321
            ],
            [
              91.91411268,
              44.41422757,
              1321
            ],
            [
              91.91411298,
              44.41422578,
              1321
            ],
            [
              91.91411328,
              44.414224,
              1321
            ],
            [
              91.91411359,
              44.41422221,
              1321
            ],
            [
              91.91411389,
              44.41422042,
              1321
            ],
            [
              91.91411419,
              44.41421864,
              1321
            ],
            [
              91.91411449,
              44.41421685,
              1321
            ],
            [
              91.91411479,
              44.41421506,
              1321
            ],
            [
              91.9141151,
              44.41421328,
              1321
            ],
            [
              91.9141154,
              44.41421149,
              1321
            ],
            [
              91.9141157,
              44.41420971,
              1321
            ],
            [
              91.914116,
              44.41420792,
              1321
            ],
            [
              91.9141163,
              44.41420613,
              1321
            ],
            [
              91.9141166,
              44.41420435,
              1321
            ],
            [
              91.91411691,
              44.41420256,
              1321
            ],
            [
              91.91411721,
              44.41420077,
              1321
            ],
            [
              91.91411751,
              44.41419899,
              1321
            ],
            [
              91.91411781,
              44.4141972,
              1321
            ],
            [
              91.91411811,
              44.41419541,
              1321
            ],
            [
              91.91411842,
              44.41419363,
              1321
            ],
            [
              91.91411872,
              44.41419184,
              1321
            ],
            [
              91.91411902,
              44.41419005,
              1321
            ],
            [
              91.91411932,
              44.41418827,
              1321
            ],
            [
              91.91411962,
              44.41418648,
              1321
            ],
            [
              91.91411993,
              44.41418469,
              1321
            ],
            [
              91.91412023,
              44.41418291,
              1321
            ],
            [
              91.91412053,
              44.41418112,
              1321
            ],
            [
              91.91412083,
              44.41417933,
              1321
            ],
            [
              91.91412113,
              44.41417755,
              1321
            ],
            [
              91.91412143,
              44.41417576,
              1321
            ],
            [
              91.91412174,
              44.41417397,
              1321
            ],
            [
              91.91412204,
              44.41417219,
              1321
            ],
            [
              91.91412234,
              44.4141704,
              1321
            ],
            [
              91.91412264,
              44.41416861,
              1321
            ],
            [
              91.91412294,
              44.41416683,
              1321
            ],
            [
              91.91412325,
              44.41416504,
              1321
            ],
            [
              91.91412355,
              44.41416325,
              1321
            ],
            [
              91.91412385,
              44.41416147,
              1321
            ],
            [
              91.91412415,
              44.41415968,
              1321
            ],
            [
              91.91412445,
              44.4141579,
              1321
            ],
            [
              91.91412476,
              44.41415611,
              1321
            ],
            [
              91.91412506,
              44.41415432,
              1321
            ],
            [
              91.91412536,
              44.41415254,
              1321
            ],
            [
              91.91412566,
              44.41415075,
              1321
            ],
            [
              91.91412596,
              44.41414896,
              1321
            ],
            [
              91.91412626,
              44.41414718,
              1321
            ],
            [
              91.91412657,
              44.41414539,
              1321
            ],
            [
              91.91412687,
              44.4141436,
              1321
            ],
            [
              91.91412717,
              44.41414182,
              1321
            ],
            [
              91.91412747,
              44.41414003,
              1321
            ],
            [
              91.91412777,
              44.41413824,
              1321
            ],
            [
              91.91412808,
              44.41413646,
              1321
            ],
            [
              91.91412838,
              44.41413467,
              1321
            ],
            [
              91.91412868,
              44.41413288,
              1321
            ],
            [
              91.91412898,
              44.4141311,
              1321
            ],
            [
              91.91412928,
              44.41412931,
              1321
            ],
            [
              91.91412959,
              44.41412752,
              1321
            ],
            [
              91.91412989,
              44.41412574,
              1321
            ],
            [
              91.91413019,
              44.41412395,
              1321
            ],
            [
              91.91413049,
              44.41412216,
              1321
            ],
            [
              91.91413079,
              44.41412038,
              1321
            ],
            [
              91.91413109,
              44.41411859,
              1321
            ],
            [
              91.9141314,
              44.4141168,
              1321
            ],
            [
              91.9141317,
              44.41411502,
              1321
            ],
            [
              91.914132,
              44.41411323,
              1321
            ],
            [
              91.9141323,
              44.41411144,
              1321
            ],
            [
              91.9141326,
              44.41410966,
              1321
            ],
            [
              91.91413291,
              44.41410787,
              1321
            ],
            [
              91.91413321,
              44.41410608,
              1321
            ],
            [
              91.91413351,
              44.4141043,
              1321
            ],
            [
              91.91413381,
              44.41410251,
              1321
            ],
            [
              91.91413411,
              44.41410073,
              1321
            ],
            [
              91.91413442,
              44.41409894,
              1321
            ],
            [
              91.91413472,
              44.41409715,
              1321
            ],
            [
              91.91413502,
              44.41409537,
              1321
            ],
            [
              91.91413532,
              44.41409358,
              1321
            ],
            [
              91.91413562,
              44.41409179,
              1321
            ],
            [
              91.91413592,
              44.41409001,
              1321
            ],
            [
              91.91413623,
              44.41408822,
              1321
            ],
            [
              91.91413653,
              44.41408643,
              1321
            ],
            [
              91.91413683,
              44.41408465,
              1321
            ],
            [
              91.91413713,
              44.41408286,
              1321
            ],
            [
              91.91413743,
              44.41408107,
              1321
            ],
            [
              91.91413774,
              44.41407929,
              1321
            ],
            [
              91.91413804,
              44.4140775,
              1321
            ],
            [
              91.91413834,
              44.41407571,
              1321
            ],
            [
              91.91413864,
              44.41407393,
              1321
            ],
            [
              91.91413894,
              44.41407214,
              1321
            ],
            [
              91.91413924,
              44.41407035,
              1321
            ],
            [
              91.91413955,
              44.41406857,
              1321
            ],
            [
              91.91413985,
              44.41406678,
              1321
            ],
            [
              91.91414015,
              44.41406499,
              1321
            ],
            [
              91.91414045,
              44.41406321,
              1321
            ],
            [
              91.91414075,
              44.41406142,
              1321
            ],
            [
              91.91414106,
              44.41405963,
              1321
            ],
            [
              91.91414136,
              44.41405785,
              1321
            ],
            [
              91.91414166,
              44.41405606,
              1321
            ],
            [
              91.91414196,
              44.41405427,
              1321
            ],
            [
              91.91414226,
              44.41405249,
              1321
            ],
            [
              91.91414257,
              44.4140507,
              1321
            ],
            [
              91.91414287,
              44.41404891,
              1321
            ],
            [
              91.91414317,
              44.41404713,
              1321
            ],
            [
              91.91414347,
              44.41404534,
              1321
            ],
            [
              91.91414377,
              44.41404356,
              1321
            ],
            [
              91.91414407,
              44.41404177,
              1321
            ],
            [
              91.91414438,
              44.41403998,
              1321
            ],
            [
              91.91414468,
              44.4140382,
              1321
            ],
            [
              91.91414498,
              44.41403641,
              1321
            ],
            [
              91.91414528,
              44.41403462,
              1321
            ],
            [
              91.91414558,
              44.41403284,
              1321
            ],
            [
              91.91414589,
              44.41403105,
              1321
            ],
            [
              91.91414619,
              44.41402926,
              1321
            ],
            [
              91.91414649,
              44.41402748,
              1321
            ],
            [
              91.91414679,
              44.41402569,
              1321
            ],
            [
              91.91414709,
              44.4140239,
              1321
            ],
            [
              91.9141474,
              44.41402212,
              1321
            ],
            [
              91.9141477,
              44.41402033,
              1321
            ],
            [
              91.914148,
              44.41401854,
              1321
            ],
            [
              91.9141483,
              44.41401676,
              1321
            ],
            [
              91.9141486,
              44.41401497,
              1321
            ],
            [
              91.9141489,
              44.41401318,
              1321
            ],
            [
              91.91414921,
              44.4140114,
              1321
            ],
            [
              91.91414951,
              44.41400961,
              1321
            ],
            [
              91.91414981,
              44.41400782,
              1321
            ],
            [
              91.91415011,
              44.41400604,
              1321
            ],
            [
              91.91415041,
              44.41400425,
              1321
            ],
            [
              91.91415072,
              44.41400246,
              1321
            ],
            [
              91.91415102,
              44.41400068,
              1321
            ],
            [
              91.91415132,
              44.41399889,
              1321
            ],
            [
              91.91415162,
              44.4139971,
              1321
            ],
            [
              91.91415192,
              44.41399532,
              1321
            ],
            [
              91.91415223,
              44.41399353,
              1321
            ],
            [
              91.91415253,
              44.41399175,
              1321
            ],
            [
              91.91415283,
              44.41398996,
              1321
            ],
            [
              91.91415313,
              44.41398817,
              1321
            ],
            [
              91.91415343,
              44.41398639,
              1321
            ],
            [
              91.91415373,
              44.4139846,
              1321
            ],
            [
              91.91415404,
              44.41398281,
              1321
            ],
            [
              91.91415434,
              44.41398103,
              1321
            ],
            [
              91.91415464,
              44.41397924,
              1321
            ],
            [
              91.91415494,
              44.41397745,
              1321
            ],
            [
              91.91415524,
              44.41397567,
              1321
            ],
            [
              91.91415555,
              44.41397388,
              1321
            ],
            [
              91.91415585,
              44.41397209,
              1321
            ],
            [
              91.91415615,
              44.41397031,
              1321
            ],
            [
              91.91415645,
              44.41396852,
              1321
            ],
            [
              91.91415675,
              44.41396673,
              1321
            ],
            [
              91.91415705,
              44.41396495,
              1321
            ],
            [
              91.91415736,
              44.41396316,
              1321
            ],
            [
              91.91415766,
              44.41396137,
              1321
            ],
            [
              91.91415796,
              44.41395959,
              1321
            ],
            [
              91.91415826,
              44.4139578,
              1321
            ],
            [
              91.91415856,
              44.41395601,
              1321
            ],
            [
              91.91415887,
              44.41395423,
              1321
            ],
            [
              91.91415917,
              44.41395244,
              1321
            ],
            [
              91.91415947,
              44.41395065,
              1321
            ],
            [
              91.91415977,
              44.41394887,
              1321
            ],
            [
              91.91416007,
              44.41394708,
              1321
            ],
            [
              91.91416038,
              44.41394529,
              1321
            ],
            [
              91.91416068,
              44.41394351,
              1321
            ],
            [
              91.91416098,
              44.41394172,
              1321
            ],
            [
              91.91416128,
              44.41393993,
              1321
            ],
            [
              91.91416158,
              44.41393815,
              1321
            ],
            [
              91.91416188,
              44.41393636,
              1321
            ],
            [
              91.91416219,
              44.41393458,
              1321
            ],
            [
              91.91416249,
              44.41393279,
              1321
            ],
            [
              91.91416279,
              44.413931,
              1321
            ],
            [
              91.91416309,
              44.41392922,
              1321
            ],
            [
              91.91416339,
              44.41392743,
              1321
            ],
            [
              91.9141637,
              44.41392564,
              1321
            ],
            [
              91.914164,
              44.41392386,
              1321
            ],
            [
              91.9141643,
              44.41392207,
              1321
            ],
            [
              91.9141646,
              44.41392028,
              1321
            ],
            [
              91.9141649,
              44.4139185,
              1321
            ],
            [
              91.91416521,
              44.41391671,
              1321
            ],
            [
              91.91416551,
              44.41391492,
              1321
            ],
            [
              91.91416581,
              44.41391314,
              1321
            ],
            [
              91.91416611,
              44.41391135,
              1321
            ],
            [
              91.91416641,
              44.41390956,
              1321
            ],
            [
              91.91416671,
              44.41390778,
              1321
            ],
            [
              91.91416702,
              44.41390599,
              1321
            ],
            [
              91.91416732,
              44.4139042,
              1321
            ],
            [
              91.91416762,
              44.41390242,
              1321
            ],
            [
              91.91416792,
              44.41390063,
              1321
            ],
            [
              91.91416822,
              44.41389884,
              1321
            ],
            [
              91.91416853,
              44.41389706,
              1321
            ],
            [
              91.91416883,
              44.41389527,
              1321
            ],
            [
              91.91416913,
              44.41389348,
              1321
            ],
            [
              91.91416943,
              44.4138917,
              1321
            ],
            [
              91.91416973,
              44.41388991,
              1321
            ],
            [
              91.91417004,
              44.41388812,
              1321
            ],
            [
              91.91417034,
              44.41388634,
              1321
            ],
            [
              91.91417064,
              44.41388455,
              1321
            ],
            [
              91.91417094,
              44.41388276,
              1321
            ],
            [
              91.91417124,
              44.41388098,
              1321
            ],
            [
              91.91417154,
              44.41387919,
              1321
            ],
            [
              91.91417185,
              44.41387741,
              1321
            ],
            [
              91.91417215,
              44.41387562,
              1321
            ],
            [
              91.91417245,
              44.41387383,
              1321
            ],
            [
              91.91417275,
              44.41387205,
              1321
            ],
            [
              91.91417305,
              44.41387026,
              1321
            ],
            [
              91.91417336,
              44.41386847,
              1321
            ],
            [
              91.91417366,
              44.41386669,
              1321
            ],
            [
              91.91417396,
              44.4138649,
              1321
            ],
            [
              91.91417426,
              44.41386311,
              1321
            ],
            [
              91.91417456,
              44.41386133,
              1321
            ],
            [
              91.91417486,
              44.41385954,
              1321
            ],
            [
              91.91417517,
              44.41385775,
              1321
            ],
            [
              91.91417547,
              44.41385597,
              1321
            ],
            [
              91.91417577,
              44.41385418,
              1321
            ],
            [
              91.91417607,
              44.41385239,
              1321
            ],
            [
              91.91417637,
              44.41385061,
              1321
            ],
            [
              91.91417668,
              44.41384882,
              1321
            ],
            [
              91.91417698,
              44.41384703,
              1321
            ],
            [
              91.91417728,
              44.41384525,
              1321
            ],
            [
              91.91417758,
              44.41384346,
              1321
            ],
            [
              91.91417788,
              44.41384167,
              1321
            ],
            [
              91.91417819,
              44.41383989,
              1321
            ],
            [
              91.91417849,
              44.4138381,
              1321
            ],
            [
              91.91417879,
              44.41383631,
              1321
            ],
            [
              91.91417909,
              44.41383453,
              1321
            ],
            [
              91.91417939,
              44.41383274,
              1321
            ],
            [
              91.91417969,
              44.41383095,
              1321
            ],
            [
              91.91418,
              44.41382917,
              1321
            ],
            [
              91.9141803,
              44.41382738,
              1321
            ],
            [
              91.9141806,
              44.41382559,
              1321
            ],
            [
              91.9141809,
              44.41382381,
              1321
            ],
            [
              91.9141812,
              44.41382202,
              1321
            ],
            [
              91.91418151,
              44.41382024,
              1321
            ],
            [
              91.91418181,
              44.41381845,
              1321
            ],
            [
              91.91418211,
              44.41381666,
              1321
            ],
            [
              91.91418241,
              44.41381488,
              1321
            ],
            [
              91.91418271,
              44.41381309,
              1321
            ],
            [
              91.91418302,
              44.4138113,
              1321
            ],
            [
              91.91418332,
              44.41380952,
              1321
            ],
            [
              91.91418362,
              44.41380773,
              1321
            ],
            [
              91.91418392,
              44.41380594,
              1321
            ],
            [
              91.91418422,
              44.41380416,
              1321
            ],
            [
              91.91418452,
              44.41380237,
              1321
            ],
            [
              91.91418483,
              44.41380058,
              1321
            ],
            [
              91.91418513,
              44.4137988,
              1321
            ],
            [
              91.91418543,
              44.41379701,
              1321
            ],
            [
              91.91418794,
              44.41379704,
              1321
            ],
            [
              91.91419044,
              44.41379707,
              1321
            ],
            [
              91.91419295,
              44.4137971,
              1321
            ],
            [
              91.91419546,
              44.41379713,
              1321
            ],
            [
              91.91419797,
              44.41379716,
              1321
            ],
            [
              91.91420047,
              44.41379719,
              1321
            ],
            [
              91.91420298,
              44.41379722,
              1321
            ],
            [
              91.91420549,
              44.41379725,
              1321
            ],
            [
              91.914208,
              44.41379728,
              1321
            ],
            [
              91.9142105,
              44.41379731,
              1321
            ],
            [
              91.91421301,
              44.41379734,
              1321
            ],
            [
              91.91421552,
              44.41379737,
              1321
            ],
            [
              91.91421803,
              44.4137974,
              1321
            ],
            [
              91.91422053,
              44.41379743,
              1321
            ],
            [
              91.91422304,
              44.41379746,
              1321
            ],
            [
              91.91422555,
              44.41379748,
              1321
            ],
            [
              91.91422806,
              44.41379751,
              1321
            ],
            [
              91.91423056,
              44.41379754,
              1321
            ],
            [
              91.91423307,
              44.41379757,
              1321
            ],
            [
              91.91423558,
              44.4137976,
              1321
            ],
            [
              91.91423809,
              44.41379763,
              1321
            ],
            [
              91.91424059,
              44.41379766,
              1321
            ],
            [
              91.9142431,
              44.41379769,
              1321
            ],
            [
              91.91424561,
              44.41379772,
              1321
            ],
            [
              91.91424812,
              44.41379775,
              1321
            ],
            [
              91.91425062,
              44.41379778,
              1321
            ],
            [
              91.91425313,
              44.41379781,
              1321
            ],
            [
              91.91425564,
              44.41379784,
              1321
            ],
            [
              91.91425815,
              44.41379787,
              1321
            ],
            [
              91.91426065,
              44.4137979,
              1321
            ],
            [
              91.91426316,
              44.41379793,
              1321
            ],
            [
              91.91426567,
              44.41379796,
              1321
            ],
            [
              91.91426818,
              44.41379799,
              1321
            ],
            [
              91.91427068,
              44.41379802,
              1321
            ],
            [
              91.91427319,
              44.41379805,
              1321
            ],
            [
              91.9142757,
              44.41379808,
              1321
            ],
            [
              91.91427821,
              44.41379811,
              1321
            ],
            [
              91.91428071,
              44.41379814,
              1321
            ],
            [
              91.91428322,
              44.41379817,
              1321
            ],
            [
              91.91428573,
              44.4137982,
              1321
            ],
            [
              91.91428824,
              44.41379823,
              1321
            ],
            [
              91.91429074,
              44.41379826,
              1321
            ],
            [
              91.91429325,
              44.41379829,
              1321
            ],
            [
              91.91429576,
              44.41379832,
              1321
            ],
            [
              91.91429827,
              44.41379835,
              1321
            ],
            [
              91.91430077,
              44.41379838,
              1321
            ],
            [
              91.91430328,
              44.41379841,
              1321
            ],
            [
              91.91430579,
              44.41379843,
              1321
            ],
            [
              91.9143083,
              44.41379846,
              1321
            ],
            [
              91.9143108,
              44.41379849,
              1321
            ],
            [
              91.91431331,
              44.41379852,
              1321
            ],
            [
              91.91431582,
              44.41379855,
              1321
            ],
            [
              91.91431833,
              44.41379858,
              1321
            ],
            [
              91.91432083,
              44.41379861,
              1321
            ],
            [
              91.91432334,
              44.41379864,
              1321
            ],
            [
              91.91432585,
              44.41379867,
              1321
            ],
            [
              91.91432836,
              44.4137987,
              1321
            ],
            [
              91.91433086,
              44.41379873,
              1321
            ],
            [
              91.91433337,
              44.41379876,
              1321
            ],
            [
              91.91433588,
              44.41379879,
              1321
            ],
            [
              91.91433839,
              44.41379882,
              1321
            ],
            [
              91.91434089,
              44.41379885,
              1321
            ],
            [
              91.9143434,
              44.41379888,
              1321
            ],
            [
              91.91434591,
              44.41379891,
              1321
            ],
            [
              91.91434841,
              44.41379894,
              1321
            ],
            [
              91.91435092,
              44.41379897,
              1321
            ],
            [
              91.91435343,
              44.413799,
              1321
            ],
            [
              91.91435594,
              44.41379903,
              1321
            ],
            [
              91.91435844,
              44.41379906,
              1321
            ],
            [
              91.91436095,
              44.41379909,
              1321
            ],
            [
              91.91436346,
              44.41379912,
              1321
            ],
            [
              91.91436597,
              44.41379915,
              1321
            ],
            [
              91.91436847,
              44.41379918,
              1321
            ],
            [
              91.91437098,
              44.41379921,
              1321
            ],
            [
              91.91437349,
              44.41379924,
              1321
            ],
            [
              91.914376,
              44.41379927,
              1321
            ],
            [
              91.9143785,
              44.4137993,
              1321
            ],
            [
              91.91438101,
              44.41379933,
              1321
            ],
            [
              91.91438352,
              44.41379936,
              1321
            ],
            [
              91.91438603,
              44.41379938,
              1321
            ],
            [
              91.91438853,
              44.41379941,
              1321
            ],
            [
              91.91439104,
              44.41379944,
              1321
            ],
            [
              91.91439355,
              44.41379947,
              1321
            ],
            [
              91.91439606,
              44.4137995,
              1321
            ],
            [
              91.91439856,
              44.41379953,
              1321
            ],
            [
              91.91440107,
              44.41379956,
              1321
            ],
            [
              91.91440358,
              44.41379959,
              1321
            ],
            [
              91.91440609,
              44.41379962,
              1321
            ],
            [
              91.91440859,
              44.41379965,
              1321
            ],
            [
              91.9144111,
              44.41379968,
              1321
            ],
            [
              91.91441361,
              44.41379971,
              1321
            ],
            [
              91.91441612,
              44.41379974,
              1321
            ],
            [
              91.91441862,
              44.41379977,
              1321
            ],
            [
              91.91442113,
              44.4137998,
              1321
            ],
            [
              91.91442364,
              44.41379983,
              1321
            ],
            [
              91.91442615,
              44.41379986,
              1321
            ],
            [
              91.91442865,
              44.41379989,
              1321
            ],
            [
              91.91443116,
              44.41379992,
              1321
            ],
            [
              91.91443367,
              44.41379995,
              1321
            ],
            [
              91.91443618,
              44.41379998,
              1321
            ],
            [
              91.91443868,
              44.41380001,
              1321
            ],
            [
              91.91444119,
              44.41380004,
              1321
            ],
            [
              91.9144437,
              44.41380007,
              1321
            ],
            [
              91.91444621,
              44.4138001,
              1321
            ],
            [
              91.91444871,
              44.41380013,
              1321
            ],
            [
              91.91445122,
              44.41380016,
              1321
            ],
            [
              91.91445373,
              44.41380019,
              1321
            ],
            [
              91.91445624,
              44.41380022,
              1321
            ],
            [
              91.91445874,
              44.41380025,
              1321
            ],
            [
              91.91446125,
              44.41380028,
              1321
            ],
            [
              91.91446376,
              44.4138003,
              1321
            ],
            [
              91.91446627,
              44.41380033,
              1321
            ],
            [
              91.91446877,
              44.41380036,
              1321
            ],
            [
              91.91447128,
              44.41380039,
              1321
            ],
            [
              91.91447379,
              44.41380042,
              1321
            ],
            [
              91.9144763,
              44.41380045,
              1321
            ],
            [
              91.9144788,
              44.41380048,
              1321
            ],
            [
              91.91448131,
              44.41380051,
              1321
            ],
            [
              91.91448382,
              44.41380054,
              1321
            ],
            [
              91.91448633,
              44.41380057,
              1321
            ],
            [
              91.91448883,
              44.4138006,
              1321
            ],
            [
              91.91449134,
              44.41380063,
              1321
            ],
            [
              91.91449385,
              44.41380066,
              1321
            ],
            [
              91.91449636,
              44.41380069,
              1321
            ],
            [
              91.91449886,
              44.41380072,
              1321
            ],
            [
              91.91450137,
              44.41380075,
              1321
            ],
            [
              91.91450388,
              44.41380078,
              1321
            ],
            [
              91.91450638,
              44.41380081,
              1321
            ],
            [
              91.91450889,
              44.41380084,
              1321
            ],
            [
              91.9145114,
              44.41380087,
              1321
            ],
            [
              91.91451391,
              44.4138009,
              1321
            ],
            [
              91.91451641,
              44.41380093,
              1321
            ],
            [
              91.91451892,
              44.41380096,
              1321
            ],
            [
              91.91452143,
              44.41380099,
              1321
            ],
            [
              91.91452394,
              44.41380102,
              1321
            ],
            [
              91.91452644,
              44.41380105,
              1321
            ],
            [
              91.91452895,
              44.41380108,
              1321
            ],
            [
              91.91453146,
              44.41380111,
              1321
            ],
            [
              91.91453397,
              44.41380114,
              1321
            ],
            [
              91.91453647,
              44.41380117,
              1321
            ],
            [
              91.91453898,
              44.4138012,
              1321
            ],
            [
              91.91454149,
              44.41380123,
              1321
            ],
            [
              91.914544,
              44.41380125,
              1321
            ],
            [
              91.9145465,
              44.41380128,
              1321
            ],
            [
              91.91454901,
              44.41380131,
              1321
            ],
            [
              91.91455152,
              44.41380134,
              1321
            ],
            [
              91.91455403,
              44.41380137,
              1321
            ],
            [
              91.91455653,
              44.4138014,
              1321
            ],
            [
              91.91455904,
              44.41380143,
              1321
            ],
            [
              91.91456155,
              44.41380146,
              1321
            ],
            [
              91.91456406,
              44.41380149,
              1321
            ],
            [
              91.91456656,
              44.41380152,
              1321
            ],
            [
              91.91456907,
              44.41380155,
              1321
            ],
            [
              91.91457158,
              44.41380158,
              1321
            ],
            [
              91.91457409,
              44.41380161,
              1321
            ],
            [
              91.91457659,
              44.41380164,
              1321
            ],
            [
              91.9145791,
              44.41380167,
              1321
            ],
            [
              91.91458161,
              44.4138017,
              1321
            ],
            [
              91.91458412,
              44.41380173,
              1321
            ],
            [
              91.91458662,
              44.41380176,
              1321
            ],
            [
              91.91458913,
              44.41380179,
              1321
            ],
            [
              91.91459164,
              44.41380182,
              1321
            ],
            [
              91.91459415,
              44.41380185,
              1321
            ],
            [
              91.91459665,
              44.41380188,
              1321
            ],
            [
              91.91459916,
              44.41380191,
              1321
            ],
            [
              91.91460167,
              44.41380194,
              1321
            ],
            [
              91.91460418,
              44.41380197,
              1321
            ],
            [
              91.91460668,
              44.413802,
              1321
            ],
            [
              91.91460919,
              44.41380203,
              1321
            ],
            [
              91.9146117,
              44.41380206,
              1321
            ],
            [
              91.91461421,
              44.41380209,
              1321
            ],
            [
              91.91461671,
              44.41380212,
              1321
            ],
            [
              91.91461922,
              44.41380215,
              1321
            ],
            [
              91.91462173,
              44.41380217,
              1321
            ],
            [
              91.91462424,
              44.4138022,
              1321
            ],
            [
              91.91462674,
              44.41380223,
              1321
            ],
            [
              91.91462925,
              44.41380226,
              1321
            ],
            [
              91.91463176,
              44.41380229,
              1321
            ],
            [
              91.91463427,
              44.41380232,
              1321
            ],
            [
              91.91463677,
              44.41380235,
              1321
            ],
            [
              91.91463928,
              44.41380238,
              1321
            ],
            [
              91.91464179,
              44.41380241,
              1321
            ],
            [
              91.9146443,
              44.41380244,
              1321
            ],
            [
              91.9146468,
              44.41380247,
              1321
            ],
            [
              91.91464931,
              44.4138025,
              1321
            ],
            [
              91.91465182,
              44.41380253,
              1321
            ],
            [
              91.91465433,
              44.41380256,
              1321
            ],
            [
              91.91465683,
              44.41380259,
              1321
            ],
            [
              91.91465934,
              44.41380262,
              1321
            ],
            [
              91.91465933,
              44.41380082,
              1321
            ],
            [
              91.91465932,
              44.41379902,
              1321
            ],
            [
              91.91465931,
              44.41379722,
              1321
            ],
            [
              91.9146593,
              44.41379543,
              1321
            ],
            [
              91.91465929,
              44.41379363,
              1321
            ],
            [
              91.91465929,
              44.41379183,
              1321
            ],
            [
              91.91465928,
              44.41379003,
              1321
            ],
            [
              91.91465927,
              44.41378823,
              1321
            ],
            [
              91.91465926,
              44.41378643,
              1321
            ],
            [
              91.91465925,
              44.41378463,
              1321
            ],
            [
              91.91465924,
              44.41378284,
              1321
            ],
            [
              91.91465923,
              44.41378104,
              1321
            ],
            [
              91.91465922,
              44.41377924,
              1321
            ],
            [
              91.91465921,
              44.41377744,
              1321
            ],
            [
              91.9146592,
              44.41377564,
              1321
            ],
            [
              91.91465919,
              44.41377384,
              1321
            ],
            [
              91.91465918,
              44.41377204,
              1321
            ],
            [
              91.91465918,
              44.41377025,
              1321
            ],
            [
              91.91465917,
              44.41376845,
              1321
            ],
            [
              91.91465916,
              44.41376665,
              1321
            ],
            [
              91.91465915,
              44.41376485,
              1321
            ],
            [
              91.91465914,
              44.41376305,
              1321
            ],
            [
              91.91465913,
              44.41376125,
              1321
            ],
            [
              91.91465912,
              44.41375945,
              1321
            ],
            [
              91.91465911,
              44.41375766,
              1321
            ],
            [
              91.9146591,
              44.41375586,
              1321
            ],
            [
              91.91465909,
              44.41375406,
              1321
            ],
            [
              91.91465908,
              44.41375226,
              1321
            ],
            [
              91.91465907,
              44.41375046,
              1321
            ],
            [
              91.91465907,
              44.41374866,
              1321
            ],
            [
              91.91465906,
              44.41374686,
              1321
            ],
            [
              91.91465905,
              44.41374507,
              1321
            ],
            [
              91.91465904,
              44.41374327,
              1321
            ],
            [
              91.91465903,
              44.41374147,
              1321
            ],
            [
              91.91465902,
              44.41373967,
              1321
            ],
            [
              91.91465901,
              44.41373787,
              1321
            ],
            [
              91.914659,
              44.41373607,
              1321
            ],
            [
              91.91465899,
              44.41373427,
              1321
            ],
            [
              91.91465898,
              44.41373248,
              1321
            ],
            [
              91.91465897,
              44.41373068,
              1321
            ],
            [
              91.91465896,
              44.41372888,
              1321
            ],
            [
              91.91465896,
              44.41372708,
              1321
            ],
            [
              91.91465895,
              44.41372528,
              1321
            ],
            [
              91.91465894,
              44.41372348,
              1321
            ],
            [
              91.91465893,
              44.41372168,
              1321
            ],
            [
              91.91465892,
              44.41371989,
              1321
            ],
            [
              91.91465891,
              44.41371809,
              1321
            ],
            [
              91.9146589,
              44.41371629,
              1321
            ],
            [
              91.91465889,
              44.41371449,
              1321
            ],
            [
              91.91465888,
              44.41371269,
              1321
            ],
            [
              91.91465887,
              44.41371089,
              1321
            ],
            [
              91.91465886,
              44.41370909,
              1321
            ],
            [
              91.91465885,
              44.4137073,
              1321
            ],
            [
              91.91465885,
              44.4137055,
              1321
            ],
            [
              91.91465884,
              44.4137037,
              1321
            ],
            [
              91.91465883,
              44.4137019,
              1321
            ],
            [
              91.91465882,
              44.4137001,
              1321
            ],
            [
              91.91465881,
              44.4136983,
              1321
            ],
            [
              91.9146588,
              44.4136965,
              1321
            ],
            [
              91.91465879,
              44.4136947,
              1321
            ],
            [
              91.91465878,
              44.41369291,
              1321
            ],
            [
              91.91465877,
              44.41369111,
              1321
            ],
            [
              91.91465876,
              44.41368931,
              1321
            ],
            [
              91.91465875,
              44.41368751,
              1321
            ],
            [
              91.91465874,
              44.41368571,
              1321
            ],
            [
              91.91465874,
              44.41368391,
              1321
            ],
            [
              91.91465873,
              44.41368211,
              1321
            ],
            [
              91.91465872,
              44.41368032,
              1321
            ],
            [
              91.91465871,
              44.41367852,
              1321
            ],
            [
              91.9146587,
              44.41367672,
              1321
            ],
            [
              91.91465869,
              44.41367492,
              1321
            ],
            [
              91.91465868,
              44.41367312,
              1321
            ],
            [
              91.91465867,
              44.41367132,
              1321
            ],
            [
              91.91465866,
              44.41366952,
              1321
            ],
            [
              91.91465865,
              44.41366773,
              1321
            ],
            [
              91.91465864,
              44.41366593,
              1321
            ],
            [
              91.91465863,
              44.41366413,
              1321
            ],
            [
              91.91465863,
              44.41366233,
              1321
            ],
            [
              91.91465862,
              44.41366053,
              1321
            ],
            [
              91.91465861,
              44.41365873,
              1321
            ],
            [
              91.9146586,
              44.41365693,
              1321
            ],
            [
              91.91465859,
              44.41365514,
              1321
            ],
            [
              91.91465858,
              44.41365334,
              1321
            ],
            [
              91.91465857,
              44.41365154,
              1321
            ],
            [
              91.91465856,
              44.41364974,
              1321
            ],
            [
              91.91465855,
              44.41364794,
              1321
            ],
            [
              91.91465854,
              44.41364614,
              1321
            ],
            [
              91.91465853,
              44.41364434,
              1321
            ],
            [
              91.91465852,
              44.41364255,
              1321
            ],
            [
              91.91465852,
              44.41364075,
              1321
            ],
            [
              91.91465851,
              44.41363895,
              1321
            ],
            [
              91.9146585,
              44.41363715,
              1321
            ],
            [
              91.91465849,
              44.41363535,
              1321
            ],
            [
              91.91465848,
              44.41363355,
              1321
            ],
            [
              91.91465847,
              44.41363175,
              1321
            ],
            [
              91.91465846,
              44.41362996,
              1321
            ],
            [
              91.91465845,
              44.41362816,
              1321
            ],
            [
              91.91465844,
              44.41362636,
              1321
            ],
            [
              91.91465843,
              44.41362456,
              1321
            ],
            [
              91.91465842,
              44.41362276,
              1321
            ],
            [
              91.91465841,
              44.41362096,
              1321
            ],
            [
              91.91465841,
              44.41361916,
              1321
            ],
            [
              91.9146584,
              44.41361737,
              1321
            ],
            [
              91.91465839,
              44.41361557,
              1321
            ],
            [
              91.91465838,
              44.41361377,
              1321
            ],
            [
              91.91465837,
              44.41361197,
              1321
            ],
            [
              91.91465836,
              44.41361017,
              1321
            ],
            [
              91.91465835,
              44.41360837,
              1321
            ],
            [
              91.91465834,
              44.41360657,
              1321
            ],
            [
              91.91465833,
              44.41360478,
              1321
            ],
            [
              91.91465832,
              44.41360298,
              1321
            ],
            [
              91.91465831,
              44.41360118,
              1321
            ],
            [
              91.91465831,
              44.41359938,
              1321
            ],
            [
              91.9146583,
              44.41359758,
              1321
            ],
            [
              91.91465829,
              44.41359578,
              1321
            ],
            [
              91.91465828,
              44.41359398,
              1321
            ],
            [
              91.91465827,
              44.41359219,
              1321
            ],
            [
              91.91465826,
              44.41359039,
              1321
            ],
            [
              91.91465825,
              44.41358859,
              1321
            ],
            [
              91.91465824,
              44.41358679,
              1321
            ],
            [
              91.91465823,
              44.41358499,
              1321
            ],
            [
              91.91465822,
              44.41358319,
              1321
            ],
            [
              91.91465821,
              44.41358139,
              1321
            ],
            [
              91.9146582,
              44.4135796,
              1321
            ],
            [
              91.9146582,
              44.4135778,
              1321
            ],
            [
              91.91465819,
              44.413576,
              1321
            ],
            [
              91.91465818,
              44.4135742,
              1321
            ],
            [
              91.91465817,
              44.4135724,
              1321
            ],
            [
              91.91465816,
              44.4135706,
              1321
            ],
            [
              91.91465815,
              44.4135688,
              1321
            ],
            [
              91.91465814,
              44.41356701,
              1321
            ],
            [
              91.91465813,
              44.41356521,
              1321
            ],
            [
              91.91465812,
              44.41356341,
              1321
            ],
            [
              91.91465811,
              44.41356161,
              1321
            ],
            [
              91.9146581,
              44.41355981,
              1321
            ],
            [
              91.91465809,
              44.41355801,
              1321
            ],
            [
              91.91465809,
              44.41355621,
              1321
            ],
            [
              91.91465808,
              44.41355442,
              1321
            ],
            [
              91.91465807,
              44.41355262,
              1321
            ],
            [
              91.91465806,
              44.41355082,
              1321
            ],
            [
              91.91465805,
              44.41354902,
              1321
            ],
            [
              91.91465804,
              44.41354722,
              1321
            ],
            [
              91.91465803,
              44.41354542,
              1321
            ],
            [
              91.91465802,
              44.41354362,
              1321
            ],
            [
              91.91465801,
              44.41354183,
              1321
            ],
            [
              91.914658,
              44.41354003,
              1321
            ],
            [
              91.91465799,
              44.41353823,
              1321
            ],
            [
              91.91465798,
              44.41353643,
              1321
            ],
            [
              91.91465798,
              44.41353463,
              1321
            ],
            [
              91.91465797,
              44.41353283,
              1321
            ],
            [
              91.91465796,
              44.41353103,
              1321
            ],
            [
              91.91465795,
              44.41352924,
              1321
            ],
            [
              91.91465794,
              44.41352744,
              1321
            ],
            [
              91.91465793,
              44.41352564,
              1321
            ],
            [
              91.91465792,
              44.41352384,
              1321
            ],
            [
              91.91465791,
              44.41352204,
              1321
            ],
            [
              91.9146579,
              44.41352024,
              1321
            ],
            [
              91.91465789,
              44.41351844,
              1321
            ],
            [
              91.91465788,
              44.41351665,
              1321
            ],
            [
              91.91465787,
              44.41351485,
              1321
            ],
            [
              91.91465787,
              44.41351305,
              1321
            ],
            [
              91.91465786,
              44.41351125,
              1321
            ],
            [
              91.91465785,
              44.41350945,
              1321
            ],
            [
              91.91465784,
              44.41350765,
              1321
            ],
            [
              91.91465783,
              44.41350585,
              1321
            ],
            [
              91.91465782,
              44.41350406,
              1321
            ],
            [
              91.91465781,
              44.41350226,
              1321
            ],
            [
              91.9146578,
              44.41350046,
              1321
            ],
            [
              91.91465779,
              44.41349866,
              1321
            ],
            [
              91.91465778,
              44.41349686,
              1321
            ],
            [
              91.91465777,
              44.41349506,
              1321
            ],
            [
              91.91465776,
              44.41349326,
              1321
            ],
            [
              91.91465776,
              44.41349146,
              1321
            ],
            [
              91.91465775,
              44.41348967,
              1321
            ],
            [
              91.91465774,
              44.41348787,
              1321
            ],
            [
              91.91465773,
              44.41348607,
              1321
            ],
            [
              91.91465772,
              44.41348427,
              1321
            ],
            [
              91.91465771,
              44.41348247,
              1321
            ],
            [
              91.9146577,
              44.41348067,
              1321
            ],
            [
              91.91465769,
              44.41347887,
              1321
            ],
            [
              91.91465768,
              44.41347708,
              1321
            ],
            [
              91.91465767,
              44.41347528,
              1321
            ],
            [
              91.91465766,
              44.41347348,
              1321
            ],
            [
              91.91465765,
              44.41347168,
              1321
            ],
            [
              91.91465765,
              44.41346988,
              1321
            ],
            [
              91.91465764,
              44.41346808,
              1321
            ],
            [
              91.91465763,
              44.41346628,
              1321
            ],
            [
              91.91465762,
              44.41346449,
              1321
            ],
            [
              91.91465761,
              44.41346269,
              1321
            ],
            [
              91.9146576,
              44.41346089,
              1321
            ],
            [
              91.91465759,
              44.41345909,
              1321
            ],
            [
              91.91465758,
              44.41345729,
              1321
            ],
            [
              91.91465757,
              44.41345549,
              1321
            ],
            [
              91.91465756,
              44.41345369,
              1321
            ],
            [
              91.91465755,
              44.4134519,
              1321
            ],
            [
              91.91465754,
              44.4134501,
              1321
            ],
            [
              91.91465754,
              44.4134483,
              1321
            ],
            [
              91.91465753,
              44.4134465,
              1321
            ],
            [
              91.91465752,
              44.4134447,
              1321
            ],
            [
              91.91465751,
              44.4134429,
              1321
            ],
            [
              91.9146575,
              44.4134411,
              1321
            ],
            [
              91.91465749,
              44.41343931,
              1321
            ],
            [
              91.91465748,
              44.41343751,
              1321
            ],
            [
              91.91465747,
              44.41343571,
              1321
            ],
            [
              91.91465746,
              44.41343391,
              1321
            ],
            [
              91.91465745,
              44.41343211,
              1321
            ],
            [
              91.91465744,
              44.41343031,
              1321
            ],
            [
              91.91465743,
              44.41342851,
              1321
            ],
            [
              91.91465743,
              44.41342672,
              1321
            ],
            [
              91.91465742,
              44.41342492,
              1321
            ],
            [
              91.91465741,
              44.41342312,
              1321
            ],
            [
              91.9146574,
              44.41342132,
              1321
            ],
            [
              91.91465739,
              44.41341952,
              1321
            ],
            [
              91.91465738,
              44.41341772,
              1321
            ],
            [
              91.91465737,
              44.41341592,
              1321
            ],
            [
              91.91465736,
              44.41341413,
              1321
            ],
            [
              91.91465735,
              44.41341233,
              1321
            ],
            [
              91.91465734,
              44.41341053,
              1321
            ],
            [
              91.91465733,
              44.41340873,
              1321
            ],
            [
              91.91465732,
              44.41340693,
              1321
            ],
            [
              91.91465732,
              44.41340513,
              1321
            ],
            [
              91.91465731,
              44.41340333,
              1321
            ],
            [
              91.9146573,
              44.41340154,
              1321
            ],
            [
              91.91465729,
              44.41339974,
              1321
            ],
            [
              91.91465728,
              44.41339794,
              1321
            ],
            [
              91.91465727,
              44.41339614,
              1321
            ],
            [
              91.9146572,
              44.41339434,
              1321
            ],
            [
              91.91465712,
              44.41339255,
              1321
            ],
            [
              91.91465705,
              44.41339075,
              1321
            ],
            [
              91.91465698,
              44.41338895,
              1321
            ],
            [
              91.9146569,
              44.41338715,
              1321
            ],
            [
              91.91465683,
              44.41338536,
              1321
            ],
            [
              91.91465675,
              44.41338356,
              1321
            ],
            [
              91.91465668,
              44.41338176,
              1321
            ],
            [
              91.91465661,
              44.41337996,
              1321
            ],
            [
              91.91465653,
              44.41337817,
              1321
            ],
            [
              91.91465646,
              44.41337637,
              1321
            ],
            [
              91.91465639,
              44.41337457,
              1321
            ],
            [
              91.91465631,
              44.41337278,
              1321
            ],
            [
              91.91465624,
              44.41337098,
              1321
            ],
            [
              91.91465617,
              44.41336918,
              1321
            ],
            [
              91.91465609,
              44.41336738,
              1321
            ],
            [
              91.91465602,
              44.41336559,
              1321
            ],
            [
              91.91465594,
              44.41336379,
              1321
            ],
            [
              91.91465587,
              44.41336199,
              1321
            ],
            [
              91.9146558,
              44.41336019,
              1321
            ],
            [
              91.91465572,
              44.4133584,
              1321
            ],
            [
              91.91465565,
              44.4133566,
              1321
            ],
            [
              91.91465558,
              44.4133548,
              1321
            ],
            [
              91.9146555,
              44.41335301,
              1321
            ],
            [
              91.91465543,
              44.41335121,
              1321
            ],
            [
              91.91465536,
              44.41334941,
              1321
            ],
            [
              91.91465528,
              44.41334761,
              1321
            ],
            [
              91.91465521,
              44.41334582,
              1321
            ],
            [
              91.91465513,
              44.41334402,
              1321
            ],
            [
              91.91465506,
              44.41334222,
              1321
            ],
            [
              91.91465499,
              44.41334043,
              1321
            ],
            [
              91.91465491,
              44.41333863,
              1321
            ],
            [
              91.91465484,
              44.41333683,
              1321
            ],
            [
              91.91465477,
              44.41333503,
              1321
            ],
            [
              91.91465469,
              44.41333324,
              1321
            ],
            [
              91.91465462,
              44.41333144,
              1321
            ],
            [
              91.91465455,
              44.41332964,
              1321
            ],
            [
              91.91465447,
              44.41332784,
              1321
            ],
            [
              91.9146544,
              44.41332605,
              1321
            ],
            [
              91.91465432,
              44.41332425,
              1321
            ],
            [
              91.91465425,
              44.41332245,
              1321
            ],
            [
              91.91465418,
              44.41332066,
              1321
            ],
            [
              91.9146541,
              44.41331886,
              1321
            ],
            [
              91.91465403,
              44.41331706,
              1321
            ],
            [
              91.91465396,
              44.41331526,
              1321
            ],
            [
              91.91465388,
              44.41331347,
              1321
            ],
            [
              91.91465381,
              44.41331167,
              1321
            ],
            [
              91.91465374,
              44.41330987,
              1321
            ],
            [
              91.91465366,
              44.41330807,
              1321
            ],
            [
              91.91465359,
              44.41330628,
              1321
            ],
            [
              91.91465352,
              44.41330448,
              1321
            ],
            [
              91.91465344,
              44.41330268,
              1321
            ],
            [
              91.91465337,
              44.41330089,
              1321
            ],
            [
              91.91465329,
              44.41329909,
              1321
            ],
            [
              91.91465322,
              44.41329729,
              1321
            ],
            [
              91.91465315,
              44.41329549,
              1321
            ],
            [
              91.91465307,
              44.4132937,
              1321
            ],
            [
              91.914653,
              44.4132919,
              1321
            ],
            [
              91.91465293,
              44.4132901,
              1321
            ],
            [
              91.91465285,
              44.4132883,
              1321
            ],
            [
              91.91465278,
              44.41328651,
              1321
            ],
            [
              91.91465271,
              44.41328471,
              1321
            ],
            [
              91.91465263,
              44.41328291,
              1321
            ],
            [
              91.91465256,
              44.41328112,
              1321
            ],
            [
              91.91465248,
              44.41327932,
              1321
            ],
            [
              91.91465241,
              44.41327752,
              1321
            ],
            [
              91.91465234,
              44.41327572,
              1321
            ],
            [
              91.91465226,
              44.41327393,
              1321
            ],
            [
              91.91465219,
              44.41327213,
              1321
            ],
            [
              91.91465212,
              44.41327033,
              1321
            ],
            [
              91.91465204,
              44.41326854,
              1321
            ],
            [
              91.91465197,
              44.41326674,
              1321
            ],
            [
              91.9146519,
              44.41326494,
              1321
            ],
            [
              91.91465182,
              44.41326314,
              1321
            ],
            [
              91.91465175,
              44.41326135,
              1321
            ],
            [
              91.91465167,
              44.41325955,
              1321
            ],
            [
              91.9146516,
              44.41325775,
              1321
            ],
            [
              91.91465153,
              44.41325595,
              1321
            ],
            [
              91.91465145,
              44.41325416,
              1321
            ],
            [
              91.91465138,
              44.41325236,
              1321
            ],
            [
              91.91465131,
              44.41325056,
              1321
            ],
            [
              91.91465123,
              44.41324877,
              1321
            ],
            [
              91.91465116,
              44.41324697,
              1321
            ],
            [
              91.91465109,
              44.41324517,
              1321
            ],
            [
              91.91465101,
              44.41324337,
              1321
            ],
            [
              91.91465094,
              44.41324158,
              1321
            ],
            [
              91.91465086,
              44.41323978,
              1321
            ],
            [
              91.91465079,
              44.41323798,
              1321
            ],
            [
              91.91465072,
              44.41323618,
              1321
            ],
            [
              91.91465064,
              44.41323439,
              1321
            ],
            [
              91.91465057,
              44.41323259,
              1321
            ],
            [
              91.9146505,
              44.41323079,
              1321
            ],
            [
              91.91465042,
              44.413229,
              1321
            ],
            [
              91.91465035,
              44.4132272,
              1321
            ],
            [
              91.91465028,
              44.4132254,
              1321
            ],
            [
              91.9146502,
              44.4132236,
              1321
            ],
            [
              91.91465013,
              44.41322181,
              1321
            ],
            [
              91.91465005,
              44.41322001,
              1321
            ],
            [
              91.91464998,
              44.41321821,
              1321
            ],
            [
              91.91464991,
              44.41321641,
              1321
            ],
            [
              91.91464983,
              44.41321462,
              1321
            ],
            [
              91.91464976,
              44.41321282,
              1321
            ],
            [
              91.91464969,
              44.41321102,
              1321
            ],
            [
              91.91464961,
              44.41320923,
              1321
            ],
            [
              91.91464954,
              44.41320743,
              1321
            ],
            [
              91.91464947,
              44.41320563,
              1321
            ],
            [
              91.91464939,
              44.41320383,
              1321
            ],
            [
              91.91464932,
              44.41320204,
              1321
            ],
            [
              91.91464924,
              44.41320024,
              1321
            ],
            [
              91.91464917,
              44.41319844,
              1321
            ],
            [
              91.9146491,
              44.41319665,
              1321
            ],
            [
              91.91464902,
              44.41319485,
              1321
            ],
            [
              91.91464895,
              44.41319305,
              1321
            ],
            [
              91.91464888,
              44.41319125,
              1321
            ],
            [
              91.9146488,
              44.41318946,
              1321
            ],
            [
              91.91464873,
              44.41318766,
              1321
            ],
            [
              91.91464866,
              44.41318586,
              1321
            ],
            [
              91.91464858,
              44.41318406,
              1321
            ],
            [
              91.91464851,
              44.41318227,
              1321
            ],
            [
              91.91464843,
              44.41318047,
              1321
            ],
            [
              91.91464836,
              44.41317867,
              1321
            ],
            [
              91.91464829,
              44.41317688,
              1321
            ],
            [
              91.91464821,
              44.41317508,
              1321
            ],
            [
              91.91464814,
              44.41317328,
              1321
            ],
            [
              91.91464807,
              44.41317148,
              1321
            ],
            [
              91.91464799,
              44.41316969,
              1321
            ],
            [
              91.91464792,
              44.41316789,
              1321
            ],
            [
              91.91464785,
              44.41316609,
              1321
            ],
            [
              91.91464777,
              44.41316429,
              1321
            ],
            [
              91.9146477,
              44.4131625,
              1321
            ],
            [
              91.91464762,
              44.4131607,
              1321
            ],
            [
              91.91464755,
              44.4131589,
              1321
            ],
            [
              91.91464748,
              44.41315711,
              1321
            ],
            [
              91.9146474,
              44.41315531,
              1321
            ],
            [
              91.91464733,
              44.41315351,
              1321
            ],
            [
              91.91464726,
              44.41315171,
              1321
            ],
            [
              91.91464718,
              44.41314992,
              1321
            ],
            [
              91.91464711,
              44.41314812,
              1321
            ],
            [
              91.91464704,
              44.41314632,
              1321
            ],
            [
              91.91464696,
              44.41314452,
              1321
            ],
            [
              91.91464689,
              44.41314273,
              1321
            ],
            [
              91.91464682,
              44.41314093,
              1321
            ],
            [
              91.91464674,
              44.41313913,
              1321
            ],
            [
              91.91464667,
              44.41313734,
              1321
            ],
            [
              91.91464659,
              44.41313554,
              1321
            ],
            [
              91.91464652,
              44.41313374,
              1321
            ],
            [
              91.91464645,
              44.41313194,
              1321
            ],
            [
              91.91464637,
              44.41313015,
              1321
            ],
            [
              91.9146463,
              44.41312835,
              1321
            ],
            [
              91.91464623,
              44.41312655,
              1321
            ],
            [
              91.91464615,
              44.41312476,
              1321
            ],
            [
              91.91464608,
              44.41312296,
              1321
            ],
            [
              91.91464601,
              44.41312116,
              1321
            ],
            [
              91.91464593,
              44.41311936,
              1321
            ],
            [
              91.91464586,
              44.41311757,
              1321
            ],
            [
              91.91464578,
              44.41311577,
              1321
            ],
            [
              91.91464571,
              44.41311397,
              1321
            ],
            [
              91.91464564,
              44.41311217,
              1321
            ],
            [
              91.91464556,
              44.41311038,
              1321
            ],
            [
              91.91464549,
              44.41310858,
              1321
            ],
            [
              91.91464542,
              44.41310678,
              1321
            ],
            [
              91.91464534,
              44.41310499,
              1321
            ],
            [
              91.91464527,
              44.41310319,
              1321
            ],
            [
              91.9146452,
              44.41310139,
              1321
            ],
            [
              91.91464512,
              44.41309959,
              1321
            ],
            [
              91.91464505,
              44.4130978,
              1321
            ],
            [
              91.91464497,
              44.413096,
              1321
            ],
            [
              91.9146449,
              44.4130942,
              1321
            ],
            [
              91.91464483,
              44.4130924,
              1321
            ],
            [
              91.91464475,
              44.41309061,
              1321
            ],
            [
              91.91464468,
              44.41308881,
              1321
            ],
            [
              91.91464461,
              44.41308701,
              1321
            ],
            [
              91.91464453,
              44.41308522,
              1321
            ],
            [
              91.91464446,
              44.41308342,
              1321
            ],
            [
              91.91464439,
              44.41308162,
              1321
            ],
            [
              91.91464431,
              44.41307982,
              1321
            ],
            [
              91.91464424,
              44.41307803,
              1321
            ],
            [
              91.91464416,
              44.41307623,
              1321
            ],
            [
              91.91464409,
              44.41307443,
              1321
            ],
            [
              91.91464402,
              44.41307263,
              1321
            ],
            [
              91.91464394,
              44.41307084,
              1321
            ],
            [
              91.91464387,
              44.41306904,
              1321
            ],
            [
              91.9146438,
              44.41306724,
              1321
            ],
            [
              91.91464372,
              44.41306545,
              1321
            ],
            [
              91.91464365,
              44.41306365,
              1321
            ],
            [
              91.91464358,
              44.41306185,
              1321
            ],
            [
              91.9146435,
              44.41306005,
              1321
            ],
            [
              91.91464343,
              44.41305826,
              1321
            ],
            [
              91.91464335,
              44.41305646,
              1321
            ],
            [
              91.91464328,
              44.41305466,
              1321
            ],
            [
              91.91464321,
              44.41305286,
              1321
            ],
            [
              91.91464313,
              44.41305107,
              1321
            ],
            [
              91.91464306,
              44.41304927,
              1321
            ],
            [
              91.91464299,
              44.41304747,
              1321
            ],
            [
              91.91464291,
              44.41304568,
              1321
            ],
            [
              91.91464284,
              44.41304388,
              1321
            ],
            [
              91.91464277,
              44.41304208,
              1321
            ],
            [
              91.91464269,
              44.41304028,
              1321
            ],
            [
              91.91464262,
              44.41303849,
              1321
            ],
            [
              91.91464254,
              44.41303669,
              1321
            ],
            [
              91.91464247,
              44.41303489,
              1321
            ],
            [
              91.9146424,
              44.4130331,
              1321
            ],
            [
              91.91464232,
              44.4130313,
              1321
            ],
            [
              91.91464225,
              44.4130295,
              1321
            ],
            [
              91.91464218,
              44.4130277,
              1321
            ],
            [
              91.9146421,
              44.41302591,
              1321
            ],
            [
              91.91464203,
              44.41302411,
              1321
            ],
            [
              91.91464196,
              44.41302231,
              1321
            ],
            [
              91.91464188,
              44.41302051,
              1321
            ],
            [
              91.91464181,
              44.41301872,
              1321
            ],
            [
              91.91464173,
              44.41301692,
              1321
            ],
            [
              91.91464166,
              44.41301512,
              1321
            ],
            [
              91.91464159,
              44.41301333,
              1321
            ],
            [
              91.91464151,
              44.41301153,
              1321
            ],
            [
              91.91464144,
              44.41300973,
              1321
            ],
            [
              91.91464137,
              44.41300793,
              1321
            ],
            [
              91.91464129,
              44.41300614,
              1321
            ],
            [
              91.91464122,
              44.41300434,
              1321
            ],
            [
              91.91464115,
              44.41300254,
              1321
            ],
            [
              91.91464107,
              44.41300074,
              1321
            ],
            [
              91.914641,
              44.41299895,
              1321
            ],
            [
              91.91464092,
              44.41299715,
              1321
            ],
            [
              91.91464085,
              44.41299535,
              1321
            ],
            [
              91.91464078,
              44.41299356,
              1321
            ],
            [
              91.9146407,
              44.41299176,
              1321
            ],
            [
              91.91464063,
              44.41298996,
              1321
            ],
            [
              91.91464056,
              44.41298816,
              1321
            ],
            [
              91.91464048,
              44.41298637,
              1321
            ],
            [
              91.91464041,
              44.41298457,
              1321
            ],
            [
              91.91464034,
              44.41298277,
              1321
            ],
            [
              91.91464026,
              44.41298097,
              1321
            ],
            [
              91.91464019,
              44.41297918,
              1321
            ],
            [
              91.91464012,
              44.41297738,
              1321
            ],
            [
              91.91464004,
              44.41297558,
              1321
            ],
            [
              91.91463997,
              44.41297379,
              1321
            ],
            [
              91.91463989,
              44.41297199,
              1321
            ],
            [
              91.91463982,
              44.41297019,
              1321
            ],
            [
              91.91463975,
              44.41296839,
              1321
            ],
            [
              91.91463967,
              44.4129666,
              1321
            ],
            [
              91.9146396,
              44.4129648,
              1321
            ],
            [
              91.91463953,
              44.412963,
              1321
            ],
            [
              91.91463945,
              44.41296121,
              1321
            ],
            [
              91.91463938,
              44.41295941,
              1321
            ],
            [
              91.91463931,
              44.41295761,
              1321
            ],
            [
              91.91463923,
              44.41295581,
              1321
            ],
            [
              91.91463916,
              44.41295402,
              1321
            ],
            [
              91.91463908,
              44.41295222,
              1321
            ],
            [
              91.91463901,
              44.41295042,
              1321
            ],
            [
              91.91463894,
              44.41294862,
              1321
            ],
            [
              91.91463886,
              44.41294683,
              1321
            ],
            [
              91.91463879,
              44.41294503,
              1321
            ],
            [
              91.91463872,
              44.41294323,
              1321
            ],
            [
              91.91463864,
              44.41294144,
              1321
            ],
            [
              91.91463857,
              44.41293964,
              1321
            ],
            [
              91.9146385,
              44.41293784,
              1321
            ],
            [
              91.91463842,
              44.41293604,
              1321
            ],
            [
              91.91463835,
              44.41293425,
              1321
            ],
            [
              91.91463827,
              44.41293245,
              1321
            ],
            [
              91.9146382,
              44.41293065,
              1321
            ],
            [
              91.91463813,
              44.41292885,
              1321
            ],
            [
              91.91463805,
              44.41292706,
              1321
            ],
            [
              91.91463798,
              44.41292526,
              1321
            ],
            [
              91.91463791,
              44.41292346,
              1321
            ],
            [
              91.91463783,
              44.41292167,
              1321
            ],
            [
              91.91463776,
              44.41291987,
              1321
            ],
            [
              91.91463769,
              44.41291807,
              1321
            ],
            [
              91.91463761,
              44.41291627,
              1321
            ],
            [
              91.91463754,
              44.41291448,
              1321
            ],
            [
              91.91463746,
              44.41291268,
              1321
            ],
            [
              91.91463739,
              44.41291088,
              1321
            ],
            [
              91.91463732,
              44.41290908,
              1321
            ],
            [
              91.91463724,
              44.41290729,
              1321
            ],
            [
              91.91463717,
              44.41290549,
              1321
            ],
            [
              91.9146371,
              44.41290369,
              1321
            ],
            [
              91.91463702,
              44.4129019,
              1321
            ],
            [
              91.91463695,
              44.4129001,
              1321
            ],
            [
              91.91463688,
              44.4128983,
              1321
            ],
            [
              91.9146368,
              44.4128965,
              1321
            ],
            [
              91.91463673,
              44.41289471,
              1321
            ],
            [
              91.91463665,
              44.41289291,
              1321
            ],
            [
              91.91463658,
              44.41289111,
              1321
            ],
            [
              91.91463651,
              44.41288932,
              1321
            ],
            [
              91.91463643,
              44.41288752,
              1321
            ],
            [
              91.91463636,
              44.41288572,
              1321
            ],
            [
              91.91463629,
              44.41288392,
              1321
            ],
            [
              91.91463621,
              44.41288213,
              1321
            ],
            [
              91.91463614,
              44.41288033,
              1321
            ],
            [
              91.91463607,
              44.41287853,
              1321
            ],
            [
              91.91463599,
              44.41287673,
              1321
            ],
            [
              91.91463592,
              44.41287494,
              1321
            ],
            [
              91.91463584,
              44.41287314,
              1321
            ],
            [
              91.91463577,
              44.41287134,
              1321
            ],
            [
              91.9146357,
              44.41286955,
              1321
            ],
            [
              91.91463562,
              44.41286775,
              1321
            ],
            [
              91.91463555,
              44.41286595,
              1321
            ],
            [
              91.91463548,
              44.41286415,
              1321
            ],
            [
              91.9146354,
              44.41286236,
              1321
            ],
            [
              91.91463533,
              44.41286056,
              1321
            ],
            [
              91.91463526,
              44.41285876,
              1321
            ],
            [
              91.91463518,
              44.41285696,
              1321
            ],
            [
              91.91463511,
              44.41285517,
              1321
            ],
            [
              91.91463503,
              44.41285337,
              1321
            ],
            [
              91.91463496,
              44.41285157,
              1321
            ],
            [
              91.91463489,
              44.41284978,
              1321
            ],
            [
              91.91463481,
              44.41284798,
              1321
            ],
            [
              91.91463474,
              44.41284618,
              1321
            ],
            [
              91.91463467,
              44.41284438,
              1321
            ],
            [
              91.91463459,
              44.41284259,
              1321
            ],
            [
              91.91463452,
              44.41284079,
              1321
            ],
            [
              91.91463445,
              44.41283899,
              1321
            ],
            [
              91.91463437,
              44.41283719,
              1321
            ],
            [
              91.9146343,
              44.4128354,
              1321
            ],
            [
              91.91463423,
              44.4128336,
              1321
            ],
            [
              91.91463415,
              44.4128318,
              1321
            ],
            [
              91.91463408,
              44.41283001,
              1321
            ],
            [
              91.914634,
              44.41282821,
              1321
            ],
            [
              91.91463393,
              44.41282641,
              1321
            ],
            [
              91.91463386,
              44.41282461,
              1321
            ],
            [
              91.91463378,
              44.41282282,
              1321
            ],
            [
              91.91463371,
              44.41282102,
              1321
            ],
            [
              91.91463364,
              44.41281922,
              1321
            ],
            [
              91.91463356,
              44.41281743,
              1321
            ],
            [
              91.91463349,
              44.41281563,
              1321
            ],
            [
              91.91463342,
              44.41281383,
              1321
            ],
            [
              91.91463334,
              44.41281203,
              1321
            ],
            [
              91.91463327,
              44.41281024,
              1321
            ],
            [
              91.91463319,
              44.41280844,
              1321
            ],
            [
              91.91463312,
              44.41280664,
              1321
            ],
            [
              91.91463305,
              44.41280484,
              1321
            ],
            [
              91.91463297,
              44.41280305,
              1321
            ],
            [
              91.9146329,
              44.41280125,
              1321
            ],
            [
              91.91463283,
              44.41279945,
              1321
            ],
            [
              91.91463275,
              44.41279766,
              1321
            ],
            [
              91.91463268,
              44.41279586,
              1321
            ],
            [
              91.91463261,
              44.41279406,
              1321
            ],
            [
              91.91463253,
              44.41279226,
              1321
            ],
            [
              91.91463246,
              44.41279047,
              1321
            ],
            [
              91.91463238,
              44.41278867,
              1321
            ],
            [
              91.91463231,
              44.41278687,
              1321
            ],
            [
              91.91463224,
              44.41278507,
              1321
            ],
            [
              91.91463216,
              44.41278328,
              1321
            ],
            [
              91.91463209,
              44.41278148,
              1321
            ],
            [
              91.91463202,
              44.41277968,
              1321
            ],
            [
              91.91463194,
              44.41277789,
              1321
            ],
            [
              91.91463187,
              44.41277609,
              1321
            ],
            [
              91.9146318,
              44.41277429,
              1321
            ],
            [
              91.91463172,
              44.41277249,
              1321
            ],
            [
              91.91463165,
              44.4127707,
              1321
            ],
            [
              91.91463157,
              44.4127689,
              1321
            ],
            [
              91.9146315,
              44.4127671,
              1321
            ],
            [
              91.91463143,
              44.4127653,
              1321
            ],
            [
              91.91463135,
              44.41276351,
              1321
            ],
            [
              91.91463128,
              44.41276171,
              1321
            ],
            [
              91.91463121,
              44.41275991,
              1321
            ],
            [
              91.91463113,
              44.41275812,
              1321
            ],
            [
              91.91463106,
              44.41275632,
              1321
            ],
            [
              91.91463099,
              44.41275452,
              1321
            ],
            [
              91.91463091,
              44.41275272,
              1321
            ],
            [
              91.91463084,
              44.41275093,
              1321
            ],
            [
              91.91463076,
              44.41274913,
              1321
            ],
            [
              91.91463069,
              44.41274733,
              1321
            ],
            [
              91.91463062,
              44.41274553,
              1321
            ],
            [
              91.91463054,
              44.41274374,
              1321
            ],
            [
              91.91463047,
              44.41274194,
              1321
            ],
            [
              91.9146304,
              44.41274014,
              1321
            ],
            [
              91.91463032,
              44.41273835,
              1321
            ],
            [
              91.91463025,
              44.41273655,
              1321
            ],
            [
              91.91463018,
              44.41273475,
              1321
            ],
            [
              91.9146301,
              44.41273295,
              1321
            ],
            [
              91.91463003,
              44.41273116,
              1321
            ],
            [
              91.91462995,
              44.41272936,
              1321
            ],
            [
              91.91462988,
              44.41272756,
              1321
            ],
            [
              91.91462981,
              44.41272577,
              1321
            ],
            [
              91.91462973,
              44.41272397,
              1321
            ],
            [
              91.91462966,
              44.41272217,
              1321
            ],
            [
              91.91462959,
              44.41272037,
              1321
            ],
            [
              91.91462951,
              44.41271858,
              1321
            ],
            [
              91.91462944,
              44.41271678,
              1321
            ],
            [
              91.91462937,
              44.41271498,
              1321
            ],
            [
              91.91462929,
              44.41271318,
              1321
            ],
            [
              91.91462922,
              44.41271139,
              1321
            ],
            [
              91.91462914,
              44.41270959,
              1321
            ],
            [
              91.91462907,
              44.41270779,
              1321
            ],
            [
              91.914629,
              44.412706,
              1321
            ],
            [
              91.91462892,
              44.4127042,
              1321
            ],
            [
              91.91462885,
              44.4127024,
              1321
            ],
            [
              91.91462878,
              44.4127006,
              1321
            ],
            [
              91.9146287,
              44.41269881,
              1321
            ],
            [
              91.91462863,
              44.41269701,
              1321
            ],
            [
              91.91462856,
              44.41269521,
              1321
            ],
            [
              91.91462848,
              44.41269341,
              1321
            ],
            [
              91.91462841,
              44.41269162,
              1321
            ],
            [
              91.91462834,
              44.41268982,
              1321
            ],
            [
              91.91462826,
              44.41268802,
              1321
            ],
            [
              91.91462819,
              44.41268623,
              1321
            ],
            [
              91.91462811,
              44.41268443,
              1321
            ],
            [
              91.91462804,
              44.41268263,
              1321
            ],
            [
              91.91462797,
              44.41268083,
              1321
            ],
            [
              91.91462789,
              44.41267904,
              1321
            ],
            [
              91.91462782,
              44.41267724,
              1321
            ],
            [
              91.91462775,
              44.41267544,
              1321
            ],
            [
              91.91462767,
              44.41267364,
              1321
            ],
            [
              91.9146276,
              44.41267185,
              1321
            ],
            [
              91.91462753,
              44.41267005,
              1321
            ],
            [
              91.91462745,
              44.41266825,
              1321
            ],
            [
              91.91462738,
              44.41266646,
              1321
            ],
            [
              91.9146273,
              44.41266466,
              1321
            ],
            [
              91.91462723,
              44.41266286,
              1321
            ],
            [
              91.91462716,
              44.41266106,
              1321
            ],
            [
              91.91462708,
              44.41265927,
              1321
            ],
            [
              91.91462701,
              44.41265747,
              1321
            ],
            [
              91.91462694,
              44.41265567,
              1321
            ],
            [
              91.91462686,
              44.41265388,
              1321
            ],
            [
              91.91462679,
              44.41265208,
              1321
            ],
            [
              91.91462672,
              44.41265028,
              1321
            ],
            [
              91.91462664,
              44.41264848,
              1321
            ],
            [
              91.91462657,
              44.41264669,
              1321
            ],
            [
              91.91462649,
              44.41264489,
              1321
            ],
            [
              91.91462642,
              44.41264309,
              1321
            ],
            [
              91.91462635,
              44.41264129,
              1321
            ],
            [
              91.91462627,
              44.4126395,
              1321
            ],
            [
              91.9146262,
              44.4126377,
              1321
            ],
            [
              91.91462613,
              44.4126359,
              1321
            ],
            [
              91.91462605,
              44.41263411,
              1321
            ],
            [
              91.91462598,
              44.41263231,
              1321
            ],
            [
              91.91462591,
              44.41263051,
              1321
            ],
            [
              91.91462583,
              44.41262871,
              1321
            ],
            [
              91.91462576,
              44.41262692,
              1321
            ],
            [
              91.91462568,
              44.41262512,
              1321
            ],
            [
              91.91462561,
              44.41262332,
              1321
            ],
            [
              91.91462554,
              44.41262152,
              1321
            ],
            [
              91.91462546,
              44.41261973,
              1321
            ],
            [
              91.91462539,
              44.41261793,
              1321
            ],
            [
              91.91462532,
              44.41261613,
              1321
            ],
            [
              91.91462524,
              44.41261434,
              1321
            ],
            [
              91.91462517,
              44.41261254,
              1321
            ],
            [
              91.9146251,
              44.41261074,
              1321
            ],
            [
              91.91462502,
              44.41260894,
              1321
            ],
            [
              91.91462495,
              44.41260715,
              1321
            ],
            [
              91.91462487,
              44.41260535,
              1321
            ],
            [
              91.9146248,
              44.41260355,
              1321
            ],
            [
              91.91462473,
              44.41260175,
              1321
            ],
            [
              91.91462465,
              44.41259996,
              1321
            ],
            [
              91.91462458,
              44.41259816,
              1321
            ],
            [
              91.91462451,
              44.41259636,
              1321
            ],
            [
              91.91462443,
              44.41259457,
              1321
            ],
            [
              91.91462436,
              44.41259277,
              1321
            ],
            [
              91.91462429,
              44.41259097,
              1321
            ],
            [
              91.91462421,
              44.41258917,
              1321
            ],
            [
              91.91462414,
              44.41258738,
              1321
            ],
            [
              91.91462406,
              44.41258558,
              1321
            ],
            [
              91.91462399,
              44.41258378,
              1321
            ],
            [
              91.91462392,
              44.41258199,
              1321
            ],
            [
              91.91462384,
              44.41258019,
              1321
            ],
            [
              91.91462377,
              44.41257839,
              1321
            ],
            [
              91.9146237,
              44.41257659,
              1321
            ],
            [
              91.91462362,
              44.4125748,
              1321
            ],
            [
              91.91462355,
              44.412573,
              1321
            ],
            [
              91.91462348,
              44.4125712,
              1321
            ],
            [
              91.9146234,
              44.4125694,
              1321
            ],
            [
              91.91462333,
              44.41256761,
              1321
            ],
            [
              91.91462325,
              44.41256581,
              1321
            ],
            [
              91.91462318,
              44.41256401,
              1321
            ],
            [
              91.91462311,
              44.41256222,
              1321
            ],
            [
              91.91462303,
              44.41256042,
              1321
            ],
            [
              91.91462296,
              44.41255862,
              1321
            ],
            [
              91.91462289,
              44.41255682,
              1321
            ],
            [
              91.91462281,
              44.41255503,
              1321
            ],
            [
              91.91462274,
              44.41255323,
              1321
            ],
            [
              91.91462267,
              44.41255143,
              1321
            ],
            [
              91.91462259,
              44.41254963,
              1321
            ],
            [
              91.91462252,
              44.41254784,
              1321
            ],
            [
              91.91462244,
              44.41254604,
              1321
            ],
            [
              91.91462237,
              44.41254424,
              1321
            ],
            [
              91.9146223,
              44.41254245,
              1321
            ],
            [
              91.91462222,
              44.41254065,
              1321
            ],
            [
              91.91462215,
              44.41253885,
              1321
            ],
            [
              91.91462208,
              44.41253705,
              1321
            ],
            [
              91.914622,
              44.41253526,
              1321
            ],
            [
              91.91462193,
              44.41253346,
              1321
            ],
            [
              91.91462186,
              44.41253166,
              1321
            ],
            [
              91.91462178,
              44.41252986,
              1321
            ],
            [
              91.91462171,
              44.41252807,
              1321
            ],
            [
              91.91462164,
              44.41252627,
              1321
            ],
            [
              91.91462156,
              44.41252447,
              1321
            ],
            [
              91.91462149,
              44.41252268,
              1321
            ],
            [
              91.91462141,
              44.41252088,
              1321
            ],
            [
              91.91462134,
              44.41251908,
              1321
            ],
            [
              91.91462127,
              44.41251728,
              1321
            ],
            [
              91.91462119,
              44.41251549,
              1321
            ],
            [
              91.91462112,
              44.41251369,
              1321
            ],
            [
              91.91462105,
              44.41251189,
              1321
            ],
            [
              91.91462097,
              44.4125101,
              1321
            ],
            [
              91.9146209,
              44.4125083,
              1321
            ],
            [
              91.91462083,
              44.4125065,
              1321
            ],
            [
              91.91462075,
              44.4125047,
              1321
            ],
            [
              91.91462068,
              44.41250291,
              1321
            ],
            [
              91.9146206,
              44.41250111,
              1321
            ],
            [
              91.91462053,
              44.41249931,
              1321
            ],
            [
              91.91462046,
              44.41249751,
              1321
            ],
            [
              91.91462038,
              44.41249572,
              1321
            ],
            [
              91.91462031,
              44.41249392,
              1321
            ],
            [
              91.91462024,
              44.41249212,
              1321
            ],
            [
              91.91462016,
              44.41249033,
              1321
            ],
            [
              91.91462009,
              44.41248853,
              1321
            ],
            [
              91.91462002,
              44.41248673,
              1321
            ],
            [
              91.91461994,
              44.41248493,
              1321
            ],
            [
              91.91461987,
              44.41248314,
              1321
            ],
            [
              91.91461979,
              44.41248134,
              1321
            ],
            [
              91.91461972,
              44.41247954,
              1321
            ],
            [
              91.91461965,
              44.41247774,
              1321
            ],
            [
              91.91461957,
              44.41247595,
              1321
            ],
            [
              91.9146195,
              44.41247415,
              1321
            ],
            [
              91.914622,
              44.41247401,
              1321
            ],
            [
              91.91462451,
              44.41247386,
              1321
            ],
            [
              91.91462701,
              44.41247372,
              1321
            ],
            [
              91.91462951,
              44.41247358,
              1321
            ],
            [
              91.91463201,
              44.41247344,
              1321
            ],
            [
              91.91463452,
              44.41247329,
              1321
            ],
            [
              91.91463702,
              44.41247315,
              1321
            ],
            [
              91.91463952,
              44.41247301,
              1321
            ],
            [
              91.91464203,
              44.41247287,
              1321
            ],
            [
              91.91464453,
              44.41247272,
              1321
            ],
            [
              91.91464703,
              44.41247258,
              1321
            ],
            [
              91.91464953,
              44.41247244,
              1321
            ],
            [
              91.91465204,
              44.4124723,
              1321
            ],
            [
              91.91465454,
              44.41247215,
              1321
            ],
            [
              91.91465704,
              44.41247201,
              1321
            ],
            [
              91.91465955,
              44.41247187,
              1321
            ],
            [
              91.91466205,
              44.41247173,
              1321
            ],
            [
              91.91466455,
              44.41247158,
              1321
            ],
            [
              91.91466705,
              44.41247144,
              1321
            ],
            [
              91.91466956,
              44.4124713,
              1321
            ],
            [
              91.91467206,
              44.41247116,
              1321
            ],
            [
              91.91467456,
              44.41247101,
              1321
            ],
            [
              91.91467707,
              44.41247087,
              1321
            ],
            [
              91.91467957,
              44.41247073,
              1321
            ],
            [
              91.91468207,
              44.41247059,
              1321
            ],
            [
              91.91468457,
              44.41247044,
              1321
            ],
            [
              91.91468708,
              44.4124703,
              1321
            ],
            [
              91.91468958,
              44.41247016,
              1321
            ],
            [
              91.91469208,
              44.41247001,
              1321
            ],
            [
              91.91469459,
              44.41246987,
              1321
            ],
            [
              91.91469709,
              44.41246973,
              1321
            ],
            [
              91.91469959,
              44.41246959,
              1321
            ],
            [
              91.91470209,
              44.41246944,
              1321
            ],
            [
              91.9147046,
              44.4124693,
              1321
            ],
            [
              91.9147071,
              44.41246916,
              1321
            ],
            [
              91.9147096,
              44.41246902,
              1321
            ],
            [
              91.91471211,
              44.41246887,
              1321
            ],
            [
              91.91471461,
              44.41246873,
              1321
            ],
            [
              91.91471711,
              44.41246859,
              1321
            ],
            [
              91.91471961,
              44.41246845,
              1321
            ],
            [
              91.91472212,
              44.4124683,
              1321
            ],
            [
              91.91472462,
              44.41246816,
              1321
            ],
            [
              91.91472712,
              44.41246802,
              1321
            ],
            [
              91.91472963,
              44.41246788,
              1321
            ],
            [
              91.91473213,
              44.41246773,
              1321
            ],
            [
              91.91473463,
              44.41246759,
              1321
            ],
            [
              91.91473713,
              44.41246745,
              1321
            ],
            [
              91.91473964,
              44.41246731,
              1321
            ],
            [
              91.91474214,
              44.41246716,
              1321
            ],
            [
              91.91474464,
              44.41246702,
              1321
            ],
            [
              91.91474715,
              44.41246688,
              1321
            ],
            [
              91.91474965,
              44.41246674,
              1321
            ],
            [
              91.91475215,
              44.41246659,
              1321
            ],
            [
              91.91475465,
              44.41246645,
              1321
            ],
            [
              91.91475716,
              44.41246631,
              1321
            ],
            [
              91.91475966,
              44.41246616,
              1321
            ],
            [
              91.91476216,
              44.41246602,
              1321
            ],
            [
              91.91476467,
              44.41246588,
              1321
            ],
            [
              91.91476717,
              44.41246574,
              1321
            ],
            [
              91.91476967,
              44.41246559,
              1321
            ],
            [
              91.91477217,
              44.41246545,
              1321
            ],
            [
              91.91477468,
              44.41246531,
              1321
            ],
            [
              91.91477718,
              44.41246517,
              1321
            ],
            [
              91.91477968,
              44.41246502,
              1321
            ],
            [
              91.91478219,
              44.41246488,
              1321
            ],
            [
              91.91478469,
              44.41246474,
              1321
            ],
            [
              91.91478719,
              44.4124646,
              1321
            ],
            [
              91.91478969,
              44.41246445,
              1321
            ],
            [
              91.9147922,
              44.41246431,
              1321
            ],
            [
              91.9147947,
              44.41246417,
              1321
            ],
            [
              91.9147972,
              44.41246403,
              1321
            ],
            [
              91.91479971,
              44.41246388,
              1321
            ],
            [
              91.91480221,
              44.41246374,
              1321
            ],
            [
              91.91480471,
              44.4124636,
              1321
            ],
            [
              91.91480721,
              44.41246346,
              1321
            ],
            [
              91.91480972,
              44.41246331,
              1321
            ],
            [
              91.91481222,
              44.41246317,
              1321
            ],
            [
              91.91481472,
              44.41246303,
              1321
            ],
            [
              91.91481723,
              44.41246288,
              1321
            ],
            [
              91.91481973,
              44.41246274,
              1321
            ],
            [
              91.91482223,
              44.4124626,
              1321
            ],
            [
              91.91482473,
              44.41246246,
              1321
            ],
            [
              91.91482724,
              44.41246231,
              1321
            ],
            [
              91.91482974,
              44.41246217,
              1321
            ],
            [
              91.91483224,
              44.41246203,
              1321
            ],
            [
              91.91483475,
              44.41246189,
              1321
            ],
            [
              91.91483725,
              44.41246174,
              1321
            ],
            [
              91.91483975,
              44.4124616,
              1321
            ],
            [
              91.91484225,
              44.41246146,
              1321
            ],
            [
              91.91484476,
              44.41246132,
              1321
            ],
            [
              91.91484726,
              44.41246117,
              1321
            ],
            [
              91.91484976,
              44.41246103,
              1321
            ],
            [
              91.91485227,
              44.41246089,
              1321
            ],
            [
              91.91485477,
              44.41246075,
              1321
            ],
            [
              91.91485727,
              44.4124606,
              1321
            ],
            [
              91.91485977,
              44.41246046,
              1321
            ],
            [
              91.91486228,
              44.41246032,
              1321
            ],
            [
              91.91486478,
              44.41246018,
              1321
            ],
            [
              91.91486728,
              44.41246003,
              1321
            ],
            [
              91.91486979,
              44.41245989,
              1321
            ],
            [
              91.91487229,
              44.41245975,
              1321
            ],
            [
              91.91487479,
              44.41245961,
              1321
            ],
            [
              91.91487729,
              44.41245946,
              1321
            ],
            [
              91.9148798,
              44.41245932,
              1321
            ],
            [
              91.9148823,
              44.41245918,
              1321
            ],
            [
              91.9148848,
              44.41245903,
              1321
            ],
            [
              91.91488731,
              44.41245889,
              1321
            ],
            [
              91.91488981,
              44.41245875,
              1321
            ],
            [
              91.91489231,
              44.41245861,
              1321
            ],
            [
              91.91489481,
              44.41245846,
              1321
            ],
            [
              91.91489732,
              44.41245832,
              1321
            ],
            [
              91.91489982,
              44.41245818,
              1321
            ],
            [
              91.91490232,
              44.41245804,
              1321
            ],
            [
              91.91490483,
              44.41245789,
              1321
            ],
            [
              91.91490733,
              44.41245775,
              1321
            ],
            [
              91.91490983,
              44.41245761,
              1321
            ],
            [
              91.91491233,
              44.41245747,
              1321
            ],
            [
              91.91491484,
              44.41245732,
              1321
            ],
            [
              91.91491734,
              44.41245718,
              1321
            ],
            [
              91.91491984,
              44.41245704,
              1321
            ],
            [
              91.91492235,
              44.4124569,
              1321
            ],
            [
              91.91492485,
              44.41245675,
              1321
            ],
            [
              91.91492735,
              44.41245661,
              1321
            ],
            [
              91.91492985,
              44.41245647,
              1321
            ],
            [
              91.91493236,
              44.41245633,
              1321
            ],
            [
              91.91493486,
              44.41245618,
              1321
            ],
            [
              91.91493736,
              44.41245604,
              1321
            ],
            [
              91.91493987,
              44.4124559,
              1321
            ],
            [
              91.91494237,
              44.41245576,
              1321
            ],
            [
              91.91494487,
              44.41245561,
              1321
            ],
            [
              91.91494737,
              44.41245547,
              1321
            ],
            [
              91.91494988,
              44.41245533,
              1321
            ],
            [
              91.91495238,
              44.41245518,
              1321
            ],
            [
              91.91495488,
              44.41245504,
              1321
            ],
            [
              91.91495739,
              44.4124549,
              1321
            ],
            [
              91.91495989,
              44.41245476,
              1321
            ],
            [
              91.91496239,
              44.41245461,
              1321
            ],
            [
              91.91496489,
              44.41245447,
              1321
            ],
            [
              91.9149674,
              44.41245433,
              1321
            ],
            [
              91.9149699,
              44.41245419,
              1321
            ],
            [
              91.9149724,
              44.41245404,
              1321
            ],
            [
              91.91497491,
              44.4124539,
              1321
            ],
            [
              91.91497741,
              44.41245376,
              1321
            ],
            [
              91.91497991,
              44.41245362,
              1321
            ],
            [
              91.91498241,
              44.41245347,
              1321
            ],
            [
              91.91498492,
              44.41245333,
              1321
            ],
            [
              91.91498742,
              44.41245319,
              1321
            ],
            [
              91.91498992,
              44.41245305,
              1321
            ],
            [
              91.91499243,
              44.4124529,
              1321
            ],
            [
              91.91499493,
              44.41245276,
              1321
            ],
            [
              91.91499743,
              44.41245262,
              1321
            ],
            [
              91.91499994,
              44.41245248,
              1321
            ],
            [
              91.91500244,
              44.41245233,
              1321
            ],
            [
              91.91500494,
              44.41245219,
              1321
            ],
            [
              91.91500744,
              44.41245205,
              1321
            ],
            [
              91.91500995,
              44.4124519,
              1321
            ],
            [
              91.91501245,
              44.41245176,
              1321
            ],
            [
              91.91501495,
              44.41245162,
              1321
            ],
            [
              91.91501746,
              44.41245148,
              1321
            ],
            [
              91.91501996,
              44.41245133,
              1321
            ],
            [
              91.91502246,
              44.41245119,
              1321
            ],
            [
              91.91502496,
              44.41245105,
              1321
            ],
            [
              91.91502747,
              44.41245091,
              1321
            ],
            [
              91.91502997,
              44.41245076,
              1321
            ],
            [
              91.91503247,
              44.41245062,
              1321
            ],
            [
              91.91503498,
              44.41245048,
              1321
            ],
            [
              91.91503748,
              44.41245034,
              1321
            ],
            [
              91.91503998,
              44.41245019,
              1321
            ],
            [
              91.91504248,
              44.41245005,
              1321
            ],
            [
              91.91504499,
              44.41244991,
              1321
            ],
            [
              91.91504749,
              44.41244977,
              1321
            ],
            [
              91.91504999,
              44.41244962,
              1321
            ],
            [
              91.9150525,
              44.41244948,
              1321
            ],
            [
              91.915055,
              44.41244934,
              1321
            ],
            [
              91.9150575,
              44.4124492,
              1321
            ],
            [
              91.91506,
              44.41244905,
              1321
            ],
            [
              91.91506251,
              44.41244891,
              1321
            ],
            [
              91.91506501,
              44.41244877,
              1321
            ],
            [
              91.91506751,
              44.41244862,
              1321
            ],
            [
              91.91507002,
              44.41244848,
              1321
            ],
            [
              91.91507252,
              44.41244834,
              1321
            ],
            [
              91.91507502,
              44.4124482,
              1321
            ],
            [
              91.91507752,
              44.41244805,
              1321
            ],
            [
              91.91508003,
              44.41244791,
              1321
            ],
            [
              91.91508253,
              44.41244777,
              1321
            ],
            [
              91.91508503,
              44.41244763,
              1321
            ],
            [
              91.91508754,
              44.41244748,
              1321
            ],
            [
              91.91509004,
              44.41244734,
              1321
            ],
            [
              91.91509254,
              44.4124472,
              1321
            ],
            [
              91.91509504,
              44.41244706,
              1321
            ],
            [
              91.91509755,
              44.41244691,
              1321
            ],
            [
              91.91510005,
              44.41244677,
              1321
            ],
            [
              91.91510255,
              44.41244663,
              1321
            ],
            [
              91.91510506,
              44.41244649,
              1321
            ],
            [
              91.91510756,
              44.41244634,
              1321
            ],
            [
              91.91511006,
              44.4124462,
              1321
            ],
            [
              91.91511256,
              44.41244606,
              1321
            ],
            [
              91.91511507,
              44.41244592,
              1321
            ],
            [
              91.91511757,
              44.41244577,
              1321
            ],
            [
              91.91512007,
              44.41244563,
              1321
            ],
            [
              91.91512258,
              44.41244549,
              1321
            ],
            [
              91.91512508,
              44.41244535,
              1321
            ],
            [
              91.91512758,
              44.4124452,
              1321
            ],
            [
              91.91513008,
              44.41244506,
              1321
            ],
            [
              91.91513259,
              44.41244492,
              1321
            ],
            [
              91.91513509,
              44.41244477,
              1321
            ],
            [
              91.91513759,
              44.41244463,
              1321
            ],
            [
              91.9151401,
              44.41244449,
              1321
            ],
            [
              91.9151426,
              44.41244435,
              1321
            ],
            [
              91.9151451,
              44.4124442,
              1321
            ],
            [
              91.9151476,
              44.41244406,
              1321
            ],
            [
              91.91515011,
              44.41244392,
              1321
            ],
            [
              91.91515261,
              44.41244378,
              1321
            ],
            [
              91.91515511,
              44.41244363,
              1321
            ],
            [
              91.91515762,
              44.41244349,
              1321
            ],
            [
              91.91516012,
              44.41244335,
              1321
            ],
            [
              91.91516262,
              44.41244321,
              1321
            ],
            [
              91.91516512,
              44.41244306,
              1321
            ],
            [
              91.91516763,
              44.41244292,
              1321
            ],
            [
              91.91517013,
              44.41244278,
              1321
            ],
            [
              91.91517263,
              44.41244264,
              1321
            ],
            [
              91.91517514,
              44.41244249,
              1321
            ],
            [
              91.91517764,
              44.41244235,
              1321
            ],
            [
              91.91518014,
              44.41244221,
              1321
            ],
            [
              91.91518264,
              44.41244207,
              1321
            ],
            [
              91.91518515,
              44.41244192,
              1321
            ],
            [
              91.91518765,
              44.41244178,
              1321
            ],
            [
              91.91519015,
              44.41244164,
              1321
            ],
            [
              91.91519266,
              44.41244149,
              1321
            ],
            [
              91.91519516,
              44.41244135,
              1321
            ],
            [
              91.91519766,
              44.41244121,
              1321
            ],
            [
              91.91520016,
              44.41244107,
              1321
            ],
            [
              91.91520267,
              44.41244092,
              1321
            ],
            [
              91.91520517,
              44.41244078,
              1321
            ],
            [
              91.91520767,
              44.41244064,
              1321
            ],
            [
              91.91521018,
              44.4124405,
              1321
            ],
            [
              91.91521268,
              44.41244035,
              1321
            ],
            [
              91.91521518,
              44.41244021,
              1321
            ],
            [
              91.91521768,
              44.41244007,
              1321
            ],
            [
              91.91522019,
              44.41243993,
              1321
            ],
            [
              91.91522269,
              44.41243978,
              1321
            ],
            [
              91.91522519,
              44.41243964,
              1321
            ],
            [
              91.9152277,
              44.4124395,
              1321
            ],
            [
              91.9152302,
              44.41243936,
              1321
            ],
            [
              91.9152327,
              44.41243921,
              1321
            ],
            [
              91.9152352,
              44.41243907,
              1321
            ],
            [
              91.91523771,
              44.41243893,
              1321
            ],
            [
              91.91524021,
              44.41243879,
              1321
            ],
            [
              91.91524271,
              44.41243864,
              1321
            ],
            [
              91.91524522,
              44.4124385,
              1321
            ],
            [
              91.91524772,
              44.41243836,
              1321
            ],
            [
              91.91525022,
              44.41243821,
              1321
            ],
            [
              91.91525272,
              44.41243807,
              1321
            ],
            [
              91.91525523,
              44.41243793,
              1321
            ],
            [
              91.91525773,
              44.41243779,
              1321
            ],
            [
              91.91526023,
              44.41243764,
              1321
            ],
            [
              91.91526274,
              44.4124375,
              1321
            ],
            [
              91.91526524,
              44.41243736,
              1321
            ],
            [
              91.91526774,
              44.41243722,
              1321
            ],
            [
              91.91527024,
              44.41243707,
              1321
            ],
            [
              91.91527275,
              44.41243693,
              1321
            ],
            [
              91.91527525,
              44.41243679,
              1321
            ],
            [
              91.91527775,
              44.41243665,
              1321
            ],
            [
              91.91528026,
              44.4124365,
              1321
            ],
            [
              91.91528276,
              44.41243636,
              1321
            ],
            [
              91.91528526,
              44.41243622,
              1321
            ],
            [
              91.91528776,
              44.41243608,
              1321
            ],
            [
              91.91529027,
              44.41243593,
              1321
            ],
            [
              91.91529277,
              44.41243579,
              1321
            ],
            [
              91.91529527,
              44.41243565,
              1321
            ],
            [
              91.91529778,
              44.41243551,
              1321
            ],
            [
              91.91530028,
              44.41243536,
              1321
            ],
            [
              91.91530278,
              44.41243522,
              1321
            ],
            [
              91.91530528,
              44.41243508,
              1321
            ],
            [
              91.91530779,
              44.41243493,
              1321
            ],
            [
              91.91531029,
              44.41243479,
              1321
            ],
            [
              91.91531279,
              44.41243465,
              1321
            ],
            [
              91.9153153,
              44.41243451,
              1321
            ],
            [
              91.9153178,
              44.41243436,
              1321
            ],
            [
              91.9153203,
              44.41243422,
              1321
            ],
            [
              91.9153228,
              44.41243408,
              1321
            ],
            [
              91.91532531,
              44.41243394,
              1321
            ],
            [
              91.91532781,
              44.41243379,
              1321
            ],
            [
              91.91533031,
              44.41243365,
              1321
            ],
            [
              91.91533282,
              44.41243351,
              1321
            ],
            [
              91.91533532,
              44.41243337,
              1321
            ],
            [
              91.91533782,
              44.41243322,
              1321
            ],
            [
              91.91534032,
              44.41243308,
              1321
            ],
            [
              91.91534283,
              44.41243294,
              1321
            ],
            [
              91.91534533,
              44.4124328,
              1321
            ],
            [
              91.91534783,
              44.41243265,
              1321
            ],
            [
              91.91535034,
              44.41243251,
              1321
            ],
            [
              91.91535284,
              44.41243237,
              1321
            ],
            [
              91.91535534,
              44.41243223,
              1321
            ],
            [
              91.91535784,
              44.41243208,
              1321
            ],
            [
              91.91536035,
              44.41243194,
              1321
            ],
            [
              91.91536285,
              44.4124318,
              1321
            ],
            [
              91.91536535,
              44.41243165,
              1321
            ],
            [
              91.91536786,
              44.41243151,
              1321
            ],
            [
              91.91537036,
              44.41243137,
              1321
            ],
            [
              91.91537286,
              44.41243123,
              1321
            ],
            [
              91.91537536,
              44.41243108,
              1321
            ],
            [
              91.91537787,
              44.41243094,
              1321
            ],
            [
              91.91538037,
              44.4124308,
              1321
            ],
            [
              91.91538287,
              44.41243066,
              1321
            ],
            [
              91.91538538,
              44.41243051,
              1321
            ],
            [
              91.91538788,
              44.41243037,
              1321
            ],
            [
              91.91539038,
              44.41243023,
              1321
            ],
            [
              91.91539288,
              44.41243009,
              1321
            ],
            [
              91.91539539,
              44.41242994,
              1321
            ],
            [
              91.91539789,
              44.4124298,
              1321
            ],
            [
              91.91540039,
              44.41242966,
              1321
            ],
            [
              91.9154029,
              44.41242952,
              1321
            ],
            [
              91.9154054,
              44.41242937,
              1321
            ],
            [
              91.9154079,
              44.41242923,
              1321
            ],
            [
              91.9154104,
              44.41242909,
              1321
            ],
            [
              91.91541291,
              44.41242895,
              1321
            ],
            [
              91.91541541,
              44.4124288,
              1321
            ],
            [
              91.91541791,
              44.41242866,
              1321
            ],
            [
              91.91542042,
              44.41242852,
              1321
            ],
            [
              91.91542292,
              44.41242837,
              1321
            ],
            [
              91.91542542,
              44.41242823,
              1321
            ],
            [
              91.91542792,
              44.41242809,
              1321
            ],
            [
              91.91543043,
              44.41242795,
              1321
            ],
            [
              91.91543293,
              44.4124278,
              1321
            ],
            [
              91.91543543,
              44.41242766,
              1321
            ],
            [
              91.91543794,
              44.41242752,
              1321
            ],
            [
              91.91544044,
              44.41242738,
              1321
            ],
            [
              91.91544294,
              44.41242723,
              1321
            ],
            [
              91.91544544,
              44.41242709,
              1321
            ],
            [
              91.91544795,
              44.41242695,
              1321
            ],
            [
              91.91545045,
              44.41242681,
              1321
            ],
            [
              91.91545295,
              44.41242666,
              1321
            ],
            [
              91.91545546,
              44.41242652,
              1321
            ],
            [
              91.91545796,
              44.41242638,
              1321
            ],
            [
              91.91546046,
              44.41242624,
              1321
            ],
            [
              91.91546296,
              44.41242609,
              1321
            ],
            [
              91.91546547,
              44.41242595,
              1321
            ],
            [
              91.91546797,
              44.41242581,
              1321
            ],
            [
              91.91547047,
              44.41242567,
              1321
            ],
            [
              91.91547298,
              44.41242552,
              1321
            ],
            [
              91.91547548,
              44.41242538,
              1321
            ],
            [
              91.91547798,
              44.41242524,
              1321
            ],
            [
              91.91548048,
              44.41242509,
              1321
            ],
            [
              91.91548299,
              44.41242495,
              1321
            ],
            [
              91.91548549,
              44.41242481,
              1321
            ],
            [
              91.91548799,
              44.41242467,
              1321
            ],
            [
              91.9154905,
              44.41242452,
              1321
            ],
            [
              91.915493,
              44.41242438,
              1321
            ],
            [
              91.9154955,
              44.41242424,
              1321
            ],
            [
              91.915498,
              44.4124241,
              1321
            ],
            [
              91.91550051,
              44.41242395,
              1321
            ],
            [
              91.91550301,
              44.41242381,
              1321
            ],
            [
              91.91550551,
              44.41242367,
              1321
            ],
            [
              91.91550802,
              44.41242353,
              1321
            ],
            [
              91.91551052,
              44.41242338,
              1321
            ],
            [
              91.91551302,
              44.41242324,
              1321
            ],
            [
              91.91551552,
              44.4124231,
              1321
            ],
            [
              91.91551803,
              44.41242296,
              1321
            ],
            [
              91.91552053,
              44.41242281,
              1321
            ],
            [
              91.91552303,
              44.41242267,
              1321
            ],
            [
              91.91552554,
              44.41242253,
              1321
            ],
            [
              91.91552804,
              44.41242239,
              1321
            ],
            [
              91.91553054,
              44.41242224,
              1321
            ],
            [
              91.91553304,
              44.4124221,
              1321
            ],
            [
              91.91553555,
              44.41242196,
              1321
            ],
            [
              91.91553805,
              44.41242181,
              1321
            ],
            [
              91.91554055,
              44.41242167,
              1321
            ],
            [
              91.91554306,
              44.41242153,
              1321
            ],
            [
              91.91554556,
              44.41242139,
              1321
            ],
            [
              91.91554806,
              44.41242124,
              1321
            ],
            [
              91.91555056,
              44.4124211,
              1321
            ],
            [
              91.91555307,
              44.41242096,
              1321
            ],
            [
              91.91555557,
              44.41242082,
              1321
            ],
            [
              91.91555807,
              44.41242067,
              1321
            ],
            [
              91.91556058,
              44.41242053,
              1321
            ],
            [
              91.91556308,
              44.41242039,
              1321
            ],
            [
              91.91556558,
              44.41242025,
              1321
            ],
            [
              91.91556808,
              44.4124201,
              1321
            ],
            [
              91.91557059,
              44.41241996,
              1321
            ],
            [
              91.91557309,
              44.41241982,
              1321
            ],
            [
              91.91557559,
              44.41241968,
              1321
            ],
            [
              91.9155781,
              44.41241953,
              1321
            ],
            [
              91.9155806,
              44.41241939,
              1321
            ],
            [
              91.9155831,
              44.41241925,
              1321
            ],
            [
              91.9155856,
              44.41241911,
              1321
            ],
            [
              91.91558811,
              44.41241896,
              1321
            ],
            [
              91.91559061,
              44.41241882,
              1321
            ],
            [
              91.91559311,
              44.41241868,
              1321
            ],
            [
              91.91559562,
              44.41241853,
              1321
            ],
            [
              91.91559812,
              44.41241839,
              1321
            ],
            [
              91.91560062,
              44.41241825,
              1321
            ],
            [
              91.91560312,
              44.41241811,
              1321
            ],
            [
              91.91560563,
              44.41241796,
              1321
            ],
            [
              91.91560813,
              44.41241782,
              1321
            ],
            [
              91.91561063,
              44.41241768,
              1321
            ],
            [
              91.91561314,
              44.41241754,
              1321
            ],
            [
              91.91561564,
              44.41241739,
              1321
            ],
            [
              91.91561814,
              44.41241725,
              1321
            ],
            [
              91.91562064,
              44.41241711,
              1321
            ],
            [
              91.91562315,
              44.41241697,
              1321
            ],
            [
              91.91562565,
              44.41241682,
              1321
            ],
            [
              91.91562815,
              44.41241668,
              1321
            ],
            [
              91.91563066,
              44.41241654,
              1321
            ],
            [
              91.91563316,
              44.4124164,
              1321
            ],
            [
              91.91563566,
              44.41241625,
              1321
            ],
            [
              91.91563816,
              44.41241611,
              1321
            ],
            [
              91.91564067,
              44.41241597,
              1321
            ],
            [
              91.91564317,
              44.41241582,
              1321
            ],
            [
              91.91564567,
              44.41241568,
              1321
            ],
            [
              91.91564818,
              44.41241554,
              1321
            ],
            [
              91.91565068,
              44.4124154,
              1321
            ],
            [
              91.91565318,
              44.41241525,
              1321
            ],
            [
              91.91565568,
              44.41241511,
              1321
            ],
            [
              91.91565819,
              44.41241497,
              1321
            ],
            [
              91.91566069,
              44.41241483,
              1321
            ],
            [
              91.91566319,
              44.41241468,
              1321
            ],
            [
              91.9156657,
              44.41241454,
              1321
            ],
            [
              91.9156682,
              44.4124144,
              1321
            ],
            [
              91.9156707,
              44.41241426,
              1321
            ],
            [
              91.9156732,
              44.41241411,
              1321
            ],
            [
              91.91567571,
              44.41241397,
              1321
            ],
            [
              91.91567821,
              44.41241383,
              1321
            ],
            [
              91.91568071,
              44.41241369,
              1321
            ],
            [
              91.91568322,
              44.41241354,
              1321
            ],
            [
              91.91568572,
              44.4124134,
              1321
            ],
            [
              91.91568822,
              44.41241326,
              1321
            ],
            [
              91.91569072,
              44.41241312,
              1321
            ],
            [
              91.91569323,
              44.41241297,
              1321
            ],
            [
              91.91569573,
              44.41241283,
              1321
            ],
            [
              91.91569823,
              44.41241269,
              1321
            ],
            [
              91.91570074,
              44.41241254,
              1321
            ],
            [
              91.91570324,
              44.4124124,
              1321
            ],
            [
              91.91570574,
              44.41241226,
              1321
            ],
            [
              91.91570824,
              44.41241212,
              1321
            ],
            [
              91.91571075,
              44.41241197,
              1321
            ],
            [
              91.91571325,
              44.41241183,
              1321
            ],
            [
              91.91571575,
              44.41241169,
              1321
            ],
            [
              91.91571826,
              44.41241155,
              1321
            ],
            [
              91.91572076,
              44.4124114,
              1321
            ],
            [
              91.91572326,
              44.41241126,
              1321
            ],
            [
              91.91572576,
              44.41241112,
              1321
            ],
            [
              91.91572827,
              44.41241098,
              1321
            ],
            [
              91.91573077,
              44.41241083,
              1321
            ],
            [
              91.91573327,
              44.41241069,
              1321
            ],
            [
              91.91573578,
              44.41241055,
              1321
            ],
            [
              91.91573828,
              44.41241041,
              1321
            ],
            [
              91.91574078,
              44.41241026,
              1321
            ],
            [
              91.91574328,
              44.41241012,
              1321
            ],
            [
              91.91574579,
              44.41240998,
              1321
            ],
            [
              91.91574829,
              44.41240983,
              1321
            ],
            [
              91.91575079,
              44.41240969,
              1321
            ],
            [
              91.9157533,
              44.41240955,
              1321
            ],
            [
              91.9157558,
              44.41240941,
              1321
            ],
            [
              91.9157583,
              44.41240926,
              1321
            ],
            [
              91.9157608,
              44.41240912,
              1321
            ],
            [
              91.91576331,
              44.41240898,
              1321
            ],
            [
              91.91576581,
              44.41240884,
              1321
            ],
            [
              91.91576831,
              44.41240869,
              1321
            ],
            [
              91.91577082,
              44.41240855,
              1321
            ],
            [
              91.91577332,
              44.41240841,
              1321
            ],
            [
              91.91577582,
              44.41240827,
              1321
            ],
            [
              91.91577832,
              44.41240812,
              1321
            ],
            [
              91.91578083,
              44.41240798,
              1321
            ],
            [
              91.91578333,
              44.41240784,
              1321
            ],
            [
              91.91578583,
              44.4124077,
              1321
            ],
            [
              91.91578834,
              44.41240755,
              1321
            ],
            [
              91.91579084,
              44.41240741,
              1321
            ],
            [
              91.91579334,
              44.41240727,
              1321
            ],
            [
              91.91579584,
              44.41240713,
              1321
            ],
            [
              91.91579835,
              44.41240698,
              1321
            ],
            [
              91.91580085,
              44.41240684,
              1321
            ],
            [
              91.91580076,
              44.41240864,
              1321
            ],
            [
              91.91580067,
              44.41241044,
              1321
            ],
            [
              91.91580059,
              44.41241224,
              1321
            ],
            [
              91.9158005,
              44.41241403,
              1321
            ],
            [
              91.91580041,
              44.41241583,
              1321
            ],
            [
              91.91580032,
              44.41241763,
              1321
            ],
            [
              91.91580023,
              44.41241943,
              1321
            ],
            [
              91.91580015,
              44.41242123,
              1321
            ],
            [
              91.91580006,
              44.41242303,
              1321
            ],
            [
              91.91579997,
              44.41242483,
              1321
            ],
            [
              91.91579988,
              44.41242663,
              1321
            ],
            [
              91.91579979,
              44.41242842,
              1321
            ],
            [
              91.91579971,
              44.41243022,
              1321
            ],
            [
              91.91579962,
              44.41243202,
              1321
            ],
            [
              91.91579953,
              44.41243382,
              1321
            ],
            [
              91.91579944,
              44.41243562,
              1321
            ],
            [
              91.91579935,
              44.41243742,
              1321
            ],
            [
              91.91579927,
              44.41243922,
              1321
            ],
            [
              91.91579918,
              44.41244102,
              1321
            ],
            [
              91.91579909,
              44.41244281,
              1321
            ],
            [
              91.915799,
              44.41244461,
              1321
            ],
            [
              91.91579891,
              44.41244641,
              1321
            ],
            [
              91.91579883,
              44.41244821,
              1321
            ],
            [
              91.91579874,
              44.41245001,
              1321
            ],
            [
              91.91579865,
              44.41245181,
              1321
            ],
            [
              91.91579856,
              44.41245361,
              1321
            ],
            [
              91.91579847,
              44.41245541,
              1321
            ],
            [
              91.91579838,
              44.4124572,
              1321
            ],
            [
              91.9157983,
              44.412459,
              1321
            ],
            [
              91.91579821,
              44.4124608,
              1321
            ],
            [
              91.91579812,
              44.4124626,
              1321
            ],
            [
              91.91579803,
              44.4124644,
              1321
            ],
            [
              91.91579794,
              44.4124662,
              1321
            ],
            [
              91.91579786,
              44.412468,
              1321
            ],
            [
              91.91579777,
              44.4124698,
              1321
            ],
            [
              91.91579768,
              44.41247159,
              1321
            ],
            [
              91.91579759,
              44.41247339,
              1321
            ],
            [
              91.9157975,
              44.41247519,
              1321
            ],
            [
              91.91579742,
              44.41247699,
              1321
            ],
            [
              91.91579733,
              44.41247879,
              1321
            ],
            [
              91.91579724,
              44.41248059,
              1321
            ],
            [
              91.91579715,
              44.41248239,
              1321
            ],
            [
              91.91579706,
              44.41248419,
              1321
            ],
            [
              91.91579698,
              44.41248598,
              1321
            ],
            [
              91.91579689,
              44.41248778,
              1321
            ],
            [
              91.9157968,
              44.41248958,
              1321
            ],
            [
              91.91579671,
              44.41249138,
              1321
            ],
            [
              91.91579662,
              44.41249318,
              1321
            ],
            [
              91.91579654,
              44.41249498,
              1321
            ],
            [
              91.91579645,
              44.41249678,
              1321
            ],
            [
              91.91579636,
              44.41249858,
              1321
            ],
            [
              91.91579627,
              44.41250037,
              1321
            ],
            [
              91.91579618,
              44.41250217,
              1321
            ],
            [
              91.9157961,
              44.41250397,
              1321
            ],
            [
              91.91579601,
              44.41250577,
              1321
            ],
            [
              91.91579592,
              44.41250757,
              1321
            ],
            [
              91.91579583,
              44.41250937,
              1321
            ],
            [
              91.91579574,
              44.41251117,
              1321
            ],
            [
              91.91579566,
              44.41251297,
              1321
            ],
            [
              91.91579557,
              44.41251476,
              1321
            ],
            [
              91.91579548,
              44.41251656,
              1321
            ],
            [
              91.91579539,
              44.41251836,
              1321
            ],
            [
              91.9157953,
              44.41252016,
              1321
            ],
            [
              91.91579522,
              44.41252196,
              1321
            ],
            [
              91.91579513,
              44.41252376,
              1321
            ],
            [
              91.91579504,
              44.41252556,
              1321
            ],
            [
              91.91579495,
              44.41252736,
              1321
            ],
            [
              91.91579486,
              44.41252915,
              1321
            ],
            [
              91.91579478,
              44.41253095,
              1321
            ],
            [
              91.91579469,
              44.41253275,
              1321
            ],
            [
              91.9157946,
              44.41253455,
              1321
            ],
            [
              91.91579451,
              44.41253635,
              1321
            ],
            [
              91.91579442,
              44.41253815,
              1321
            ],
            [
              91.91579434,
              44.41253995,
              1321
            ],
            [
              91.91579425,
              44.41254175,
              1321
            ],
            [
              91.91579416,
              44.41254354,
              1321
            ],
            [
              91.91579407,
              44.41254534,
              1321
            ],
            [
              91.91579398,
              44.41254714,
              1321
            ],
            [
              91.9157939,
              44.41254894,
              1321
            ],
            [
              91.91579381,
              44.41255074,
              1321
            ],
            [
              91.91579372,
              44.41255254,
              1321
            ],
            [
              91.91579363,
              44.41255434,
              1321
            ],
            [
              91.91579354,
              44.41255614,
              1321
            ],
            [
              91.91579345,
              44.41255793,
              1321
            ],
            [
              91.91579337,
              44.41255973,
              1321
            ],
            [
              91.91579328,
              44.41256153,
              1321
            ],
            [
              91.91579319,
              44.41256333,
              1321
            ],
            [
              91.9157931,
              44.41256513,
              1321
            ],
            [
              91.91579301,
              44.41256693,
              1321
            ],
            [
              91.91579293,
              44.41256873,
              1321
            ],
            [
              91.91579284,
              44.41257053,
              1321
            ],
            [
              91.91579275,
              44.41257232,
              1321
            ],
            [
              91.91579266,
              44.41257412,
              1321
            ],
            [
              91.91579257,
              44.41257592,
              1321
            ],
            [
              91.91579249,
              44.41257772,
              1321
            ],
            [
              91.9157924,
              44.41257952,
              1321
            ],
            [
              91.91579231,
              44.41258132,
              1321
            ],
            [
              91.91579222,
              44.41258312,
              1321
            ],
            [
              91.91579213,
              44.41258492,
              1321
            ],
            [
              91.91579205,
              44.41258671,
              1321
            ],
            [
              91.91579196,
              44.41258851,
              1321
            ],
            [
              91.91579187,
              44.41259031,
              1321
            ],
            [
              91.91579178,
              44.41259211,
              1321
            ],
            [
              91.91579169,
              44.41259391,
              1321
            ],
            [
              91.91579161,
              44.41259571,
              1321
            ],
            [
              91.91579152,
              44.41259751,
              1321
            ],
            [
              91.91579143,
              44.41259931,
              1321
            ],
            [
              91.91579134,
              44.4126011,
              1321
            ],
            [
              91.91579125,
              44.4126029,
              1321
            ],
            [
              91.91579117,
              44.4126047,
              1321
            ],
            [
              91.91579108,
              44.4126065,
              1321
            ],
            [
              91.91579099,
              44.4126083,
              1321
            ],
            [
              91.9157909,
              44.4126101,
              1321
            ],
            [
              91.91579081,
              44.4126119,
              1321
            ],
            [
              91.91579073,
              44.4126137,
              1321
            ],
            [
              91.91579064,
              44.41261549,
              1321
            ],
            [
              91.91579055,
              44.41261729,
              1321
            ],
            [
              91.91579046,
              44.41261909,
              1321
            ],
            [
              91.91579037,
              44.41262089,
              1321
            ],
            [
              91.91579029,
              44.41262269,
              1321
            ],
            [
              91.9157902,
              44.41262449,
              1321
            ],
            [
              91.91579011,
              44.41262629,
              1321
            ],
            [
              91.91579002,
              44.41262809,
              1321
            ],
            [
              91.91578993,
              44.41262988,
              1321
            ],
            [
              91.91578985,
              44.41263168,
              1321
            ],
            [
              91.91578976,
              44.41263348,
              1321
            ],
            [
              91.91578967,
              44.41263528,
              1321
            ],
            [
              91.91578958,
              44.41263708,
              1321
            ],
            [
              91.91578949,
              44.41263888,
              1321
            ],
            [
              91.91578941,
              44.41264068,
              1321
            ],
            [
              91.91578932,
              44.41264248,
              1321
            ],
            [
              91.91578923,
              44.41264427,
              1321
            ],
            [
              91.91578914,
              44.41264607,
              1321
            ],
            [
              91.91578905,
              44.41264787,
              1321
            ],
            [
              91.91578896,
              44.41264967,
              1321
            ],
            [
              91.91578888,
              44.41265147,
              1321
            ],
            [
              91.91578879,
              44.41265327,
              1321
            ],
            [
              91.9157887,
              44.41265507,
              1321
            ],
            [
              91.91578861,
              44.41265687,
              1321
            ],
            [
              91.91578852,
              44.41265866,
              1321
            ],
            [
              91.91578844,
              44.41266046,
              1321
            ],
            [
              91.91578835,
              44.41266226,
              1321
            ],
            [
              91.91578826,
              44.41266406,
              1321
            ],
            [
              91.91578817,
              44.41266586,
              1321
            ],
            [
              91.91578808,
              44.41266766,
              1321
            ],
            [
              91.915788,
              44.41266946,
              1321
            ],
            [
              91.91578791,
              44.41267126,
              1321
            ],
            [
              91.91578782,
              44.41267305,
              1321
            ],
            [
              91.91578773,
              44.41267485,
              1321
            ],
            [
              91.91578764,
              44.41267665,
              1321
            ],
            [
              91.91578756,
              44.41267845,
              1321
            ],
            [
              91.91578747,
              44.41268025,
              1321
            ],
            [
              91.91578738,
              44.41268205,
              1321
            ],
            [
              91.91578729,
              44.41268385,
              1321
            ],
            [
              91.9157872,
              44.41268565,
              1321
            ],
            [
              91.91578712,
              44.41268744,
              1321
            ],
            [
              91.91578703,
              44.41268924,
              1321
            ],
            [
              91.91578694,
              44.41269104,
              1321
            ],
            [
              91.91578685,
              44.41269284,
              1321
            ],
            [
              91.91578676,
              44.41269464,
              1321
            ],
            [
              91.91578668,
              44.41269644,
              1321
            ],
            [
              91.91578659,
              44.41269824,
              1321
            ],
            [
              91.9157865,
              44.41270004,
              1321
            ],
            [
              91.91578641,
              44.41270183,
              1321
            ],
            [
              91.91578632,
              44.41270363,
              1321
            ],
            [
              91.91578624,
              44.41270543,
              1321
            ],
            [
              91.91578615,
              44.41270723,
              1321
            ],
            [
              91.91578606,
              44.41270903,
              1321
            ],
            [
              91.91578597,
              44.41271083,
              1321
            ],
            [
              91.91578588,
              44.41271263,
              1321
            ],
            [
              91.9157858,
              44.41271443,
              1321
            ],
            [
              91.91578571,
              44.41271622,
              1321
            ],
            [
              91.91578562,
              44.41271802,
              1321
            ],
            [
              91.91578553,
              44.41271982,
              1321
            ],
            [
              91.91578544,
              44.41272162,
              1321
            ],
            [
              91.91578536,
              44.41272342,
              1321
            ],
            [
              91.91578527,
              44.41272522,
              1321
            ],
            [
              91.91578518,
              44.41272702,
              1321
            ],
            [
              91.91578509,
              44.41272882,
              1321
            ],
            [
              91.915785,
              44.41273061,
              1321
            ],
            [
              91.91578492,
              44.41273241,
              1321
            ],
            [
              91.91578483,
              44.41273421,
              1321
            ],
            [
              91.91578474,
              44.41273601,
              1321
            ],
            [
              91.91578465,
              44.41273781,
              1321
            ],
            [
              91.91578456,
              44.41273961,
              1321
            ],
            [
              91.91578447,
              44.41274141,
              1321
            ],
            [
              91.91578439,
              44.41274321,
              1321
            ],
            [
              91.9157843,
              44.412745,
              1321
            ],
            [
              91.91578421,
              44.4127468,
              1321
            ],
            [
              91.91578412,
              44.4127486,
              1321
            ],
            [
              91.91578403,
              44.4127504,
              1321
            ],
            [
              91.91578395,
              44.4127522,
              1321
            ],
            [
              91.91578386,
              44.412754,
              1321
            ],
            [
              91.91578377,
              44.4127558,
              1321
            ],
            [
              91.91578368,
              44.4127576,
              1321
            ],
            [
              91.91578359,
              44.41275939,
              1321
            ],
            [
              91.91578351,
              44.41276119,
              1321
            ],
            [
              91.91578342,
              44.41276299,
              1321
            ],
            [
              91.91578333,
              44.41276479,
              1321
            ],
            [
              91.91578324,
              44.41276659,
              1321
            ],
            [
              91.91578315,
              44.41276839,
              1321
            ],
            [
              91.91578307,
              44.41277019,
              1321
            ],
            [
              91.91578298,
              44.41277199,
              1321
            ],
            [
              91.91578289,
              44.41277378,
              1321
            ],
            [
              91.9157828,
              44.41277558,
              1321
            ],
            [
              91.91578271,
              44.41277738,
              1321
            ],
            [
              91.91578263,
              44.41277918,
              1321
            ],
            [
              91.91578254,
              44.41278098,
              1321
            ],
            [
              91.91578245,
              44.41278278,
              1321
            ],
            [
              91.91578236,
              44.41278458,
              1321
            ],
            [
              91.91578227,
              44.41278638,
              1321
            ],
            [
              91.91578219,
              44.41278817,
              1321
            ],
            [
              91.9157821,
              44.41278997,
              1321
            ],
            [
              91.91578201,
              44.41279177,
              1321
            ],
            [
              91.91578192,
              44.41279357,
              1321
            ],
            [
              91.91578183,
              44.41279537,
              1321
            ],
            [
              91.91578175,
              44.41279717,
              1321
            ],
            [
              91.91578166,
              44.41279897,
              1321
            ],
            [
              91.91578157,
              44.41280077,
              1321
            ],
            [
              91.91578148,
              44.41280256,
              1321
            ],
            [
              91.91578139,
              44.41280436,
              1321
            ],
            [
              91.91578131,
              44.41280616,
              1321
            ],
            [
              91.91578122,
              44.41280796,
              1321
            ],
            [
              91.91578113,
              44.41280976,
              1321
            ],
            [
              91.91578104,
              44.41281156,
              1321
            ],
            [
              91.91578095,
              44.41281336,
              1321
            ],
            [
              91.91578087,
              44.41281516,
              1321
            ],
            [
              91.91578078,
              44.41281695,
              1321
            ],
            [
              91.91578069,
              44.41281875,
              1321
            ],
            [
              91.9157806,
              44.41282055,
              1321
            ],
            [
              91.91578051,
              44.41282235,
              1321
            ],
            [
              91.91578043,
              44.41282415,
              1321
            ],
            [
              91.91578034,
              44.41282595,
              1321
            ],
            [
              91.91578025,
              44.41282775,
              1321
            ],
            [
              91.91578016,
              44.41282955,
              1321
            ],
            [
              91.91578007,
              44.41283134,
              1321
            ],
            [
              91.91577998,
              44.41283314,
              1321
            ],
            [
              91.9157799,
              44.41283494,
              1321
            ],
            [
              91.91577981,
              44.41283674,
              1321
            ],
            [
              91.91577972,
              44.41283854,
              1321
            ],
            [
              91.91577963,
              44.41284034,
              1321
            ],
            [
              91.91577954,
              44.41284214,
              1321
            ],
            [
              91.91577946,
              44.41284394,
              1321
            ],
            [
              91.91577937,
              44.41284573,
              1321
            ],
            [
              91.91577928,
              44.41284753,
              1321
            ],
            [
              91.91577919,
              44.41284933,
              1321
            ],
            [
              91.9157791,
              44.41285113,
              1321
            ],
            [
              91.91577902,
              44.41285293,
              1321
            ],
            [
              91.91577893,
              44.41285473,
              1321
            ],
            [
              91.91577884,
              44.41285653,
              1321
            ],
            [
              91.91577875,
              44.41285833,
              1321
            ],
            [
              91.91577866,
              44.41286012,
              1321
            ],
            [
              91.91577858,
              44.41286192,
              1321
            ],
            [
              91.91577849,
              44.41286372,
              1321
            ],
            [
              91.9157784,
              44.41286552,
              1321
            ],
            [
              91.91577831,
              44.41286732,
              1321
            ],
            [
              91.91577822,
              44.41286912,
              1321
            ],
            [
              91.91577814,
              44.41287092,
              1321
            ],
            [
              91.91577805,
              44.41287272,
              1321
            ],
            [
              91.91577796,
              44.41287451,
              1321
            ],
            [
              91.91577787,
              44.41287631,
              1321
            ],
            [
              91.91577778,
              44.41287811,
              1321
            ],
            [
              91.9157777,
              44.41287991,
              1321
            ],
            [
              91.91577761,
              44.41288171,
              1321
            ],
            [
              91.91577752,
              44.41288351,
              1321
            ],
            [
              91.91577743,
              44.41288531,
              1321
            ],
            [
              91.91577734,
              44.41288711,
              1321
            ],
            [
              91.91577726,
              44.4128889,
              1321
            ],
            [
              91.91577717,
              44.4128907,
              1321
            ],
            [
              91.91577708,
              44.4128925,
              1321
            ],
            [
              91.91577699,
              44.4128943,
              1321
            ],
            [
              91.9157769,
              44.4128961,
              1321
            ],
            [
              91.91577682,
              44.4128979,
              1321
            ],
            [
              91.91577673,
              44.4128997,
              1321
            ],
            [
              91.91577664,
              44.4129015,
              1321
            ],
            [
              91.91577655,
              44.41290329,
              1321
            ],
            [
              91.91577646,
              44.41290509,
              1321
            ],
            [
              91.91577638,
              44.41290689,
              1321
            ],
            [
              91.91577629,
              44.41290869,
              1321
            ],
            [
              91.9157762,
              44.41291049,
              1321
            ],
            [
              91.91577611,
              44.41291229,
              1321
            ],
            [
              91.91577602,
              44.41291409,
              1321
            ],
            [
              91.91577594,
              44.41291589,
              1321
            ],
            [
              91.91577585,
              44.41291768,
              1321
            ],
            [
              91.91577576,
              44.41291948,
              1321
            ],
            [
              91.91577567,
              44.41292128,
              1321
            ],
            [
              91.91577558,
              44.41292308,
              1321
            ],
            [
              91.9157755,
              44.41292488,
              1321
            ],
            [
              91.91577541,
              44.41292668,
              1321
            ],
            [
              91.91577532,
              44.41292848,
              1321
            ],
            [
              91.91577523,
              44.41293028,
              1321
            ],
            [
              91.91577514,
              44.41293207,
              1321
            ],
            [
              91.91577505,
              44.41293387,
              1321
            ],
            [
              91.91577497,
              44.41293567,
              1321
            ],
            [
              91.91577488,
              44.41293747,
              1321
            ],
            [
              91.91577479,
              44.41293927,
              1321
            ],
            [
              91.9157747,
              44.41294107,
              1321
            ],
            [
              91.91577461,
              44.41294287,
              1321
            ],
            [
              91.91577453,
              44.41294467,
              1321
            ],
            [
              91.91577444,
              44.41294646,
              1321
            ],
            [
              91.91577435,
              44.41294826,
              1321
            ],
            [
              91.91577426,
              44.41295006,
              1321
            ],
            [
              91.91577417,
              44.41295186,
              1321
            ],
            [
              91.91577409,
              44.41295366,
              1321
            ],
            [
              91.915774,
              44.41295546,
              1321
            ],
            [
              91.91577391,
              44.41295726,
              1321
            ],
            [
              91.91577382,
              44.41295906,
              1321
            ],
            [
              91.91577373,
              44.41296085,
              1321
            ],
            [
              91.91577365,
              44.41296265,
              1321
            ],
            [
              91.91577356,
              44.41296445,
              1321
            ],
            [
              91.91577347,
              44.41296625,
              1321
            ],
            [
              91.91577338,
              44.41296805,
              1321
            ],
            [
              91.91577329,
              44.41296985,
              1321
            ],
            [
              91.91577321,
              44.41297165,
              1321
            ],
            [
              91.91577312,
              44.41297345,
              1321
            ],
            [
              91.91577303,
              44.41297524,
              1321
            ],
            [
              91.91577294,
              44.41297704,
              1321
            ],
            [
              91.91577285,
              44.41297884,
              1321
            ],
            [
              91.91577277,
              44.41298064,
              1321
            ],
            [
              91.91577268,
              44.41298244,
              1321
            ],
            [
              91.91577259,
              44.41298424,
              1321
            ],
            [
              91.9157725,
              44.41298604,
              1321
            ],
            [
              91.91577241,
              44.41298784,
              1321
            ],
            [
              91.91577233,
              44.41298963,
              1321
            ],
            [
              91.91577224,
              44.41299143,
              1321
            ],
            [
              91.91577215,
              44.41299323,
              1321
            ],
            [
              91.91577206,
              44.41299503,
              1321
            ],
            [
              91.91577197,
              44.41299683,
              1321
            ],
            [
              91.91577189,
              44.41299863,
              1321
            ],
            [
              91.9157718,
              44.41300043,
              1321
            ],
            [
              91.91577171,
              44.41300223,
              1321
            ],
            [
              91.91577162,
              44.41300402,
              1321
            ],
            [
              91.91577153,
              44.41300582,
              1321
            ],
            [
              91.91577145,
              44.41300762,
              1321
            ],
            [
              91.91577136,
              44.41300942,
              1321
            ],
            [
              91.91577127,
              44.41301122,
              1321
            ],
            [
              91.91577118,
              44.41301302,
              1321
            ],
            [
              91.91577109,
              44.41301482,
              1321
            ],
            [
              91.91577101,
              44.41301662,
              1321
            ],
            [
              91.91577092,
              44.41301841,
              1321
            ],
            [
              91.91577083,
              44.41302021,
              1321
            ],
            [
              91.91577074,
              44.41302201,
              1321
            ],
            [
              91.91577065,
              44.41302381,
              1321
            ],
            [
              91.91577056,
              44.41302561,
              1321
            ],
            [
              91.91577048,
              44.41302741,
              1321
            ],
            [
              91.91577039,
              44.41302921,
              1321
            ],
            [
              91.9157703,
              44.41303101,
              1321
            ],
            [
              91.91577021,
              44.4130328,
              1321
            ],
            [
              91.91577012,
              44.4130346,
              1321
            ],
            [
              91.91577004,
              44.4130364,
              1321
            ],
            [
              91.91576995,
              44.4130382,
              1321
            ],
            [
              91.91576986,
              44.41304,
              1321
            ],
            [
              91.91576977,
              44.4130418,
              1321
            ],
            [
              91.91576968,
              44.4130436,
              1321
            ],
            [
              91.9157696,
              44.4130454,
              1321
            ],
            [
              91.91576951,
              44.41304719,
              1321
            ],
            [
              91.91576942,
              44.41304899,
              1321
            ],
            [
              91.91576933,
              44.41305079,
              1321
            ],
            [
              91.91576924,
              44.41305259,
              1321
            ],
            [
              91.91576916,
              44.41305439,
              1321
            ],
            [
              91.91576907,
              44.41305619,
              1321
            ],
            [
              91.91576898,
              44.41305799,
              1321
            ],
            [
              91.91576889,
              44.41305979,
              1321
            ],
            [
              91.9157688,
              44.41306158,
              1321
            ],
            [
              91.91576872,
              44.41306338,
              1321
            ],
            [
              91.91576863,
              44.41306518,
              1321
            ],
            [
              91.91576854,
              44.41306698,
              1321
            ],
            [
              91.91576845,
              44.41306878,
              1321
            ],
            [
              91.91576836,
              44.41307058,
              1321
            ],
            [
              91.91576828,
              44.41307238,
              1321
            ],
            [
              91.91576819,
              44.41307418,
              1321
            ],
            [
              91.9157681,
              44.41307597,
              1321
            ],
            [
              91.91576801,
              44.41307777,
              1321
            ],
            [
              91.91576792,
              44.41307957,
              1321
            ],
            [
              91.91576784,
              44.41308137,
              1321
            ],
            [
              91.91576775,
              44.41308317,
              1321
            ],
            [
              91.91576766,
              44.41308497,
              1321
            ],
            [
              91.91576757,
              44.41308677,
              1321
            ],
            [
              91.91576748,
              44.41308857,
              1321
            ],
            [
              91.9157674,
              44.41309036,
              1321
            ],
            [
              91.91576731,
              44.41309216,
              1321
            ],
            [
              91.91576722,
              44.41309396,
              1321
            ],
            [
              91.91576713,
              44.41309576,
              1321
            ],
            [
              91.91576704,
              44.41309756,
              1321
            ],
            [
              91.91576696,
              44.41309936,
              1321
            ],
            [
              91.91576687,
              44.41310116,
              1321
            ],
            [
              91.91576678,
              44.41310296,
              1321
            ],
            [
              91.91576669,
              44.41310475,
              1321
            ],
            [
              91.9157666,
              44.41310655,
              1321
            ],
            [
              91.91576651,
              44.41310835,
              1321
            ],
            [
              91.91576643,
              44.41311015,
              1321
            ],
            [
              91.91576634,
              44.41311195,
              1321
            ],
            [
              91.91576625,
              44.41311375,
              1321
            ],
            [
              91.91576616,
              44.41311555,
              1321
            ],
            [
              91.91576607,
              44.41311735,
              1321
            ],
            [
              91.91576599,
              44.41311914,
              1321
            ],
            [
              91.9157659,
              44.41312094,
              1321
            ],
            [
              91.91576581,
              44.41312274,
              1321
            ],
            [
              91.91576572,
              44.41312454,
              1321
            ],
            [
              91.91576563,
              44.41312634,
              1321
            ],
            [
              91.91576555,
              44.41312814,
              1321
            ],
            [
              91.91576546,
              44.41312994,
              1321
            ],
            [
              91.91576537,
              44.41313174,
              1321
            ],
            [
              91.91576528,
              44.41313353,
              1321
            ],
            [
              91.91576519,
              44.41313533,
              1321
            ],
            [
              91.91576511,
              44.41313713,
              1321
            ],
            [
              91.91576502,
              44.41313893,
              1321
            ],
            [
              91.91576493,
              44.41314073,
              1321
            ],
            [
              91.91576484,
              44.41314253,
              1321
            ],
            [
              91.91576475,
              44.41314433,
              1321
            ],
            [
              91.91576467,
              44.41314613,
              1321
            ],
            [
              91.91576458,
              44.41314792,
              1321
            ],
            [
              91.91576449,
              44.41314972,
              1321
            ],
            [
              91.9157644,
              44.41315152,
              1321
            ],
            [
              91.91576431,
              44.41315332,
              1321
            ],
            [
              91.91576423,
              44.41315512,
              1321
            ],
            [
              91.91576414,
              44.41315692,
              1321
            ],
            [
              91.91576405,
              44.41315872,
              1321
            ],
            [
              91.91576396,
              44.41316052,
              1321
            ],
            [
              91.91576387,
              44.41316231,
              1321
            ],
            [
              91.91576379,
              44.41316411,
              1321
            ],
            [
              91.9157637,
              44.41316591,
              1321
            ],
            [
              91.91576361,
              44.41316771,
              1321
            ],
            [
              91.91576352,
              44.41316951,
              1321
            ],
            [
              91.91576343,
              44.41317131,
              1321
            ],
            [
              91.91576335,
              44.41317311,
              1321
            ],
            [
              91.91576326,
              44.41317491,
              1321
            ],
            [
              91.91576317,
              44.4131767,
              1321
            ],
            [
              91.91576308,
              44.4131785,
              1321
            ],
            [
              91.91576299,
              44.4131803,
              1321
            ],
            [
              91.91576291,
              44.4131821,
              1321
            ],
            [
              91.91576282,
              44.4131839,
              1321
            ],
            [
              91.91576273,
              44.4131857,
              1321
            ],
            [
              91.91576264,
              44.4131875,
              1321
            ],
            [
              91.91576255,
              44.4131893,
              1321
            ],
            [
              91.91576247,
              44.41319109,
              1321
            ],
            [
              91.91576238,
              44.41319289,
              1321
            ],
            [
              91.91576229,
              44.41319469,
              1321
            ],
            [
              91.9157622,
              44.41319649,
              1321
            ],
            [
              91.91576211,
              44.41319829,
              1321
            ],
            [
              91.91576202,
              44.41320009,
              1321
            ],
            [
              91.91576194,
              44.41320189,
              1321
            ],
            [
              91.91576185,
              44.41320369,
              1321
            ],
            [
              91.91576176,
              44.41320548,
              1321
            ],
            [
              91.91576167,
              44.41320728,
              1321
            ],
            [
              91.91576158,
              44.41320908,
              1321
            ],
            [
              91.9157615,
              44.41321088,
              1321
            ],
            [
              91.91576141,
              44.41321268,
              1321
            ],
            [
              91.91576132,
              44.41321448,
              1321
            ],
            [
              91.91576123,
              44.41321628,
              1321
            ],
            [
              91.91576114,
              44.41321808,
              1321
            ],
            [
              91.91576106,
              44.41321987,
              1321
            ],
            [
              91.91576097,
              44.41322167,
              1321
            ],
            [
              91.91576088,
              44.41322347,
              1321
            ],
            [
              91.91576079,
              44.41322527,
              1321
            ],
            [
              91.9157607,
              44.41322707,
              1321
            ],
            [
              91.91576062,
              44.41322887,
              1321
            ],
            [
              91.91576053,
              44.41323067,
              1321
            ],
            [
              91.91576044,
              44.41323247,
              1321
            ],
            [
              91.91576035,
              44.41323426,
              1321
            ],
            [
              91.91576026,
              44.41323606,
              1321
            ],
            [
              91.91576018,
              44.41323786,
              1321
            ],
            [
              91.91576009,
              44.41323966,
              1321
            ],
            [
              91.91576,
              44.41324146,
              1321
            ],
            [
              91.91575991,
              44.41324326,
              1321
            ],
            [
              91.91575982,
              44.41324506,
              1321
            ],
            [
              91.91575974,
              44.41324686,
              1321
            ],
            [
              91.91575965,
              44.41324865,
              1321
            ],
            [
              91.91575956,
              44.41325045,
              1321
            ],
            [
              91.91575947,
              44.41325225,
              1321
            ],
            [
              91.91575938,
              44.41325405,
              1321
            ],
            [
              91.9157593,
              44.41325585,
              1321
            ],
            [
              91.91575921,
              44.41325765,
              1321
            ],
            [
              91.91575912,
              44.41325945,
              1321
            ],
            [
              91.91575903,
              44.41326125,
              1321
            ],
            [
              91.91575894,
              44.41326304,
              1321
            ],
            [
              91.91575886,
              44.41326484,
              1321
            ],
            [
              91.91575877,
              44.41326664,
              1321
            ],
            [
              91.91575868,
              44.41326844,
              1321
            ],
            [
              91.91575859,
              44.41327024,
              1321
            ],
            [
              91.9157585,
              44.41327204,
              1321
            ],
            [
              91.91575842,
              44.41327384,
              1321
            ],
            [
              91.91575833,
              44.41327564,
              1321
            ],
            [
              91.91575824,
              44.41327743,
              1321
            ],
            [
              91.91575815,
              44.41327923,
              1321
            ],
            [
              91.91575806,
              44.41328103,
              1321
            ],
            [
              91.91575798,
              44.41328283,
              1321
            ],
            [
              91.91575789,
              44.41328463,
              1321
            ],
            [
              91.9157578,
              44.41328643,
              1321
            ],
            [
              91.91575771,
              44.41328823,
              1321
            ],
            [
              91.91575762,
              44.41329003,
              1321
            ],
            [
              91.91575753,
              44.41329182,
              1321
            ],
            [
              91.91575745,
              44.41329362,
              1321
            ],
            [
              91.91575736,
              44.41329542,
              1321
            ],
            [
              91.91575727,
              44.41329722,
              1321
            ],
            [
              91.91575718,
              44.41329902,
              1321
            ],
            [
              91.91575709,
              44.41330082,
              1321
            ],
            [
              91.91575701,
              44.41330262,
              1321
            ],
            [
              91.91575692,
              44.41330442,
              1321
            ],
            [
              91.91575683,
              44.41330621,
              1321
            ],
            [
              91.91575674,
              44.41330801,
              1321
            ],
            [
              91.91575665,
              44.41330981,
              1321
            ],
            [
              91.91575657,
              44.41331161,
              1321
            ],
            [
              91.91575648,
              44.41331341,
              1321
            ],
            [
              91.91575639,
              44.41331521,
              1321
            ],
            [
              91.9157563,
              44.41331701,
              1321
            ],
            [
              91.91575621,
              44.41331881,
              1321
            ],
            [
              91.91575613,
              44.4133206,
              1321
            ],
            [
              91.91575604,
              44.4133224,
              1321
            ],
            [
              91.91575595,
              44.4133242,
              1321
            ],
            [
              91.91575586,
              44.413326,
              1321
            ],
            [
              91.91575577,
              44.4133278,
              1321
            ],
            [
              91.91575569,
              44.4133296,
              1321
            ],
            [
              91.9157556,
              44.4133314,
              1321
            ],
            [
              91.91575551,
              44.4133332,
              1321
            ],
            [
              91.91575542,
              44.41333499,
              1321
            ],
            [
              91.91575533,
              44.41333679,
              1321
            ],
            [
              91.91575525,
              44.41333859,
              1321
            ],
            [
              91.91575516,
              44.41334039,
              1321
            ],
            [
              91.91575507,
              44.41334219,
              1321
            ],
            [
              91.91575498,
              44.41334399,
              1321
            ],
            [
              91.91575489,
              44.41334579,
              1321
            ],
            [
              91.91575481,
              44.41334759,
              1321
            ],
            [
              91.91575472,
              44.41334938,
              1321
            ],
            [
              91.91575463,
              44.41335118,
              1321
            ],
            [
              91.91575454,
              44.41335298,
              1321
            ],
            [
              91.91575445,
              44.41335478,
              1321
            ],
            [
              91.91575437,
              44.41335658,
              1321
            ],
            [
              91.91575428,
              44.41335838,
              1321
            ],
            [
              91.91575419,
              44.41336018,
              1321
            ],
            [
              91.9157541,
              44.41336198,
              1321
            ],
            [
              91.91575401,
              44.41336377,
              1321
            ],
            [
              91.91575393,
              44.41336557,
              1321
            ],
            [
              91.91575384,
              44.41336737,
              1321
            ],
            [
              91.91575375,
              44.41336917,
              1321
            ],
            [
              91.91575366,
              44.41337097,
              1321
            ],
            [
              91.91575357,
              44.41337277,
              1321
            ],
            [
              91.91575349,
              44.41337457,
              1321
            ],
            [
              91.9157534,
              44.41337637,
              1321
            ],
            [
              91.91575331,
              44.41337816,
              1321
            ],
            [
              91.91575322,
              44.41337996,
              1321
            ],
            [
              91.91575313,
              44.41338176,
              1321
            ],
            [
              91.91575304,
              44.41338356,
              1321
            ],
            [
              91.91575296,
              44.41338536,
              1321
            ],
            [
              91.91575287,
              44.41338716,
              1321
            ],
            [
              91.91575278,
              44.41338896,
              1321
            ],
            [
              91.91575269,
              44.41339076,
              1321
            ],
            [
              91.9157526,
              44.41339255,
              1321
            ],
            [
              91.91575252,
              44.41339435,
              1321
            ],
            [
              91.91575243,
              44.41339615,
              1321
            ],
            [
              91.91575234,
              44.41339795,
              1321
            ],
            [
              91.91575225,
              44.41339975,
              1321
            ],
            [
              91.91575216,
              44.41340155,
              1321
            ],
            [
              91.91575208,
              44.41340335,
              1321
            ],
            [
              91.91575199,
              44.41340515,
              1321
            ],
            [
              91.9157519,
              44.41340694,
              1321
            ],
            [
              91.91575181,
              44.41340874,
              1321
            ],
            [
              91.91575172,
              44.41341054,
              1321
            ],
            [
              91.91575164,
              44.41341234,
              1321
            ],
            [
              91.91575155,
              44.41341414,
              1321
            ],
            [
              91.91575146,
              44.41341594,
              1321
            ],
            [
              91.91575137,
              44.41341774,
              1321
            ],
            [
              91.91575128,
              44.41341954,
              1321
            ],
            [
              91.9157512,
              44.41342133,
              1321
            ],
            [
              91.91575111,
              44.41342313,
              1321
            ],
            [
              91.91575102,
              44.41342493,
              1321
            ],
            [
              91.91575093,
              44.41342673,
              1321
            ],
            [
              91.91575084,
              44.41342853,
              1321
            ],
            [
              91.91575076,
              44.41343033,
              1321
            ],
            [
              91.91575067,
              44.41343213,
              1321
            ],
            [
              91.91575058,
              44.41343393,
              1321
            ],
            [
              91.91575049,
              44.41343572,
              1321
            ],
            [
              91.9157504,
              44.41343752,
              1321
            ],
            [
              91.91575032,
              44.41343932,
              1321
            ],
            [
              91.91575023,
              44.41344112,
              1321
            ],
            [
              91.91575014,
              44.41344292,
              1321
            ],
            [
              91.91575005,
              44.41344472,
              1321
            ],
            [
              91.91574996,
              44.41344652,
              1321
            ],
            [
              91.91574988,
              44.41344832,
              1321
            ],
            [
              91.91574979,
              44.41345011,
              1321
            ],
            [
              91.9157497,
              44.41345191,
              1321
            ],
            [
              91.91574961,
              44.41345371,
              1321
            ],
            [
              91.91574952,
              44.41345551,
              1321
            ],
            [
              91.91574944,
              44.41345731,
              1321
            ],
            [
              91.91574935,
              44.41345911,
              1321
            ],
            [
              91.91574926,
              44.41346091,
              1321
            ],
            [
              91.91574917,
              44.41346271,
              1321
            ],
            [
              91.91574908,
              44.4134645,
              1321
            ],
            [
              91.91574899,
              44.4134663,
              1321
            ],
            [
              91.91574891,
              44.4134681,
              1321
            ],
            [
              91.91574882,
              44.4134699,
              1321
            ],
            [
              91.91574873,
              44.4134717,
              1321
            ],
            [
              91.91574864,
              44.4134735,
              1321
            ],
            [
              91.91574855,
              44.4134753,
              1321
            ],
            [
              91.91574847,
              44.4134771,
              1321
            ],
            [
              91.91574838,
              44.41347889,
              1321
            ],
            [
              91.91574829,
              44.41348069,
              1321
            ],
            [
              91.9157482,
              44.41348249,
              1321
            ],
            [
              91.91574811,
              44.41348429,
              1321
            ],
            [
              91.91574803,
              44.41348609,
              1321
            ],
            [
              91.91574794,
              44.41348789,
              1321
            ],
            [
              91.91574785,
              44.41348969,
              1321
            ],
            [
              91.91574776,
              44.41349149,
              1321
            ],
            [
              91.91574767,
              44.41349328,
              1321
            ],
            [
              91.91574759,
              44.41349508,
              1321
            ],
            [
              91.9157475,
              44.41349688,
              1321
            ],
            [
              91.91574741,
              44.41349868,
              1321
            ],
            [
              91.91574732,
              44.41350048,
              1321
            ],
            [
              91.91574723,
              44.41350228,
              1321
            ],
            [
              91.91574715,
              44.41350408,
              1321
            ],
            [
              91.91574706,
              44.41350588,
              1321
            ],
            [
              91.91574697,
              44.41350767,
              1321
            ],
            [
              91.91574688,
              44.41350947,
              1321
            ],
            [
              91.91574679,
              44.41351127,
              1321
            ],
            [
              91.91574671,
              44.41351307,
              1321
            ],
            [
              91.91574662,
              44.41351487,
              1321
            ],
            [
              91.91574653,
              44.41351667,
              1321
            ],
            [
              91.91574644,
              44.41351847,
              1321
            ],
            [
              91.91574635,
              44.41352027,
              1321
            ],
            [
              91.91574627,
              44.41352206,
              1321
            ],
            [
              91.91574618,
              44.41352386,
              1321
            ],
            [
              91.91574609,
              44.41352566,
              1321
            ],
            [
              91.915746,
              44.41352746,
              1321
            ],
            [
              91.91574591,
              44.41352926,
              1321
            ],
            [
              91.91574583,
              44.41353106,
              1321
            ],
            [
              91.91574574,
              44.41353286,
              1321
            ],
            [
              91.91574565,
              44.41353466,
              1321
            ],
            [
              91.91574556,
              44.41353645,
              1321
            ],
            [
              91.91574547,
              44.41353825,
              1321
            ],
            [
              91.91574539,
              44.41354005,
              1321
            ],
            [
              91.9157453,
              44.41354185,
              1321
            ],
            [
              91.91574521,
              44.41354365,
              1321
            ],
            [
              91.91574512,
              44.41354545,
              1321
            ],
            [
              91.91574503,
              44.41354725,
              1321
            ],
            [
              91.91574495,
              44.41354905,
              1321
            ],
            [
              91.91574486,
              44.41355084,
              1321
            ],
            [
              91.91574477,
              44.41355264,
              1321
            ],
            [
              91.91574468,
              44.41355444,
              1321
            ],
            [
              91.91574459,
              44.41355624,
              1321
            ],
            [
              91.9157445,
              44.41355804,
              1321
            ],
            [
              91.91574442,
              44.41355984,
              1321
            ],
            [
              91.91574433,
              44.41356164,
              1321
            ],
            [
              91.91574424,
              44.41356344,
              1321
            ],
            [
              91.91574415,
              44.41356523,
              1321
            ],
            [
              91.91574406,
              44.41356703,
              1321
            ],
            [
              91.91574398,
              44.41356883,
              1321
            ],
            [
              91.91574389,
              44.41357063,
              1321
            ],
            [
              91.9157438,
              44.41357243,
              1321
            ],
            [
              91.91574371,
              44.41357423,
              1321
            ],
            [
              91.91574362,
              44.41357603,
              1321
            ],
            [
              91.91574354,
              44.41357783,
              1321
            ],
            [
              91.91574345,
              44.41357962,
              1321
            ],
            [
              91.91574336,
              44.41358142,
              1321
            ],
            [
              91.91574327,
              44.41358322,
              1321
            ],
            [
              91.91574318,
              44.41358502,
              1321
            ],
            [
              91.9157431,
              44.41358682,
              1321
            ],
            [
              91.91574301,
              44.41358862,
              1321
            ],
            [
              91.91574292,
              44.41359042,
              1321
            ],
            [
              91.91574283,
              44.41359222,
              1321
            ],
            [
              91.91574274,
              44.41359401,
              1321
            ],
            [
              91.91574266,
              44.41359581,
              1321
            ],
            [
              91.91574257,
              44.41359761,
              1321
            ],
            [
              91.91574248,
              44.41359941,
              1321
            ],
            [
              91.91574239,
              44.41360121,
              1321
            ],
            [
              91.9157423,
              44.41360301,
              1321
            ],
            [
              91.91574222,
              44.41360481,
              1321
            ],
            [
              91.91574213,
              44.41360661,
              1321
            ],
            [
              91.91574204,
              44.4136084,
              1321
            ],
            [
              91.91574195,
              44.4136102,
              1321
            ],
            [
              91.91574186,
              44.413612,
              1321
            ],
            [
              91.91574178,
              44.4136138,
              1321
            ],
            [
              91.91574169,
              44.4136156,
              1321
            ],
            [
              91.9157416,
              44.4136174,
              1321
            ],
            [
              91.91574151,
              44.4136192,
              1321
            ],
            [
              91.91574142,
              44.413621,
              1321
            ],
            [
              91.91574134,
              44.41362279,
              1321
            ],
            [
              91.91574125,
              44.41362459,
              1321
            ],
            [
              91.91574116,
              44.41362639,
              1321
            ],
            [
              91.91574107,
              44.41362819,
              1321
            ],
            [
              91.91574098,
              44.41362999,
              1321
            ],
            [
              91.9157409,
              44.41363179,
              1321
            ],
            [
              91.91574081,
              44.41363359,
              1321
            ],
            [
              91.91574072,
              44.41363539,
              1321
            ],
            [
              91.91574063,
              44.41363718,
              1321
            ],
            [
              91.91574054,
              44.41363898,
              1321
            ],
            [
              91.91574045,
              44.41364078,
              1321
            ],
            [
              91.91574037,
              44.41364258,
              1321
            ],
            [
              91.91574028,
              44.41364438,
              1321
            ],
            [
              91.91574019,
              44.41364618,
              1321
            ],
            [
              91.9157401,
              44.41364798,
              1321
            ],
            [
              91.91574001,
              44.41364978,
              1321
            ],
            [
              91.91573993,
              44.41365157,
              1321
            ],
            [
              91.91573984,
              44.41365337,
              1321
            ],
            [
              91.91573975,
              44.41365517,
              1321
            ],
            [
              91.91573966,
              44.41365697,
              1321
            ],
            [
              91.91573957,
              44.41365877,
              1321
            ],
            [
              91.91573949,
              44.41366057,
              1321
            ],
            [
              91.9157394,
              44.41366237,
              1321
            ],
            [
              91.91573931,
              44.41366417,
              1321
            ],
            [
              91.91573922,
              44.41366596,
              1321
            ],
            [
              91.91573913,
              44.41366776,
              1321
            ],
            [
              91.91573905,
              44.41366956,
              1321
            ],
            [
              91.91573896,
              44.41367136,
              1321
            ],
            [
              91.91573887,
              44.41367316,
              1321
            ],
            [
              91.91573878,
              44.41367496,
              1321
            ],
            [
              91.91573869,
              44.41367676,
              1321
            ],
            [
              91.91573861,
              44.41367856,
              1321
            ],
            [
              91.91573852,
              44.41368035,
              1321
            ],
            [
              91.91573843,
              44.41368215,
              1321
            ],
            [
              91.91573834,
              44.41368395,
              1321
            ],
            [
              91.91573825,
              44.41368575,
              1321
            ],
            [
              91.91573817,
              44.41368755,
              1321
            ],
            [
              91.91573808,
              44.41368935,
              1321
            ],
            [
              91.91573799,
              44.41369115,
              1321
            ],
            [
              91.9157379,
              44.41369295,
              1321
            ],
            [
              91.91573781,
              44.41369474,
              1321
            ],
            [
              91.91573773,
              44.41369654,
              1321
            ],
            [
              91.91573764,
              44.41369834,
              1321
            ],
            [
              91.91573755,
              44.41370014,
              1321
            ],
            [
              91.91573746,
              44.41370194,
              1321
            ],
            [
              91.91573737,
              44.41370374,
              1321
            ],
            [
              91.91573729,
              44.41370554,
              1321
            ],
            [
              91.9157372,
              44.41370734,
              1321
            ],
            [
              91.91573711,
              44.41370913,
              1321
            ],
            [
              91.91573702,
              44.41371093,
              1321
            ],
            [
              91.91573693,
              44.41371273,
              1321
            ],
            [
              91.91573685,
              44.41371453,
              1321
            ],
            [
              91.91573676,
              44.41371633,
              1321
            ],
            [
              91.91573667,
              44.41371813,
              1321
            ],
            [
              91.91573658,
              44.41371993,
              1321
            ],
            [
              91.91573649,
              44.41372173,
              1321
            ],
            [
              91.91573641,
              44.41372352,
              1321
            ],
            [
              91.91573632,
              44.41372532,
              1321
            ],
            [
              91.91573623,
              44.41372712,
              1321
            ],
            [
              91.91573614,
              44.41372892,
              1321
            ],
            [
              91.91573605,
              44.41373072,
              1321
            ],
            [
              91.91573596,
              44.41373252,
              1321
            ],
            [
              91.91573588,
              44.41373432,
              1321
            ],
            [
              91.91573579,
              44.41373612,
              1321
            ],
            [
              91.9157357,
              44.41373791,
              1321
            ],
            [
              91.91573561,
              44.41373971,
              1321
            ],
            [
              91.91573552,
              44.41374151,
              1321
            ],
            [
              91.91573544,
              44.41374331,
              1321
            ],
            [
              91.91573535,
              44.41374511,
              1321
            ],
            [
              91.91573526,
              44.41374691,
              1321
            ],
            [
              91.91573517,
              44.41374871,
              1321
            ],
            [
              91.91573508,
              44.41375051,
              1321
            ],
            [
              91.915735,
              44.4137523,
              1321
            ],
            [
              91.91573491,
              44.4137541,
              1321
            ],
            [
              91.91573482,
              44.4137559,
              1321
            ],
            [
              91.91573473,
              44.4137577,
              1321
            ],
            [
              91.91573464,
              44.4137595,
              1321
            ],
            [
              91.91573456,
              44.4137613,
              1321
            ],
            [
              91.91573447,
              44.4137631,
              1321
            ],
            [
              91.91573438,
              44.4137649,
              1321
            ],
            [
              91.91573429,
              44.41376669,
              1321
            ],
            [
              91.9157342,
              44.41376849,
              1321
            ],
            [
              91.91573412,
              44.41377029,
              1321
            ],
            [
              91.91573403,
              44.41377209,
              1321
            ],
            [
              91.91573394,
              44.41377389,
              1321
            ],
            [
              91.91573385,
              44.41377569,
              1321
            ],
            [
              91.91573376,
              44.41377749,
              1321
            ],
            [
              91.91573368,
              44.41377929,
              1321
            ],
            [
              91.91573359,
              44.41378108,
              1321
            ],
            [
              91.9157335,
              44.41378288,
              1321
            ],
            [
              91.91573341,
              44.41378468,
              1321
            ],
            [
              91.91573332,
              44.41378648,
              1321
            ],
            [
              91.91573324,
              44.41378828,
              1321
            ],
            [
              91.91573315,
              44.41379008,
              1321
            ],
            [
              91.91573306,
              44.41379188,
              1321
            ],
            [
              91.91573297,
              44.41379368,
              1321
            ],
            [
              91.91573288,
              44.41379547,
              1321
            ],
            [
              91.9157328,
              44.41379727,
              1321
            ],
            [
              91.91573271,
              44.41379907,
              1321
            ],
            [
              91.91573262,
              44.41380087,
              1321
            ],
            [
              91.91573253,
              44.41380267,
              1321
            ],
            [
              91.91573244,
              44.41380447,
              1321
            ],
            [
              91.91573236,
              44.41380627,
              1321
            ],
            [
              91.91573227,
              44.41380807,
              1321
            ],
            [
              91.91573218,
              44.41380986,
              1321
            ],
            [
              91.91573209,
              44.41381166,
              1321
            ],
            [
              91.915732,
              44.41381346,
              1321
            ],
            [
              91.91573191,
              44.41381526,
              1321
            ],
            [
              91.91573183,
              44.41381706,
              1321
            ],
            [
              91.91573174,
              44.41381886,
              1321
            ],
            [
              91.91573165,
              44.41382066,
              1321
            ],
            [
              91.91573156,
              44.41382246,
              1321
            ],
            [
              91.91573147,
              44.41382425,
              1321
            ],
            [
              91.91573139,
              44.41382605,
              1321
            ],
            [
              91.9157313,
              44.41382785,
              1321
            ],
            [
              91.91573121,
              44.41382965,
              1321
            ],
            [
              91.91573112,
              44.41383145,
              1321
            ],
            [
              91.91573103,
              44.41383325,
              1321
            ],
            [
              91.91573095,
              44.41383505,
              1321
            ],
            [
              91.91573086,
              44.41383685,
              1321
            ],
            [
              91.91573077,
              44.41383864,
              1321
            ],
            [
              91.91573068,
              44.41384044,
              1321
            ],
            [
              91.91573059,
              44.41384224,
              1321
            ],
            [
              91.91573051,
              44.41384404,
              1321
            ],
            [
              91.91573042,
              44.41384584,
              1321
            ],
            [
              91.91573033,
              44.41384764,
              1321
            ],
            [
              91.91573024,
              44.41384944,
              1321
            ],
            [
              91.91573015,
              44.41385124,
              1321
            ],
            [
              91.91573007,
              44.41385303,
              1321
            ],
            [
              91.91572998,
              44.41385483,
              1321
            ],
            [
              91.91572989,
              44.41385663,
              1321
            ],
            [
              91.9157298,
              44.41385843,
              1321
            ],
            [
              91.91572971,
              44.41386023,
              1321
            ],
            [
              91.91572963,
              44.41386203,
              1321
            ],
            [
              91.91572954,
              44.41386383,
              1321
            ],
            [
              91.91572945,
              44.41386563,
              1321
            ],
            [
              91.91572936,
              44.41386742,
              1321
            ],
            [
              91.91572927,
              44.41386922,
              1321
            ],
            [
              91.91572919,
              44.41387102,
              1321
            ],
            [
              91.9157291,
              44.41387282,
              1321
            ],
            [
              91.91572901,
              44.41387462,
              1321
            ],
            [
              91.91572892,
              44.41387642,
              1321
            ],
            [
              91.91572883,
              44.41387822,
              1321
            ],
            [
              91.91572875,
              44.41388002,
              1321
            ],
            [
              91.91572866,
              44.41388181,
              1321
            ],
            [
              91.91572857,
              44.41388361,
              1321
            ],
            [
              91.91572848,
              44.41388541,
              1321
            ],
            [
              91.91572839,
              44.41388721,
              1321
            ],
            [
              91.91572831,
              44.41388901,
              1321
            ],
            [
              91.91572822,
              44.41389081,
              1321
            ],
            [
              91.91572813,
              44.41389261,
              1321
            ],
            [
              91.91572804,
              44.41389441,
              1321
            ],
            [
              91.91572795,
              44.4138962,
              1321
            ],
            [
              91.91572786,
              44.413898,
              1321
            ],
            [
              91.91572778,
              44.4138998,
              1321
            ],
            [
              91.91572769,
              44.4139016,
              1321
            ],
            [
              91.9157276,
              44.4139034,
              1321
            ],
            [
              91.91572751,
              44.4139052,
              1321
            ],
            [
              91.91572742,
              44.413907,
              1321
            ],
            [
              91.91572734,
              44.4139088,
              1321
            ],
            [
              91.91572725,
              44.41391059,
              1321
            ],
            [
              91.91572716,
              44.41391239,
              1321
            ],
            [
              91.91572707,
              44.41391419,
              1321
            ],
            [
              91.91572698,
              44.41391599,
              1321
            ],
            [
              91.9157269,
              44.41391779,
              1321
            ],
            [
              91.91572681,
              44.41391959,
              1321
            ],
            [
              91.91572672,
              44.41392139,
              1321
            ],
            [
              91.91572663,
              44.41392319,
              1321
            ],
            [
              91.91572654,
              44.41392498,
              1321
            ],
            [
              91.91572646,
              44.41392678,
              1321
            ],
            [
              91.91572637,
              44.41392858,
              1321
            ],
            [
              91.91572628,
              44.41393038,
              1321
            ],
            [
              91.91572619,
              44.41393218,
              1321
            ],
            [
              91.9157261,
              44.41393398,
              1321
            ],
            [
              91.91572602,
              44.41393578,
              1321
            ],
            [
              91.91572593,
              44.41393758,
              1321
            ],
            [
              91.91572584,
              44.41393937,
              1321
            ],
            [
              91.91572575,
              44.41394117,
              1321
            ],
            [
              91.91572566,
              44.41394297,
              1321
            ],
            [
              91.91572558,
              44.41394477,
              1321
            ],
            [
              91.91572549,
              44.41394657,
              1321
            ],
            [
              91.9157254,
              44.41394837,
              1321
            ],
            [
              91.91572531,
              44.41395017,
              1321
            ],
            [
              91.91572522,
              44.41395197,
              1321
            ],
            [
              91.91572514,
              44.41395376,
              1321
            ],
            [
              91.91572505,
              44.41395556,
              1321
            ],
            [
              91.91572496,
              44.41395736,
              1321
            ],
            [
              91.91572487,
              44.41395916,
              1321
            ],
            [
              91.91572478,
              44.41396096,
              1321
            ],
            [
              91.9157247,
              44.41396276,
              1321
            ],
            [
              91.91572461,
              44.41396456,
              1321
            ],
            [
              91.91572452,
              44.41396636,
              1321
            ],
            [
              91.91572443,
              44.41396815,
              1321
            ],
            [
              91.91572434,
              44.41396995,
              1321
            ],
            [
              91.91572426,
              44.41397175,
              1321
            ],
            [
              91.91572417,
              44.41397355,
              1321
            ],
            [
              91.91572408,
              44.41397535,
              1321
            ],
            [
              91.91572399,
              44.41397715,
              1321
            ],
            [
              91.9157239,
              44.41397895,
              1321
            ],
            [
              91.91572381,
              44.41398075,
              1321
            ],
            [
              91.91572373,
              44.41398254,
              1321
            ],
            [
              91.91572364,
              44.41398434,
              1321
            ],
            [
              91.91572355,
              44.41398614,
              1321
            ],
            [
              91.91572346,
              44.41398794,
              1321
            ],
            [
              91.91572337,
              44.41398974,
              1321
            ],
            [
              91.91572329,
              44.41399154,
              1321
            ],
            [
              91.9157232,
              44.41399334,
              1321
            ],
            [
              91.91572311,
              44.41399514,
              1321
            ],
            [
              91.91572302,
              44.41399693,
              1321
            ],
            [
              91.91572293,
              44.41399873,
              1321
            ],
            [
              91.91572285,
              44.41400053,
              1321
            ],
            [
              91.91572276,
              44.41400233,
              1321
            ],
            [
              91.91572267,
              44.41400413,
              1321
            ],
            [
              91.91572258,
              44.41400593,
              1321
            ],
            [
              91.91572249,
              44.41400773,
              1321
            ],
            [
              91.91572241,
              44.41400953,
              1321
            ],
            [
              91.91572232,
              44.41401132,
              1321
            ],
            [
              91.91572223,
              44.41401312,
              1321
            ],
            [
              91.91572214,
              44.41401492,
              1321
            ],
            [
              91.91572205,
              44.41401672,
              1321
            ],
            [
              91.91572197,
              44.41401852,
              1321
            ],
            [
              91.91572188,
              44.41402032,
              1321
            ],
            [
              91.91572179,
              44.41402212,
              1321
            ],
            [
              91.9157217,
              44.41402392,
              1321
            ],
            [
              91.91572161,
              44.41402571,
              1321
            ],
            [
              91.91572153,
              44.41402751,
              1321
            ],
            [
              91.91572144,
              44.41402931,
              1321
            ],
            [
              91.91572135,
              44.41403111,
              1321
            ],
            [
              91.91572126,
              44.41403291,
              1321
            ],
            [
              91.91572117,
              44.41403471,
              1321
            ],
            [
              91.91572109,
              44.41403651,
              1321
            ],
            [
              91.915721,
              44.41403831,
              1321
            ],
            [
              91.91572091,
              44.4140401,
              1321
            ],
            [
              91.91572082,
              44.4140419,
              1321
            ],
            [
              91.91572073,
              44.4140437,
              1321
            ],
            [
              91.91572065,
              44.4140455,
              1321
            ],
            [
              91.91572056,
              44.4140473,
              1321
            ],
            [
              91.91572047,
              44.4140491,
              1321
            ],
            [
              91.91572038,
              44.4140509,
              1321
            ],
            [
              91.91572029,
              44.4140527,
              1321
            ],
            [
              91.91572021,
              44.41405449,
              1321
            ],
            [
              91.91572012,
              44.41405629,
              1321
            ],
            [
              91.91572003,
              44.41405809,
              1321
            ],
            [
              91.91571994,
              44.41405989,
              1321
            ],
            [
              91.91571985,
              44.41406169,
              1321
            ],
            [
              91.91571976,
              44.41406349,
              1321
            ],
            [
              91.91571968,
              44.41406529,
              1321
            ],
            [
              91.91571959,
              44.41406709,
              1321
            ],
            [
              91.9157195,
              44.41406888,
              1321
            ],
            [
              91.91571941,
              44.41407068,
              1321
            ],
            [
              91.91571932,
              44.41407248,
              1321
            ],
            [
              91.91571924,
              44.41407428,
              1321
            ],
            [
              91.91571915,
              44.41407608,
              1321
            ],
            [
              91.91571906,
              44.41407788,
              1321
            ],
            [
              91.91571897,
              44.41407968,
              1321
            ],
            [
              91.91571888,
              44.41408148,
              1321
            ],
            [
              91.9157188,
              44.41408327,
              1321
            ],
            [
              91.91571871,
              44.41408507,
              1321
            ],
            [
              91.91571862,
              44.41408687,
              1321
            ],
            [
              91.91571853,
              44.41408867,
              1321
            ],
            [
              91.91571844,
              44.41409047,
              1321
            ],
            [
              91.91571836,
              44.41409227,
              1321
            ],
            [
              91.91571827,
              44.41409407,
              1321
            ],
            [
              91.91571818,
              44.41409587,
              1321
            ],
            [
              91.91571809,
              44.41409766,
              1321
            ],
            [
              91.915718,
              44.41409946,
              1321
            ],
            [
              91.91571792,
              44.41410126,
              1321
            ],
            [
              91.91571783,
              44.41410306,
              1321
            ],
            [
              91.91571774,
              44.41410486,
              1321
            ],
            [
              91.91571765,
              44.41410666,
              1321
            ],
            [
              91.91571756,
              44.41410846,
              1321
            ],
            [
              91.91571748,
              44.41411026,
              1321
            ],
            [
              91.91571739,
              44.41411205,
              1321
            ],
            [
              91.9157173,
              44.41411385,
              1321
            ],
            [
              91.91571721,
              44.41411565,
              1321
            ],
            [
              91.91571712,
              44.41411745,
              1321
            ],
            [
              91.91571704,
              44.41411925,
              1321
            ],
            [
              91.91571695,
              44.41412105,
              1321
            ],
            [
              91.91571686,
              44.41412285,
              1321
            ],
            [
              91.91571677,
              44.41412465,
              1321
            ],
            [
              91.91571668,
              44.41412644,
              1321
            ],
            [
              91.9157166,
              44.41412824,
              1321
            ],
            [
              91.91571651,
              44.41413004,
              1321
            ],
            [
              91.91571642,
              44.41413184,
              1321
            ],
            [
              91.91571633,
              44.41413364,
              1321
            ],
            [
              91.91571624,
              44.41413544,
              1321
            ],
            [
              91.91571616,
              44.41413724,
              1321
            ],
            [
              91.91571607,
              44.41413904,
              1321
            ],
            [
              91.91571598,
              44.41414083,
              1321
            ],
            [
              91.91571589,
              44.41414263,
              1321
            ],
            [
              91.9157158,
              44.41414443,
              1321
            ],
            [
              91.91571571,
              44.41414623,
              1321
            ],
            [
              91.91571563,
              44.41414803,
              1321
            ],
            [
              91.91571554,
              44.41414983,
              1321
            ],
            [
              91.91571545,
              44.41415163,
              1321
            ],
            [
              91.91571536,
              44.41415343,
              1321
            ],
            [
              91.91571527,
              44.41415522,
              1321
            ],
            [
              91.91571519,
              44.41415702,
              1321
            ],
            [
              91.9157151,
              44.41415882,
              1321
            ],
            [
              91.91571501,
              44.41416062,
              1321
            ],
            [
              91.91571492,
              44.41416242,
              1321
            ],
            [
              91.91571483,
              44.41416422,
              1321
            ],
            [
              91.91571475,
              44.41416602,
              1321
            ],
            [
              91.91571466,
              44.41416782,
              1321
            ],
            [
              91.91571457,
              44.41416961,
              1321
            ],
            [
              91.91571448,
              44.41417141,
              1321
            ],
            [
              91.91571439,
              44.41417321,
              1321
            ],
            [
              91.91571431,
              44.41417501,
              1321
            ],
            [
              91.91571422,
              44.41417681,
              1321
            ],
            [
              91.91571413,
              44.41417861,
              1321
            ],
            [
              91.91571404,
              44.41418041,
              1321
            ],
            [
              91.91571395,
              44.41418221,
              1321
            ],
            [
              91.91571387,
              44.414184,
              1321
            ],
            [
              91.91571378,
              44.4141858,
              1321
            ],
            [
              91.91571369,
              44.4141876,
              1321
            ],
            [
              91.9157136,
              44.4141894,
              1321
            ],
            [
              91.91571351,
              44.4141912,
              1321
            ],
            [
              91.91571343,
              44.414193,
              1321
            ],
            [
              91.91571334,
              44.4141948,
              1321
            ],
            [
              91.91571325,
              44.4141966,
              1321
            ],
            [
              91.91571316,
              44.41419839,
              1321
            ],
            [
              91.91571307,
              44.41420019,
              1321
            ],
            [
              91.91571299,
              44.41420199,
              1321
            ],
            [
              91.9157129,
              44.41420379,
              1321
            ],
            [
              91.91571281,
              44.41420559,
              1321
            ],
            [
              91.91571272,
              44.41420739,
              1321
            ],
            [
              91.91571263,
              44.41420919,
              1321
            ],
            [
              91.91571255,
              44.41421099,
              1321
            ],
            [
              91.91571246,
              44.41421278,
              1321
            ],
            [
              91.91571237,
              44.41421458,
              1321
            ],
            [
              91.91571228,
              44.41421638,
              1321
            ],
            [
              91.91571219,
              44.41421818,
              1321
            ],
            [
              91.91571211,
              44.41421998,
              1321
            ],
            [
              91.91571202,
              44.41422178,
              1321
            ],
            [
              91.91571193,
              44.41422358,
              1321
            ],
            [
              91.91571184,
              44.41422538,
              1321
            ],
            [
              91.91571175,
              44.41422717,
              1321
            ],
            [
              91.91571166,
              44.41422897,
              1321
            ],
            [
              91.91571158,
              44.41423077,
              1321
            ],
            [
              91.91571149,
              44.41423257,
              1321
            ],
            [
              91.9157114,
              44.41423437,
              1321
            ],
            [
              91.91571131,
              44.41423617,
              1321
            ],
            [
              91.91571122,
              44.41423797,
              1321
            ],
            [
              91.91571114,
              44.41423977,
              1321
            ],
            [
              91.91571105,
              44.41424156,
              1321
            ],
            [
              91.91571096,
              44.41424336,
              1321
            ],
            [
              91.91571087,
              44.41424516,
              1321
            ],
            [
              91.91571078,
              44.41424696,
              1321
            ],
            [
              91.9157107,
              44.41424876,
              1321
            ],
            [
              91.91571061,
              44.41425056,
              1321
            ],
            [
              91.91571052,
              44.41425236,
              1321
            ],
            [
              91.91571043,
              44.41425416,
              1321
            ],
            [
              91.91571034,
              44.41425595,
              1321
            ],
            [
              91.91571026,
              44.41425775,
              1321
            ],
            [
              91.91571017,
              44.41425955,
              1321
            ],
            [
              91.91571008,
              44.41426135,
              1321
            ],
            [
              91.91570999,
              44.41426315,
              1321
            ],
            [
              91.9157099,
              44.41426495,
              1321
            ],
            [
              91.91570982,
              44.41426675,
              1321
            ],
            [
              91.91570973,
              44.41426855,
              1321
            ],
            [
              91.91570964,
              44.41427034,
              1321
            ],
            [
              91.91570955,
              44.41427214,
              1321
            ],
            [
              91.91570946,
              44.41427394,
              1321
            ],
            [
              91.91570938,
              44.41427574,
              1321
            ],
            [
              91.91570929,
              44.41427754,
              1321
            ],
            [
              91.9157092,
              44.41427934,
              1321
            ],
            [
              91.91570911,
              44.41428114,
              1321
            ],
            [
              91.91570902,
              44.41428294,
              1321
            ],
            [
              91.91570894,
              44.41428473,
              1321
            ],
            [
              91.91570885,
              44.41428653,
              1321
            ],
            [
              91.91570876,
              44.41428833,
              1321
            ],
            [
              91.91570867,
              44.41429013,
              1321
            ],
            [
              91.91570858,
              44.41429193,
              1321
            ],
            [
              91.9157085,
              44.41429373,
              1321
            ],
            [
              91.91570841,
              44.41429553,
              1321
            ],
            [
              91.91570832,
              44.41429733,
              1321
            ],
            [
              91.91570823,
              44.41429912,
              1321
            ],
            [
              91.91570814,
              44.41430092,
              1321
            ],
            [
              91.91570806,
              44.41430272,
              1321
            ],
            [
              91.91570797,
              44.41430452,
              1321
            ],
            [
              91.91570788,
              44.41430632,
              1321
            ],
            [
              91.91570779,
              44.41430812,
              1321
            ],
            [
              91.9157077,
              44.41430992,
              1321
            ],
            [
              91.91570761,
              44.41431172,
              1321
            ],
            [
              91.91570753,
              44.41431351,
              1321
            ],
            [
              91.91570744,
              44.41431531,
              1321
            ],
            [
              91.91570735,
              44.41431711,
              1321
            ],
            [
              91.91570726,
              44.41431891,
              1321
            ],
            [
              91.91570717,
              44.41432071,
              1321
            ],
            [
              91.91570709,
              44.41432251,
              1321
            ],
            [
              91.915707,
              44.41432431,
              1321
            ],
            [
              91.91570691,
              44.41432611,
              1321
            ],
            [
              91.91570682,
              44.4143279,
              1321
            ],
            [
              91.91570673,
              44.4143297,
              1321
            ],
            [
              91.91570665,
              44.4143315,
              1321
            ],
            [
              91.91570656,
              44.4143333,
              1321
            ],
            [
              91.91570647,
              44.4143351,
              1321
            ],
            [
              91.91570638,
              44.4143369,
              1321
            ],
            [
              91.91570629,
              44.4143387,
              1321
            ],
            [
              91.91570621,
              44.4143405,
              1321
            ],
            [
              91.91570612,
              44.41434229,
              1321
            ],
            [
              91.91570603,
              44.41434409,
              1321
            ],
            [
              91.91570594,
              44.41434589,
              1321
            ],
            [
              91.91570585,
              44.41434769,
              1321
            ],
            [
              91.91570577,
              44.41434949,
              1321
            ],
            [
              91.91570568,
              44.41435129,
              1321
            ],
            [
              91.91570559,
              44.41435309,
              1321
            ],
            [
              91.9157055,
              44.41435489,
              1321
            ],
            [
              91.91570541,
              44.41435668,
              1321
            ],
            [
              91.91570533,
              44.41435848,
              1321
            ],
            [
              91.91570524,
              44.41436028,
              1321
            ],
            [
              91.91570515,
              44.41436208,
              1321
            ],
            [
              91.91570506,
              44.41436388,
              1321
            ],
            [
              91.91570497,
              44.41436568,
              1321
            ],
            [
              91.91570489,
              44.41436748,
              1321
            ],
            [
              91.9157048,
              44.41436928,
              1321
            ],
            [
              91.91570471,
              44.41437107,
              1321
            ],
            [
              91.91570462,
              44.41437287,
              1321
            ],
            [
              91.91570453,
              44.41437467,
              1321
            ],
            [
              91.91570445,
              44.41437647,
              1321
            ],
            [
              91.91570436,
              44.41437827,
              1321
            ],
            [
              91.91570427,
              44.41438007,
              1321
            ],
            [
              91.91570418,
              44.41438187,
              1321
            ],
            [
              91.91570409,
              44.41438367,
              1321
            ],
            [
              91.91570401,
              44.41438546,
              1321
            ],
            [
              91.91570392,
              44.41438726,
              1321
            ],
            [
              91.91570383,
              44.41438906,
              1321
            ],
            [
              91.91570374,
              44.41439086,
              1321
            ],
            [
              91.91570365,
              44.41439266,
              1321
            ],
            [
              91.91570356,
              44.41439446,
              1321
            ],
            [
              91.91570348,
              44.41439626,
              1321
            ],
            [
              91.91570339,
              44.41439806,
              1321
            ],
            [
              91.9157033,
              44.41439985,
              1321
            ],
            [
              91.91570321,
              44.41440165,
              1321
            ],
            [
              91.91570312,
              44.41440345,
              1321
            ],
            [
              91.91570304,
              44.41440525,
              1321
            ],
            [
              91.91570295,
              44.41440705,
              1321
            ],
            [
              91.91570286,
              44.41440885,
              1321
            ],
            [
              91.91570277,
              44.41441065,
              1321
            ],
            [
              91.91570268,
              44.41441245,
              1321
            ],
            [
              91.9157026,
              44.41441424,
              1321
            ],
            [
              91.91570251,
              44.41441604,
              1321
            ],
            [
              91.91570242,
              44.41441784,
              1321
            ],
            [
              91.91570233,
              44.41441964,
              1321
            ],
            [
              91.91570224,
              44.41442144,
              1321
            ],
            [
              91.91570216,
              44.41442324,
              1321
            ],
            [
              91.91570207,
              44.41442504,
              1321
            ],
            [
              91.91570198,
              44.41442684,
              1321
            ],
            [
              91.91570189,
              44.41442863,
              1321
            ],
            [
              91.9157018,
              44.41443043,
              1321
            ],
            [
              91.91570172,
              44.41443223,
              1321
            ],
            [
              91.91570163,
              44.41443403,
              1321
            ],
            [
              91.91570154,
              44.41443583,
              1321
            ],
            [
              91.91570145,
              44.41443763,
              1321
            ],
            [
              91.91570136,
              44.41443943,
              1321
            ],
            [
              91.91570128,
              44.41444123,
              1321
            ],
            [
              91.91570119,
              44.41444302,
              1321
            ],
            [
              91.9157011,
              44.41444482,
              1321
            ],
            [
              91.91570101,
              44.41444662,
              1321
            ],
            [
              91.91570092,
              44.41444842,
              1321
            ],
            [
              91.91570084,
              44.41445022,
              1321
            ],
            [
              91.91570075,
              44.41445202,
              1321
            ],
            [
              91.91570066,
              44.41445382,
              1321
            ],
            [
              91.91570057,
              44.41445562,
              1321
            ],
            [
              91.91570048,
              44.41445741,
              1321
            ],
            [
              91.9157004,
              44.41445921,
              1321
            ],
            [
              91.91570031,
              44.41446101,
              1321
            ],
            [
              91.91570022,
              44.41446281,
              1321
            ],
            [
              91.91570013,
              44.41446461,
              1321
            ],
            [
              91.91570004,
              44.41446641,
              1321
            ],
            [
              91.91569996,
              44.41446821,
              1321
            ],
            [
              91.91569987,
              44.41447001,
              1321
            ],
            [
              91.91569978,
              44.4144718,
              1321
            ],
            [
              91.91569969,
              44.4144736,
              1321
            ],
            [
              91.9156996,
              44.4144754,
              1321
            ],
            [
              91.91569951,
              44.4144772,
              1321
            ],
            [
              91.91569943,
              44.414479,
              1321
            ],
            [
              91.91569934,
              44.4144808,
              1321
            ],
            [
              91.91569925,
              44.4144826,
              1321
            ],
            [
              91.91569916,
              44.4144844,
              1321
            ],
            [
              91.91569907,
              44.41448619,
              1321
            ],
            [
              91.91569899,
              44.41448799,
              1321
            ],
            [
              91.9156989,
              44.41448979,
              1321
            ],
            [
              91.91569881,
              44.41449159,
              1321
            ],
            [
              91.91569872,
              44.41449339,
              1321
            ],
            [
              91.91569863,
              44.41449519,
              1321
            ],
            [
              91.91569855,
              44.41449699,
              1321
            ],
            [
              91.91569846,
              44.41449879,
              1321
            ],
            [
              91.91569837,
              44.41450058,
              1321
            ],
            [
              91.91569828,
              44.41450238,
              1321
            ],
            [
              91.91569819,
              44.41450418,
              1321
            ],
            [
              91.91569811,
              44.41450598,
              1321
            ],
            [
              91.91569802,
              44.41450778,
              1321
            ],
            [
              91.91569793,
              44.41450958,
              1321
            ],
            [
              91.91569784,
              44.41451138,
              1321
            ],
            [
              91.91569775,
              44.41451318,
              1321
            ],
            [
              91.91569767,
              44.41451497,
              1321
            ],
            [
              91.91569758,
              44.41451677,
              1321
            ],
            [
              91.91569749,
              44.41451857,
              1321
            ],
            [
              91.9156974,
              44.41452037,
              1321
            ],
            [
              91.91569731,
              44.41452217,
              1321
            ],
            [
              91.91569723,
              44.41452397,
              1321
            ],
            [
              91.91569714,
              44.41452577,
              1321
            ],
            [
              91.91569705,
              44.41452757,
              1321
            ],
            [
              91.91569696,
              44.41452936,
              1321
            ],
            [
              91.91569687,
              44.41453116,
              1321
            ],
            [
              91.91569679,
              44.41453296,
              1321
            ],
            [
              91.9156967,
              44.41453476,
              1321
            ],
            [
              91.91569661,
              44.41453656,
              1321
            ],
            [
              91.91569652,
              44.41453836,
              1321
            ],
            [
              91.91569643,
              44.41454016,
              1321
            ],
            [
              91.91569635,
              44.41454196,
              1321
            ],
            [
              91.91569626,
              44.41454375,
              1321
            ],
            [
              91.91569617,
              44.41454555,
              1321
            ],
            [
              91.91569608,
              44.41454735,
              1321
            ],
            [
              91.91569599,
              44.41454915,
              1321
            ],
            [
              91.91569591,
              44.41455095,
              1321
            ],
            [
              91.91569582,
              44.41455275,
              1321
            ],
            [
              91.91569573,
              44.41455455,
              1321
            ],
            [
              91.91569564,
              44.41455635,
              1321
            ],
            [
              91.91569555,
              44.41455814,
              1321
            ],
            [
              91.91569546,
              44.41455994,
              1321
            ],
            [
              91.91569538,
              44.41456174,
              1321
            ],
            [
              91.91569529,
              44.41456354,
              1321
            ],
            [
              91.9156952,
              44.41456534,
              1321
            ],
            [
              91.91569511,
              44.41456714,
              1321
            ],
            [
              91.91569502,
              44.41456894,
              1321
            ],
            [
              91.91569494,
              44.41457074,
              1321
            ],
            [
              91.91569485,
              44.41457253,
              1321
            ],
            [
              91.91569476,
              44.41457433,
              1321
            ],
            [
              91.91569467,
              44.41457613,
              1321
            ],
            [
              91.91569458,
              44.41457793,
              1321
            ],
            [
              91.9156945,
              44.41457973,
              1321
            ],
            [
              91.91569441,
              44.41458153,
              1321
            ],
            [
              91.91569432,
              44.41458333,
              1321
            ],
            [
              91.91569423,
              44.41458513,
              1321
            ],
            [
              91.91569414,
              44.41458692,
              1321
            ],
            [
              91.91569406,
              44.41458872,
              1321
            ],
            [
              91.91569397,
              44.41459052,
              1321
            ],
            [
              91.91569388,
              44.41459232,
              1321
            ],
            [
              91.91569254,
              44.41459384,
              1321
            ],
            [
              91.9156912,
              44.41459536,
              1321
            ],
            [
              91.91568986,
              44.41459688,
              1321
            ],
            [
              91.91568852,
              44.4145984,
              1321
            ],
            [
              91.91568718,
              44.41459993,
              1321
            ],
            [
              91.91568584,
              44.41460145,
              1321
            ],
            [
              91.91568449,
              44.41460297,
              1321
            ],
            [
              91.91568315,
              44.41460449,
              1321
            ],
            [
              91.91568181,
              44.41460601,
              1321
            ],
            [
              91.91568047,
              44.41460753,
              1321
            ],
            [
              91.91567913,
              44.41460905,
              1321
            ],
            [
              91.91567779,
              44.41461057,
              1321
            ],
            [
              91.91567645,
              44.4146121,
              1321
            ],
            [
              91.91567511,
              44.41461362,
              1321
            ],
            [
              91.91567377,
              44.41461514,
              1321
            ],
            [
              91.91567243,
              44.41461666,
              1321
            ],
            [
              91.91567109,
              44.41461818,
              1321
            ],
            [
              91.91566975,
              44.4146197,
              1321
            ],
            [
              91.9156684,
              44.41462122,
              1321
            ],
            [
              91.91566706,
              44.41462274,
              1321
            ],
            [
              91.91566572,
              44.41462427,
              1321
            ],
            [
              91.91566438,
              44.41462579,
              1321
            ],
            [
              91.91566304,
              44.41462731,
              1321
            ],
            [
              91.9156617,
              44.41462883,
              1321
            ],
            [
              91.91566036,
              44.41463035,
              1321
            ],
            [
              91.91565902,
              44.41463187,
              1321
            ],
            [
              91.91565768,
              44.41463339,
              1321
            ],
            [
              91.91565634,
              44.41463491,
              1321
            ],
            [
              91.915655,
              44.41463644,
              1321
            ],
            [
              91.91565366,
              44.41463796,
              1321
            ],
            [
              91.91565231,
              44.41463948,
              1321
            ],
            [
              91.91565097,
              44.414641,
              1321
            ],
            [
              91.91564963,
              44.41464252,
              1321
            ],
            [
              91.91564829,
              44.41464404,
              1321
            ],
            [
              91.91564695,
              44.41464556,
              1321
            ],
            [
              91.91564561,
              44.41464708,
              1321
            ],
            [
              91.91564427,
              44.41464861,
              1321
            ],
            [
              91.91564293,
              44.41465013,
              1321
            ],
            [
              91.91564159,
              44.41465165,
              1321
            ],
            [
              91.91564025,
              44.41465317,
              1321
            ],
            [
              91.91563891,
              44.41465469,
              1321
            ],
            [
              91.91563757,
              44.41465621,
              1321
            ],
            [
              91.91563622,
              44.41465773,
              1321
            ],
            [
              91.91563488,
              44.41465925,
              1321
            ],
            [
              91.91563354,
              44.41466078,
              1321
            ],
            [
              91.9156322,
              44.4146623,
              1321
            ],
            [
              91.91563086,
              44.41466382,
              1321
            ],
            [
              91.91562952,
              44.41466534,
              1321
            ],
            [
              91.91562818,
              44.41466686,
              1321
            ],
            [
              91.91562684,
              44.41466838,
              1321
            ],
            [
              91.9156255,
              44.4146699,
              1321
            ],
            [
              91.91562416,
              44.41467142,
              1321
            ],
            [
              91.91562282,
              44.41467295,
              1321
            ],
            [
              91.91562148,
              44.41467447,
              1321
            ],
            [
              91.91562013,
              44.41467599,
              1321
            ],
            [
              91.91561879,
              44.41467751,
              1321
            ],
            [
              91.91561745,
              44.41467903,
              1321
            ],
            [
              91.91561611,
              44.41468055,
              1321
            ],
            [
              91.91561477,
              44.41468207,
              1321
            ],
            [
              91.91561343,
              44.41468359,
              1321
            ],
            [
              91.91561209,
              44.41468512,
              1321
            ],
            [
              91.91561075,
              44.41468664,
              1321
            ],
            [
              91.91560941,
              44.41468816,
              1321
            ],
            [
              91.91560807,
              44.41468968,
              1321
            ],
            [
              91.91560673,
              44.4146912,
              1321
            ],
            [
              91.91560539,
              44.41469272,
              1321
            ],
            [
              91.91560404,
              44.41469424,
              1321
            ],
            [
              91.9156027,
              44.41469576,
              1321
            ],
            [
              91.91560136,
              44.41469729,
              1321
            ],
            [
              91.91560002,
              44.41469881,
              1321
            ],
            [
              91.91559868,
              44.41470033,
              1321
            ],
            [
              91.91559734,
              44.41470185,
              1321
            ],
            [
              91.915596,
              44.41470337,
              1321
            ],
            [
              91.91559466,
              44.41470489,
              1321
            ],
            [
              91.91559332,
              44.41470641,
              1321
            ],
            [
              91.91559198,
              44.41470793,
              1321
            ],
            [
              91.91559064,
              44.41470946,
              1321
            ],
            [
              91.9155893,
              44.41471098,
              1321
            ],
            [
              91.91558795,
              44.4147125,
              1321
            ],
            [
              91.91558661,
              44.41471402,
              1321
            ],
            [
              91.91558527,
              44.41471554,
              1321
            ],
            [
              91.91558393,
              44.41471706,
              1321
            ],
            [
              91.91558259,
              44.41471858,
              1321
            ],
            [
              91.91558125,
              44.4147201,
              1321
            ],
            [
              91.91557991,
              44.41472163,
              1321
            ],
            [
              91.91557857,
              44.41472315,
              1321
            ],
            [
              91.91557723,
              44.41472467,
              1321
            ],
            [
              91.91557589,
              44.41472619,
              1321
            ],
            [
              91.91557455,
              44.41472771,
              1321
            ],
            [
              91.91557321,
              44.41472923,
              1321
            ],
            [
              91.91557186,
              44.41473075,
              1321
            ],
            [
              91.91557052,
              44.41473227,
              1321
            ],
            [
              91.91556918,
              44.4147338,
              1321
            ],
            [
              91.91556784,
              44.41473532,
              1321
            ],
            [
              91.9155665,
              44.41473684,
              1321
            ],
            [
              91.91556516,
              44.41473836,
              1321
            ],
            [
              91.91556382,
              44.41473988,
              1321
            ],
            [
              91.91556248,
              44.4147414,
              1321
            ],
            [
              91.91556114,
              44.41474292,
              1321
            ],
            [
              91.9155598,
              44.41474444,
              1321
            ],
            [
              91.91555846,
              44.41474597,
              1321
            ],
            [
              91.91555712,
              44.41474749,
              1321
            ],
            [
              91.91555577,
              44.41474901,
              1321
            ],
            [
              91.91555443,
              44.41475053,
              1321
            ],
            [
              91.91555309,
              44.41475205,
              1321
            ],
            [
              91.91555175,
              44.41475357,
              1321
            ],
            [
              91.91555041,
              44.41475509,
              1321
            ],
            [
              91.91554907,
              44.41475661,
              1321
            ],
            [
              91.91554773,
              44.41475814,
              1321
            ],
            [
              91.91554639,
              44.41475966,
              1321
            ],
            [
              91.91554505,
              44.41476118,
              1321
            ],
            [
              91.91554371,
              44.4147627,
              1321
            ],
            [
              91.91554237,
              44.41476422,
              1321
            ],
            [
              91.91554103,
              44.41476574,
              1321
            ],
            [
              91.91553968,
              44.41476726,
              1321
            ],
            [
              91.91553834,
              44.41476878,
              1321
            ],
            [
              91.915537,
              44.41477031,
              1321
            ],
            [
              91.91553566,
              44.41477183,
              1321
            ],
            [
              91.91553432,
              44.41477335,
              1321
            ],
            [
              91.91553298,
              44.41477487,
              1321
            ],
            [
              91.91553164,
              44.41477639,
              1321
            ],
            [
              91.9155303,
              44.41477791,
              1321
            ],
            [
              91.91552896,
              44.41477943,
              1321
            ],
            [
              91.91552762,
              44.41478095,
              1321
            ],
            [
              91.91552628,
              44.41478248,
              1321
            ],
            [
              91.91552494,
              44.414784,
              1321
            ],
            [
              91.91552359,
              44.41478552,
              1321
            ],
            [
              91.91552225,
              44.41478704,
              1321
            ],
            [
              91.91552091,
              44.41478856,
              1321
            ],
            [
              91.91551957,
              44.41479008,
              1321
            ],
            [
              91.91551823,
              44.4147916,
              1321
            ],
            [
              91.91551689,
              44.41479312,
              1321
            ],
            [
              91.91551555,
              44.41479465,
              1321
            ],
            [
              91.91551421,
              44.41479617,
              1321
            ],
            [
              91.91551287,
              44.41479769,
              1321
            ],
            [
              91.91551153,
              44.41479921,
              1321
            ],
            [
              91.91551019,
              44.41480073,
              1321
            ],
            [
              91.91550884,
              44.41480225,
              1321
            ],
            [
              91.9155075,
              44.41480377,
              1321
            ],
            [
              91.91550616,
              44.41480529,
              1321
            ],
            [
              91.91550482,
              44.41480682,
              1321
            ],
            [
              91.91550348,
              44.41480834,
              1321
            ],
            [
              91.91550214,
              44.41480986,
              1321
            ],
            [
              91.9155008,
              44.41481138,
              1321
            ],
            [
              91.91549946,
              44.4148129,
              1321
            ],
            [
              91.91549812,
              44.41481442,
              1321
            ],
            [
              91.91549678,
              44.41481594,
              1321
            ],
            [
              91.91549544,
              44.41481746,
              1321
            ],
            [
              91.9154941,
              44.41481899,
              1321
            ],
            [
              91.91549275,
              44.41482051,
              1321
            ],
            [
              91.91549141,
              44.41482203,
              1321
            ],
            [
              91.91549007,
              44.41482355,
              1321
            ],
            [
              91.91548873,
              44.41482507,
              1321
            ],
            [
              91.91548739,
              44.41482659,
              1321
            ],
            [
              91.91548605,
              44.41482811,
              1321
            ],
            [
              91.91548471,
              44.41482963,
              1321
            ],
            [
              91.91548337,
              44.41483116,
              1321
            ],
            [
              91.91548203,
              44.41483268,
              1321
            ],
            [
              91.91548069,
              44.4148342,
              1321
            ],
            [
              91.91547935,
              44.41483572,
              1321
            ],
            [
              91.91547801,
              44.41483724,
              1321
            ],
            [
              91.91547666,
              44.41483876,
              1321
            ],
            [
              91.91547532,
              44.41484028,
              1321
            ],
            [
              91.91547398,
              44.4148418,
              1321
            ],
            [
              91.91547264,
              44.41484333,
              1321
            ],
            [
              91.9154713,
              44.41484485,
              1321
            ],
            [
              91.91546996,
              44.41484637,
              1321
            ],
            [
              91.91546862,
              44.41484789,
              1321
            ],
            [
              91.91546728,
              44.41484941,
              1321
            ],
            [
              91.91546594,
              44.41485093,
              1321
            ],
            [
              91.9154646,
              44.41485245,
              1321
            ],
            [
              91.91546326,
              44.41485397,
              1321
            ],
            [
              91.91546192,
              44.4148555,
              1321
            ],
            [
              91.91546057,
              44.41485702,
              1321
            ],
            [
              91.91545923,
              44.41485854,
              1321
            ],
            [
              91.91545789,
              44.41486006,
              1321
            ],
            [
              91.91545655,
              44.41486158,
              1321
            ],
            [
              91.91545521,
              44.4148631,
              1321
            ],
            [
              91.91545387,
              44.41486462,
              1321
            ],
            [
              91.91545253,
              44.41486614,
              1321
            ],
            [
              91.91545119,
              44.41486766,
              1321
            ],
            [
              91.91544985,
              44.41486919,
              1321
            ],
            [
              91.91544851,
              44.41487071,
              1321
            ],
            [
              91.91544717,
              44.41487223,
              1321
            ],
            [
              91.91544583,
              44.41487375,
              1321
            ],
            [
              91.91544448,
              44.41487527,
              1321
            ],
            [
              91.91544314,
              44.41487679,
              1321
            ],
            [
              91.9154418,
              44.41487831,
              1321
            ],
            [
              91.91544046,
              44.41487983,
              1321
            ],
            [
              91.91543912,
              44.41488136,
              1321
            ],
            [
              91.91543778,
              44.41488288,
              1321
            ],
            [
              91.91543644,
              44.4148844,
              1321
            ],
            [
              91.9154351,
              44.41488592,
              1321
            ],
            [
              91.91543376,
              44.41488744,
              1321
            ],
            [
              91.91543242,
              44.41488896,
              1321
            ],
            [
              91.91543108,
              44.41489048,
              1321
            ],
            [
              91.91542974,
              44.414892,
              1321
            ],
            [
              91.91542839,
              44.41489353,
              1321
            ],
            [
              91.91542705,
              44.41489505,
              1321
            ],
            [
              91.91542571,
              44.41489657,
              1321
            ],
            [
              91.91542437,
              44.41489809,
              1321
            ],
            [
              91.91542303,
              44.41489961,
              1321
            ],
            [
              91.91542169,
              44.41490113,
              1321
            ],
            [
              91.91542035,
              44.41490265,
              1321
            ],
            [
              91.91541901,
              44.41490417,
              1321
            ],
            [
              91.91541767,
              44.4149057,
              1321
            ],
            [
              91.91541633,
              44.41490722,
              1321
            ],
            [
              91.91541499,
              44.41490874,
              1321
            ],
            [
              91.91541365,
              44.41491026,
              1321
            ],
            [
              91.9154123,
              44.41491178,
              1321
            ],
            [
              91.91541096,
              44.4149133,
              1321
            ],
            [
              91.91540962,
              44.41491482,
              1321
            ],
            [
              91.91540828,
              44.41491634,
              1321
            ],
            [
              91.91540694,
              44.41491787,
              1321
            ],
            [
              91.9154056,
              44.41491939,
              1321
            ],
            [
              91.91540426,
              44.41492091,
              1321
            ],
            [
              91.91540292,
              44.41492243,
              1321
            ],
            [
              91.91540158,
              44.41492395,
              1321
            ],
            [
              91.91540024,
              44.41492547,
              1321
            ],
            [
              91.9153989,
              44.41492699,
              1321
            ],
            [
              91.91539756,
              44.41492851,
              1321
            ],
            [
              91.91539621,
              44.41493004,
              1321
            ],
            [
              91.91539487,
              44.41493156,
              1321
            ],
            [
              91.91539353,
              44.41493308,
              1321
            ],
            [
              91.91539219,
              44.4149346,
              1321
            ],
            [
              91.91539085,
              44.41493612,
              1321
            ],
            [
              91.91538951,
              44.41493764,
              1321
            ],
            [
              91.91538817,
              44.41493916,
              1321
            ],
            [
              91.91538683,
              44.41494068,
              1321
            ],
            [
              91.91538549,
              44.41494221,
              1321
            ],
            [
              91.91538415,
              44.41494373,
              1321
            ],
            [
              91.91538281,
              44.41494525,
              1321
            ],
            [
              91.91538147,
              44.41494677,
              1321
            ],
            [
              91.91538012,
              44.41494829,
              1321
            ],
            [
              91.91537878,
              44.41494981,
              1321
            ],
            [
              91.91537744,
              44.41495133,
              1321
            ],
            [
              91.9153761,
              44.41495285,
              1321
            ],
            [
              91.91537476,
              44.41495438,
              1321
            ],
            [
              91.91537342,
              44.4149559,
              1321
            ],
            [
              91.91537208,
              44.41495742,
              1321
            ],
            [
              91.91537074,
              44.41495894,
              1321
            ],
            [
              91.9153694,
              44.41496046,
              1321
            ],
            [
              91.91536806,
              44.41496198,
              1321
            ],
            [
              91.91536672,
              44.4149635,
              1321
            ],
            [
              91.91536537,
              44.41496502,
              1321
            ],
            [
              91.91536403,
              44.41496655,
              1321
            ],
            [
              91.91536269,
              44.41496807,
              1321
            ],
            [
              91.91536135,
              44.41496959,
              1321
            ],
            [
              91.91536001,
              44.41497111,
              1321
            ],
            [
              91.91535867,
              44.41497263,
              1321
            ],
            [
              91.91535733,
              44.41497415,
              1321
            ],
            [
              91.91535599,
              44.41497567,
              1321
            ],
            [
              91.91535465,
              44.41497719,
              1321
            ],
            [
              91.91535331,
              44.41497872,
              1321
            ],
            [
              91.91535197,
              44.41498024,
              1321
            ],
            [
              91.91535063,
              44.41498176,
              1321
            ],
            [
              91.91534928,
              44.41498328,
              1321
            ],
            [
              91.91534794,
              44.4149848,
              1321
            ],
            [
              91.9153466,
              44.41498632,
              1321
            ],
            [
              91.91534526,
              44.41498784,
              1321
            ],
            [
              91.91534392,
              44.41498936,
              1321
            ],
            [
              91.91534258,
              44.41499089,
              1321
            ],
            [
              91.91534124,
              44.41499241,
              1321
            ],
            [
              91.9153399,
              44.41499393,
              1321
            ],
            [
              91.91533856,
              44.41499545,
              1321
            ],
            [
              91.91533722,
              44.41499697,
              1321
            ],
            [
              91.91533588,
              44.41499849,
              1321
            ],
            [
              91.91533454,
              44.41500001,
              1321
            ],
            [
              91.91533319,
              44.41500153,
              1321
            ],
            [
              91.91533185,
              44.41500306,
              1321
            ],
            [
              91.91533051,
              44.41500458,
              1321
            ],
            [
              91.91532917,
              44.4150061,
              1321
            ],
            [
              91.91532783,
              44.41500762,
              1321
            ],
            [
              91.91532649,
              44.41500914,
              1321
            ],
            [
              91.91532515,
              44.41501066,
              1321
            ],
            [
              91.91532381,
              44.41501218,
              1321
            ],
            [
              91.91532247,
              44.4150137,
              1321
            ],
            [
              91.91532113,
              44.41501523,
              1321
            ],
            [
              91.91531979,
              44.41501675,
              1321
            ],
            [
              91.91531845,
              44.41501827,
              1321
            ],
            [
              91.9153171,
              44.41501979,
              1321
            ],
            [
              91.91531576,
              44.41502131,
              1321
            ],
            [
              91.91531442,
              44.41502283,
              1321
            ],
            [
              91.91531308,
              44.41502435,
              1321
            ],
            [
              91.91531174,
              44.41502587,
              1321
            ],
            [
              91.9153104,
              44.4150274,
              1321
            ],
            [
              91.91530906,
              44.41502892,
              1321
            ],
            [
              91.91530772,
              44.41503044,
              1321
            ],
            [
              91.91530638,
              44.41503196,
              1321
            ],
            [
              91.91530504,
              44.41503348,
              1321
            ],
            [
              91.9153037,
              44.415035,
              1321
            ],
            [
              91.91530236,
              44.41503652,
              1321
            ],
            [
              91.91530101,
              44.41503804,
              1321
            ],
            [
              91.91529967,
              44.41503957,
              1321
            ],
            [
              91.91529833,
              44.41504109,
              1321
            ],
            [
              91.91529699,
              44.41504261,
              1321
            ],
            [
              91.91529565,
              44.41504413,
              1321
            ],
            [
              91.91529431,
              44.41504565,
              1321
            ],
            [
              91.91529297,
              44.41504717,
              1321
            ],
            [
              91.91529163,
              44.41504869,
              1321
            ],
            [
              91.91529029,
              44.41505021,
              1321
            ],
            [
              91.91528895,
              44.41505174,
              1321
            ],
            [
              91.91528761,
              44.41505326,
              1321
            ],
            [
              91.91528626,
              44.41505478,
              1321
            ],
            [
              91.91528492,
              44.4150563,
              1321
            ],
            [
              91.91528358,
              44.41505782,
              1321
            ],
            [
              91.91528224,
              44.41505934,
              1321
            ],
            [
              91.9152809,
              44.41506086,
              1321
            ],
            [
              91.91527956,
              44.41506238,
              1321
            ],
            [
              91.91527822,
              44.4150639,
              1321
            ],
            [
              91.91527688,
              44.41506543,
              1321
            ],
            [
              91.91527554,
              44.41506695,
              1321
            ],
            [
              91.9152742,
              44.41506847,
              1321
            ],
            [
              91.91527286,
              44.41506999,
              1321
            ],
            [
              91.91527152,
              44.41507151,
              1321
            ],
            [
              91.91527017,
              44.41507303,
              1321
            ],
            [
              91.91526883,
              44.41507455,
              1321
            ],
            [
              91.91526749,
              44.41507607,
              1321
            ],
            [
              91.91526615,
              44.4150776,
              1321
            ],
            [
              91.91526481,
              44.41507912,
              1321
            ],
            [
              91.91526347,
              44.41508064,
              1321
            ],
            [
              91.91526213,
              44.41508216,
              1321
            ],
            [
              91.91526079,
              44.41508368,
              1321
            ],
            [
              91.91525945,
              44.4150852,
              1321
            ],
            [
              91.91525811,
              44.41508672,
              1321
            ],
            [
              91.91525677,
              44.41508824,
              1321
            ],
            [
              91.91525543,
              44.41508977,
              1321
            ],
            [
              91.91525408,
              44.41509129,
              1321
            ],
            [
              91.91525274,
              44.41509281,
              1321
            ],
            [
              91.9152514,
              44.41509433,
              1321
            ],
            [
              91.91525006,
              44.41509585,
              1321
            ],
            [
              91.91524872,
              44.41509737,
              1321
            ],
            [
              91.91524738,
              44.41509889,
              1321
            ],
            [
              91.91524604,
              44.41510041,
              1321
            ],
            [
              91.9152447,
              44.41510194,
              1321
            ],
            [
              91.91524336,
              44.41510346,
              1321
            ],
            [
              91.91524202,
              44.41510498,
              1321
            ],
            [
              91.91524068,
              44.4151065,
              1321
            ],
            [
              91.91523934,
              44.41510802,
              1321
            ],
            [
              91.91523799,
              44.41510954,
              1321
            ],
            [
              91.91523665,
              44.41511106,
              1321
            ],
            [
              91.91523531,
              44.41511258,
              1321
            ],
            [
              91.91523397,
              44.41511411,
              1321
            ],
            [
              91.91523263,
              44.41511563,
              1321
            ],
            [
              91.91523129,
              44.41511715,
              1321
            ],
            [
              91.91522995,
              44.41511867,
              1321
            ],
            [
              91.91522861,
              44.41512019,
              1321
            ],
            [
              91.91522727,
              44.41512171,
              1321
            ],
            [
              91.91522593,
              44.41512323,
              1321
            ],
            [
              91.91522459,
              44.41512475,
              1321
            ],
            [
              91.91522324,
              44.41512628,
              1321
            ],
            [
              91.9152219,
              44.4151278,
              1321
            ],
            [
              91.91522056,
              44.41512932,
              1321
            ],
            [
              91.91521922,
              44.41513084,
              1321
            ],
            [
              91.91521788,
              44.41513236,
              1321
            ],
            [
              91.91521654,
              44.41513388,
              1321
            ],
            [
              91.9152152,
              44.4151354,
              1321
            ],
            [
              91.91521386,
              44.41513692,
              1321
            ],
            [
              91.91521252,
              44.41513845,
              1321
            ],
            [
              91.91521118,
              44.41513997,
              1321
            ],
            [
              91.91520984,
              44.41514149,
              1321
            ],
            [
              91.9152085,
              44.41514301,
              1321
            ],
            [
              91.91520715,
              44.41514453,
              1321
            ],
            [
              91.91520581,
              44.41514605,
              1321
            ],
            [
              91.91520447,
              44.41514757,
              1321
            ],
            [
              91.91520313,
              44.41514909,
              1321
            ],
            [
              91.91520179,
              44.41515062,
              1321
            ],
            [
              91.91520045,
              44.41515214,
              1321
            ],
            [
              91.91519911,
              44.41515366,
              1321
            ],
            [
              91.91519777,
              44.41515518,
              1321
            ],
            [
              91.91519643,
              44.4151567,
              1321
            ],
            [
              91.91519509,
              44.41515822,
              1321
            ],
            [
              91.91519375,
              44.41515974,
              1321
            ],
            [
              91.91519241,
              44.41516126,
              1321
            ],
            [
              91.91519106,
              44.41516279,
              1321
            ],
            [
              91.91518972,
              44.41516431,
              1321
            ],
            [
              91.91518838,
              44.41516583,
              1321
            ],
            [
              91.91518704,
              44.41516735,
              1321
            ],
            [
              91.9151857,
              44.41516887,
              1321
            ],
            [
              91.91518436,
              44.41517039,
              1321
            ],
            [
              91.91518302,
              44.41517191,
              1321
            ],
            [
              91.91518168,
              44.41517343,
              1321
            ],
            [
              91.91518034,
              44.41517496,
              1321
            ],
            [
              91.915179,
              44.41517648,
              1321
            ],
            [
              91.91517766,
              44.415178,
              1321
            ],
            [
              91.91517631,
              44.41517952,
              1321
            ],
            [
              91.91517497,
              44.41518104,
              1321
            ],
            [
              91.91517363,
              44.41518256,
              1321
            ],
            [
              91.91517229,
              44.41518408,
              1321
            ],
            [
              91.91517095,
              44.4151856,
              1321
            ],
            [
              91.91516961,
              44.41518713,
              1321
            ],
            [
              91.91516827,
              44.41518865,
              1321
            ],
            [
              91.91516693,
              44.41519017,
              1321
            ],
            [
              91.91516559,
              44.41519169,
              1321
            ],
            [
              91.91516425,
              44.41519321,
              1321
            ],
            [
              91.91516291,
              44.41519473,
              1321
            ],
            [
              91.91516157,
              44.41519625,
              1321
            ],
            [
              91.91516022,
              44.41519777,
              1321
            ],
            [
              91.91515888,
              44.4151993,
              1321
            ],
            [
              91.91515754,
              44.41520082,
              1321
            ],
            [
              91.9151562,
              44.41520234,
              1321
            ],
            [
              91.91515486,
              44.41520386,
              1321
            ],
            [
              91.91515352,
              44.41520538,
              1321
            ],
            [
              91.91515218,
              44.4152069,
              1321
            ],
            [
              91.91515084,
              44.41520842,
              1321
            ],
            [
              91.9151495,
              44.41520994,
              1321
            ],
            [
              91.91514816,
              44.41521147,
              1321
            ],
            [
              91.91514682,
              44.41521299,
              1321
            ],
            [
              91.91514548,
              44.41521451,
              1321
            ],
            [
              91.91514413,
              44.41521603,
              1321
            ],
            [
              91.91514279,
              44.41521755,
              1321
            ],
            [
              91.91514145,
              44.41521907,
              1321
            ],
            [
              91.91514011,
              44.41522059,
              1321
            ],
            [
              91.91513877,
              44.41522211,
              1321
            ],
            [
              91.91513743,
              44.41522364,
              1321
            ],
            [
              91.91513609,
              44.41522516,
              1321
            ],
            [
              91.91513475,
              44.41522668,
              1321
            ],
            [
              91.91513341,
              44.4152282,
              1321
            ],
            [
              91.91513207,
              44.41522972,
              1321
            ],
            [
              91.91513073,
              44.41523124,
              1321
            ],
            [
              91.91512938,
              44.41523276,
              1321
            ],
            [
              91.91512804,
              44.41523428,
              1321
            ],
            [
              91.9151267,
              44.4152358,
              1321
            ],
            [
              91.91512536,
              44.41523733,
              1321
            ],
            [
              91.91512402,
              44.41523885,
              1321
            ],
            [
              91.91512268,
              44.41524037,
              1321
            ],
            [
              91.91512134,
              44.41524189,
              1321
            ],
            [
              91.91512,
              44.41524341,
              1321
            ],
            [
              91.91511866,
              44.41524493,
              1321
            ],
            [
              91.91511732,
              44.41524645,
              1321
            ],
            [
              91.91511598,
              44.41524797,
              1321
            ],
            [
              91.91511464,
              44.4152495,
              1321
            ],
            [
              91.91511329,
              44.41525102,
              1321
            ],
            [
              91.91511195,
              44.41525254,
              1321
            ],
            [
              91.91511061,
              44.41525406,
              1321
            ],
            [
              91.91510927,
              44.41525558,
              1321
            ],
            [
              91.91510793,
              44.4152571,
              1321
            ],
            [
              91.91510659,
              44.41525862,
              1321
            ],
            [
              91.91510525,
              44.41526014,
              1321
            ],
            [
              91.91510391,
              44.41526167,
              1321
            ],
            [
              91.91510257,
              44.41526319,
              1321
            ],
            [
              91.91510123,
              44.41526471,
              1321
            ],
            [
              91.91509989,
              44.41526623,
              1321
            ],
            [
              91.91509855,
              44.41526775,
              1321
            ],
            [
              91.9150972,
              44.41526927,
              1321
            ],
            [
              91.91509586,
              44.41527079,
              1321
            ],
            [
              91.91509452,
              44.41527231,
              1321
            ],
            [
              91.91509318,
              44.41527384,
              1321
            ],
            [
              91.91509184,
              44.41527536,
              1321
            ],
            [
              91.9150905,
              44.41527688,
              1321
            ],
            [
              91.91508916,
              44.4152784,
              1321
            ],
            [
              91.91508782,
              44.41527992,
              1321
            ],
            [
              91.91508648,
              44.41528144,
              1321
            ],
            [
              91.91508514,
              44.41528296,
              1321
            ],
            [
              91.9150838,
              44.41528448,
              1321
            ],
            [
              91.91508245,
              44.41528601,
              1321
            ],
            [
              91.91508111,
              44.41528753,
              1321
            ],
            [
              91.91507977,
              44.41528905,
              1321
            ],
            [
              91.91507843,
              44.41529057,
              1321
            ],
            [
              91.91507709,
              44.41529209,
              1321
            ],
            [
              91.91507575,
              44.41529361,
              1321
            ],
            [
              91.91507441,
              44.41529513,
              1321
            ],
            [
              91.91507307,
              44.41529665,
              1321
            ],
            [
              91.91507173,
              44.41529818,
              1321
            ],
            [
              91.91507039,
              44.4152997,
              1321
            ],
            [
              91.91506905,
              44.41530122,
              1321
            ],
            [
              91.91506771,
              44.41530274,
              1321
            ],
            [
              91.91506636,
              44.41530426,
              1321
            ],
            [
              91.91506502,
              44.41530578,
              1321
            ],
            [
              91.91506368,
              44.4153073,
              1321
            ],
            [
              91.91506234,
              44.41530882,
              1321
            ],
            [
              91.915061,
              44.41531035,
              1321
            ],
            [
              91.91505966,
              44.41531187,
              1321
            ],
            [
              91.91505832,
              44.41531339,
              1321
            ],
            [
              91.91505698,
              44.41531491,
              1321
            ],
            [
              91.91505564,
              44.41531643,
              1321
            ],
            [
              91.9150543,
              44.41531795,
              1321
            ],
            [
              91.91505296,
              44.41531947,
              1321
            ],
            [
              91.91505162,
              44.41532099,
              1321
            ],
            [
              91.91505027,
              44.41532252,
              1321
            ],
            [
              91.91504893,
              44.41532404,
              1321
            ],
            [
              91.91504759,
              44.41532556,
              1321
            ],
            [
              91.91504625,
              44.41532708,
              1321
            ],
            [
              91.91504491,
              44.4153286,
              1321
            ],
            [
              91.91504357,
              44.41533012,
              1321
            ],
            [
              91.91504223,
              44.41533164,
              1321
            ],
            [
              91.91504089,
              44.41533316,
              1321
            ],
            [
              91.91503955,
              44.41533469,
              1321
            ],
            [
              91.91503821,
              44.41533621,
              1321
            ],
            [
              91.91503687,
              44.41533773,
              1321
            ],
            [
              91.91503552,
              44.41533925,
              1321
            ],
            [
              91.91503418,
              44.41534077,
              1321
            ],
            [
              91.91503284,
              44.41534229,
              1321
            ],
            [
              91.9150315,
              44.41534381,
              1321
            ],
            [
              91.91503016,
              44.41534533,
              1321
            ],
            [
              91.91502882,
              44.41534686,
              1321
            ],
            [
              91.91502748,
              44.41534838,
              1321
            ],
            [
              91.91502614,
              44.4153499,
              1321
            ],
            [
              91.9150248,
              44.41535142,
              1321
            ],
            [
              91.91502346,
              44.41535294,
              1321
            ],
            [
              91.91502212,
              44.41535446,
              1321
            ],
            [
              91.91502078,
              44.41535598,
              1321
            ],
            [
              91.91501943,
              44.4153575,
              1321
            ],
            [
              91.91501809,
              44.41535903,
              1321
            ],
            [
              91.91501675,
              44.41536055,
              1321
            ],
            [
              91.91501541,
              44.41536207,
              1321
            ],
            [
              91.91501407,
              44.41536359,
              1321
            ],
            [
              91.91501273,
              44.41536511,
              1321
            ],
            [
              91.91501139,
              44.41536663,
              1321
            ],
            [
              91.91501005,
              44.41536815,
              1321
            ],
            [
              91.91500871,
              44.41536967,
              1321
            ],
            [
              91.91500737,
              44.41537119,
              1321
            ],
            [
              91.91500603,
              44.41537272,
              1321
            ],
            [
              91.91500468,
              44.41537424,
              1321
            ],
            [
              91.91500334,
              44.41537576,
              1321
            ],
            [
              91.915002,
              44.41537728,
              1321
            ],
            [
              91.91500066,
              44.4153788,
              1321
            ],
            [
              91.91499932,
              44.41538032,
              1321
            ],
            [
              91.91499798,
              44.41538184,
              1321
            ],
            [
              91.91499664,
              44.41538336,
              1321
            ],
            [
              91.9149953,
              44.41538489,
              1321
            ],
            [
              91.91499396,
              44.41538641,
              1321
            ],
            [
              91.91499262,
              44.41538793,
              1321
            ],
            [
              91.91499128,
              44.41538945,
              1321
            ],
            [
              91.91498994,
              44.41539097,
              1321
            ],
            [
              91.91498859,
              44.41539249,
              1321
            ],
            [
              91.91498725,
              44.41539401,
              1321
            ],
            [
              91.91498591,
              44.41539553,
              1321
            ],
            [
              91.91498457,
              44.41539706,
              1321
            ],
            [
              91.91498323,
              44.41539858,
              1321
            ],
            [
              91.91498189,
              44.4154001,
              1321
            ],
            [
              91.91498055,
              44.41540162,
              1321
            ],
            [
              91.91497921,
              44.41540314,
              1321
            ],
            [
              91.91497787,
              44.41540466,
              1321
            ],
            [
              91.91497653,
              44.41540618,
              1321
            ],
            [
              91.91497519,
              44.4154077,
              1321
            ],
            [
              91.91497384,
              44.41540923,
              1321
            ],
            [
              91.9149725,
              44.41541075,
              1321
            ],
            [
              91.91497116,
              44.41541227,
              1321
            ],
            [
              91.91496982,
              44.41541379,
              1321
            ],
            [
              91.91496848,
              44.41541531,
              1321
            ],
            [
              91.91496714,
              44.41541683,
              1321
            ],
            [
              91.9149658,
              44.41541835,
              1321
            ],
            [
              91.91496446,
              44.41541987,
              1321
            ],
            [
              91.91496312,
              44.4154214,
              1321
            ],
            [
              91.91496178,
              44.41542292,
              1321
            ],
            [
              91.91496044,
              44.41542444,
              1321
            ],
            [
              91.9149591,
              44.41542596,
              1321
            ],
            [
              91.91495775,
              44.41542748,
              1321
            ],
            [
              91.91495641,
              44.415429,
              1321
            ],
            [
              91.91495507,
              44.41543052,
              1321
            ],
            [
              91.91495373,
              44.41543204,
              1321
            ],
            [
              91.91495239,
              44.41543357,
              1321
            ],
            [
              91.91495105,
              44.41543509,
              1321
            ],
            [
              91.91494971,
              44.41543661,
              1321
            ],
            [
              91.91494837,
              44.41543813,
              1321
            ],
            [
              91.91494703,
              44.41543965,
              1321
            ],
            [
              91.91494569,
              44.41544117,
              1321
            ],
            [
              91.91494435,
              44.41544269,
              1321
            ],
            [
              91.91494301,
              44.41544421,
              1321
            ],
            [
              91.91494166,
              44.41544574,
              1321
            ],
            [
              91.91494032,
              44.41544726,
              1321
            ],
            [
              91.91493898,
              44.41544878,
              1321
            ],
            [
              91.91493764,
              44.4154503,
              1321
            ],
            [
              91.9149363,
              44.41545182,
              1321
            ],
            [
              91.91493496,
              44.41545334,
              1321
            ],
            [
              91.91493362,
              44.41545486,
              1321
            ],
            [
              91.91493228,
              44.41545638,
              1321
            ],
            [
              91.91493094,
              44.41545791,
              1321
            ],
            [
              91.9149296,
              44.41545943,
              1321
            ],
            [
              91.91492826,
              44.41546095,
              1321
            ],
            [
              91.91492691,
              44.41546247,
              1321
            ],
            [
              91.91492557,
              44.41546399,
              1321
            ],
            [
              91.91492423,
              44.41546551,
              1321
            ],
            [
              91.91492289,
              44.41546703,
              1321
            ],
            [
              91.91492155,
              44.41546855,
              1321
            ],
            [
              91.91492021,
              44.41547008,
              1321
            ],
            [
              91.91491887,
              44.4154716,
              1321
            ],
            [
              91.91491753,
              44.41547312,
              1321
            ],
            [
              91.91491619,
              44.41547464,
              1321
            ],
            [
              91.91491485,
              44.41547616,
              1321
            ],
            [
              91.91491351,
              44.41547768,
              1321
            ],
            [
              91.91491217,
              44.4154792,
              1321
            ],
            [
              91.91491082,
              44.41548072,
              1321
            ],
            [
              91.91490948,
              44.41548225,
              1321
            ],
            [
              91.91490814,
              44.41548377,
              1321
            ],
            [
              91.9149068,
              44.41548529,
              1321
            ],
            [
              91.91490546,
              44.41548681,
              1321
            ],
            [
              91.91490412,
              44.41548833,
              1321
            ],
            [
              91.91490278,
              44.41548985,
              1321
            ],
            [
              91.91490144,
              44.41549137,
              1321
            ],
            [
              91.9149001,
              44.41549289,
              1321
            ],
            [
              91.91489876,
              44.41549442,
              1321
            ],
            [
              91.91489742,
              44.41549594,
              1321
            ],
            [
              91.91489607,
              44.41549746,
              1321
            ],
            [
              91.91489473,
              44.41549898,
              1321
            ],
            [
              91.91489339,
              44.4155005,
              1321
            ],
            [
              91.91489205,
              44.41550202,
              1321
            ],
            [
              91.91489071,
              44.41550354,
              1321
            ],
            [
              91.91488937,
              44.41550506,
              1321
            ],
            [
              91.91488803,
              44.41550658,
              1321
            ],
            [
              91.91488669,
              44.41550811,
              1321
            ],
            [
              91.91488535,
              44.41550963,
              1321
            ],
            [
              91.91488401,
              44.41551115,
              1321
            ],
            [
              91.91488267,
              44.41551267,
              1321
            ],
            [
              91.91488133,
              44.41551419,
              1321
            ],
            [
              91.91487998,
              44.41551571,
              1321
            ],
            [
              91.91487864,
              44.41551723,
              1321
            ],
            [
              91.9148773,
              44.41551875,
              1321
            ],
            [
              91.91487596,
              44.41552028,
              1321
            ],
            [
              91.91487462,
              44.4155218,
              1321
            ],
            [
              91.91487328,
              44.41552332,
              1321
            ],
            [
              91.91487194,
              44.41552484,
              1321
            ],
            [
              91.9148706,
              44.41552636,
              1321
            ],
            [
              91.91486926,
              44.41552788,
              1321
            ],
            [
              91.91486792,
              44.4155294,
              1321
            ],
            [
              91.91486658,
              44.41553092,
              1321
            ],
            [
              91.91486523,
              44.41553245,
              1321
            ],
            [
              91.91486389,
              44.41553397,
              1321
            ],
            [
              91.91486255,
              44.41553549,
              1321
            ],
            [
              91.91486121,
              44.41553701,
              1321
            ],
            [
              91.91485987,
              44.41553853,
              1321
            ],
            [
              91.91485853,
              44.41554005,
              1321
            ],
            [
              91.91485719,
              44.41554157,
              1321
            ],
            [
              91.91485585,
              44.41554309,
              1321
            ],
            [
              91.91485451,
              44.41554462,
              1321
            ],
            [
              91.91485317,
              44.41554614,
              1321
            ],
            [
              91.91485183,
              44.41554766,
              1321
            ],
            [
              91.91485048,
              44.41554918,
              1321
            ],
            [
              91.91484914,
              44.4155507,
              1321
            ],
            [
              91.9148478,
              44.41555222,
              1321
            ],
            [
              91.91484646,
              44.41555374,
              1321
            ],
            [
              91.91484512,
              44.41555526,
              1321
            ],
            [
              91.91484378,
              44.41555679,
              1321
            ],
            [
              91.91484244,
              44.41555831,
              1321
            ],
            [
              91.9148411,
              44.41555983,
              1321
            ],
            [
              91.91483976,
              44.41556135,
              1321
            ],
            [
              91.91483842,
              44.41556287,
              1321
            ],
            [
              91.91483708,
              44.41556439,
              1321
            ],
            [
              91.91483574,
              44.41556591,
              1321
            ],
            [
              91.91483439,
              44.41556743,
              1321
            ],
            [
              91.91483305,
              44.41556896,
              1321
            ],
            [
              91.91483171,
              44.41557048,
              1321
            ],
            [
              91.91483037,
              44.415572,
              1321
            ],
            [
              91.91482903,
              44.41557352,
              1321
            ],
            [
              91.91482769,
              44.41557504,
              1321
            ],
            [
              91.91482635,
              44.41557656,
              1321
            ],
            [
              91.91482501,
              44.41557808,
              1321
            ],
            [
              91.91482367,
              44.4155796,
              1321
            ],
            [
              91.91482233,
              44.41558113,
              1321
            ],
            [
              91.91482099,
              44.41558265,
              1321
            ],
            [
              91.91481964,
              44.41558417,
              1321
            ],
            [
              91.9148183,
              44.41558569,
              1321
            ],
            [
              91.91481696,
              44.41558721,
              1321
            ],
            [
              91.91481562,
              44.41558873,
              1321
            ],
            [
              91.91481428,
              44.41559025,
              1321
            ],
            [
              91.91481294,
              44.41559177,
              1321
            ],
            [
              91.9148116,
              44.4155933,
              1321
            ],
            [
              91.91481026,
              44.41559482,
              1321
            ],
            [
              91.91480892,
              44.41559634,
              1321
            ],
            [
              91.91480758,
              44.41559786,
              1321
            ],
            [
              91.91480624,
              44.41559938,
              1321
            ],
            [
              91.9148049,
              44.4156009,
              1321
            ],
            [
              91.91480355,
              44.41560242,
              1321
            ],
            [
              91.91480221,
              44.41560394,
              1321
            ],
            [
              91.91480087,
              44.41560547,
              1321
            ],
            [
              91.91479953,
              44.41560699,
              1321
            ],
            [
              91.91479819,
              44.41560851,
              1321
            ],
            [
              91.91479685,
              44.41561003,
              1321
            ],
            [
              91.91479551,
              44.41561155,
              1321
            ],
            [
              91.91479417,
              44.41561307,
              1321
            ],
            [
              91.91479283,
              44.41561459,
              1321
            ],
            [
              91.91479149,
              44.41561611,
              1321
            ],
            [
              91.91479015,
              44.41561763,
              1321
            ],
            [
              91.9147888,
              44.41561916,
              1321
            ],
            [
              91.91478746,
              44.41562068,
              1321
            ],
            [
              91.91478612,
              44.4156222,
              1321
            ],
            [
              91.91478478,
              44.41562372,
              1321
            ],
            [
              91.91478344,
              44.41562524,
              1321
            ],
            [
              91.9147821,
              44.41562676,
              1321
            ],
            [
              91.91478076,
              44.41562828,
              1321
            ],
            [
              91.91477942,
              44.4156298,
              1321
            ],
            [
              91.91477808,
              44.41563133,
              1321
            ],
            [
              91.91477674,
              44.41563285,
              1321
            ],
            [
              91.9147754,
              44.41563437,
              1321
            ],
            [
              91.91477406,
              44.41563589,
              1321
            ],
            [
              91.91477271,
              44.41563741,
              1321
            ],
            [
              91.91477137,
              44.41563893,
              1321
            ],
            [
              91.91477003,
              44.41564045,
              1321
            ],
            [
              91.91476869,
              44.41564197,
              1321
            ],
            [
              91.91476735,
              44.4156435,
              1321
            ],
            [
              91.91476601,
              44.41564502,
              1321
            ],
            [
              91.91476467,
              44.41564654,
              1321
            ],
            [
              91.91476333,
              44.41564806,
              1321
            ],
            [
              91.91476199,
              44.41564958,
              1321
            ],
            [
              91.91476065,
              44.4156511,
              1321
            ],
            [
              91.91475931,
              44.41565262,
              1321
            ],
            [
              91.91475796,
              44.41565414,
              1321
            ],
            [
              91.91475662,
              44.41565567,
              1321
            ],
            [
              91.91475528,
              44.41565719,
              1321
            ],
            [
              91.91475394,
              44.41565871,
              1321
            ],
            [
              91.9147526,
              44.41566023,
              1321
            ],
            [
              91.91475126,
              44.41566175,
              1321
            ],
            [
              91.91474992,
              44.41566327,
              1321
            ],
            [
              91.91474858,
              44.41566479,
              1321
            ],
            [
              91.91474724,
              44.41566631,
              1321
            ],
            [
              91.9147459,
              44.41566784,
              1321
            ],
            [
              91.91474456,
              44.41566936,
              1321
            ],
            [
              91.91474321,
              44.41567088,
              1321
            ],
            [
              91.91474187,
              44.4156724,
              1321
            ],
            [
              91.91474053,
              44.41567392,
              1321
            ],
            [
              91.91473919,
              44.41567544,
              1321
            ],
            [
              91.91473785,
              44.41567696,
              1321
            ],
            [
              91.91473651,
              44.41567848,
              1321
            ],
            [
              91.91473517,
              44.41568001,
              1321
            ],
            [
              91.91473383,
              44.41568153,
              1321
            ],
            [
              91.91473249,
              44.41568305,
              1321
            ],
            [
              91.91473115,
              44.41568457,
              1321
            ],
            [
              91.91472981,
              44.41568609,
              1321
            ],
            [
              91.91472847,
              44.41568761,
              1321
            ],
            [
              91.91472712,
              44.41568913,
              1321
            ],
            [
              91.91472578,
              44.41569065,
              1321
            ],
            [
              91.91472444,
              44.41569218,
              1321
            ],
            [
              91.9147231,
              44.4156937,
              1321
            ],
            [
              91.91472176,
              44.41569522,
              1321
            ],
            [
              91.91472042,
              44.41569674,
              1321
            ],
            [
              91.91471908,
              44.41569826,
              1321
            ],
            [
              91.91471774,
              44.41569978,
              1321
            ],
            [
              91.9147164,
              44.4157013,
              1321
            ],
            [
              91.91471506,
              44.41570282,
              1321
            ],
            [
              91.91471372,
              44.41570435,
              1321
            ],
            [
              91.91471237,
              44.41570587,
              1321
            ],
            [
              91.91471103,
              44.41570739,
              1321
            ],
            [
              91.91470969,
              44.41570891,
              1321
            ],
            [
              91.91470835,
              44.41571043,
              1321
            ],
            [
              91.91470701,
              44.41571195,
              1321
            ],
            [
              91.91470567,
              44.41571347,
              1321
            ],
            [
              91.91470433,
              44.41571499,
              1321
            ],
            [
              91.91470299,
              44.41571652,
              1321
            ],
            [
              91.91470165,
              44.41571804,
              1321
            ],
            [
              91.91470031,
              44.41571956,
              1321
            ],
            [
              91.91469897,
              44.41572108,
              1321
            ],
            [
              91.91469763,
              44.4157226,
              1321
            ],
            [
              91.91469628,
              44.41572412,
              1321
            ],
            [
              91.91469494,
              44.41572564,
              1321
            ],
            [
              91.9146936,
              44.41572716,
              1321
            ],
            [
              91.91469226,
              44.41572868,
              1321
            ],
            [
              91.91469092,
              44.41573021,
              1321
            ],
            [
              91.91468958,
              44.41573173,
              1321
            ],
            [
              91.91468824,
              44.41573325,
              1321
            ],
            [
              91.9146869,
              44.41573477,
              1321
            ],
            [
              91.91468556,
              44.41573629,
              1321
            ],
            [
              91.91468422,
              44.41573781,
              1321
            ],
            [
              91.91468288,
              44.41573933,
              1321
            ],
            [
              91.91468153,
              44.41574085,
              1321
            ],
            [
              91.91468019,
              44.41574238,
              1321
            ],
            [
              91.91467885,
              44.4157439,
              1321
            ],
            [
              91.91467751,
              44.41574542,
              1321
            ],
            [
              91.91467617,
              44.41574694,
              1321
            ],
            [
              91.91467483,
              44.41574846,
              1321
            ],
            [
              91.91467349,
              44.41574998,
              1321
            ],
            [
              91.91467215,
              44.4157515,
              1321
            ],
            [
              91.91467081,
              44.41575302,
              1321
            ],
            [
              91.91466947,
              44.41575455,
              1321
            ],
            [
              91.91466813,
              44.41575607,
              1321
            ],
            [
              91.91466678,
              44.41575759,
              1321
            ],
            [
              91.91466544,
              44.41575911,
              1321
            ],
            [
              91.9146641,
              44.41576063,
              1321
            ],
            [
              91.91466276,
              44.41576215,
              1321
            ],
            [
              91.91466142,
              44.41576367,
              1321
            ],
            [
              91.91466008,
              44.41576519,
              1321
            ],
            [
              91.91465874,
              44.41576672,
              1321
            ],
            [
              91.9146574,
              44.41576824,
              1321
            ],
            [
              91.91465606,
              44.41576976,
              1321
            ],
            [
              91.91465472,
              44.41577128,
              1321
            ],
            [
              91.91465338,
              44.4157728,
              1321
            ],
            [
              91.91465204,
              44.41577432,
              1321
            ],
            [
              91.91465069,
              44.41577584,
              1321
            ],
            [
              91.91464935,
              44.41577736,
              1321
            ],
            [
              91.91464801,
              44.41577889,
              1321
            ],
            [
              91.91464667,
              44.41578041,
              1321
            ],
            [
              91.91464533,
              44.41578193,
              1321
            ],
            [
              91.91464399,
              44.41578345,
              1321
            ],
            [
              91.91464265,
              44.41578497,
              1321
            ],
            [
              91.91464131,
              44.41578649,
              1321
            ],
            [
              91.91463997,
              44.41578801,
              1321
            ],
            [
              91.91463863,
              44.41578953,
              1321
            ],
            [
              91.91463729,
              44.41579106,
              1321
            ],
            [
              91.91463594,
              44.41579258,
              1321
            ],
            [
              91.9146346,
              44.4157941,
              1321
            ],
            [
              91.91463326,
              44.41579562,
              1321
            ],
            [
              91.91463192,
              44.41579714,
              1321
            ],
            [
              91.91463058,
              44.41579866,
              1321
            ],
            [
              91.91462924,
              44.41580018,
              1321
            ],
            [
              91.9146279,
              44.4158017,
              1321
            ],
            [
              91.91462656,
              44.41580323,
              1321
            ],
            [
              91.91462522,
              44.41580475,
              1321
            ],
            [
              91.91462388,
              44.41580627,
              1321
            ],
            [
              91.91462254,
              44.41580779,
              1321
            ],
            [
              91.91462119,
              44.41580931,
              1321
            ],
            [
              91.91461985,
              44.41581083,
              1321
            ],
            [
              91.91461851,
              44.41581235,
              1321
            ],
            [
              91.91461717,
              44.41581387,
              1321
            ],
            [
              91.91461583,
              44.4158154,
              1321
            ],
            [
              91.91461449,
              44.41581692,
              1321
            ],
            [
              91.91461315,
              44.41581844,
              1321
            ],
            [
              91.91461181,
              44.41581996,
              1321
            ],
            [
              91.91461047,
              44.41582148,
              1321
            ],
            [
              91.91460913,
              44.415823,
              1321
            ],
            [
              91.91460779,
              44.41582452,
              1321
            ],
            [
              91.91460645,
              44.41582604,
              1321
            ],
            [
              91.9146051,
              44.41582756,
              1321
            ],
            [
              91.91460376,
              44.41582909,
              1321
            ],
            [
              91.91460242,
              44.41583061,
              1321
            ],
            [
              91.91460108,
              44.41583213,
              1321
            ],
            [
              91.91459974,
              44.41583365,
              1321
            ],
            [
              91.9145984,
              44.41583517,
              1321
            ],
            [
              91.91459706,
              44.41583669,
              1321
            ],
            [
              91.91459572,
              44.41583821,
              1321
            ],
            [
              91.91459438,
              44.41583973,
              1321
            ],
            [
              91.91459304,
              44.41584126,
              1321
            ],
            [
              91.9145917,
              44.41584278,
              1321
            ],
            [
              91.91459035,
              44.4158443,
              1321
            ],
            [
              91.91458901,
              44.41584582,
              1321
            ],
            [
              91.91458767,
              44.41584734,
              1321
            ],
            [
              91.91458633,
              44.41584886,
              1321
            ],
            [
              91.91458499,
              44.41585038,
              1321
            ],
            [
              91.91458365,
              44.4158519,
              1321
            ],
            [
              91.91458231,
              44.41585343,
              1321
            ],
            [
              91.91458097,
              44.41585495,
              1321
            ],
            [
              91.91457963,
              44.41585647,
              1321
            ],
            [
              91.91457829,
              44.41585799,
              1321
            ],
            [
              91.91457695,
              44.41585951,
              1321
            ],
            [
              91.9145756,
              44.41586103,
              1321
            ],
            [
              91.91457426,
              44.41586255,
              1321
            ],
            [
              91.91457292,
              44.41586407,
              1321
            ],
            [
              91.91457158,
              44.4158656,
              1321
            ],
            [
              91.91457024,
              44.41586712,
              1321
            ],
            [
              91.9145689,
              44.41586864,
              1321
            ],
            [
              91.91456756,
              44.41587016,
              1321
            ],
            [
              91.91456622,
              44.41587168,
              1321
            ],
            [
              91.91456488,
              44.4158732,
              1321
            ],
            [
              91.91456354,
              44.41587472,
              1321
            ],
            [
              91.9145622,
              44.41587624,
              1321
            ],
            [
              91.91456085,
              44.41587777,
              1321
            ],
            [
              91.91455951,
              44.41587929,
              1321
            ],
            [
              91.91455817,
              44.41588081,
              1321
            ],
            [
              91.91455683,
              44.41588233,
              1321
            ],
            [
              91.91455549,
              44.41588385,
              1321
            ],
            [
              91.91455415,
              44.41588537,
              1321
            ],
            [
              91.91455281,
              44.41588689,
              1321
            ],
            [
              91.91455147,
              44.41588841,
              1321
            ],
            [
              91.91455013,
              44.41588994,
              1321
            ],
            [
              91.91454879,
              44.41589146,
              1321
            ],
            [
              91.91454745,
              44.41589298,
              1321
            ],
            [
              91.91454611,
              44.4158945,
              1321
            ],
            [
              91.91454476,
              44.41589602,
              1321
            ],
            [
              91.91454342,
              44.41589754,
              1321
            ],
            [
              91.91454208,
              44.41589906,
              1321
            ],
            [
              91.91454074,
              44.41590058,
              1321
            ],
            [
              91.9145394,
              44.41590211,
              1321
            ],
            [
              91.91453806,
              44.41590363,
              1321
            ],
            [
              91.91453672,
              44.41590515,
              1321
            ],
            [
              91.91453538,
              44.41590667,
              1321
            ],
            [
              91.91453404,
              44.41590819,
              1321
            ],
            [
              91.9145327,
              44.41590971,
              1321
            ],
            [
              91.91453136,
              44.41591123,
              1321
            ],
            [
              91.91453001,
              44.41591275,
              1321
            ],
            [
              91.91452867,
              44.41591428,
              1321
            ],
            [
              91.91452733,
              44.4159158,
              1321
            ],
            [
              91.91452599,
              44.41591732,
              1321
            ],
            [
              91.91452465,
              44.41591884,
              1321
            ],
            [
              91.91452331,
              44.41592036,
              1321
            ],
            [
              91.91384684,
              44.41554866,
              1321
            ]
          ]
        ]
      },
      "geometry_name": "shape",
      "properties": {
        "object_id": "1",
        "name": "rgn#2",
        "mapset_code": "0000",
        "geo_code": "",
        "type": 4,
        "version": "1782733499476_20260714214830",
        "attribute": "{\"MannedMode\":1}"
      },
      "bbox": [
        91.91383318,
        44.41240684,
        91.91580085,
        44.41592036
      ]
    },
    {
      "type": "Feature",
      "id": "rgn_auxiliary.1521240285063893064",
      "geometry": {
        "type": "Polygon",
        "coordinates": [
          [
            [
              91.88943322,
              44.40230895,
              300
            ],
            [
              91.88943345,
              44.40231074,
              300
            ],
            [
              91.88943367,
              44.40231253,
              300
            ],
            [
              91.8894339,
              44.40231431,
              300
            ],
            [
              91.88943412,
              44.4023161,
              300
            ],
            [
              91.88943435,
              44.40231789,
              300
            ],
            [
              91.88943457,
              44.40231968,
              300
            ],
            [
              91.8894348,
              44.40232147,
              300
            ],
            [
              91.88943502,
              44.40232326,
              300
            ],
            [
              91.88943525,
              44.40232505,
              300
            ],
            [
              91.88943547,
              44.40232684,
              300
            ],
            [
              91.8894357,
              44.40232862,
              300
            ],
            [
              91.88943592,
              44.40233041,
              300
            ],
            [
              91.88943615,
              44.4023322,
              300
            ],
            [
              91.88943638,
              44.40233399,
              300
            ],
            [
              91.8894366,
              44.40233578,
              300
            ],
            [
              91.88943683,
              44.40233757,
              300
            ],
            [
              91.88943705,
              44.40233936,
              300
            ],
            [
              91.88943728,
              44.40234114,
              300
            ],
            [
              91.8894375,
              44.40234293,
              300
            ],
            [
              91.88943773,
              44.40234472,
              300
            ],
            [
              91.88943795,
              44.40234651,
              300
            ],
            [
              91.88943818,
              44.4023483,
              300
            ],
            [
              91.8894384,
              44.40235009,
              300
            ],
            [
              91.88943863,
              44.40235188,
              300
            ],
            [
              91.88943885,
              44.40235367,
              300
            ],
            [
              91.88943908,
              44.40235545,
              300
            ],
            [
              91.8894393,
              44.40235724,
              300
            ],
            [
              91.88943953,
              44.40235903,
              300
            ],
            [
              91.88943975,
              44.40236082,
              300
            ],
            [
              91.88943998,
              44.40236261,
              300
            ],
            [
              91.88944021,
              44.4023644,
              300
            ],
            [
              91.88944043,
              44.40236619,
              300
            ],
            [
              91.88944066,
              44.40236798,
              300
            ],
            [
              91.88944088,
              44.40236976,
              300
            ],
            [
              91.88944111,
              44.40237155,
              300
            ],
            [
              91.88944133,
              44.40237334,
              300
            ],
            [
              91.88944156,
              44.40237513,
              300
            ],
            [
              91.88944178,
              44.40237692,
              300
            ],
            [
              91.88944201,
              44.40237871,
              300
            ],
            [
              91.88944223,
              44.4023805,
              300
            ],
            [
              91.88944246,
              44.40238229,
              300
            ],
            [
              91.88944268,
              44.40238407,
              300
            ],
            [
              91.88944291,
              44.40238586,
              300
            ],
            [
              91.88944313,
              44.40238765,
              300
            ],
            [
              91.88944336,
              44.40238944,
              300
            ],
            [
              91.88944359,
              44.40239123,
              300
            ],
            [
              91.88944381,
              44.40239302,
              300
            ],
            [
              91.88944404,
              44.40239481,
              300
            ],
            [
              91.88944426,
              44.40239659,
              300
            ],
            [
              91.88944449,
              44.40239838,
              300
            ],
            [
              91.88944471,
              44.40240017,
              300
            ],
            [
              91.88944494,
              44.40240196,
              300
            ],
            [
              91.88944516,
              44.40240375,
              300
            ],
            [
              91.88944539,
              44.40240554,
              300
            ],
            [
              91.88944561,
              44.40240733,
              300
            ],
            [
              91.88944584,
              44.40240912,
              300
            ],
            [
              91.88944606,
              44.4024109,
              300
            ],
            [
              91.88944629,
              44.40241269,
              300
            ],
            [
              91.88944651,
              44.40241448,
              300
            ],
            [
              91.88944674,
              44.40241627,
              300
            ],
            [
              91.88944696,
              44.40241806,
              300
            ],
            [
              91.88944719,
              44.40241985,
              300
            ],
            [
              91.88944742,
              44.40242164,
              300
            ],
            [
              91.88944764,
              44.40242343,
              300
            ],
            [
              91.88944787,
              44.40242521,
              300
            ],
            [
              91.88944809,
              44.402427,
              300
            ],
            [
              91.88944832,
              44.40242879,
              300
            ],
            [
              91.88944854,
              44.40243058,
              300
            ],
            [
              91.88944877,
              44.40243237,
              300
            ],
            [
              91.88944899,
              44.40243416,
              300
            ],
            [
              91.88944922,
              44.40243595,
              300
            ],
            [
              91.88944944,
              44.40243774,
              300
            ],
            [
              91.88944967,
              44.40243952,
              300
            ],
            [
              91.88944989,
              44.40244131,
              300
            ],
            [
              91.88945012,
              44.4024431,
              300
            ],
            [
              91.88945034,
              44.40244489,
              300
            ],
            [
              91.88945057,
              44.40244668,
              300
            ],
            [
              91.88945079,
              44.40244847,
              300
            ],
            [
              91.88945102,
              44.40245026,
              300
            ],
            [
              91.88945125,
              44.40245204,
              300
            ],
            [
              91.88945147,
              44.40245383,
              300
            ],
            [
              91.8894517,
              44.40245562,
              300
            ],
            [
              91.88945192,
              44.40245741,
              300
            ],
            [
              91.88945215,
              44.4024592,
              300
            ],
            [
              91.88945237,
              44.40246099,
              300
            ],
            [
              91.8894526,
              44.40246278,
              300
            ],
            [
              91.88945282,
              44.40246457,
              300
            ],
            [
              91.88945305,
              44.40246635,
              300
            ],
            [
              91.88945327,
              44.40246814,
              300
            ],
            [
              91.8894535,
              44.40246993,
              300
            ],
            [
              91.88945372,
              44.40247172,
              300
            ],
            [
              91.88945395,
              44.40247351,
              300
            ],
            [
              91.88945417,
              44.4024753,
              300
            ],
            [
              91.8894544,
              44.40247709,
              300
            ],
            [
              91.88945463,
              44.40247888,
              300
            ],
            [
              91.88945485,
              44.40248066,
              300
            ],
            [
              91.88945508,
              44.40248245,
              300
            ],
            [
              91.8894553,
              44.40248424,
              300
            ],
            [
              91.88945553,
              44.40248603,
              300
            ],
            [
              91.88945575,
              44.40248782,
              300
            ],
            [
              91.88945598,
              44.40248961,
              300
            ],
            [
              91.8894562,
              44.4024914,
              300
            ],
            [
              91.88945643,
              44.40249319,
              300
            ],
            [
              91.88945665,
              44.40249497,
              300
            ],
            [
              91.88945688,
              44.40249676,
              300
            ],
            [
              91.8894571,
              44.40249855,
              300
            ],
            [
              91.88945733,
              44.40250034,
              300
            ],
            [
              91.88945755,
              44.40250213,
              300
            ],
            [
              91.88945778,
              44.40250392,
              300
            ],
            [
              91.889458,
              44.40250571,
              300
            ],
            [
              91.88945823,
              44.40250749,
              300
            ],
            [
              91.88945846,
              44.40250928,
              300
            ],
            [
              91.88945868,
              44.40251107,
              300
            ],
            [
              91.88945891,
              44.40251286,
              300
            ],
            [
              91.88945913,
              44.40251465,
              300
            ],
            [
              91.88945936,
              44.40251644,
              300
            ],
            [
              91.88945958,
              44.40251823,
              300
            ],
            [
              91.88945981,
              44.40252002,
              300
            ],
            [
              91.88946003,
              44.4025218,
              300
            ],
            [
              91.88946026,
              44.40252359,
              300
            ],
            [
              91.88946048,
              44.40252538,
              300
            ],
            [
              91.88946071,
              44.40252717,
              300
            ],
            [
              91.88946093,
              44.40252896,
              300
            ],
            [
              91.88946116,
              44.40253075,
              300
            ],
            [
              91.88946138,
              44.40253254,
              300
            ],
            [
              91.88946161,
              44.40253433,
              300
            ],
            [
              91.88946183,
              44.40253611,
              300
            ],
            [
              91.88946206,
              44.4025379,
              300
            ],
            [
              91.88946229,
              44.40253969,
              300
            ],
            [
              91.88946251,
              44.40254148,
              300
            ],
            [
              91.88946274,
              44.40254327,
              300
            ],
            [
              91.88946296,
              44.40254506,
              300
            ],
            [
              91.88946319,
              44.40254685,
              300
            ],
            [
              91.88946341,
              44.40254864,
              300
            ],
            [
              91.88946364,
              44.40255042,
              300
            ],
            [
              91.88946386,
              44.40255221,
              300
            ],
            [
              91.88946409,
              44.402554,
              300
            ],
            [
              91.88946431,
              44.40255579,
              300
            ],
            [
              91.88946454,
              44.40255758,
              300
            ],
            [
              91.88946476,
              44.40255937,
              300
            ],
            [
              91.88946499,
              44.40256116,
              300
            ],
            [
              91.88946521,
              44.40256295,
              300
            ],
            [
              91.88946544,
              44.40256473,
              300
            ],
            [
              91.88946567,
              44.40256652,
              300
            ],
            [
              91.88946589,
              44.40256831,
              300
            ],
            [
              91.88946612,
              44.4025701,
              300
            ],
            [
              91.88946634,
              44.40257189,
              300
            ],
            [
              91.88946657,
              44.40257368,
              300
            ],
            [
              91.88946679,
              44.40257547,
              300
            ],
            [
              91.88946702,
              44.40257725,
              300
            ],
            [
              91.88946724,
              44.40257904,
              300
            ],
            [
              91.88946747,
              44.40258083,
              300
            ],
            [
              91.88946769,
              44.40258262,
              300
            ],
            [
              91.88946792,
              44.40258441,
              300
            ],
            [
              91.88946814,
              44.4025862,
              300
            ],
            [
              91.88946837,
              44.40258799,
              300
            ],
            [
              91.88946859,
              44.40258978,
              300
            ],
            [
              91.88946882,
              44.40259156,
              300
            ],
            [
              91.88946904,
              44.40259335,
              300
            ],
            [
              91.88946927,
              44.40259514,
              300
            ],
            [
              91.8894695,
              44.40259693,
              300
            ],
            [
              91.88946972,
              44.40259872,
              300
            ],
            [
              91.88946995,
              44.40260051,
              300
            ],
            [
              91.88947017,
              44.4026023,
              300
            ],
            [
              91.8894704,
              44.40260409,
              300
            ],
            [
              91.88947062,
              44.40260587,
              300
            ],
            [
              91.88947085,
              44.40260766,
              300
            ],
            [
              91.88947107,
              44.40260945,
              300
            ],
            [
              91.8894713,
              44.40261124,
              300
            ],
            [
              91.88947152,
              44.40261303,
              300
            ],
            [
              91.88947175,
              44.40261482,
              300
            ],
            [
              91.88947197,
              44.40261661,
              300
            ],
            [
              91.8894722,
              44.4026184,
              300
            ],
            [
              91.88947242,
              44.40262018,
              300
            ],
            [
              91.88947265,
              44.40262197,
              300
            ],
            [
              91.88947287,
              44.40262376,
              300
            ],
            [
              91.8894731,
              44.40262555,
              300
            ],
            [
              91.88947333,
              44.40262734,
              300
            ],
            [
              91.88947355,
              44.40262913,
              300
            ],
            [
              91.88947378,
              44.40263092,
              300
            ],
            [
              91.889474,
              44.4026327,
              300
            ],
            [
              91.88947423,
              44.40263449,
              300
            ],
            [
              91.88947445,
              44.40263628,
              300
            ],
            [
              91.88947468,
              44.40263807,
              300
            ],
            [
              91.8894749,
              44.40263986,
              300
            ],
            [
              91.88947513,
              44.40264165,
              300
            ],
            [
              91.88947535,
              44.40264344,
              300
            ],
            [
              91.88947558,
              44.40264523,
              300
            ],
            [
              91.8894758,
              44.40264701,
              300
            ],
            [
              91.88947603,
              44.4026488,
              300
            ],
            [
              91.88947625,
              44.40265059,
              300
            ],
            [
              91.88947648,
              44.40265238,
              300
            ],
            [
              91.88947671,
              44.40265417,
              300
            ],
            [
              91.88947693,
              44.40265596,
              300
            ],
            [
              91.88947716,
              44.40265775,
              300
            ],
            [
              91.88947738,
              44.40265954,
              300
            ],
            [
              91.88947761,
              44.40266132,
              300
            ],
            [
              91.88947783,
              44.40266311,
              300
            ],
            [
              91.88947806,
              44.4026649,
              300
            ],
            [
              91.88947828,
              44.40266669,
              300
            ],
            [
              91.88947851,
              44.40266848,
              300
            ],
            [
              91.88947873,
              44.40267027,
              300
            ],
            [
              91.88947896,
              44.40267206,
              300
            ],
            [
              91.88947918,
              44.40267385,
              300
            ],
            [
              91.88947941,
              44.40267563,
              300
            ],
            [
              91.88947963,
              44.40267742,
              300
            ],
            [
              91.88947986,
              44.40267921,
              300
            ],
            [
              91.88948008,
              44.402681,
              300
            ],
            [
              91.88948031,
              44.40268279,
              300
            ],
            [
              91.88948054,
              44.40268458,
              300
            ],
            [
              91.88948076,
              44.40268637,
              300
            ],
            [
              91.88948099,
              44.40268815,
              300
            ],
            [
              91.88948121,
              44.40268994,
              300
            ],
            [
              91.88948144,
              44.40269173,
              300
            ],
            [
              91.88948166,
              44.40269352,
              300
            ],
            [
              91.88948189,
              44.40269531,
              300
            ],
            [
              91.88948211,
              44.4026971,
              300
            ],
            [
              91.88948234,
              44.40269889,
              300
            ],
            [
              91.88948256,
              44.40270068,
              300
            ],
            [
              91.88948279,
              44.40270246,
              300
            ],
            [
              91.88948301,
              44.40270425,
              300
            ],
            [
              91.88948324,
              44.40270604,
              300
            ],
            [
              91.88948346,
              44.40270783,
              300
            ],
            [
              91.88948369,
              44.40270962,
              300
            ],
            [
              91.88948391,
              44.40271141,
              300
            ],
            [
              91.88948414,
              44.4027132,
              300
            ],
            [
              91.88948437,
              44.40271499,
              300
            ],
            [
              91.88948459,
              44.40271677,
              300
            ],
            [
              91.88948482,
              44.40271856,
              300
            ],
            [
              91.88948504,
              44.40272035,
              300
            ],
            [
              91.88948527,
              44.40272214,
              300
            ],
            [
              91.88948549,
              44.40272393,
              300
            ],
            [
              91.88948572,
              44.40272572,
              300
            ],
            [
              91.88948594,
              44.40272751,
              300
            ],
            [
              91.88948617,
              44.4027293,
              300
            ],
            [
              91.88948639,
              44.40273108,
              300
            ],
            [
              91.88948662,
              44.40273287,
              300
            ],
            [
              91.88948684,
              44.40273466,
              300
            ],
            [
              91.88948707,
              44.40273645,
              300
            ],
            [
              91.88948729,
              44.40273824,
              300
            ],
            [
              91.88948752,
              44.40274003,
              300
            ],
            [
              91.88948775,
              44.40274182,
              300
            ],
            [
              91.88948797,
              44.4027436,
              300
            ],
            [
              91.8894882,
              44.40274539,
              300
            ],
            [
              91.88948842,
              44.40274718,
              300
            ],
            [
              91.88948865,
              44.40274897,
              300
            ],
            [
              91.88948887,
              44.40275076,
              300
            ],
            [
              91.8894891,
              44.40275255,
              300
            ],
            [
              91.88948932,
              44.40275434,
              300
            ],
            [
              91.88948955,
              44.40275613,
              300
            ],
            [
              91.88948977,
              44.40275791,
              300
            ],
            [
              91.88949,
              44.4027597,
              300
            ],
            [
              91.88949022,
              44.40276149,
              300
            ],
            [
              91.88949045,
              44.40276328,
              300
            ],
            [
              91.88949067,
              44.40276507,
              300
            ],
            [
              91.8894909,
              44.40276686,
              300
            ],
            [
              91.88949112,
              44.40276865,
              300
            ],
            [
              91.88949135,
              44.40277044,
              300
            ],
            [
              91.88949158,
              44.40277222,
              300
            ],
            [
              91.8894918,
              44.40277401,
              300
            ],
            [
              91.88949203,
              44.4027758,
              300
            ],
            [
              91.88949225,
              44.40277759,
              300
            ],
            [
              91.88949248,
              44.40277938,
              300
            ],
            [
              91.8894927,
              44.40278117,
              300
            ],
            [
              91.88949293,
              44.40278296,
              300
            ],
            [
              91.88949315,
              44.40278475,
              300
            ],
            [
              91.88949338,
              44.40278653,
              300
            ],
            [
              91.8894936,
              44.40278832,
              300
            ],
            [
              91.88949383,
              44.40279011,
              300
            ],
            [
              91.88949405,
              44.4027919,
              300
            ],
            [
              91.88949428,
              44.40279369,
              300
            ],
            [
              91.8894945,
              44.40279548,
              300
            ],
            [
              91.88949473,
              44.40279727,
              300
            ],
            [
              91.88949495,
              44.40279905,
              300
            ],
            [
              91.88949518,
              44.40280084,
              300
            ],
            [
              91.88949541,
              44.40280263,
              300
            ],
            [
              91.88949563,
              44.40280442,
              300
            ],
            [
              91.88949586,
              44.40280621,
              300
            ],
            [
              91.88949608,
              44.402808,
              300
            ],
            [
              91.88949631,
              44.40280979,
              300
            ],
            [
              91.88949653,
              44.40281158,
              300
            ],
            [
              91.88949676,
              44.40281336,
              300
            ],
            [
              91.88949698,
              44.40281515,
              300
            ],
            [
              91.88949721,
              44.40281694,
              300
            ],
            [
              91.88949743,
              44.40281873,
              300
            ],
            [
              91.88949766,
              44.40282052,
              300
            ],
            [
              91.88949788,
              44.40282231,
              300
            ],
            [
              91.88949811,
              44.4028241,
              300
            ],
            [
              91.88949833,
              44.40282589,
              300
            ],
            [
              91.88949856,
              44.40282767,
              300
            ],
            [
              91.88949879,
              44.40282946,
              300
            ],
            [
              91.88949901,
              44.40283125,
              300
            ],
            [
              91.88949924,
              44.40283304,
              300
            ],
            [
              91.88949946,
              44.40283483,
              300
            ],
            [
              91.88949969,
              44.40283662,
              300
            ],
            [
              91.88949991,
              44.40283841,
              300
            ],
            [
              91.88950014,
              44.4028402,
              300
            ],
            [
              91.88950036,
              44.40284198,
              300
            ],
            [
              91.88950059,
              44.40284377,
              300
            ],
            [
              91.88950081,
              44.40284556,
              300
            ],
            [
              91.88950104,
              44.40284735,
              300
            ],
            [
              91.88950126,
              44.40284914,
              300
            ],
            [
              91.88950149,
              44.40285093,
              300
            ],
            [
              91.88950171,
              44.40285272,
              300
            ],
            [
              91.88950194,
              44.40285451,
              300
            ],
            [
              91.88950216,
              44.40285629,
              300
            ],
            [
              91.88950239,
              44.40285808,
              300
            ],
            [
              91.88950262,
              44.40285987,
              300
            ],
            [
              91.88950284,
              44.40286166,
              300
            ],
            [
              91.88950307,
              44.40286345,
              300
            ],
            [
              91.88950329,
              44.40286524,
              300
            ],
            [
              91.88950352,
              44.40286703,
              300
            ],
            [
              91.88950374,
              44.40286881,
              300
            ],
            [
              91.88950397,
              44.4028706,
              300
            ],
            [
              91.88950419,
              44.40287239,
              300
            ],
            [
              91.88950442,
              44.40287418,
              300
            ],
            [
              91.88950464,
              44.40287597,
              300
            ],
            [
              91.88950487,
              44.40287776,
              300
            ],
            [
              91.88950509,
              44.40287955,
              300
            ],
            [
              91.88950532,
              44.40288134,
              300
            ],
            [
              91.88950554,
              44.40288312,
              300
            ],
            [
              91.88950577,
              44.40288491,
              300
            ],
            [
              91.889506,
              44.4028867,
              300
            ],
            [
              91.88950622,
              44.40288849,
              300
            ],
            [
              91.88950645,
              44.40289028,
              300
            ],
            [
              91.88950667,
              44.40289207,
              300
            ],
            [
              91.8895069,
              44.40289386,
              300
            ],
            [
              91.88950712,
              44.40289565,
              300
            ],
            [
              91.88950735,
              44.40289743,
              300
            ],
            [
              91.88950757,
              44.40289922,
              300
            ],
            [
              91.8895078,
              44.40290101,
              300
            ],
            [
              91.88950802,
              44.4029028,
              300
            ],
            [
              91.88950825,
              44.40290459,
              300
            ],
            [
              91.88950847,
              44.40290638,
              300
            ],
            [
              91.8895087,
              44.40290817,
              300
            ],
            [
              91.88950892,
              44.40290996,
              300
            ],
            [
              91.88950915,
              44.40291174,
              300
            ],
            [
              91.88950937,
              44.40291353,
              300
            ],
            [
              91.8895096,
              44.40291532,
              300
            ],
            [
              91.88950983,
              44.40291711,
              300
            ],
            [
              91.88951005,
              44.4029189,
              300
            ],
            [
              91.88951028,
              44.40292069,
              300
            ],
            [
              91.8895105,
              44.40292248,
              300
            ],
            [
              91.88951073,
              44.40292426,
              300
            ],
            [
              91.88951095,
              44.40292605,
              300
            ],
            [
              91.88951118,
              44.40292784,
              300
            ],
            [
              91.88951214,
              44.40292932,
              300
            ],
            [
              91.88951309,
              44.40293079,
              300
            ],
            [
              91.88951405,
              44.40293227,
              300
            ],
            [
              91.88951501,
              44.40293374,
              300
            ],
            [
              91.88951597,
              44.40293522,
              300
            ],
            [
              91.88951693,
              44.4029367,
              300
            ],
            [
              91.88951789,
              44.40293817,
              300
            ],
            [
              91.88952035,
              44.40293791,
              300
            ],
            [
              91.88952281,
              44.40293765,
              300
            ],
            [
              91.88952526,
              44.40293739,
              300
            ],
            [
              91.88952772,
              44.40293713,
              300
            ],
            [
              91.88953018,
              44.40293686,
              300
            ],
            [
              91.88953264,
              44.4029366,
              300
            ],
            [
              91.8895351,
              44.40293634,
              300
            ],
            [
              91.88953756,
              44.40293608,
              300
            ],
            [
              91.88954002,
              44.40293582,
              300
            ],
            [
              91.88954247,
              44.40293556,
              300
            ],
            [
              91.88954493,
              44.4029353,
              300
            ],
            [
              91.88954739,
              44.40293504,
              300
            ],
            [
              91.88954985,
              44.40293478,
              300
            ],
            [
              91.88955231,
              44.40293451,
              300
            ],
            [
              91.88955477,
              44.40293425,
              300
            ],
            [
              91.88955723,
              44.40293399,
              300
            ],
            [
              91.88955968,
              44.40293373,
              300
            ],
            [
              91.88956214,
              44.40293347,
              300
            ],
            [
              91.8895646,
              44.40293321,
              300
            ],
            [
              91.88956706,
              44.40293295,
              300
            ],
            [
              91.88956952,
              44.40293269,
              300
            ],
            [
              91.88957198,
              44.40293242,
              300
            ],
            [
              91.88957444,
              44.40293216,
              300
            ],
            [
              91.8895769,
              44.4029319,
              300
            ],
            [
              91.88957935,
              44.40293164,
              300
            ],
            [
              91.88958181,
              44.40293138,
              300
            ],
            [
              91.88958427,
              44.40293112,
              300
            ],
            [
              91.88958673,
              44.40293086,
              300
            ],
            [
              91.88958919,
              44.4029306,
              300
            ],
            [
              91.88959165,
              44.40293034,
              300
            ],
            [
              91.88959411,
              44.40293007,
              300
            ],
            [
              91.88959656,
              44.40292981,
              300
            ],
            [
              91.88959902,
              44.40292955,
              300
            ],
            [
              91.88960148,
              44.40292929,
              300
            ],
            [
              91.88960394,
              44.40292903,
              300
            ],
            [
              91.8896064,
              44.40292877,
              300
            ],
            [
              91.88960886,
              44.40292851,
              300
            ],
            [
              91.88961132,
              44.40292825,
              300
            ],
            [
              91.88961377,
              44.40292798,
              300
            ],
            [
              91.88961623,
              44.40292772,
              300
            ],
            [
              91.88961869,
              44.40292746,
              300
            ],
            [
              91.88962115,
              44.4029272,
              300
            ],
            [
              91.88962361,
              44.40292694,
              300
            ],
            [
              91.88962607,
              44.40292668,
              300
            ],
            [
              91.88962853,
              44.40292642,
              300
            ],
            [
              91.88963098,
              44.40292616,
              300
            ],
            [
              91.88963344,
              44.4029259,
              300
            ],
            [
              91.8896359,
              44.40292563,
              300
            ],
            [
              91.88963836,
              44.40292537,
              300
            ],
            [
              91.88964082,
              44.40292511,
              300
            ],
            [
              91.88964328,
              44.40292485,
              300
            ],
            [
              91.88964574,
              44.40292459,
              300
            ],
            [
              91.88964819,
              44.40292433,
              300
            ],
            [
              91.88965065,
              44.40292407,
              300
            ],
            [
              91.88965311,
              44.40292381,
              300
            ],
            [
              91.88965557,
              44.40292354,
              300
            ],
            [
              91.88965803,
              44.40292328,
              300
            ],
            [
              91.88966049,
              44.40292302,
              300
            ],
            [
              91.88966295,
              44.40292276,
              300
            ],
            [
              91.8896654,
              44.4029225,
              300
            ],
            [
              91.88966786,
              44.40292224,
              300
            ],
            [
              91.88967032,
              44.40292198,
              300
            ],
            [
              91.88967278,
              44.40292172,
              300
            ],
            [
              91.88967524,
              44.40292145,
              300
            ],
            [
              91.8896777,
              44.40292119,
              300
            ],
            [
              91.88968016,
              44.40292093,
              300
            ],
            [
              91.88968261,
              44.40292067,
              300
            ],
            [
              91.88968507,
              44.40292041,
              300
            ],
            [
              91.88968753,
              44.40292015,
              300
            ],
            [
              91.88968999,
              44.40291989,
              300
            ],
            [
              91.88969245,
              44.40291963,
              300
            ],
            [
              91.88969491,
              44.40291937,
              300
            ],
            [
              91.88969737,
              44.4029191,
              300
            ],
            [
              91.88969983,
              44.40291884,
              300
            ],
            [
              91.88970228,
              44.40291858,
              300
            ],
            [
              91.88970474,
              44.40291832,
              300
            ],
            [
              91.8897072,
              44.40291806,
              300
            ],
            [
              91.88970966,
              44.4029178,
              300
            ],
            [
              91.88971018,
              44.40291605,
              300
            ],
            [
              91.88971071,
              44.40291431,
              300
            ],
            [
              91.88971123,
              44.40291257,
              300
            ],
            [
              91.88971176,
              44.40291082,
              300
            ],
            [
              91.88971228,
              44.40290908,
              300
            ],
            [
              91.88971281,
              44.40290733,
              300
            ],
            [
              91.88971333,
              44.40290559,
              300
            ],
            [
              91.88971386,
              44.40290384,
              300
            ],
            [
              91.88971438,
              44.4029021,
              300
            ],
            [
              91.88971491,
              44.40290036,
              300
            ],
            [
              91.88971543,
              44.40289861,
              300
            ],
            [
              91.88971596,
              44.40289687,
              300
            ],
            [
              91.88971648,
              44.40289512,
              300
            ],
            [
              91.88971701,
              44.40289338,
              300
            ],
            [
              91.88971753,
              44.40289163,
              300
            ],
            [
              91.88971806,
              44.40288989,
              300
            ],
            [
              91.88971858,
              44.40288815,
              300
            ],
            [
              91.8897191,
              44.4028864,
              300
            ],
            [
              91.88971963,
              44.40288466,
              300
            ],
            [
              91.88972015,
              44.40288291,
              300
            ],
            [
              91.88972068,
              44.40288117,
              300
            ],
            [
              91.8897212,
              44.40287942,
              300
            ],
            [
              91.88972173,
              44.40287768,
              300
            ],
            [
              91.88972225,
              44.40287594,
              300
            ],
            [
              91.88972278,
              44.40287419,
              300
            ],
            [
              91.8897233,
              44.40287245,
              300
            ],
            [
              91.88972383,
              44.4028707,
              300
            ],
            [
              91.88972435,
              44.40286896,
              300
            ],
            [
              91.88972488,
              44.40286721,
              300
            ],
            [
              91.8897254,
              44.40286547,
              300
            ],
            [
              91.88972593,
              44.40286373,
              300
            ],
            [
              91.88972645,
              44.40286198,
              300
            ],
            [
              91.88972698,
              44.40286024,
              300
            ],
            [
              91.8897275,
              44.40285849,
              300
            ],
            [
              91.88972803,
              44.40285675,
              300
            ],
            [
              91.88972855,
              44.402855,
              300
            ],
            [
              91.88972908,
              44.40285326,
              300
            ],
            [
              91.8897296,
              44.40285152,
              300
            ],
            [
              91.88973012,
              44.40284977,
              300
            ],
            [
              91.88973065,
              44.40284803,
              300
            ],
            [
              91.88973117,
              44.40284628,
              300
            ],
            [
              91.8897317,
              44.40284454,
              300
            ],
            [
              91.88973222,
              44.40284279,
              300
            ],
            [
              91.88973275,
              44.40284105,
              300
            ],
            [
              91.88973327,
              44.40283931,
              300
            ],
            [
              91.8897338,
              44.40283756,
              300
            ],
            [
              91.88973432,
              44.40283582,
              300
            ],
            [
              91.88973485,
              44.40283407,
              300
            ],
            [
              91.88973537,
              44.40283233,
              300
            ],
            [
              91.8897359,
              44.40283058,
              300
            ],
            [
              91.88973642,
              44.40282884,
              300
            ],
            [
              91.88973695,
              44.4028271,
              300
            ],
            [
              91.88973747,
              44.40282535,
              300
            ],
            [
              91.889738,
              44.40282361,
              300
            ],
            [
              91.88973852,
              44.40282186,
              300
            ],
            [
              91.88973905,
              44.40282012,
              300
            ],
            [
              91.88973957,
              44.40281837,
              300
            ],
            [
              91.88974009,
              44.40281663,
              300
            ],
            [
              91.88974062,
              44.40281488,
              300
            ],
            [
              91.88974114,
              44.40281314,
              300
            ],
            [
              91.88974167,
              44.4028114,
              300
            ],
            [
              91.88974219,
              44.40280965,
              300
            ],
            [
              91.88974272,
              44.40280791,
              300
            ],
            [
              91.88974324,
              44.40280616,
              300
            ],
            [
              91.88974377,
              44.40280442,
              300
            ],
            [
              91.88974429,
              44.40280267,
              300
            ],
            [
              91.88974482,
              44.40280093,
              300
            ],
            [
              91.88974534,
              44.40279919,
              300
            ],
            [
              91.88974587,
              44.40279744,
              300
            ],
            [
              91.88974639,
              44.4027957,
              300
            ],
            [
              91.88974692,
              44.40279395,
              300
            ],
            [
              91.88974744,
              44.40279221,
              300
            ],
            [
              91.88974797,
              44.40279046,
              300
            ],
            [
              91.88974849,
              44.40278872,
              300
            ],
            [
              91.88974902,
              44.40278698,
              300
            ],
            [
              91.88974954,
              44.40278523,
              300
            ],
            [
              91.88975006,
              44.40278349,
              300
            ],
            [
              91.88975059,
              44.40278174,
              300
            ],
            [
              91.88975111,
              44.40278,
              300
            ],
            [
              91.88975164,
              44.40277825,
              300
            ],
            [
              91.88975216,
              44.40277651,
              300
            ],
            [
              91.88975269,
              44.40277477,
              300
            ],
            [
              91.88975321,
              44.40277302,
              300
            ],
            [
              91.88975374,
              44.40277128,
              300
            ],
            [
              91.88975426,
              44.40276953,
              300
            ],
            [
              91.88975479,
              44.40276779,
              300
            ],
            [
              91.88975531,
              44.40276604,
              300
            ],
            [
              91.88975584,
              44.4027643,
              300
            ],
            [
              91.88975636,
              44.40276256,
              300
            ],
            [
              91.88975689,
              44.40276081,
              300
            ],
            [
              91.88975741,
              44.40275907,
              300
            ],
            [
              91.88975794,
              44.40275732,
              300
            ],
            [
              91.88975846,
              44.40275558,
              300
            ],
            [
              91.88975899,
              44.40275383,
              300
            ],
            [
              91.88975951,
              44.40275209,
              300
            ],
            [
              91.88976197,
              44.40275213,
              300
            ],
            [
              91.88976443,
              44.40275218,
              300
            ],
            [
              91.88976689,
              44.40275222,
              300
            ],
            [
              91.88976935,
              44.40275226,
              300
            ],
            [
              91.88977181,
              44.40275231,
              300
            ],
            [
              91.88977427,
              44.40275235,
              300
            ],
            [
              91.88977673,
              44.40275239,
              300
            ],
            [
              91.88977919,
              44.40275243,
              300
            ],
            [
              91.88978165,
              44.40275248,
              300
            ],
            [
              91.88978411,
              44.40275252,
              300
            ],
            [
              91.88978657,
              44.40275256,
              300
            ],
            [
              91.88978903,
              44.40275261,
              300
            ],
            [
              91.88979149,
              44.40275265,
              300
            ],
            [
              91.88979395,
              44.40275269,
              300
            ],
            [
              91.88979641,
              44.40275274,
              300
            ],
            [
              91.88979887,
              44.40275278,
              300
            ],
            [
              91.88980133,
              44.40275282,
              300
            ],
            [
              91.88980379,
              44.40275286,
              300
            ],
            [
              91.88980625,
              44.40275291,
              300
            ],
            [
              91.88980871,
              44.40275295,
              300
            ],
            [
              91.88981117,
              44.40275299,
              300
            ],
            [
              91.88981363,
              44.40275304,
              300
            ],
            [
              91.88981609,
              44.40275308,
              300
            ],
            [
              91.88981855,
              44.40275312,
              300
            ],
            [
              91.88982101,
              44.40275317,
              300
            ],
            [
              91.88982347,
              44.40275321,
              300
            ],
            [
              91.88982593,
              44.40275325,
              300
            ],
            [
              91.8898284,
              44.40275329,
              300
            ],
            [
              91.88983086,
              44.40275334,
              300
            ],
            [
              91.88983332,
              44.40275338,
              300
            ],
            [
              91.88983578,
              44.40275342,
              300
            ],
            [
              91.88983824,
              44.40275347,
              300
            ],
            [
              91.8898407,
              44.40275351,
              300
            ],
            [
              91.88984316,
              44.40275355,
              300
            ],
            [
              91.88984562,
              44.4027536,
              300
            ],
            [
              91.88984808,
              44.40275364,
              300
            ],
            [
              91.88985023,
              44.40275455,
              300
            ],
            [
              91.88985238,
              44.40275545,
              300
            ],
            [
              91.88985454,
              44.40275636,
              300
            ],
            [
              91.88985669,
              44.40275727,
              300
            ],
            [
              91.88985884,
              44.40275817,
              300
            ],
            [
              91.88986099,
              44.40275908,
              300
            ],
            [
              91.88986315,
              44.40275999,
              300
            ],
            [
              91.8898653,
              44.40276089,
              300
            ],
            [
              91.88986745,
              44.4027618,
              300
            ],
            [
              91.88986961,
              44.40276271,
              300
            ],
            [
              91.88987176,
              44.40276361,
              300
            ],
            [
              91.88987391,
              44.40276452,
              300
            ],
            [
              91.88987607,
              44.40276543,
              300
            ],
            [
              91.88987822,
              44.40276633,
              300
            ],
            [
              91.88988037,
              44.40276724,
              300
            ],
            [
              91.88988252,
              44.40276815,
              300
            ],
            [
              91.88988468,
              44.40276906,
              300
            ],
            [
              91.88988683,
              44.40276996,
              300
            ],
            [
              91.88988898,
              44.40277087,
              300
            ],
            [
              91.88989114,
              44.40277178,
              300
            ],
            [
              91.88989329,
              44.40277268,
              300
            ],
            [
              91.88989544,
              44.40277359,
              300
            ],
            [
              91.8898976,
              44.4027745,
              300
            ],
            [
              91.88989975,
              44.4027754,
              300
            ],
            [
              91.8899019,
              44.40277631,
              300
            ],
            [
              91.88990405,
              44.40277722,
              300
            ],
            [
              91.88990621,
              44.40277812,
              300
            ],
            [
              91.88990836,
              44.40277903,
              300
            ],
            [
              91.88991051,
              44.40277994,
              300
            ],
            [
              91.88991267,
              44.40278084,
              300
            ],
            [
              91.88991482,
              44.40278175,
              300
            ],
            [
              91.88991697,
              44.40278266,
              300
            ],
            [
              91.88991913,
              44.40278357,
              300
            ],
            [
              91.88992128,
              44.40278447,
              300
            ],
            [
              91.88992343,
              44.40278538,
              300
            ],
            [
              91.88992558,
              44.40278629,
              300
            ],
            [
              91.88992774,
              44.40278719,
              300
            ],
            [
              91.88992989,
              44.4027881,
              300
            ],
            [
              91.88993204,
              44.40278901,
              300
            ],
            [
              91.8899342,
              44.40278991,
              300
            ],
            [
              91.88993635,
              44.40279082,
              300
            ],
            [
              91.8899385,
              44.40279173,
              300
            ],
            [
              91.88994066,
              44.40279263,
              300
            ],
            [
              91.88994281,
              44.40279354,
              300
            ],
            [
              91.88994496,
              44.40279445,
              300
            ],
            [
              91.88994711,
              44.40279535,
              300
            ],
            [
              91.88994927,
              44.40279626,
              300
            ],
            [
              91.88995142,
              44.40279717,
              300
            ],
            [
              91.88995357,
              44.40279807,
              300
            ],
            [
              91.88995573,
              44.40279898,
              300
            ],
            [
              91.88995788,
              44.40279989,
              300
            ],
            [
              91.88996003,
              44.4028008,
              300
            ],
            [
              91.88996219,
              44.4028017,
              300
            ],
            [
              91.88996434,
              44.40280261,
              300
            ],
            [
              91.88996649,
              44.40280352,
              300
            ],
            [
              91.88996864,
              44.40280442,
              300
            ],
            [
              91.8899708,
              44.40280533,
              300
            ],
            [
              91.88997295,
              44.40280624,
              300
            ],
            [
              91.8899751,
              44.40280714,
              300
            ],
            [
              91.88997726,
              44.40280805,
              300
            ],
            [
              91.88997941,
              44.40280896,
              300
            ],
            [
              91.88998156,
              44.40280986,
              300
            ],
            [
              91.88998372,
              44.40281077,
              300
            ],
            [
              91.88998587,
              44.40281168,
              300
            ],
            [
              91.88998802,
              44.40281258,
              300
            ],
            [
              91.88999017,
              44.40281349,
              300
            ],
            [
              91.88999233,
              44.4028144,
              300
            ],
            [
              91.88999448,
              44.40281531,
              300
            ],
            [
              91.88999663,
              44.40281621,
              300
            ],
            [
              91.88999879,
              44.40281712,
              300
            ],
            [
              91.89000094,
              44.40281803,
              300
            ],
            [
              91.89000309,
              44.40281893,
              300
            ],
            [
              91.89000525,
              44.40281984,
              300
            ],
            [
              91.89000601,
              44.40281816,
              300
            ],
            [
              91.89000677,
              44.40281648,
              300
            ],
            [
              91.89000753,
              44.4028148,
              300
            ],
            [
              91.89000829,
              44.40281312,
              300
            ],
            [
              91.89000905,
              44.40281144,
              300
            ],
            [
              91.89000981,
              44.40280976,
              300
            ],
            [
              91.89001057,
              44.40280808,
              300
            ],
            [
              91.89001133,
              44.40280639,
              300
            ],
            [
              91.89001209,
              44.40280471,
              300
            ],
            [
              91.89001285,
              44.40280303,
              300
            ],
            [
              91.89001361,
              44.40280135,
              300
            ],
            [
              91.89001437,
              44.40279967,
              300
            ],
            [
              91.89001513,
              44.40279799,
              300
            ],
            [
              91.89001589,
              44.40279631,
              300
            ],
            [
              91.89001665,
              44.40279463,
              300
            ],
            [
              91.89001741,
              44.40279295,
              300
            ],
            [
              91.89001817,
              44.40279127,
              300
            ],
            [
              91.89001893,
              44.40278959,
              300
            ],
            [
              91.89001969,
              44.40278791,
              300
            ],
            [
              91.89002045,
              44.40278623,
              300
            ],
            [
              91.89002121,
              44.40278455,
              300
            ],
            [
              91.89002197,
              44.40278287,
              300
            ],
            [
              91.89002273,
              44.40278118,
              300
            ],
            [
              91.89002349,
              44.4027795,
              300
            ],
            [
              91.89002425,
              44.40277782,
              300
            ],
            [
              91.89002501,
              44.40277614,
              300
            ],
            [
              91.89002577,
              44.40277446,
              300
            ],
            [
              91.89002653,
              44.40277278,
              300
            ],
            [
              91.89002729,
              44.4027711,
              300
            ],
            [
              91.89002805,
              44.40276942,
              300
            ],
            [
              91.89002881,
              44.40276774,
              300
            ],
            [
              91.89002957,
              44.40276606,
              300
            ],
            [
              91.89003033,
              44.40276438,
              300
            ],
            [
              91.89003109,
              44.4027627,
              300
            ],
            [
              91.89003185,
              44.40276102,
              300
            ],
            [
              91.89003261,
              44.40275934,
              300
            ],
            [
              91.89003337,
              44.40275766,
              300
            ],
            [
              91.89003413,
              44.40275598,
              300
            ],
            [
              91.89003489,
              44.40275429,
              300
            ],
            [
              91.89003565,
              44.40275261,
              300
            ],
            [
              91.89003756,
              44.40275163,
              300
            ],
            [
              91.89003947,
              44.40275064,
              300
            ],
            [
              91.89004138,
              44.40274965,
              300
            ],
            [
              91.89004329,
              44.40274866,
              300
            ],
            [
              91.8900452,
              44.40274767,
              300
            ],
            [
              91.89004711,
              44.40274668,
              300
            ],
            [
              91.89004902,
              44.40274569,
              300
            ],
            [
              91.89005093,
              44.40274471,
              300
            ],
            [
              91.89005284,
              44.40274372,
              300
            ],
            [
              91.89005475,
              44.40274273,
              300
            ],
            [
              91.89005666,
              44.40274174,
              300
            ],
            [
              91.89005857,
              44.40274075,
              300
            ],
            [
              91.89005886,
              44.40274021,
              300
            ],
            [
              91.89005938,
              44.40273925,
              300
            ],
            [
              91.89005995,
              44.40273819,
              300
            ],
            [
              91.89006057,
              44.40273704,
              300
            ],
            [
              91.89006124,
              44.40273579,
              300
            ],
            [
              91.89006196,
              44.40273447,
              300
            ],
            [
              91.89006272,
              44.40273306,
              300
            ],
            [
              91.89006352,
              44.40273158,
              300
            ],
            [
              91.89006437,
              44.40273003,
              300
            ],
            [
              91.89006524,
              44.40272842,
              300
            ],
            [
              91.89006615,
              44.40272675,
              300
            ],
            [
              91.89006662,
              44.40272588,
              300
            ],
            [
              91.89006709,
              44.40272502,
              300
            ],
            [
              91.89006757,
              44.40272413,
              300
            ],
            [
              91.89006805,
              44.40272325,
              300
            ],
            [
              91.89006854,
              44.40272234,
              300
            ],
            [
              91.89006903,
              44.40272143,
              300
            ],
            [
              91.89006953,
              44.4027205,
              300
            ],
            [
              91.89007004,
              44.40271958,
              300
            ],
            [
              91.89007055,
              44.40271863,
              300
            ],
            [
              91.89007106,
              44.40271769,
              300
            ],
            [
              91.89007157,
              44.40271673,
              300
            ],
            [
              91.89007209,
              44.40271578,
              300
            ],
            [
              91.89007261,
              44.40271481,
              300
            ],
            [
              91.89007313,
              44.40271384,
              300
            ],
            [
              91.89007366,
              44.40271286,
              300
            ],
            [
              91.89007418,
              44.40271189,
              300
            ],
            [
              91.89007471,
              44.4027109,
              300
            ],
            [
              91.89007524,
              44.40270992,
              300
            ],
            [
              91.89007577,
              44.40270894,
              300
            ],
            [
              91.8900763,
              44.40270795,
              300
            ],
            [
              91.89007682,
              44.40270696,
              300
            ],
            [
              91.89007735,
              44.40270598,
              300
            ],
            [
              91.89007787,
              44.40270499,
              300
            ],
            [
              91.8900784,
              44.40270401,
              300
            ],
            [
              91.89007892,
              44.40270303,
              300
            ],
            [
              91.89007944,
              44.40270205,
              300
            ],
            [
              91.89007996,
              44.40270107,
              300
            ],
            [
              91.89008047,
              44.4027001,
              300
            ],
            [
              91.89008098,
              44.40269913,
              300
            ],
            [
              91.89008149,
              44.40269817,
              300
            ],
            [
              91.89008199,
              44.40269722,
              300
            ],
            [
              91.89008249,
              44.40269627,
              300
            ],
            [
              91.89008298,
              44.40269533,
              300
            ],
            [
              91.89008347,
              44.40269439,
              300
            ],
            [
              91.89008395,
              44.40269347,
              300
            ],
            [
              91.89008442,
              44.40269255,
              300
            ],
            [
              91.89008489,
              44.40269165,
              300
            ],
            [
              91.89008535,
              44.40269075,
              300
            ],
            [
              91.8900858,
              44.40268988,
              300
            ],
            [
              91.89008625,
              44.402689,
              300
            ],
            [
              91.89008669,
              44.40268815,
              300
            ],
            [
              91.89008712,
              44.40268729,
              300
            ],
            [
              91.89008795,
              44.40268564,
              300
            ],
            [
              91.89008875,
              44.40268406,
              300
            ],
            [
              91.8900895,
              44.40268253,
              300
            ],
            [
              91.89008964,
              44.40268226,
              300
            ],
            [
              91.89009011,
              44.40268128,
              300
            ],
            [
              91.89009058,
              44.40268031,
              300
            ],
            [
              91.89009103,
              44.40267935,
              300
            ],
            [
              91.89009148,
              44.40267839,
              300
            ],
            [
              91.89009192,
              44.40267744,
              300
            ],
            [
              91.89009235,
              44.4026765,
              300
            ],
            [
              91.89009277,
              44.40267557,
              300
            ],
            [
              91.89009319,
              44.40267464,
              300
            ],
            [
              91.89009359,
              44.40267372,
              300
            ],
            [
              91.89009399,
              44.4026728,
              300
            ],
            [
              91.89009438,
              44.40267189,
              300
            ],
            [
              91.89009477,
              44.40267099,
              300
            ],
            [
              91.89009515,
              44.40267009,
              300
            ],
            [
              91.89009553,
              44.4026692,
              300
            ],
            [
              91.8900959,
              44.40266832,
              300
            ],
            [
              91.89009627,
              44.40266743,
              300
            ],
            [
              91.89009663,
              44.40266656,
              300
            ],
            [
              91.89009698,
              44.40266569,
              300
            ],
            [
              91.89009769,
              44.40266396,
              300
            ],
            [
              91.89009838,
              44.40266225,
              300
            ],
            [
              91.89009906,
              44.40266056,
              300
            ],
            [
              91.89009973,
              44.40265888,
              300
            ],
            [
              91.8901004,
              44.40265722,
              300
            ],
            [
              91.89010107,
              44.40265556,
              300
            ],
            [
              91.89010174,
              44.40265392,
              300
            ],
            [
              91.89010242,
              44.40265229,
              300
            ],
            [
              91.8901031,
              44.40265066,
              300
            ],
            [
              91.89010379,
              44.40264904,
              300
            ],
            [
              91.8901045,
              44.40264742,
              300
            ],
            [
              91.89010522,
              44.4026458,
              300
            ],
            [
              91.89010597,
              44.40264419,
              300
            ],
            [
              91.89010673,
              44.40264257,
              300
            ],
            [
              91.89010752,
              44.40264096,
              300
            ],
            [
              91.89010834,
              44.40263934,
              300
            ],
            [
              91.89010919,
              44.40263771,
              300
            ],
            [
              91.89010972,
              44.4026367,
              300
            ],
            [
              91.89011019,
              44.40263586,
              300
            ],
            [
              91.89011065,
              44.40263502,
              300
            ],
            [
              91.89011157,
              44.40263337,
              300
            ],
            [
              91.89011251,
              44.40263176,
              300
            ],
            [
              91.89011344,
              44.40263017,
              300
            ],
            [
              91.89011439,
              44.40262861,
              300
            ],
            [
              91.89011534,
              44.40262707,
              300
            ],
            [
              91.8901163,
              44.40262554,
              300
            ],
            [
              91.89011727,
              44.40262402,
              300
            ],
            [
              91.89011825,
              44.40262251,
              300
            ],
            [
              91.89011924,
              44.402621,
              300
            ],
            [
              91.89012024,
              44.40261949,
              300
            ],
            [
              91.89012125,
              44.40261797,
              300
            ],
            [
              91.89012228,
              44.40261643,
              300
            ],
            [
              91.89012332,
              44.40261488,
              300
            ],
            [
              91.89012438,
              44.40261331,
              300
            ],
            [
              91.89012545,
              44.40261171,
              300
            ],
            [
              91.89012599,
              44.4026109,
              300
            ],
            [
              91.89012654,
              44.40261008,
              300
            ],
            [
              91.89012709,
              44.40260925,
              300
            ],
            [
              91.89012764,
              44.40260842,
              300
            ],
            [
              91.8901282,
              44.40260757,
              300
            ],
            [
              91.89012876,
              44.40260672,
              300
            ],
            [
              91.89012933,
              44.40260584,
              300
            ],
            [
              91.8901299,
              44.40260497,
              300
            ],
            [
              91.89013048,
              44.40260407,
              300
            ],
            [
              91.89013106,
              44.40260317,
              300
            ],
            [
              91.89013165,
              44.40260225,
              300
            ],
            [
              91.89013224,
              44.40260132,
              300
            ],
            [
              91.89013285,
              44.40260037,
              300
            ],
            [
              91.89013345,
              44.40259942,
              300
            ],
            [
              91.89013406,
              44.40259843,
              300
            ],
            [
              91.89013467,
              44.40259745,
              300
            ],
            [
              91.89013488,
              44.4025971,
              300
            ],
            [
              91.89013577,
              44.40259567,
              300
            ],
            [
              91.89013667,
              44.40259421,
              300
            ],
            [
              91.8901376,
              44.40259272,
              300
            ],
            [
              91.89013855,
              44.40259119,
              300
            ],
            [
              91.89013953,
              44.40258963,
              300
            ],
            [
              91.89014052,
              44.40258804,
              300
            ],
            [
              91.89014152,
              44.40258642,
              300
            ],
            [
              91.89014255,
              44.40258478,
              300
            ],
            [
              91.89014307,
              44.40258395,
              300
            ],
            [
              91.89014358,
              44.40258312,
              300
            ],
            [
              91.89014411,
              44.40258228,
              300
            ],
            [
              91.89014463,
              44.40258144,
              300
            ],
            [
              91.89014516,
              44.40258059,
              300
            ],
            [
              91.89014569,
              44.40257974,
              300
            ],
            [
              91.89014623,
              44.40257889,
              300
            ],
            [
              91.89014676,
              44.40257803,
              300
            ],
            [
              91.8901473,
              44.40257717,
              300
            ],
            [
              91.89014784,
              44.4025763,
              300
            ],
            [
              91.89014838,
              44.40257543,
              300
            ],
            [
              91.89014892,
              44.40257457,
              300
            ],
            [
              91.89014946,
              44.40257369,
              300
            ],
            [
              91.89015,
              44.40257282,
              300
            ],
            [
              91.89015054,
              44.40257194,
              300
            ],
            [
              91.89015109,
              44.40257106,
              300
            ],
            [
              91.89015163,
              44.40257018,
              300
            ],
            [
              91.89015217,
              44.40256931,
              300
            ],
            [
              91.89015271,
              44.40256842,
              300
            ],
            [
              91.89015326,
              44.40256754,
              300
            ],
            [
              91.8901538,
              44.40256666,
              300
            ],
            [
              91.89015434,
              44.40256578,
              300
            ],
            [
              91.89015488,
              44.4025649,
              300
            ],
            [
              91.89015542,
              44.40256402,
              300
            ],
            [
              91.89015595,
              44.40256314,
              300
            ],
            [
              91.89015649,
              44.40256226,
              300
            ],
            [
              91.89015702,
              44.40256139,
              300
            ],
            [
              91.89015755,
              44.40256051,
              300
            ],
            [
              91.89015808,
              44.40255964,
              300
            ],
            [
              91.89015861,
              44.40255877,
              300
            ],
            [
              91.89015913,
              44.4025579,
              300
            ],
            [
              91.89015965,
              44.40255704,
              300
            ],
            [
              91.89016016,
              44.40255618,
              300
            ],
            [
              91.89016068,
              44.40255532,
              300
            ],
            [
              91.89016119,
              44.40255447,
              300
            ],
            [
              91.8901617,
              44.40255361,
              300
            ],
            [
              91.89016219,
              44.40255277,
              300
            ],
            [
              91.89016269,
              44.40255192,
              300
            ],
            [
              91.89016319,
              44.40255109,
              300
            ],
            [
              91.89016368,
              44.40255025,
              300
            ],
            [
              91.89016464,
              44.40254861,
              300
            ],
            [
              91.89016558,
              44.40254698,
              300
            ],
            [
              91.8901665,
              44.40254538,
              300
            ],
            [
              91.89016739,
              44.4025438,
              300
            ],
            [
              91.89016826,
              44.40254226,
              300
            ],
            [
              91.8901691,
              44.40254075,
              300
            ],
            [
              91.89016991,
              44.40253927,
              300
            ],
            [
              91.89017019,
              44.40253877,
              300
            ],
            [
              91.89017071,
              44.40253779,
              300
            ],
            [
              91.89017123,
              44.40253681,
              300
            ],
            [
              91.89017174,
              44.40253585,
              300
            ],
            [
              91.89017225,
              44.40253488,
              300
            ],
            [
              91.89017274,
              44.40253392,
              300
            ],
            [
              91.89017323,
              44.40253295,
              300
            ],
            [
              91.89017371,
              44.402532,
              300
            ],
            [
              91.89017419,
              44.40253105,
              300
            ],
            [
              91.89017466,
              44.4025301,
              300
            ],
            [
              91.89017512,
              44.40252915,
              300
            ],
            [
              91.89017558,
              44.40252822,
              300
            ],
            [
              91.89017603,
              44.40252728,
              300
            ],
            [
              91.89017647,
              44.40252635,
              300
            ],
            [
              91.89017691,
              44.40252542,
              300
            ],
            [
              91.89017734,
              44.4025245,
              300
            ],
            [
              91.89017777,
              44.40252358,
              300
            ],
            [
              91.89017819,
              44.40252267,
              300
            ],
            [
              91.89017861,
              44.40252176,
              300
            ],
            [
              91.89017902,
              44.40252086,
              300
            ],
            [
              91.89017943,
              44.40251996,
              300
            ],
            [
              91.89017983,
              44.40251907,
              300
            ],
            [
              91.89018023,
              44.40251818,
              300
            ],
            [
              91.89018062,
              44.4025173,
              300
            ],
            [
              91.89018101,
              44.40251642,
              300
            ],
            [
              91.8901814,
              44.40251555,
              300
            ],
            [
              91.89018178,
              44.40251469,
              300
            ],
            [
              91.89018253,
              44.40251297,
              300
            ],
            [
              91.89018326,
              44.40251128,
              300
            ],
            [
              91.89018399,
              44.40250962,
              300
            ],
            [
              91.8901847,
              44.40250797,
              300
            ],
            [
              91.8901854,
              44.40250636,
              300
            ],
            [
              91.89018609,
              44.40250477,
              300
            ],
            [
              91.89018677,
              44.40250321,
              300
            ],
            [
              91.89018745,
              44.40250168,
              300
            ],
            [
              91.89018812,
              44.40250017,
              300
            ],
            [
              91.89018879,
              44.4024987,
              300
            ],
            [
              91.89018945,
              44.40249725,
              300
            ],
            [
              91.89019011,
              44.40249584,
              300
            ],
            [
              91.89019077,
              44.40249446,
              300
            ],
            [
              91.89019125,
              44.40249346,
              300
            ],
            [
              91.89019173,
              44.40249247,
              300
            ],
            [
              91.89019222,
              44.40249147,
              300
            ],
            [
              91.8901927,
              44.40249047,
              300
            ],
            [
              91.89019315,
              44.40248955,
              300
            ],
            [
              91.89019359,
              44.40248862,
              300
            ],
            [
              91.89019401,
              44.40248776,
              300
            ],
            [
              91.89019443,
              44.4024869,
              300
            ],
            [
              91.89019521,
              44.40248527,
              300
            ],
            [
              91.89019597,
              44.40248373,
              300
            ],
            [
              91.8901967,
              44.40248225,
              300
            ],
            [
              91.89019743,
              44.4024808,
              300
            ],
            [
              91.89019817,
              44.40247936,
              300
            ],
            [
              91.89019892,
              44.4024779,
              300
            ],
            [
              91.89019971,
              44.40247641,
              300
            ],
            [
              91.89020055,
              44.40247486,
              300
            ],
            [
              91.89020144,
              44.40247322,
              300
            ],
            [
              91.89020193,
              44.40247235,
              300
            ],
            [
              91.89020241,
              44.40247148,
              300
            ],
            [
              91.89020294,
              44.40247055,
              300
            ],
            [
              91.89020347,
              44.40246961,
              300
            ],
            [
              91.89020405,
              44.4024686,
              300
            ],
            [
              91.89020463,
              44.40246758,
              300
            ],
            [
              91.89020498,
              44.40246697,
              300
            ],
            [
              91.8902058,
              44.40246557,
              300
            ],
            [
              91.89020666,
              44.40246412,
              300
            ],
            [
              91.89020755,
              44.40246265,
              300
            ],
            [
              91.89020846,
              44.40246114,
              300
            ],
            [
              91.89020941,
              44.40245961,
              300
            ],
            [
              91.89021038,
              44.40245804,
              300
            ],
            [
              91.89021137,
              44.40245645,
              300
            ],
            [
              91.89021238,
              44.40245484,
              300
            ],
            [
              91.89021341,
              44.40245321,
              300
            ],
            [
              91.89021393,
              44.40245238,
              300
            ],
            [
              91.89021445,
              44.40245155,
              300
            ],
            [
              91.89021498,
              44.40245072,
              300
            ],
            [
              91.89021551,
              44.40244988,
              300
            ],
            [
              91.89021604,
              44.40244904,
              300
            ],
            [
              91.89021658,
              44.40244819,
              300
            ],
            [
              91.89021712,
              44.40244734,
              300
            ],
            [
              91.89021765,
              44.40244649,
              300
            ],
            [
              91.89021819,
              44.40244563,
              300
            ],
            [
              91.89021873,
              44.40244477,
              300
            ],
            [
              91.89021928,
              44.40244391,
              300
            ],
            [
              91.89021982,
              44.40244305,
              300
            ],
            [
              91.89022036,
              44.40244218,
              300
            ],
            [
              91.8902209,
              44.40244131,
              300
            ],
            [
              91.89022144,
              44.40244044,
              300
            ],
            [
              91.89022199,
              44.40243957,
              300
            ],
            [
              91.89022252,
              44.40243869,
              300
            ],
            [
              91.89022306,
              44.40243782,
              300
            ],
            [
              91.8902236,
              44.40243694,
              300
            ],
            [
              91.89022414,
              44.40243606,
              300
            ],
            [
              91.89022467,
              44.40243519,
              300
            ],
            [
              91.8902252,
              44.40243431,
              300
            ],
            [
              91.89022573,
              44.40243343,
              300
            ],
            [
              91.89022626,
              44.40243256,
              300
            ],
            [
              91.89022678,
              44.40243168,
              300
            ],
            [
              91.8902273,
              44.4024308,
              300
            ],
            [
              91.89022781,
              44.40242993,
              300
            ],
            [
              91.89022832,
              44.40242905,
              300
            ],
            [
              91.89022882,
              44.40242818,
              300
            ],
            [
              91.89022933,
              44.40242731,
              300
            ],
            [
              91.89022992,
              44.40242627,
              300
            ],
            [
              91.89023085,
              44.40242464,
              300
            ],
            [
              91.89023178,
              44.402423,
              300
            ],
            [
              91.89023272,
              44.40242133,
              300
            ],
            [
              91.89023319,
              44.40242049,
              300
            ],
            [
              91.89023367,
              44.40241965,
              300
            ],
            [
              91.89023414,
              44.4024188,
              300
            ],
            [
              91.89023462,
              44.40241795,
              300
            ],
            [
              91.89023509,
              44.4024171,
              300
            ],
            [
              91.89023557,
              44.40241624,
              300
            ],
            [
              91.89023605,
              44.40241538,
              300
            ],
            [
              91.89023653,
              44.40241452,
              300
            ],
            [
              91.890237,
              44.40241366,
              300
            ],
            [
              91.89023748,
              44.40241279,
              300
            ],
            [
              91.89023796,
              44.40241192,
              300
            ],
            [
              91.89023844,
              44.40241105,
              300
            ],
            [
              91.89023891,
              44.40241018,
              300
            ],
            [
              91.89023939,
              44.40240931,
              300
            ],
            [
              91.89023987,
              44.40240844,
              300
            ],
            [
              91.89024034,
              44.40240757,
              300
            ],
            [
              91.89024081,
              44.40240669,
              300
            ],
            [
              91.89024129,
              44.40240582,
              300
            ],
            [
              91.89024176,
              44.40240495,
              300
            ],
            [
              91.89024223,
              44.40240408,
              300
            ],
            [
              91.89024269,
              44.40240321,
              300
            ],
            [
              91.89024316,
              44.40240234,
              300
            ],
            [
              91.89024177,
              44.40240172,
              300
            ],
            [
              91.89024039,
              44.40240111,
              300
            ],
            [
              91.88943322,
              44.40230895,
              300
            ]
          ]
        ]
      },
      "geometry_name": "shape",
      "properties": {
        "object_id": "7",
        "name": "rgn#8",
        "mapset_code": "0000",
        "geo_code": null,
        "type": 4,
        "version": "1782733499476_20260714214830",
        "attribute": "{\"MannedMode\":1}"
      },
      "bbox": [
        91.88943322,
        44.40230895,
        91.89024316,
        44.40293817
      ]
    },
    {
      "type": "Feature",
      "id": "rgn_auxiliary.1525162078854139976",
      "geometry": {
        "type": "Polygon",
        "coordinates": [
          [
            [
              91.87514903,
              44.43233346,
              1215.23947492
            ],
            [
              91.8751481,
              44.43233179,
              1215.23947492
            ],
            [
              91.87514717,
              44.43233012,
              1215.23947492
            ],
            [
              91.87514624,
              44.43232846,
              1215.23947492
            ],
            [
              91.87514531,
              44.43232679,
              1215.23947492
            ],
            [
              91.87514437,
              44.43232512,
              1215.23947492
            ],
            [
              91.87514344,
              44.43232345,
              1215.23947492
            ],
            [
              91.87514251,
              44.43232179,
              1215.23947492
            ],
            [
              91.87514158,
              44.43232012,
              1215.23947492
            ],
            [
              91.87514065,
              44.43231845,
              1215.23947492
            ],
            [
              91.87513972,
              44.43231678,
              1215.23947492
            ],
            [
              91.87513879,
              44.43231511,
              1215.23947492
            ],
            [
              91.87513786,
              44.43231345,
              1215.23947492
            ],
            [
              91.87513693,
              44.43231178,
              1215.23947492
            ],
            [
              91.87513599,
              44.43231011,
              1215.23947492
            ],
            [
              91.87513506,
              44.43230844,
              1215.23947492
            ],
            [
              91.87513413,
              44.43230678,
              1215.23947492
            ],
            [
              91.8751332,
              44.43230511,
              1215.23947492
            ],
            [
              91.87513227,
              44.43230344,
              1215.23947492
            ],
            [
              91.87513134,
              44.43230177,
              1215.23947492
            ],
            [
              91.87513041,
              44.43230011,
              1215.23947492
            ],
            [
              91.87512948,
              44.43229844,
              1215.23947492
            ],
            [
              91.87512855,
              44.43229677,
              1215.23947492
            ],
            [
              91.87512761,
              44.4322951,
              1215.23947492
            ],
            [
              91.87512668,
              44.43229343,
              1215.23947492
            ],
            [
              91.87512575,
              44.43229177,
              1215.23947492
            ],
            [
              91.87512482,
              44.4322901,
              1215.23947492
            ],
            [
              91.87512389,
              44.43228843,
              1215.23947492
            ],
            [
              91.87512296,
              44.43228676,
              1215.23947492
            ],
            [
              91.87512203,
              44.4322851,
              1215.23947492
            ],
            [
              91.8751211,
              44.43228343,
              1215.23947492
            ],
            [
              91.87512017,
              44.43228176,
              1215.23947492
            ],
            [
              91.87511923,
              44.43228009,
              1215.23947492
            ],
            [
              91.8751183,
              44.43227842,
              1215.23947492
            ],
            [
              91.87511737,
              44.43227676,
              1215.23947492
            ],
            [
              91.87511644,
              44.43227509,
              1215.23947492
            ],
            [
              91.87511551,
              44.43227342,
              1215.23947492
            ],
            [
              91.87511458,
              44.43227175,
              1215.23947492
            ],
            [
              91.87511365,
              44.43227009,
              1215.23947492
            ],
            [
              91.87511272,
              44.43226842,
              1215.23947492
            ],
            [
              91.87511178,
              44.43226675,
              1215.23947492
            ],
            [
              91.87511085,
              44.43226508,
              1215.23947492
            ],
            [
              91.87510992,
              44.43226341,
              1215.23947492
            ],
            [
              91.87510899,
              44.43226175,
              1215.23947492
            ],
            [
              91.87510806,
              44.43226008,
              1215.23947492
            ],
            [
              91.87510713,
              44.43225841,
              1215.23947492
            ],
            [
              91.8751062,
              44.43225674,
              1215.23947492
            ],
            [
              91.87510527,
              44.43225508,
              1215.23947492
            ],
            [
              91.87510434,
              44.43225341,
              1215.23947492
            ],
            [
              91.8751034,
              44.43225174,
              1215.23947492
            ],
            [
              91.87510247,
              44.43225007,
              1215.23947492
            ],
            [
              91.87510154,
              44.4322484,
              1215.23947492
            ],
            [
              91.87510061,
              44.43224674,
              1215.23947492
            ],
            [
              91.87509968,
              44.43224507,
              1215.23947492
            ],
            [
              91.87509875,
              44.4322434,
              1215.23947492
            ],
            [
              91.87509782,
              44.43224173,
              1215.23947492
            ],
            [
              91.87509689,
              44.43224007,
              1215.23947492
            ],
            [
              91.87509596,
              44.4322384,
              1215.23947492
            ],
            [
              91.87509502,
              44.43223673,
              1215.23947492
            ],
            [
              91.87509409,
              44.43223506,
              1215.23947492
            ],
            [
              91.87509316,
              44.4322334,
              1215.23947492
            ],
            [
              91.87509223,
              44.43223173,
              1215.23947492
            ],
            [
              91.8750913,
              44.43223006,
              1215.23947492
            ],
            [
              91.87509037,
              44.43222839,
              1215.23947492
            ],
            [
              91.87508944,
              44.43222672,
              1215.23947492
            ],
            [
              91.87508851,
              44.43222506,
              1215.23947492
            ],
            [
              91.87508758,
              44.43222339,
              1215.23947492
            ],
            [
              91.87508664,
              44.43222172,
              1215.23947492
            ],
            [
              91.87508571,
              44.43222005,
              1215.23947492
            ],
            [
              91.87508478,
              44.43221839,
              1215.23947492
            ],
            [
              91.87508385,
              44.43221672,
              1215.23947492
            ],
            [
              91.87508292,
              44.43221505,
              1215.31932929
            ],
            [
              91.87508199,
              44.43221338,
              1215.31932929
            ],
            [
              91.87508106,
              44.43221171,
              1215.31932929
            ],
            [
              91.87508013,
              44.43221005,
              1215.31932929
            ],
            [
              91.8750792,
              44.43220838,
              1215.31932929
            ],
            [
              91.87507826,
              44.43220671,
              1215.31932929
            ],
            [
              91.87507733,
              44.43220504,
              1215.31932929
            ],
            [
              91.8750764,
              44.43220338,
              1215.31932929
            ],
            [
              91.87507547,
              44.43220171,
              1215.31932929
            ],
            [
              91.87507454,
              44.43220004,
              1215.31932929
            ],
            [
              91.87507361,
              44.43219837,
              1215.31932929
            ],
            [
              91.87507268,
              44.4321967,
              1215.31932929
            ],
            [
              91.87507175,
              44.43219504,
              1215.31932929
            ],
            [
              91.87507082,
              44.43219337,
              1215.31932929
            ],
            [
              91.87506989,
              44.4321917,
              1215.31932929
            ],
            [
              91.87506895,
              44.43219003,
              1215.31932929
            ],
            [
              91.87506802,
              44.43218837,
              1215.31932929
            ],
            [
              91.87506709,
              44.4321867,
              1215.31932929
            ],
            [
              91.87506616,
              44.43218503,
              1215.31932929
            ],
            [
              91.87506523,
              44.43218336,
              1215.31932929
            ],
            [
              91.8750643,
              44.43218169,
              1215.31932929
            ],
            [
              91.87506337,
              44.43218003,
              1215.31932929
            ],
            [
              91.87506244,
              44.43217836,
              1215.31932929
            ],
            [
              91.87506151,
              44.43217669,
              1215.31932929
            ],
            [
              91.87506058,
              44.43217502,
              1215.31932929
            ],
            [
              91.87505964,
              44.43217336,
              1215.31932929
            ],
            [
              91.87505871,
              44.43217169,
              1215.31932929
            ],
            [
              91.87505778,
              44.43217002,
              1215.31932929
            ],
            [
              91.87505685,
              44.43216835,
              1215.31932929
            ],
            [
              91.87505592,
              44.43216669,
              1215.31932929
            ],
            [
              91.87505499,
              44.43216502,
              1215.31932929
            ],
            [
              91.87505406,
              44.43216335,
              1215.31932929
            ],
            [
              91.87505313,
              44.43216168,
              1215.31932929
            ],
            [
              91.8750522,
              44.43216001,
              1215.31932929
            ],
            [
              91.87505127,
              44.43215835,
              1215.31932929
            ],
            [
              91.87505033,
              44.43215668,
              1215.31932929
            ],
            [
              91.8750494,
              44.43215501,
              1215.31932929
            ],
            [
              91.87504847,
              44.43215334,
              1215.31932929
            ],
            [
              91.87504754,
              44.43215168,
              1215.31932929
            ],
            [
              91.87504661,
              44.43215001,
              1215.31932929
            ],
            [
              91.87504568,
              44.43214834,
              1215.31932929
            ],
            [
              91.87504475,
              44.43214667,
              1215.31932929
            ],
            [
              91.87504382,
              44.432145,
              1215.31932929
            ],
            [
              91.87504289,
              44.43214334,
              1215.31932929
            ],
            [
              91.87504196,
              44.43214167,
              1215.31932929
            ],
            [
              91.87504102,
              44.43214,
              1215.31932929
            ],
            [
              91.87504009,
              44.43213833,
              1215.31932929
            ],
            [
              91.87503916,
              44.43213667,
              1215.31932929
            ],
            [
              91.87503823,
              44.432135,
              1215.31932929
            ],
            [
              91.8750373,
              44.43213333,
              1215.31932929
            ],
            [
              91.87503637,
              44.43213166,
              1215.31932929
            ],
            [
              91.87503544,
              44.43212999,
              1215.31932929
            ],
            [
              91.87503451,
              44.43212833,
              1215.31932929
            ],
            [
              91.87503358,
              44.43212666,
              1215.31932929
            ],
            [
              91.87503265,
              44.43212499,
              1215.31932929
            ],
            [
              91.87503171,
              44.43212332,
              1215.31932929
            ],
            [
              91.87503078,
              44.43212166,
              1215.31932929
            ],
            [
              91.87502985,
              44.43211999,
              1215.31932929
            ],
            [
              91.87502892,
              44.43211832,
              1215.31932929
            ],
            [
              91.87502799,
              44.43211665,
              1215.31932929
            ],
            [
              91.87502706,
              44.43211498,
              1215.31932929
            ],
            [
              91.87502613,
              44.43211332,
              1215.31932929
            ],
            [
              91.8750252,
              44.43211165,
              1215.31932929
            ],
            [
              91.87502427,
              44.43210998,
              1215.31932929
            ],
            [
              91.87502334,
              44.43210831,
              1215.31932929
            ],
            [
              91.8750224,
              44.43210665,
              1215.31932929
            ],
            [
              91.87502147,
              44.43210498,
              1215.31932929
            ],
            [
              91.87502054,
              44.43210331,
              1215.31932929
            ],
            [
              91.87501961,
              44.43210164,
              1215.31932929
            ],
            [
              91.87501868,
              44.43209998,
              1215.31932929
            ],
            [
              91.87501775,
              44.43209831,
              1215.31932929
            ],
            [
              91.87501682,
              44.43209664,
              1215.31932929
            ],
            [
              91.87501589,
              44.43209497,
              1215.31932929
            ],
            [
              91.87501496,
              44.4320933,
              1215.31932929
            ],
            [
              91.87501403,
              44.43209164,
              1215.31932929
            ],
            [
              91.87501309,
              44.43208997,
              1215.31932929
            ],
            [
              91.87501216,
              44.4320883,
              1215.31932929
            ],
            [
              91.87501123,
              44.43208663,
              1215.31932929
            ],
            [
              91.8750103,
              44.43208497,
              1215.31932929
            ],
            [
              91.87500937,
              44.4320833,
              1215.31932929
            ],
            [
              91.87500844,
              44.43208163,
              1215.31932929
            ],
            [
              91.87500751,
              44.43207996,
              1215.31932929
            ],
            [
              91.87500658,
              44.43207829,
              1215.31932929
            ],
            [
              91.87500565,
              44.43207663,
              1215.31932929
            ],
            [
              91.87500472,
              44.43207496,
              1215.31932929
            ],
            [
              91.87500378,
              44.43207329,
              1215.31932929
            ],
            [
              91.87500285,
              44.43207162,
              1215.31932929
            ],
            [
              91.87500192,
              44.43206996,
              1215.31932929
            ],
            [
              91.87500099,
              44.43206829,
              1215.31932929
            ],
            [
              91.87500006,
              44.43206662,
              1215.47732803
            ],
            [
              91.87499913,
              44.43206495,
              1215.47732803
            ],
            [
              91.8749982,
              44.43206328,
              1215.47732803
            ],
            [
              91.87499727,
              44.43206162,
              1215.47732803
            ],
            [
              91.87499634,
              44.43205995,
              1215.47732803
            ],
            [
              91.8749954,
              44.43205828,
              1215.47732803
            ],
            [
              91.87499447,
              44.43205661,
              1215.47732803
            ],
            [
              91.87499354,
              44.43205495,
              1215.47732803
            ],
            [
              91.87499261,
              44.43205328,
              1215.47732803
            ],
            [
              91.87499168,
              44.43205161,
              1215.47732803
            ],
            [
              91.87499075,
              44.43204995,
              1215.47732803
            ],
            [
              91.87498982,
              44.43204828,
              1215.47732803
            ],
            [
              91.87498889,
              44.43204661,
              1215.47732803
            ],
            [
              91.87498796,
              44.43204494,
              1215.47732803
            ],
            [
              91.87498703,
              44.43204327,
              1215.47732803
            ],
            [
              91.87498609,
              44.43204161,
              1215.47732803
            ],
            [
              91.87498516,
              44.43203994,
              1215.47732803
            ],
            [
              91.87498423,
              44.43203827,
              1215.47732803
            ],
            [
              91.8749833,
              44.4320366,
              1215.47732803
            ],
            [
              91.87498237,
              44.43203494,
              1215.47732803
            ],
            [
              91.87498144,
              44.43203327,
              1215.4890176
            ],
            [
              91.87498051,
              44.4320316,
              1215.4890176
            ],
            [
              91.87497958,
              44.43202993,
              1215.4890176
            ],
            [
              91.87497865,
              44.43202827,
              1215.4890176
            ],
            [
              91.87497772,
              44.4320266,
              1215.4890176
            ],
            [
              91.87497678,
              44.43202493,
              1215.4890176
            ],
            [
              91.87497585,
              44.43202326,
              1215.4890176
            ],
            [
              91.87497492,
              44.4320216,
              1215.4890176
            ],
            [
              91.87497399,
              44.43201993,
              1215.4890176
            ],
            [
              91.87497306,
              44.43201826,
              1215.4890176
            ],
            [
              91.87497213,
              44.43201659,
              1215.4890176
            ],
            [
              91.8749712,
              44.43201492,
              1215.4890176
            ],
            [
              91.87497027,
              44.43201326,
              1215.4890176
            ],
            [
              91.87496934,
              44.43201159,
              1215.4890176
            ],
            [
              91.8749684,
              44.43200992,
              1215.4890176
            ],
            [
              91.87496747,
              44.43200825,
              1215.4890176
            ],
            [
              91.87496654,
              44.43200658,
              1215.4890176
            ],
            [
              91.87496561,
              44.43200492,
              1215.4890176
            ],
            [
              91.87496468,
              44.43200325,
              1215.4890176
            ],
            [
              91.87496375,
              44.43200158,
              1215.4890176
            ],
            [
              91.87496282,
              44.43199991,
              1215.4890176
            ],
            [
              91.87496189,
              44.43199825,
              1215.4890176
            ],
            [
              91.87496096,
              44.43199658,
              1215.4890176
            ],
            [
              91.87496003,
              44.43199491,
              1215.4890176
            ],
            [
              91.87495909,
              44.43199324,
              1215.4890176
            ],
            [
              91.87495816,
              44.43199157,
              1215.4890176
            ],
            [
              91.87495723,
              44.43198991,
              1215.4890176
            ],
            [
              91.8749563,
              44.43198824,
              1215.4890176
            ],
            [
              91.87495537,
              44.43198657,
              1215.48124601
            ],
            [
              91.87516003,
              44.4319135,
              1215.55387484
            ],
            [
              91.87516066,
              44.43191521,
              1215.55387484
            ],
            [
              91.87516128,
              44.43191693,
              1215.55387484
            ],
            [
              91.87516191,
              44.43191864,
              1215.55387484
            ],
            [
              91.87516253,
              44.43192035,
              1215.55387484
            ],
            [
              91.87516316,
              44.43192207,
              1215.55387484
            ],
            [
              91.87516378,
              44.43192378,
              1215.55387484
            ],
            [
              91.87516441,
              44.4319255,
              1215.55387484
            ],
            [
              91.87516503,
              44.43192721,
              1215.55387484
            ],
            [
              91.87516566,
              44.43192892,
              1215.55387484
            ],
            [
              91.87516628,
              44.43193064,
              1215.55387484
            ],
            [
              91.87516691,
              44.43193235,
              1215.55387484
            ],
            [
              91.87516753,
              44.43193406,
              1215.55387484
            ],
            [
              91.87516816,
              44.43193578,
              1215.55387484
            ],
            [
              91.87516879,
              44.43193749,
              1215.55387484
            ],
            [
              91.87516941,
              44.4319392,
              1215.55387484
            ],
            [
              91.87517004,
              44.43194092,
              1215.55387484
            ],
            [
              91.87517066,
              44.43194263,
              1215.55387484
            ],
            [
              91.87517129,
              44.43194434,
              1215.55387484
            ],
            [
              91.87517191,
              44.43194606,
              1215.55387484
            ],
            [
              91.87517254,
              44.43194777,
              1215.55387484
            ],
            [
              91.87517316,
              44.43194949,
              1215.55387484
            ],
            [
              91.87517379,
              44.4319512,
              1215.55387484
            ],
            [
              91.87517441,
              44.43195291,
              1215.55387484
            ],
            [
              91.87517504,
              44.43195463,
              1215.55387484
            ],
            [
              91.87517566,
              44.43195634,
              1215.55387484
            ],
            [
              91.87517629,
              44.43195805,
              1215.55387484
            ],
            [
              91.87517692,
              44.43195977,
              1215.55387484
            ],
            [
              91.87517754,
              44.43196148,
              1215.55387484
            ],
            [
              91.87517817,
              44.43196319,
              1215.55387484
            ],
            [
              91.87517879,
              44.43196491,
              1215.55387484
            ],
            [
              91.87517942,
              44.43196662,
              1215.55387484
            ],
            [
              91.87518004,
              44.43196834,
              1215.55387484
            ],
            [
              91.87518067,
              44.43197005,
              1215.55387484
            ],
            [
              91.87518129,
              44.43197176,
              1215.55387484
            ],
            [
              91.87518192,
              44.43197348,
              1215.55387484
            ],
            [
              91.87518254,
              44.43197519,
              1215.55387484
            ],
            [
              91.87518317,
              44.4319769,
              1215.55387484
            ],
            [
              91.8751838,
              44.43197862,
              1215.55387484
            ],
            [
              91.87518442,
              44.43198033,
              1215.55387484
            ],
            [
              91.87518505,
              44.43198204,
              1215.55387484
            ],
            [
              91.87518567,
              44.43198376,
              1215.55387484
            ],
            [
              91.8751863,
              44.43198547,
              1215.55387484
            ],
            [
              91.87518692,
              44.43198718,
              1215.55387484
            ],
            [
              91.87518755,
              44.4319889,
              1215.55387484
            ],
            [
              91.87518817,
              44.43199061,
              1215.55387484
            ],
            [
              91.8751888,
              44.43199233,
              1215.55387484
            ],
            [
              91.87518942,
              44.43199404,
              1215.55387484
            ],
            [
              91.87519005,
              44.43199575,
              1215.55387484
            ],
            [
              91.87519067,
              44.43199747,
              1215.55387484
            ],
            [
              91.8751913,
              44.43199918,
              1215.55044246
            ],
            [
              91.87519213,
              44.43200088,
              1215.55044246
            ],
            [
              91.87519296,
              44.43200257,
              1215.55044246
            ],
            [
              91.87519379,
              44.43200427,
              1215.55044246
            ],
            [
              91.87519462,
              44.43200597,
              1215.55044246
            ],
            [
              91.87519545,
              44.43200766,
              1215.55044246
            ],
            [
              91.87519628,
              44.43200936,
              1215.55044246
            ],
            [
              91.87519711,
              44.43201106,
              1215.55044246
            ],
            [
              91.87519794,
              44.43201276,
              1215.55044246
            ],
            [
              91.87519877,
              44.43201445,
              1215.55044246
            ],
            [
              91.8751996,
              44.43201615,
              1215.55044246
            ],
            [
              91.87520043,
              44.43201785,
              1215.55044246
            ],
            [
              91.87520126,
              44.43201954,
              1215.55044246
            ],
            [
              91.87520209,
              44.43202124,
              1215.55044246
            ],
            [
              91.87520292,
              44.43202294,
              1215.55044246
            ],
            [
              91.87520374,
              44.43202464,
              1215.55044246
            ],
            [
              91.87520457,
              44.43202633,
              1215.55044246
            ],
            [
              91.8752054,
              44.43202803,
              1215.55044246
            ],
            [
              91.87520623,
              44.43202973,
              1215.55044246
            ],
            [
              91.87520706,
              44.43203142,
              1215.55044246
            ],
            [
              91.87520789,
              44.43203312,
              1215.55044246
            ],
            [
              91.87520872,
              44.43203482,
              1215.55044246
            ],
            [
              91.87520955,
              44.43203651,
              1215.55044246
            ],
            [
              91.87521038,
              44.43203821,
              1215.55044246
            ],
            [
              91.87521121,
              44.43203991,
              1215.55044246
            ],
            [
              91.87521204,
              44.43204161,
              1215.55044246
            ],
            [
              91.87521287,
              44.4320433,
              1215.55044246
            ],
            [
              91.8752137,
              44.432045,
              1215.55044246
            ],
            [
              91.87521453,
              44.4320467,
              1215.55044246
            ],
            [
              91.87521536,
              44.43204839,
              1215.55044246
            ],
            [
              91.87521619,
              44.43205009,
              1215.5258123
            ],
            [
              91.87521702,
              44.43205179,
              1215.5258123
            ],
            [
              91.87521785,
              44.43205348,
              1215.5258123
            ],
            [
              91.87521868,
              44.43205518,
              1215.5258123
            ],
            [
              91.87521951,
              44.43205688,
              1215.5258123
            ],
            [
              91.87522034,
              44.43205857,
              1215.5258123
            ],
            [
              91.87522117,
              44.43206027,
              1215.5258123
            ],
            [
              91.875222,
              44.43206197,
              1215.5258123
            ],
            [
              91.87522283,
              44.43206366,
              1215.5258123
            ],
            [
              91.87522366,
              44.43206536,
              1215.5258123
            ],
            [
              91.87522449,
              44.43206706,
              1215.5258123
            ],
            [
              91.87522531,
              44.43206876,
              1215.5258123
            ],
            [
              91.87522614,
              44.43207045,
              1215.5258123
            ],
            [
              91.87522697,
              44.43207215,
              1215.5258123
            ],
            [
              91.8752278,
              44.43207385,
              1215.5258123
            ],
            [
              91.87522863,
              44.43207554,
              1215.5258123
            ],
            [
              91.87522946,
              44.43207724,
              1215.5258123
            ],
            [
              91.87523029,
              44.43207894,
              1215.5258123
            ],
            [
              91.87523112,
              44.43208063,
              1215.5258123
            ],
            [
              91.87523195,
              44.43208233,
              1215.5258123
            ],
            [
              91.87523278,
              44.43208403,
              1215.5258123
            ],
            [
              91.87523361,
              44.43208572,
              1215.5258123
            ],
            [
              91.87523444,
              44.43208742,
              1215.5258123
            ],
            [
              91.87523527,
              44.43208912,
              1215.5258123
            ],
            [
              91.8752361,
              44.43209081,
              1215.5258123
            ],
            [
              91.87523693,
              44.43209251,
              1215.5258123
            ],
            [
              91.87523776,
              44.43209421,
              1215.5258123
            ],
            [
              91.87523859,
              44.4320959,
              1215.5258123
            ],
            [
              91.87523942,
              44.4320976,
              1215.5258123
            ],
            [
              91.87524025,
              44.4320993,
              1215.5258123
            ],
            [
              91.87524108,
              44.432101,
              1215.5258123
            ],
            [
              91.87524191,
              44.43210269,
              1215.5258123
            ],
            [
              91.87524274,
              44.43210439,
              1215.5258123
            ],
            [
              91.87524356,
              44.43210609,
              1215.5258123
            ],
            [
              91.87524439,
              44.43210778,
              1215.5258123
            ],
            [
              91.87524522,
              44.43210948,
              1215.5258123
            ],
            [
              91.87524605,
              44.43211118,
              1215.5258123
            ],
            [
              91.87524688,
              44.43211287,
              1215.5258123
            ],
            [
              91.87524771,
              44.43211457,
              1215.5258123
            ],
            [
              91.87524854,
              44.43211627,
              1215.5258123
            ],
            [
              91.87524937,
              44.43211796,
              1215.5258123
            ],
            [
              91.8752502,
              44.43211966,
              1215.5258123
            ],
            [
              91.87525103,
              44.43212136,
              1215.5258123
            ],
            [
              91.87525186,
              44.43212305,
              1215.5258123
            ],
            [
              91.87525269,
              44.43212475,
              1215.5258123
            ],
            [
              91.87525352,
              44.43212645,
              1215.5258123
            ],
            [
              91.87525435,
              44.43212814,
              1215.5258123
            ],
            [
              91.87525518,
              44.43212984,
              1215.5258123
            ],
            [
              91.87525601,
              44.43213154,
              1215.5258123
            ],
            [
              91.87525684,
              44.43213324,
              1215.5258123
            ],
            [
              91.87525767,
              44.43213493,
              1215.5258123
            ],
            [
              91.8752585,
              44.43213663,
              1215.5258123
            ],
            [
              91.87525933,
              44.43213833,
              1215.5258123
            ],
            [
              91.87526016,
              44.43214002,
              1215.5258123
            ],
            [
              91.87526098,
              44.43214172,
              1215.5258123
            ],
            [
              91.87526181,
              44.43214342,
              1215.5258123
            ],
            [
              91.87526264,
              44.43214511,
              1215.5258123
            ],
            [
              91.87526347,
              44.43214681,
              1215.5258123
            ],
            [
              91.8752643,
              44.43214851,
              1215.5258123
            ],
            [
              91.87526513,
              44.4321502,
              1215.5258123
            ],
            [
              91.87526596,
              44.4321519,
              1215.5258123
            ],
            [
              91.87526679,
              44.4321536,
              1215.5258123
            ],
            [
              91.87526762,
              44.43215529,
              1215.5258123
            ],
            [
              91.87526845,
              44.43215699,
              1215.5258123
            ],
            [
              91.87526928,
              44.43215869,
              1215.5258123
            ],
            [
              91.87527011,
              44.43216039,
              1215.5258123
            ],
            [
              91.87527094,
              44.43216208,
              1215.5258123
            ],
            [
              91.87527177,
              44.43216378,
              1215.5258123
            ],
            [
              91.8752726,
              44.43216548,
              1215.5258123
            ],
            [
              91.87527343,
              44.43216717,
              1215.5258123
            ],
            [
              91.87527426,
              44.43216887,
              1215.5258123
            ],
            [
              91.87527509,
              44.43217057,
              1215.5258123
            ],
            [
              91.87527592,
              44.43217226,
              1215.5258123
            ],
            [
              91.87527675,
              44.43217396,
              1215.5258123
            ],
            [
              91.87527758,
              44.43217566,
              1215.5258123
            ],
            [
              91.87527841,
              44.43217735,
              1215.5258123
            ],
            [
              91.87527923,
              44.43217905,
              1215.5258123
            ],
            [
              91.87528006,
              44.43218075,
              1215.5258123
            ],
            [
              91.87528089,
              44.43218244,
              1215.5258123
            ],
            [
              91.87528172,
              44.43218414,
              1215.5258123
            ],
            [
              91.87528255,
              44.43218584,
              1215.5258123
            ],
            [
              91.87528338,
              44.43218753,
              1215.5258123
            ],
            [
              91.87528421,
              44.43218923,
              1215.5258123
            ],
            [
              91.87528504,
              44.43219093,
              1215.5258123
            ],
            [
              91.87528587,
              44.43219263,
              1215.5258123
            ],
            [
              91.8752867,
              44.43219432,
              1215.5258123
            ],
            [
              91.87528753,
              44.43219602,
              1215.5258123
            ],
            [
              91.87528836,
              44.43219772,
              1215.5258123
            ],
            [
              91.87528919,
              44.43219941,
              1215.5258123
            ],
            [
              91.87529002,
              44.43220111,
              1215.5258123
            ],
            [
              91.87529085,
              44.43220281,
              1215.5258123
            ],
            [
              91.87529168,
              44.4322045,
              1215.5258123
            ],
            [
              91.87529251,
              44.4322062,
              1215.5258123
            ],
            [
              91.87529334,
              44.4322079,
              1215.5258123
            ],
            [
              91.87529417,
              44.43220959,
              1215.5258123
            ],
            [
              91.875295,
              44.43221129,
              1215.5258123
            ],
            [
              91.87529583,
              44.43221299,
              1215.5258123
            ],
            [
              91.87529666,
              44.43221468,
              1215.5258123
            ],
            [
              91.87529748,
              44.43221638,
              1215.5258123
            ],
            [
              91.87529831,
              44.43221808,
              1215.5258123
            ],
            [
              91.87529914,
              44.43221977,
              1215.5258123
            ],
            [
              91.87529997,
              44.43222147,
              1215.5258123
            ],
            [
              91.8753008,
              44.43222317,
              1215.5258123
            ],
            [
              91.87530163,
              44.43222487,
              1215.5258123
            ],
            [
              91.87530246,
              44.43222656,
              1215.5258123
            ],
            [
              91.87530329,
              44.43222826,
              1215.5258123
            ],
            [
              91.87530412,
              44.43222996,
              1215.5258123
            ],
            [
              91.87530495,
              44.43223165,
              1215.5258123
            ],
            [
              91.87530578,
              44.43223335,
              1215.5258123
            ],
            [
              91.87530661,
              44.43223505,
              1215.5258123
            ],
            [
              91.87530744,
              44.43223674,
              1215.5258123
            ],
            [
              91.87530827,
              44.43223844,
              1215.5258123
            ],
            [
              91.8753091,
              44.43224014,
              1215.5258123
            ],
            [
              91.87530993,
              44.43224183,
              1215.5258123
            ],
            [
              91.87531076,
              44.43224353,
              1215.5258123
            ],
            [
              91.87531159,
              44.43224523,
              1215.5258123
            ],
            [
              91.87531242,
              44.43224692,
              1215.5258123
            ],
            [
              91.87531325,
              44.43224862,
              1215.5258123
            ],
            [
              91.87531408,
              44.43225032,
              1215.5258123
            ],
            [
              91.87531491,
              44.43225201,
              1215.5258123
            ],
            [
              91.87531573,
              44.43225371,
              1215.5258123
            ],
            [
              91.87531656,
              44.43225541,
              1215.5258123
            ],
            [
              91.87531739,
              44.43225711,
              1215.5258123
            ],
            [
              91.87531822,
              44.4322588,
              1215.5258123
            ],
            [
              91.87531905,
              44.4322605,
              1215.5258123
            ],
            [
              91.87531988,
              44.4322622,
              1215.5258123
            ],
            [
              91.87532071,
              44.43226389,
              1215.5258123
            ],
            [
              91.87532154,
              44.43226559,
              1215.5258123
            ],
            [
              91.87532237,
              44.43226729,
              1215.5258123
            ],
            [
              91.8753232,
              44.43226898,
              1215.5258123
            ],
            [
              91.87532403,
              44.43227068,
              1215.34567208
            ],
            [
              91.87532448,
              44.43227216,
              1215.34567208
            ],
            [
              91.87532493,
              44.43227365,
              1215.34567208
            ],
            [
              91.87532537,
              44.43227513,
              1215.34567208
            ],
            [
              91.87532582,
              44.43227662,
              1215.34567208
            ],
            [
              91.87532627,
              44.4322781,
              1215.34567208
            ],
            [
              91.87532672,
              44.43227959,
              1215.34080262
            ],
            [
              91.87514903,
              44.43233346,
              1215.23947492
            ]
          ]
        ]
      },
      "geometry_name": "shape",
      "properties": {
        "object_id": "11",
        "name": "加油点1",
        "mapset_code": "0000",
        "geo_code": null,
        "type": 4,
        "version": "1782733499476_20260714214830",
        "attribute": "{\"MannedMode\":1}"
      },
      "bbox": [
        91.87495537,
        44.4319135,
        91.87532672,
        44.43233346
      ]
    },
    {
      "type": "Feature",
      "id": "rgn_auxiliary.1526685692669677627",
      "geometry": {
        "type": "Polygon",
        "coordinates": [
          [
            [
              91.87687357,
              44.43231846,
              1216.27460878
            ],
            [
              91.8768729,
              44.43231674,
              1216.27460878
            ],
            [
              91.87687222,
              44.43231502,
              1216.27460878
            ],
            [
              91.87687155,
              44.4323133,
              1216.27460878
            ],
            [
              91.87687087,
              44.43231158,
              1216.27460878
            ],
            [
              91.8768702,
              44.43230987,
              1216.27460878
            ],
            [
              91.87686952,
              44.43230815,
              1216.27460878
            ],
            [
              91.87686885,
              44.43230643,
              1216.27460878
            ],
            [
              91.87686817,
              44.43230471,
              1216.27460878
            ],
            [
              91.8768675,
              44.43230299,
              1216.27460878
            ],
            [
              91.87686948,
              44.43230189,
              1216.27460878
            ],
            [
              91.87687146,
              44.43230079,
              1216.27460878
            ],
            [
              91.87687344,
              44.43229969,
              1216.27460878
            ],
            [
              91.87687543,
              44.4322986,
              1216.27460878
            ],
            [
              91.87687741,
              44.4322975,
              1216.27460878
            ],
            [
              91.87687939,
              44.4322964,
              1216.27460878
            ],
            [
              91.87688137,
              44.4322953,
              1216.27460878
            ],
            [
              91.87688335,
              44.4322942,
              1216.27460878
            ],
            [
              91.87688533,
              44.4322931,
              1216.27460878
            ],
            [
              91.87688732,
              44.432292,
              1216.27460878
            ],
            [
              91.8768893,
              44.43229091,
              1216.27460878
            ],
            [
              91.87689128,
              44.43228981,
              1216.27460878
            ],
            [
              91.87689326,
              44.43228871,
              1216.27460878
            ],
            [
              91.87689524,
              44.43228761,
              1216.27460878
            ],
            [
              91.87689722,
              44.43228651,
              1216.27460878
            ],
            [
              91.87689921,
              44.43228541,
              1216.27460878
            ],
            [
              91.87690119,
              44.43228432,
              1216.27460878
            ],
            [
              91.87690317,
              44.43228322,
              1216.27460878
            ],
            [
              91.87690515,
              44.43228212,
              1216.27460878
            ],
            [
              91.87690713,
              44.43228102,
              1216.27460878
            ],
            [
              91.87690911,
              44.43227992,
              1216.27460878
            ],
            [
              91.8769111,
              44.43227882,
              1216.27460878
            ],
            [
              91.87691308,
              44.43227772,
              1216.27460878
            ],
            [
              91.87691506,
              44.43227663,
              1216.27460878
            ],
            [
              91.87691704,
              44.43227553,
              1216.27460878
            ],
            [
              91.87691902,
              44.43227443,
              1216.27460878
            ],
            [
              91.876921,
              44.43227333,
              1216.27460878
            ],
            [
              91.87692298,
              44.43227223,
              1216.27460878
            ],
            [
              91.87692497,
              44.43227113,
              1216.27460878
            ],
            [
              91.87692695,
              44.43227003,
              1216.27460878
            ],
            [
              91.87692893,
              44.43226894,
              1216.27460878
            ],
            [
              91.87693091,
              44.43226784,
              1216.27460878
            ],
            [
              91.87693289,
              44.43226674,
              1216.27460878
            ],
            [
              91.87693487,
              44.43226564,
              1216.27460878
            ],
            [
              91.87693686,
              44.43226454,
              1216.27460878
            ],
            [
              91.87693884,
              44.43226344,
              1216.27460878
            ],
            [
              91.87694082,
              44.43226235,
              1216.27460878
            ],
            [
              91.8769428,
              44.43226125,
              1216.27460878
            ],
            [
              91.87694478,
              44.43226015,
              1216.27460878
            ],
            [
              91.87694676,
              44.43225905,
              1216.27460878
            ],
            [
              91.87694875,
              44.43225795,
              1216.27460878
            ],
            [
              91.87695073,
              44.43225685,
              1216.27460878
            ],
            [
              91.87695271,
              44.43225575,
              1216.27460878
            ],
            [
              91.87695469,
              44.43225466,
              1216.27460878
            ],
            [
              91.87695667,
              44.43225356,
              1216.27460878
            ],
            [
              91.87695865,
              44.43225246,
              1216.27460878
            ],
            [
              91.87696063,
              44.43225136,
              1216.27460878
            ],
            [
              91.87696262,
              44.43225026,
              1216.27460878
            ],
            [
              91.8769646,
              44.43224916,
              1216.27460878
            ],
            [
              91.87696658,
              44.43224806,
              1216.27460878
            ],
            [
              91.87696856,
              44.43224697,
              1216.27460878
            ],
            [
              91.87697054,
              44.43224587,
              1216.27460878
            ],
            [
              91.87697252,
              44.43224477,
              1216.27460878
            ],
            [
              91.87697451,
              44.43224367,
              1216.27460878
            ],
            [
              91.87697649,
              44.43224257,
              1216.27460878
            ],
            [
              91.87697847,
              44.43224147,
              1216.27460878
            ],
            [
              91.87698045,
              44.43224037,
              1216.27460878
            ],
            [
              91.87698243,
              44.43223928,
              1216.27460878
            ],
            [
              91.87698441,
              44.43223818,
              1216.27460878
            ],
            [
              91.8769864,
              44.43223708,
              1216.27460878
            ],
            [
              91.87698838,
              44.43223598,
              1216.27460878
            ],
            [
              91.87699036,
              44.43223488,
              1216.27460878
            ],
            [
              91.87699234,
              44.43223378,
              1216.27460878
            ],
            [
              91.87699432,
              44.43223269,
              1216.27460878
            ],
            [
              91.8769963,
              44.43223159,
              1216.27460878
            ],
            [
              91.87699829,
              44.43223049,
              1216.27460878
            ],
            [
              91.87700027,
              44.43222939,
              1216.27460878
            ],
            [
              91.87700225,
              44.43222829,
              1216.27460878
            ],
            [
              91.87700423,
              44.43222719,
              1216.27460878
            ],
            [
              91.87700621,
              44.43222609,
              1216.27460878
            ],
            [
              91.87700819,
              44.432225,
              1216.27460878
            ],
            [
              91.87701017,
              44.4322239,
              1216.27460878
            ],
            [
              91.87701216,
              44.4322228,
              1216.27460878
            ],
            [
              91.87701414,
              44.4322217,
              1216.27460878
            ],
            [
              91.87701612,
              44.4322206,
              1216.27460878
            ],
            [
              91.8770181,
              44.4322195,
              1216.27460878
            ],
            [
              91.87702008,
              44.4322184,
              1216.27460878
            ],
            [
              91.87702206,
              44.43221731,
              1216.27460878
            ],
            [
              91.87702405,
              44.43221621,
              1216.50075713
            ],
            [
              91.87702295,
              44.4322146,
              1216.50075713
            ],
            [
              91.87702185,
              44.432213,
              1216.50075713
            ],
            [
              91.87702075,
              44.4322114,
              1216.50075713
            ],
            [
              91.87701965,
              44.43220979,
              1216.50075713
            ],
            [
              91.87701855,
              44.43220819,
              1216.50075713
            ],
            [
              91.87701745,
              44.43220659,
              1216.50075713
            ],
            [
              91.87701635,
              44.43220498,
              1216.50075713
            ],
            [
              91.87701525,
              44.43220338,
              1216.50075713
            ],
            [
              91.87701415,
              44.43220178,
              1216.50075713
            ],
            [
              91.87701305,
              44.43220017,
              1216.50075713
            ],
            [
              91.87701195,
              44.43219857,
              1216.50075713
            ],
            [
              91.87701085,
              44.43219697,
              1216.50075713
            ],
            [
              91.87700975,
              44.43219536,
              1216.50075713
            ],
            [
              91.87700865,
              44.43219376,
              1216.50075713
            ],
            [
              91.87700755,
              44.43219216,
              1216.50075713
            ],
            [
              91.87700646,
              44.43219055,
              1216.50075713
            ],
            [
              91.87700536,
              44.43218895,
              1216.50075713
            ],
            [
              91.87700426,
              44.43218735,
              1216.50075713
            ],
            [
              91.87700316,
              44.43218574,
              1216.50075713
            ],
            [
              91.87700206,
              44.43218414,
              1216.50075713
            ],
            [
              91.87700096,
              44.43218254,
              1216.50075713
            ],
            [
              91.87699986,
              44.43218093,
              1216.50075713
            ],
            [
              91.87699876,
              44.43217933,
              1216.50075713
            ],
            [
              91.87699766,
              44.43217772,
              1216.50075713
            ],
            [
              91.87699656,
              44.43217612,
              1216.50075713
            ],
            [
              91.87699546,
              44.43217452,
              1216.50075713
            ],
            [
              91.87699436,
              44.43217291,
              1216.50075713
            ],
            [
              91.87699326,
              44.43217131,
              1216.50075713
            ],
            [
              91.87699216,
              44.43216971,
              1216.50075713
            ],
            [
              91.87699106,
              44.4321681,
              1216.50075713
            ],
            [
              91.87698996,
              44.4321665,
              1216.50075713
            ],
            [
              91.87698886,
              44.4321649,
              1216.50075713
            ],
            [
              91.87698777,
              44.43216329,
              1216.50075713
            ],
            [
              91.87698667,
              44.43216169,
              1216.50075713
            ],
            [
              91.87698557,
              44.43216009,
              1216.50075713
            ],
            [
              91.87698447,
              44.43215848,
              1216.50075713
            ],
            [
              91.87698337,
              44.43215688,
              1216.50075713
            ],
            [
              91.87698227,
              44.43215528,
              1216.50075713
            ],
            [
              91.87698117,
              44.43215367,
              1216.50075713
            ],
            [
              91.87698007,
              44.43215207,
              1216.50075713
            ],
            [
              91.87697897,
              44.43215047,
              1216.50075713
            ],
            [
              91.87697787,
              44.43214886,
              1216.50075713
            ],
            [
              91.87697677,
              44.43214726,
              1216.50075713
            ],
            [
              91.87697567,
              44.43214566,
              1216.50075713
            ],
            [
              91.87697457,
              44.43214405,
              1216.50075713
            ],
            [
              91.87697347,
              44.43214245,
              1216.50075713
            ],
            [
              91.87697237,
              44.43214085,
              1216.50075713
            ],
            [
              91.87697127,
              44.43213924,
              1216.50075713
            ],
            [
              91.87697018,
              44.43213764,
              1216.50075713
            ],
            [
              91.87696908,
              44.43213604,
              1216.50075713
            ],
            [
              91.87696798,
              44.43213443,
              1216.50075713
            ],
            [
              91.87696688,
              44.43213283,
              1216.50075713
            ],
            [
              91.87696578,
              44.43213122,
              1216.50075713
            ],
            [
              91.87696468,
              44.43212962,
              1216.50075713
            ],
            [
              91.87696358,
              44.43212802,
              1216.50075713
            ],
            [
              91.87696248,
              44.43212641,
              1216.50075713
            ],
            [
              91.87696138,
              44.43212481,
              1216.50075713
            ],
            [
              91.87696028,
              44.43212321,
              1216.50075713
            ],
            [
              91.87695918,
              44.4321216,
              1216.50075713
            ],
            [
              91.87695808,
              44.43212,
              1216.50075713
            ],
            [
              91.87695698,
              44.4321184,
              1216.50075713
            ],
            [
              91.87695588,
              44.43211679,
              1216.50075713
            ],
            [
              91.87695478,
              44.43211519,
              1216.50075713
            ],
            [
              91.87695368,
              44.43211359,
              1216.50075713
            ],
            [
              91.87695258,
              44.43211198,
              1216.50075713
            ],
            [
              91.87695149,
              44.43211038,
              1216.50075713
            ],
            [
              91.87695039,
              44.43210878,
              1216.50075713
            ],
            [
              91.87694929,
              44.43210717,
              1216.50075713
            ],
            [
              91.87694819,
              44.43210557,
              1216.50075713
            ],
            [
              91.87694709,
              44.43210397,
              1216.50075713
            ],
            [
              91.87694599,
              44.43210236,
              1216.50075713
            ],
            [
              91.87694489,
              44.43210076,
              1216.50075713
            ],
            [
              91.87694379,
              44.43209916,
              1216.50075713
            ],
            [
              91.87694269,
              44.43209755,
              1216.50075713
            ],
            [
              91.87694159,
              44.43209595,
              1216.50075713
            ],
            [
              91.87694049,
              44.43209435,
              1216.50075713
            ],
            [
              91.87693939,
              44.43209274,
              1216.50075713
            ],
            [
              91.87693829,
              44.43209114,
              1216.50075713
            ],
            [
              91.87693719,
              44.43208954,
              1216.50075713
            ],
            [
              91.87693609,
              44.43208793,
              1216.50075713
            ],
            [
              91.87693499,
              44.43208633,
              1216.50075713
            ],
            [
              91.87693389,
              44.43208472,
              1216.50075713
            ],
            [
              91.8769328,
              44.43208312,
              1216.50075713
            ],
            [
              91.8769317,
              44.43208152,
              1216.50075713
            ],
            [
              91.8769306,
              44.43207991,
              1216.50075713
            ],
            [
              91.8769295,
              44.43207831,
              1216.50075713
            ],
            [
              91.8769284,
              44.43207671,
              1216.50075713
            ],
            [
              91.8769273,
              44.4320751,
              1216.50075713
            ],
            [
              91.8769262,
              44.4320735,
              1216.50075713
            ],
            [
              91.8769251,
              44.4320719,
              1216.50075713
            ],
            [
              91.876924,
              44.43207029,
              1216.50075713
            ],
            [
              91.8769229,
              44.43206869,
              1216.50075713
            ],
            [
              91.8769218,
              44.43206709,
              1216.50075713
            ],
            [
              91.8769207,
              44.43206548,
              1216.50075713
            ],
            [
              91.8769196,
              44.43206388,
              1216.50075713
            ],
            [
              91.8769185,
              44.43206228,
              1216.50075713
            ],
            [
              91.8769174,
              44.43206067,
              1216.50075713
            ],
            [
              91.8769163,
              44.43205907,
              1216.50075713
            ],
            [
              91.8769152,
              44.43205747,
              1216.50075713
            ],
            [
              91.87691411,
              44.43205586,
              1216.50075713
            ],
            [
              91.87691301,
              44.43205426,
              1216.50075713
            ],
            [
              91.87691191,
              44.43205266,
              1216.50075713
            ],
            [
              91.87691081,
              44.43205105,
              1216.50075713
            ],
            [
              91.87690971,
              44.43204945,
              1216.50075713
            ],
            [
              91.87690861,
              44.43204785,
              1216.50075713
            ],
            [
              91.87690751,
              44.43204624,
              1216.50075713
            ],
            [
              91.87690641,
              44.43204464,
              1216.50075713
            ],
            [
              91.87690531,
              44.43204304,
              1216.50075713
            ],
            [
              91.87690421,
              44.43204143,
              1216.50075713
            ],
            [
              91.87690311,
              44.43203983,
              1216.50075713
            ],
            [
              91.87690201,
              44.43203822,
              1216.50075713
            ],
            [
              91.87690091,
              44.43203662,
              1216.50075713
            ],
            [
              91.87689981,
              44.43203502,
              1216.50075713
            ],
            [
              91.87689871,
              44.43203341,
              1216.50075713
            ],
            [
              91.87689761,
              44.43203181,
              1216.50075713
            ],
            [
              91.87689652,
              44.43203021,
              1216.50075713
            ],
            [
              91.87689542,
              44.4320286,
              1216.50075713
            ],
            [
              91.87689432,
              44.432027,
              1216.50075713
            ],
            [
              91.87689322,
              44.4320254,
              1216.50075713
            ],
            [
              91.87689212,
              44.43202379,
              1216.50075713
            ],
            [
              91.87689102,
              44.43202219,
              1216.50075713
            ],
            [
              91.87688992,
              44.43202059,
              1216.50075713
            ],
            [
              91.87688882,
              44.43201898,
              1216.50075713
            ],
            [
              91.87688772,
              44.43201738,
              1216.5269784
            ],
            [
              91.87688661,
              44.43201577,
              1216.53397402
            ],
            [
              91.8768855,
              44.43201416,
              1216.59153581
            ],
            [
              91.87688437,
              44.43201256,
              1216.59153581
            ],
            [
              91.87688325,
              44.43201096,
              1216.59153581
            ],
            [
              91.87688212,
              44.43200936,
              1216.59153581
            ],
            [
              91.876881,
              44.43200776,
              1216.59153581
            ],
            [
              91.87687987,
              44.43200616,
              1216.59153581
            ],
            [
              91.87687874,
              44.43200456,
              1216.59153581
            ],
            [
              91.87687762,
              44.43200296,
              1216.59153581
            ],
            [
              91.87687649,
              44.43200136,
              1216.59153581
            ],
            [
              91.87687536,
              44.43199976,
              1216.59153581
            ],
            [
              91.87687424,
              44.43199815,
              1216.59153581
            ],
            [
              91.87687311,
              44.43199655,
              1216.59153581
            ],
            [
              91.87687199,
              44.43199495,
              1216.59153581
            ],
            [
              91.87687086,
              44.43199335,
              1216.59153581
            ],
            [
              91.87686973,
              44.43199175,
              1216.59153581
            ],
            [
              91.87686861,
              44.43199015,
              1216.59153581
            ],
            [
              91.87686748,
              44.43198855,
              1216.59153581
            ],
            [
              91.87686635,
              44.43198695,
              1216.59153581
            ],
            [
              91.87686523,
              44.43198535,
              1216.59153581
            ],
            [
              91.8768641,
              44.43198375,
              1216.59153581
            ],
            [
              91.87686298,
              44.43198215,
              1216.59153581
            ],
            [
              91.87686185,
              44.43198055,
              1216.59153581
            ],
            [
              91.87686072,
              44.43197895,
              1216.59153581
            ],
            [
              91.8768596,
              44.43197735,
              1216.59153581
            ],
            [
              91.87685847,
              44.43197575,
              1216.59153581
            ],
            [
              91.87685734,
              44.43197415,
              1216.59153581
            ],
            [
              91.87685622,
              44.43197255,
              1216.59153581
            ],
            [
              91.87685509,
              44.43197095,
              1216.59153581
            ],
            [
              91.87685397,
              44.43196935,
              1216.59153581
            ],
            [
              91.87685284,
              44.43196774,
              1216.59153581
            ],
            [
              91.87685171,
              44.43196614,
              1216.59153581
            ],
            [
              91.87685059,
              44.43196454,
              1216.59153581
            ],
            [
              91.87684946,
              44.43196294,
              1216.59153581
            ],
            [
              91.87684833,
              44.43196134,
              1216.59153581
            ],
            [
              91.87684721,
              44.43195974,
              1216.59153581
            ],
            [
              91.87684608,
              44.43195814,
              1216.59153581
            ],
            [
              91.87684496,
              44.43195654,
              1216.59153581
            ],
            [
              91.87684383,
              44.43195494,
              1216.59153581
            ],
            [
              91.8768427,
              44.43195334,
              1216.59153581
            ],
            [
              91.87684158,
              44.43195174,
              1216.59153581
            ],
            [
              91.87684045,
              44.43195014,
              1216.59153581
            ],
            [
              91.87683933,
              44.43194854,
              1216.59153581
            ],
            [
              91.8768382,
              44.43194694,
              1216.59153581
            ],
            [
              91.87683707,
              44.43194534,
              1216.59153581
            ],
            [
              91.87683595,
              44.43194374,
              1216.59153581
            ],
            [
              91.87683482,
              44.43194214,
              1216.59153581
            ],
            [
              91.87683369,
              44.43194054,
              1216.59153581
            ],
            [
              91.87683257,
              44.43193894,
              1216.59153581
            ],
            [
              91.87683144,
              44.43193733,
              1216.59153581
            ],
            [
              91.87683032,
              44.43193573,
              1216.59153581
            ],
            [
              91.87682919,
              44.43193413,
              1216.59153581
            ],
            [
              91.87682806,
              44.43193253,
              1216.59153581
            ],
            [
              91.87682694,
              44.43193093,
              1216.59153581
            ],
            [
              91.87682581,
              44.43192933,
              1216.59153581
            ],
            [
              91.87682468,
              44.43192773,
              1216.59153581
            ],
            [
              91.87682356,
              44.43192613,
              1216.59153581
            ],
            [
              91.87682243,
              44.43192453,
              1216.59153581
            ],
            [
              91.87682131,
              44.43192293,
              1216.59153581
            ],
            [
              91.87682018,
              44.43192133,
              1216.59153581
            ],
            [
              91.87681905,
              44.43191973,
              1216.59153581
            ],
            [
              91.87681793,
              44.43191813,
              1216.59153581
            ],
            [
              91.8768168,
              44.43191653,
              1216.59153581
            ],
            [
              91.87681567,
              44.43191493,
              1216.59153581
            ],
            [
              91.87681455,
              44.43191333,
              1216.59153581
            ],
            [
              91.87681342,
              44.43191173,
              1216.59153581
            ],
            [
              91.8768123,
              44.43191013,
              1216.59153581
            ],
            [
              91.87681117,
              44.43190853,
              1216.59153581
            ],
            [
              91.87681004,
              44.43190692,
              1216.59153581
            ],
            [
              91.87680892,
              44.43190532,
              1216.59153581
            ],
            [
              91.87680779,
              44.43190372,
              1216.59153581
            ],
            [
              91.87680667,
              44.43190212,
              1216.59153581
            ],
            [
              91.87680554,
              44.43190052,
              1216.59153581
            ],
            [
              91.87680441,
              44.43189892,
              1216.59153581
            ],
            [
              91.87680329,
              44.43189732,
              1216.59153581
            ],
            [
              91.87680216,
              44.43189572,
              1216.59153581
            ],
            [
              91.87680103,
              44.43189412,
              1216.59153581
            ],
            [
              91.87679991,
              44.43189252,
              1216.59153581
            ],
            [
              91.87679878,
              44.43189092,
              1216.59153581
            ],
            [
              91.87679766,
              44.43188932,
              1216.59153581
            ],
            [
              91.87679653,
              44.43188772,
              1216.59153581
            ],
            [
              91.8767954,
              44.43188612,
              1216.59153581
            ],
            [
              91.87679428,
              44.43188452,
              1216.59153581
            ],
            [
              91.87679315,
              44.43188292,
              1216.59153581
            ],
            [
              91.87679202,
              44.43188132,
              1216.59153581
            ],
            [
              91.8767909,
              44.43187972,
              1216.59153581
            ],
            [
              91.87678977,
              44.43187812,
              1216.59153581
            ],
            [
              91.87678865,
              44.43187651,
              1216.59153581
            ],
            [
              91.87678752,
              44.43187491,
              1216.59153581
            ],
            [
              91.87678639,
              44.43187331,
              1216.59153581
            ],
            [
              91.87678527,
              44.43187171,
              1216.59153581
            ],
            [
              91.87678414,
              44.43187011,
              1216.59153581
            ],
            [
              91.87678301,
              44.43186851,
              1216.59153581
            ],
            [
              91.87678189,
              44.43186691,
              1216.59153581
            ],
            [
              91.87678076,
              44.43186531,
              1216.59153581
            ],
            [
              91.87677964,
              44.43186371,
              1216.59153581
            ],
            [
              91.87677851,
              44.43186211,
              1216.59153581
            ],
            [
              91.87677626,
              44.43186273,
              1216.59153581
            ],
            [
              91.87677402,
              44.43186336,
              1216.59153581
            ],
            [
              91.87677177,
              44.43186398,
              1216.59153581
            ],
            [
              91.87676953,
              44.43186461,
              1216.59153581
            ],
            [
              91.87676728,
              44.43186523,
              1216.59153581
            ],
            [
              91.87676504,
              44.43186586,
              1216.59153581
            ],
            [
              91.87676279,
              44.43186648,
              1216.59153581
            ],
            [
              91.87676054,
              44.4318671,
              1216.63844688
            ],
            [
              91.87675812,
              44.43186699,
              1216.63844688
            ],
            [
              91.8767557,
              44.43186688,
              1216.63844688
            ],
            [
              91.87675328,
              44.43186677,
              1216.63844688
            ],
            [
              91.87675085,
              44.43186666,
              1216.63844688
            ],
            [
              91.87674843,
              44.43186655,
              1216.63844688
            ],
            [
              91.87674601,
              44.43186644,
              1216.63844688
            ],
            [
              91.87674359,
              44.43186632,
              1216.63844688
            ],
            [
              91.87674117,
              44.43186621,
              1216.63844688
            ],
            [
              91.87673875,
              44.4318661,
              1216.63844688
            ],
            [
              91.87673633,
              44.43186599,
              1216.63844688
            ],
            [
              91.8767339,
              44.43186588,
              1216.63844688
            ],
            [
              91.87673148,
              44.43186577,
              1216.63844688
            ],
            [
              91.87672906,
              44.43186566,
              1216.63844688
            ],
            [
              91.87672664,
              44.43186555,
              1216.63844688
            ],
            [
              91.87672422,
              44.43186544,
              1216.63844688
            ],
            [
              91.8767218,
              44.43186533,
              1216.63844688
            ],
            [
              91.87671937,
              44.43186522,
              1216.63844688
            ],
            [
              91.87671695,
              44.43186511,
              1216.63844688
            ],
            [
              91.87671453,
              44.431865,
              1216.63844688
            ],
            [
              91.87671211,
              44.43186489,
              1216.63844688
            ],
            [
              91.87670969,
              44.43186477,
              1216.63844688
            ],
            [
              91.87670727,
              44.43186466,
              1216.63844688
            ],
            [
              91.87670485,
              44.43186455,
              1216.63844688
            ],
            [
              91.87670242,
              44.43186444,
              1216.63844688
            ],
            [
              91.8767,
              44.43186433,
              1216.63844688
            ],
            [
              91.87669758,
              44.43186422,
              1216.63844688
            ],
            [
              91.87669516,
              44.43186411,
              1216.63844688
            ],
            [
              91.87669268,
              44.4318643,
              1216.63844688
            ],
            [
              91.87669019,
              44.43186448,
              1216.63844688
            ],
            [
              91.87668771,
              44.43186467,
              1216.63844688
            ],
            [
              91.87668523,
              44.43186485,
              1216.63844688
            ],
            [
              91.87668274,
              44.43186504,
              1216.63844688
            ],
            [
              91.87668026,
              44.43186522,
              1216.63844688
            ],
            [
              91.87667778,
              44.43186541,
              1216.63844688
            ],
            [
              91.87667529,
              44.43186559,
              1216.63844688
            ],
            [
              91.87667281,
              44.43186578,
              1216.63844688
            ],
            [
              91.87667033,
              44.43186596,
              1216.63844688
            ],
            [
              91.87666784,
              44.43186615,
              1216.63844688
            ],
            [
              91.87666536,
              44.43186634,
              1216.63844688
            ],
            [
              91.87666288,
              44.43186652,
              1216.63844688
            ],
            [
              91.87666039,
              44.43186671,
              1216.63844688
            ],
            [
              91.87665791,
              44.43186689,
              1216.63844688
            ],
            [
              91.87665543,
              44.43186708,
              1216.63844688
            ],
            [
              91.87665294,
              44.43186726,
              1216.63844688
            ],
            [
              91.87665046,
              44.43186745,
              1216.63844688
            ],
            [
              91.87664797,
              44.43186763,
              1216.63844688
            ],
            [
              91.87664549,
              44.43186782,
              1216.63844688
            ],
            [
              91.87664301,
              44.431868,
              1216.63844688
            ],
            [
              91.87664052,
              44.43186819,
              1216.63844688
            ],
            [
              91.87663804,
              44.43186837,
              1216.63844688
            ],
            [
              91.87663556,
              44.43186856,
              1216.63844688
            ],
            [
              91.87663307,
              44.43186875,
              1216.63844688
            ],
            [
              91.87663059,
              44.43186893,
              1216.63844688
            ],
            [
              91.87662811,
              44.43186912,
              1216.63844688
            ],
            [
              91.87662562,
              44.4318693,
              1216.63844688
            ],
            [
              91.87662314,
              44.43186949,
              1216.63844688
            ],
            [
              91.87662066,
              44.43186967,
              1216.63844688
            ],
            [
              91.87661817,
              44.43186986,
              1216.63844688
            ],
            [
              91.87661569,
              44.43187004,
              1216.63844688
            ],
            [
              91.87661321,
              44.43187023,
              1216.63844688
            ],
            [
              91.87661072,
              44.43187041,
              1216.63844688
            ],
            [
              91.87660824,
              44.4318706,
              1216.63844688
            ],
            [
              91.87616044,
              44.43186172,
              1216.07264259
            ],
            [
              91.87616029,
              44.4318633,
              1216.07264259
            ],
            [
              91.87616014,
              44.43186487,
              1216.07264259
            ],
            [
              91.87615998,
              44.43186645,
              1216.07264259
            ],
            [
              91.87615983,
              44.43186802,
              1216.07264259
            ],
            [
              91.87615968,
              44.4318696,
              1216.07264259
            ],
            [
              91.87615719,
              44.43186946,
              1216.07264259
            ],
            [
              91.8761547,
              44.43186933,
              1216.07264259
            ],
            [
              91.87615222,
              44.43186919,
              1216.07264259
            ],
            [
              91.87614973,
              44.43186905,
              1216.07264259
            ],
            [
              91.87614724,
              44.43186891,
              1216.07264259
            ],
            [
              91.87614475,
              44.43186878,
              1216.07264259
            ],
            [
              91.87614227,
              44.43186864,
              1216.07264259
            ],
            [
              91.87613978,
              44.4318685,
              1216.07264259
            ],
            [
              91.87613729,
              44.43186837,
              1216.07264259
            ],
            [
              91.8761348,
              44.43186823,
              1216.07264259
            ],
            [
              91.87613232,
              44.43186809,
              1216.07264259
            ],
            [
              91.87612983,
              44.43186796,
              1216.07264259
            ],
            [
              91.87612734,
              44.43186782,
              1216.07264259
            ],
            [
              91.87612485,
              44.43186768,
              1216.07264259
            ],
            [
              91.87612237,
              44.43186754,
              1216.07264259
            ],
            [
              91.87611988,
              44.43186741,
              1216.07264259
            ],
            [
              91.87611739,
              44.43186727,
              1216.07264259
            ],
            [
              91.8761149,
              44.43186713,
              1216.07264259
            ],
            [
              91.87611242,
              44.431867,
              1216.07264259
            ],
            [
              91.87610993,
              44.43186686,
              1216.07264259
            ],
            [
              91.87610744,
              44.43186672,
              1216.07264259
            ],
            [
              91.87610495,
              44.43186658,
              1216.07264259
            ],
            [
              91.87610247,
              44.43186645,
              1216.07264259
            ],
            [
              91.87609998,
              44.43186631,
              1216.07264259
            ],
            [
              91.87609749,
              44.43186617,
              1216.07264259
            ],
            [
              91.876095,
              44.43186604,
              1216.07264259
            ],
            [
              91.87609252,
              44.4318659,
              1216.07264259
            ],
            [
              91.87609003,
              44.43186576,
              1216.07264259
            ],
            [
              91.87608754,
              44.43186563,
              1216.07264259
            ],
            [
              91.87608505,
              44.43186549,
              1216.07264259
            ],
            [
              91.87608256,
              44.43186535,
              1216.07264259
            ],
            [
              91.87608008,
              44.43186521,
              1216.07264259
            ],
            [
              91.87607759,
              44.43186508,
              1216.07264259
            ],
            [
              91.8760751,
              44.43186494,
              1216.07264259
            ],
            [
              91.87607261,
              44.4318648,
              1216.07264259
            ],
            [
              91.87607013,
              44.43186467,
              1216.07264259
            ],
            [
              91.87606764,
              44.43186453,
              1216.07264259
            ],
            [
              91.87606515,
              44.43186439,
              1216.07264259
            ],
            [
              91.87606266,
              44.43186425,
              1216.07264259
            ],
            [
              91.87606018,
              44.43186412,
              1216.07264259
            ],
            [
              91.87605769,
              44.43186398,
              1216.07264259
            ],
            [
              91.8760552,
              44.43186384,
              1216.07264259
            ],
            [
              91.87605271,
              44.43186371,
              1216.07264259
            ],
            [
              91.87605023,
              44.43186357,
              1216.07264259
            ],
            [
              91.87604774,
              44.43186343,
              1216.07264259
            ],
            [
              91.87604525,
              44.43186329,
              1216.07264259
            ],
            [
              91.87604276,
              44.43186316,
              1216.07264259
            ],
            [
              91.87604028,
              44.43186302,
              1216.07264259
            ],
            [
              91.87603779,
              44.43186288,
              1216.07264259
            ],
            [
              91.8760353,
              44.43186275,
              1216.07264259
            ],
            [
              91.87603281,
              44.43186261,
              1216.07264259
            ],
            [
              91.87603033,
              44.43186247,
              1216.07264259
            ],
            [
              91.87602784,
              44.43186234,
              1216.07264259
            ],
            [
              91.87602535,
              44.4318622,
              1216.07264259
            ],
            [
              91.87602286,
              44.43186206,
              1216.07264259
            ],
            [
              91.87602038,
              44.43186192,
              1216.07264259
            ],
            [
              91.87601789,
              44.43186179,
              1216.07264259
            ],
            [
              91.8760154,
              44.43186165,
              1216.07264259
            ],
            [
              91.87601291,
              44.43186151,
              1216.05953785
            ],
            [
              91.87601045,
              44.43186161,
              1216.05953785
            ],
            [
              91.87600799,
              44.43186171,
              1216.05953785
            ],
            [
              91.87600554,
              44.43186182,
              1216.05953785
            ],
            [
              91.87600308,
              44.43186192,
              1216.05953785
            ],
            [
              91.87600403,
              44.43186358,
              1216.05953785
            ],
            [
              91.87600499,
              44.43186523,
              1216.05953785
            ],
            [
              91.87600594,
              44.43186689,
              1216.05953785
            ],
            [
              91.8760069,
              44.43186854,
              1216.05953785
            ],
            [
              91.87600785,
              44.4318702,
              1216.05953785
            ],
            [
              91.87600881,
              44.43187185,
              1216.05953785
            ],
            [
              91.87600976,
              44.43187351,
              1216.05953785
            ],
            [
              91.87601071,
              44.43187516,
              1216.05953785
            ],
            [
              91.87601167,
              44.43187682,
              1216.05953785
            ],
            [
              91.87601262,
              44.43187847,
              1216.05953785
            ],
            [
              91.87601358,
              44.43188013,
              1216.05953785
            ],
            [
              91.87601453,
              44.43188178,
              1216.05953785
            ],
            [
              91.87601549,
              44.43188344,
              1216.05953785
            ],
            [
              91.87601644,
              44.43188509,
              1216.05953785
            ],
            [
              91.87601739,
              44.43188675,
              1216.05953785
            ],
            [
              91.87601835,
              44.4318884,
              1216.05953785
            ],
            [
              91.8760193,
              44.43189006,
              1216.05953785
            ],
            [
              91.87602026,
              44.43189171,
              1216.05953785
            ],
            [
              91.87602121,
              44.43189337,
              1216.05953785
            ],
            [
              91.87602217,
              44.43189502,
              1216.05953785
            ],
            [
              91.87602312,
              44.43189668,
              1216.05953785
            ],
            [
              91.87602407,
              44.43189833,
              1216.05953785
            ],
            [
              91.87602503,
              44.43189999,
              1216.05953785
            ],
            [
              91.87602598,
              44.43190164,
              1216.05953785
            ],
            [
              91.87602694,
              44.4319033,
              1216.05953785
            ],
            [
              91.87602789,
              44.43190495,
              1216.05953785
            ],
            [
              91.87602885,
              44.43190661,
              1216.05953785
            ],
            [
              91.8760298,
              44.43190826,
              1216.05953785
            ],
            [
              91.87603075,
              44.43190992,
              1216.05953785
            ],
            [
              91.87603171,
              44.43191157,
              1216.05953785
            ],
            [
              91.87603266,
              44.43191323,
              1216.05953785
            ],
            [
              91.87603362,
              44.43191488,
              1216.05953785
            ],
            [
              91.87603457,
              44.43191654,
              1216.05953785
            ],
            [
              91.87603553,
              44.43191819,
              1216.05953785
            ],
            [
              91.87603648,
              44.43191985,
              1216.05953785
            ],
            [
              91.87603743,
              44.4319215,
              1216.05953785
            ],
            [
              91.87603839,
              44.43192316,
              1216.05953785
            ],
            [
              91.87603934,
              44.43192481,
              1216.05953785
            ],
            [
              91.8760403,
              44.43192647,
              1216.05953785
            ],
            [
              91.87604125,
              44.43192812,
              1216.05953785
            ],
            [
              91.87604221,
              44.43192978,
              1216.05953785
            ],
            [
              91.87604316,
              44.43193143,
              1216.05953785
            ],
            [
              91.87604411,
              44.43193309,
              1216.05953785
            ],
            [
              91.87604507,
              44.43193474,
              1216.05953785
            ],
            [
              91.87604602,
              44.4319364,
              1216.05953785
            ],
            [
              91.87604698,
              44.43193805,
              1216.05953785
            ],
            [
              91.87604793,
              44.43193971,
              1216.05953785
            ],
            [
              91.87604889,
              44.43194136,
              1216.05953785
            ],
            [
              91.87604984,
              44.43194302,
              1216.05953785
            ],
            [
              91.87605079,
              44.43194467,
              1216.05953785
            ],
            [
              91.87605175,
              44.43194633,
              1216.05953785
            ],
            [
              91.8760527,
              44.43194798,
              1216.05953785
            ],
            [
              91.87605366,
              44.43194964,
              1216.05953785
            ],
            [
              91.87605461,
              44.43195129,
              1216.05953785
            ],
            [
              91.87605557,
              44.43195295,
              1216.05953785
            ],
            [
              91.87605652,
              44.4319546,
              1216.05953785
            ],
            [
              91.87605747,
              44.43195626,
              1216.05953785
            ],
            [
              91.87605843,
              44.43195791,
              1216.05953785
            ],
            [
              91.87605938,
              44.43195957,
              1216.05953785
            ],
            [
              91.87606034,
              44.43196122,
              1216.05953785
            ],
            [
              91.87606129,
              44.43196288,
              1216.05953785
            ],
            [
              91.87606225,
              44.43196453,
              1216.05953785
            ],
            [
              91.8760632,
              44.43196619,
              1216.05953785
            ],
            [
              91.87606415,
              44.43196784,
              1216.05953785
            ],
            [
              91.87606511,
              44.4319695,
              1216.05953785
            ],
            [
              91.87606606,
              44.43197115,
              1216.05953785
            ],
            [
              91.87606702,
              44.43197281,
              1216.05953785
            ],
            [
              91.87606797,
              44.43197446,
              1216.05953785
            ],
            [
              91.87606893,
              44.43197612,
              1216.05953785
            ],
            [
              91.87606988,
              44.43197777,
              1216.05953785
            ],
            [
              91.87607083,
              44.43197943,
              1216.05953785
            ],
            [
              91.87607179,
              44.43198108,
              1216.05953785
            ],
            [
              91.87607274,
              44.43198274,
              1216.05953785
            ],
            [
              91.8760737,
              44.43198439,
              1216.05953785
            ],
            [
              91.87607465,
              44.43198605,
              1216.05953785
            ],
            [
              91.87607561,
              44.4319877,
              1216.05953785
            ],
            [
              91.87607656,
              44.43198936,
              1216.05953785
            ],
            [
              91.87607751,
              44.43199101,
              1216.05953785
            ],
            [
              91.87607847,
              44.43199267,
              1216.05953785
            ],
            [
              91.87607942,
              44.43199432,
              1216.05953785
            ],
            [
              91.87608038,
              44.43199598,
              1216.05953785
            ],
            [
              91.87608133,
              44.43199763,
              1216.05953785
            ],
            [
              91.87608229,
              44.43199929,
              1216.05953785
            ],
            [
              91.87608324,
              44.43200094,
              1216.05953785
            ],
            [
              91.87608419,
              44.4320026,
              1216.05953785
            ],
            [
              91.87608515,
              44.43200425,
              1216.05953785
            ],
            [
              91.8760861,
              44.43200591,
              1216.05953785
            ],
            [
              91.87608706,
              44.43200756,
              1216.05953785
            ],
            [
              91.87608801,
              44.43200922,
              1216.05953785
            ],
            [
              91.87608897,
              44.43201087,
              1216.05953785
            ],
            [
              91.87608992,
              44.43201253,
              1216.05953785
            ],
            [
              91.87609087,
              44.43201418,
              1216.05953785
            ],
            [
              91.87609183,
              44.43201584,
              1216.05953785
            ],
            [
              91.87609278,
              44.43201749,
              1216.05953785
            ],
            [
              91.87609374,
              44.43201915,
              1216.05953785
            ],
            [
              91.87609469,
              44.4320208,
              1216.05953785
            ],
            [
              91.87609565,
              44.43202246,
              1216.05953785
            ],
            [
              91.8760966,
              44.43202411,
              1216.05953785
            ],
            [
              91.87609755,
              44.43202577,
              1216.05953785
            ],
            [
              91.87609851,
              44.43202742,
              1216.05953785
            ],
            [
              91.87609946,
              44.43202908,
              1216.05953785
            ],
            [
              91.87610042,
              44.43203073,
              1216.05953785
            ],
            [
              91.87610137,
              44.43203239,
              1216.05953785
            ],
            [
              91.87610233,
              44.43203404,
              1216.05953785
            ],
            [
              91.87610328,
              44.4320357,
              1216.05953785
            ],
            [
              91.87610423,
              44.43203735,
              1216.05953785
            ],
            [
              91.87610519,
              44.43203901,
              1216.05953785
            ],
            [
              91.87610614,
              44.43204066,
              1216.05953785
            ],
            [
              91.8761071,
              44.43204232,
              1216.05953785
            ],
            [
              91.87610805,
              44.43204397,
              1216.05953785
            ],
            [
              91.87610901,
              44.43204563,
              1216.05953785
            ],
            [
              91.87610996,
              44.43204728,
              1216.05953785
            ],
            [
              91.87611091,
              44.43204894,
              1216.05953785
            ],
            [
              91.87611186,
              44.4320506,
              1216.05953785
            ],
            [
              91.87611281,
              44.43205226,
              1216.05953785
            ],
            [
              91.87611377,
              44.43205392,
              1216.05953785
            ],
            [
              91.87611472,
              44.43205559,
              1216.05953785
            ],
            [
              91.87611567,
              44.43205725,
              1216.05953785
            ],
            [
              91.87611662,
              44.43205891,
              1216.05953785
            ],
            [
              91.87611757,
              44.43206057,
              1216.05953785
            ],
            [
              91.87611852,
              44.43206223,
              1216.05953785
            ],
            [
              91.87611947,
              44.43206389,
              1216.05953785
            ],
            [
              91.87612043,
              44.43206555,
              1216.05953785
            ],
            [
              91.87612138,
              44.43206721,
              1216.05953785
            ],
            [
              91.87612233,
              44.43206888,
              1216.05953785
            ],
            [
              91.87612328,
              44.43207054,
              1216.05953785
            ],
            [
              91.87612423,
              44.4320722,
              1216.05953785
            ],
            [
              91.87612518,
              44.43207386,
              1216.05953785
            ],
            [
              91.87612613,
              44.43207552,
              1216.05953785
            ],
            [
              91.87612709,
              44.43207718,
              1216.05953785
            ],
            [
              91.87612804,
              44.43207884,
              1216.05953785
            ],
            [
              91.87612899,
              44.4320805,
              1216.05953785
            ],
            [
              91.87612994,
              44.43208216,
              1216.05953785
            ],
            [
              91.87613089,
              44.43208383,
              1216.05953785
            ],
            [
              91.87613184,
              44.43208549,
              1216.05953785
            ],
            [
              91.87613279,
              44.43208715,
              1216.05953785
            ],
            [
              91.87613375,
              44.43208881,
              1216.05953785
            ],
            [
              91.8761347,
              44.43209047,
              1216.05953785
            ],
            [
              91.87613565,
              44.43209213,
              1216.05953785
            ],
            [
              91.8761366,
              44.43209379,
              1216.05953785
            ],
            [
              91.87613755,
              44.43209545,
              1216.05953785
            ],
            [
              91.8761385,
              44.43209712,
              1216.05953785
            ],
            [
              91.87613945,
              44.43209878,
              1216.05953785
            ],
            [
              91.8761404,
              44.43210044,
              1216.05953785
            ],
            [
              91.87614136,
              44.4321021,
              1216.05953785
            ],
            [
              91.87614231,
              44.43210376,
              1216.05953785
            ],
            [
              91.87614326,
              44.43210542,
              1216.05953785
            ],
            [
              91.87614421,
              44.43210708,
              1216.05953785
            ],
            [
              91.87614516,
              44.43210874,
              1216.05953785
            ],
            [
              91.87614611,
              44.4321104,
              1216.05953785
            ],
            [
              91.87614706,
              44.43211207,
              1216.05953785
            ],
            [
              91.87614802,
              44.43211373,
              1216.05953785
            ],
            [
              91.87614897,
              44.43211539,
              1216.05953785
            ],
            [
              91.87614992,
              44.43211705,
              1216.05953785
            ],
            [
              91.87615087,
              44.43211871,
              1216.05953785
            ],
            [
              91.87615182,
              44.43212037,
              1216.05953785
            ],
            [
              91.87615277,
              44.43212203,
              1216.05953785
            ],
            [
              91.87615372,
              44.43212369,
              1216.05953785
            ],
            [
              91.87615468,
              44.43212536,
              1216.05953785
            ],
            [
              91.87615563,
              44.43212702,
              1216.05953785
            ],
            [
              91.87615658,
              44.43212868,
              1216.05953785
            ],
            [
              91.87615753,
              44.43213034,
              1216.05953785
            ],
            [
              91.87615848,
              44.432132,
              1216.05953785
            ],
            [
              91.87615943,
              44.43213366,
              1216.05953785
            ],
            [
              91.87616038,
              44.43213532,
              1216.05953785
            ],
            [
              91.87616134,
              44.43213698,
              1216.05953785
            ],
            [
              91.87616229,
              44.43213864,
              1216.05953785
            ],
            [
              91.87616324,
              44.43214031,
              1216.05953785
            ],
            [
              91.87616419,
              44.43214197,
              1216.05953785
            ],
            [
              91.87616514,
              44.43214363,
              1216.05953785
            ],
            [
              91.87616609,
              44.43214529,
              1216.05953785
            ],
            [
              91.87616704,
              44.43214695,
              1216.05953785
            ],
            [
              91.876168,
              44.43214861,
              1216.05953785
            ],
            [
              91.87616895,
              44.43215027,
              1216.05953785
            ],
            [
              91.8761699,
              44.43215193,
              1216.05953785
            ],
            [
              91.87617085,
              44.4321536,
              1216.05953785
            ],
            [
              91.8761718,
              44.43215526,
              1216.05953785
            ],
            [
              91.87617275,
              44.43215692,
              1216.05953785
            ],
            [
              91.8761737,
              44.43215858,
              1216.05953785
            ],
            [
              91.87617466,
              44.43216024,
              1216.05953785
            ],
            [
              91.87617561,
              44.4321619,
              1216.05953785
            ],
            [
              91.87617656,
              44.43216356,
              1216.05953785
            ],
            [
              91.87617751,
              44.43216522,
              1216.05953785
            ],
            [
              91.87617846,
              44.43216688,
              1216.05953785
            ],
            [
              91.87617941,
              44.43216855,
              1216.05953785
            ],
            [
              91.87618036,
              44.43217021,
              1216.05953785
            ],
            [
              91.87618132,
              44.43217187,
              1216.05953785
            ],
            [
              91.87618227,
              44.43217353,
              1216.05953785
            ],
            [
              91.87618322,
              44.43217519,
              1216.05953785
            ],
            [
              91.87618417,
              44.43217685,
              1216.05953785
            ],
            [
              91.87618512,
              44.43217851,
              1216.05953785
            ],
            [
              91.87618607,
              44.43218017,
              1216.05953785
            ],
            [
              91.87618702,
              44.43218183,
              1216.05953785
            ],
            [
              91.87618798,
              44.4321835,
              1216.05953785
            ],
            [
              91.87618893,
              44.43218516,
              1216.05953785
            ],
            [
              91.87618988,
              44.43218682,
              1216.05953785
            ],
            [
              91.87619083,
              44.43218848,
              1216.05953785
            ],
            [
              91.87619178,
              44.43219014,
              1216.05953785
            ],
            [
              91.87619273,
              44.4321918,
              1216.05953785
            ],
            [
              91.87619368,
              44.43219346,
              1216.05953785
            ],
            [
              91.87619464,
              44.43219512,
              1216.05953785
            ],
            [
              91.87619559,
              44.43219679,
              1216.05953785
            ],
            [
              91.87619654,
              44.43219845,
              1216.05953785
            ],
            [
              91.87619749,
              44.43220011,
              1216.05953785
            ],
            [
              91.87619844,
              44.43220177,
              1216.05953785
            ],
            [
              91.87619939,
              44.43220343,
              1216.05953785
            ],
            [
              91.87620034,
              44.43220509,
              1216.05953785
            ],
            [
              91.87620129,
              44.43220675,
              1216.05953785
            ],
            [
              91.87620225,
              44.43220841,
              1216.05953785
            ],
            [
              91.8762032,
              44.43221007,
              1216.05953785
            ],
            [
              91.87620415,
              44.43221174,
              1216.05953785
            ],
            [
              91.8762051,
              44.4322134,
              1216.05953785
            ],
            [
              91.87620605,
              44.43221506,
              1216.05953785
            ],
            [
              91.876207,
              44.43221672,
              1216.05953785
            ],
            [
              91.87620795,
              44.43221838,
              1216.05953785
            ],
            [
              91.87620891,
              44.43222004,
              1216.05953785
            ],
            [
              91.87620986,
              44.4322217,
              1216.05953785
            ],
            [
              91.87621081,
              44.43222336,
              1216.05953785
            ],
            [
              91.87621176,
              44.43222503,
              1216.05953785
            ],
            [
              91.87621271,
              44.43222669,
              1216.05953785
            ],
            [
              91.87621366,
              44.43222835,
              1216.05953785
            ],
            [
              91.87621461,
              44.43223001,
              1216.05953785
            ],
            [
              91.87621557,
              44.43223167,
              1216.05953785
            ],
            [
              91.87621652,
              44.43223333,
              1216.05953785
            ],
            [
              91.87621747,
              44.43223499,
              1216.05953785
            ],
            [
              91.87621842,
              44.43223665,
              1216.05953785
            ],
            [
              91.87621937,
              44.43223831,
              1216.05953785
            ],
            [
              91.87622032,
              44.43223998,
              1216.05953785
            ],
            [
              91.87622127,
              44.43224164,
              1216.05953785
            ],
            [
              91.87622223,
              44.4322433,
              1216.05953785
            ],
            [
              91.87622318,
              44.43224496,
              1216.05953785
            ],
            [
              91.87622413,
              44.43224662,
              1216.05953785
            ],
            [
              91.87622508,
              44.43224828,
              1216.05953785
            ],
            [
              91.87622603,
              44.43224994,
              1216.05953785
            ],
            [
              91.87622698,
              44.4322516,
              1216.05953785
            ],
            [
              91.87622793,
              44.43225327,
              1216.05953785
            ],
            [
              91.87622889,
              44.43225493,
              1216.05953785
            ],
            [
              91.87622984,
              44.43225659,
              1216.05953785
            ],
            [
              91.87623079,
              44.43225825,
              1216.05953785
            ],
            [
              91.87623174,
              44.43225991,
              1216.05953785
            ],
            [
              91.87623258,
              44.43226145,
              1216.05953785
            ],
            [
              91.87623342,
              44.43226298,
              1216.05953785
            ],
            [
              91.87623425,
              44.43226452,
              1216.05953785
            ],
            [
              91.87623509,
              44.43226605,
              1216.05953785
            ],
            [
              91.87623593,
              44.43226759,
              1216.05953785
            ],
            [
              91.87623677,
              44.43226912,
              1216.05953785
            ],
            [
              91.87623761,
              44.43227066,
              1216.05953785
            ],
            [
              91.87623845,
              44.43227219,
              1216.05953785
            ],
            [
              91.87623928,
              44.43227373,
              1216.05953785
            ],
            [
              91.87624012,
              44.43227526,
              1216.05953785
            ],
            [
              91.87624096,
              44.4322768,
              1216.05953785
            ],
            [
              91.87624191,
              44.43227845,
              1216.05953785
            ],
            [
              91.87624286,
              44.43228011,
              1216.05953785
            ],
            [
              91.87624382,
              44.43228176,
              1216.05953785
            ],
            [
              91.87624477,
              44.43228341,
              1216.05953785
            ],
            [
              91.87624572,
              44.43228507,
              1216.05953785
            ],
            [
              91.87624667,
              44.43228672,
              1216.05953785
            ],
            [
              91.87624762,
              44.43228837,
              1216.05953785
            ],
            [
              91.87624858,
              44.43229003,
              1216.05953785
            ],
            [
              91.87624953,
              44.43229168,
              1216.05953785
            ],
            [
              91.87625048,
              44.43229333,
              1216.05953785
            ],
            [
              91.87625143,
              44.43229499,
              1216.05953785
            ],
            [
              91.87625238,
              44.43229664,
              1216.05953785
            ],
            [
              91.87625334,
              44.43229829,
              1216.05953785
            ],
            [
              91.87625429,
              44.43229995,
              1216.05953785
            ],
            [
              91.87625524,
              44.4323016,
              1216.05953785
            ],
            [
              91.87625619,
              44.43230325,
              1216.05953785
            ],
            [
              91.87625714,
              44.43230491,
              1216.05953785
            ],
            [
              91.8762581,
              44.43230656,
              1216.05953785
            ],
            [
              91.87625905,
              44.43230821,
              1216.05953785
            ],
            [
              91.87626,
              44.43230987,
              1216.05953785
            ],
            [
              91.87626095,
              44.43231152,
              1216.05953785
            ],
            [
              91.8762619,
              44.43231317,
              1216.05953785
            ],
            [
              91.87626286,
              44.43231483,
              1216.05953785
            ],
            [
              91.87626381,
              44.43231648,
              1216.05953785
            ],
            [
              91.87626476,
              44.43231814,
              1216.05953785
            ],
            [
              91.87626571,
              44.43231979,
              1216.05953785
            ],
            [
              91.87626666,
              44.43232144,
              1216.05953785
            ],
            [
              91.87626762,
              44.4323231,
              1216.05953785
            ],
            [
              91.87626857,
              44.43232475,
              1216.05953785
            ],
            [
              91.87626952,
              44.4323264,
              1216.05953785
            ],
            [
              91.87627047,
              44.43232806,
              1216.05953785
            ],
            [
              91.87627142,
              44.43232971,
              1216.05953785
            ],
            [
              91.87627238,
              44.43233136,
              1216.05953785
            ],
            [
              91.87627333,
              44.43233302,
              1216.05953785
            ],
            [
              91.87627428,
              44.43233467,
              1216.05953785
            ],
            [
              91.87627523,
              44.43233632,
              1216.05953785
            ],
            [
              91.87627618,
              44.43233798,
              1216.05953785
            ],
            [
              91.87627714,
              44.43233963,
              1216.05953785
            ],
            [
              91.87627809,
              44.43234128,
              1216.05953785
            ],
            [
              91.87627904,
              44.43234294,
              1216.05953785
            ],
            [
              91.87627999,
              44.43234459,
              1216.05953785
            ],
            [
              91.87628094,
              44.43234624,
              1216.05953785
            ],
            [
              91.8762819,
              44.4323479,
              1216.05953785
            ],
            [
              91.87628285,
              44.43234955,
              1216.05953785
            ],
            [
              91.8762838,
              44.4323512,
              1216.05953785
            ],
            [
              91.87628475,
              44.43235286,
              1216.05953785
            ],
            [
              91.8762857,
              44.43235451,
              1216.05953785
            ],
            [
              91.87628666,
              44.43235616,
              1216.05953785
            ],
            [
              91.87628761,
              44.43235782,
              1216.05953785
            ],
            [
              91.87628856,
              44.43235947,
              1216.05953785
            ],
            [
              91.87628949,
              44.43236113,
              1216.05953785
            ],
            [
              91.87629042,
              44.4323628,
              1216.05953785
            ],
            [
              91.87629136,
              44.43236446,
              1216.05953785
            ],
            [
              91.87629229,
              44.43236612,
              1216.05953785
            ],
            [
              91.87629322,
              44.43236778,
              1216.05953785
            ],
            [
              91.87629415,
              44.43236945,
              1216.05953785
            ],
            [
              91.87629508,
              44.43237111,
              1216.05953785
            ],
            [
              91.87629601,
              44.43237277,
              1216.05953785
            ],
            [
              91.87629695,
              44.43237443,
              1216.05953785
            ],
            [
              91.87629788,
              44.4323761,
              1216.05953785
            ],
            [
              91.87629881,
              44.43237776,
              1216.05953785
            ],
            [
              91.87629974,
              44.43237942,
              1216.05953785
            ],
            [
              91.87630067,
              44.43238108,
              1216.05953785
            ],
            [
              91.87630161,
              44.43238275,
              1216.05953785
            ],
            [
              91.87630254,
              44.43238441,
              1216.05953785
            ],
            [
              91.87630347,
              44.43238607,
              1216.05953785
            ],
            [
              91.8763044,
              44.43238774,
              1216.05953785
            ],
            [
              91.87630533,
              44.4323894,
              1216.05953785
            ],
            [
              91.87630626,
              44.43239106,
              1216.05953785
            ],
            [
              91.8763072,
              44.43239272,
              1216.05953785
            ],
            [
              91.87630813,
              44.43239439,
              1216.05953785
            ],
            [
              91.87630906,
              44.43239605,
              1216.05953785
            ],
            [
              91.87630999,
              44.43239771,
              1216.05953785
            ],
            [
              91.87631092,
              44.43239937,
              1216.05953785
            ],
            [
              91.87631185,
              44.43240104,
              1216.05953785
            ],
            [
              91.87631279,
              44.4324027,
              1216.05953785
            ],
            [
              91.87631372,
              44.43240436,
              1216.05953785
            ],
            [
              91.87631465,
              44.43240603,
              1216.05953785
            ],
            [
              91.87631558,
              44.43240769,
              1216.05953785
            ],
            [
              91.87631651,
              44.43240935,
              1216.05953785
            ],
            [
              91.87631745,
              44.43241101,
              1216.05953785
            ],
            [
              91.87631838,
              44.43241268,
              1216.05953785
            ],
            [
              91.87631931,
              44.43241434,
              1216.05953785
            ],
            [
              91.87632024,
              44.432416,
              1216.05953785
            ],
            [
              91.87632117,
              44.43241766,
              1216.05953785
            ],
            [
              91.8763221,
              44.43241933,
              1216.05953785
            ],
            [
              91.87632304,
              44.43242099,
              1216.05953785
            ],
            [
              91.87632397,
              44.43242265,
              1216.05953785
            ],
            [
              91.8763249,
              44.43242431,
              1216.05953785
            ],
            [
              91.87632583,
              44.43242598,
              1216.05953785
            ],
            [
              91.87632676,
              44.43242764,
              1216.05953785
            ],
            [
              91.8763277,
              44.4324293,
              1216.05953785
            ],
            [
              91.87632863,
              44.43243097,
              1216.05953785
            ],
            [
              91.87632956,
              44.43243263,
              1216.05953785
            ],
            [
              91.87633049,
              44.43243429,
              1216.05953785
            ],
            [
              91.87633142,
              44.43243595,
              1216.05953785
            ],
            [
              91.87633235,
              44.43243762,
              1216.05953785
            ],
            [
              91.87633329,
              44.43243928,
              1216.05953785
            ],
            [
              91.87633422,
              44.43244094,
              1216.05953785
            ],
            [
              91.87633515,
              44.4324426,
              1216.05953785
            ],
            [
              91.87633608,
              44.43244427,
              1216.05953785
            ],
            [
              91.87633701,
              44.43244593,
              1216.05953785
            ],
            [
              91.87633794,
              44.43244759,
              1216.05953785
            ],
            [
              91.87633888,
              44.43244926,
              1216.05953785
            ],
            [
              91.87633981,
              44.43245092,
              1216.05953785
            ],
            [
              91.87634074,
              44.43245258,
              1216.05953785
            ],
            [
              91.87634167,
              44.43245424,
              1216.05953785
            ],
            [
              91.8763426,
              44.43245591,
              1216.05953785
            ],
            [
              91.87634354,
              44.43245757,
              1216.05953785
            ],
            [
              91.87634447,
              44.43245923,
              1216.05953785
            ],
            [
              91.8763454,
              44.43246089,
              1216.05953785
            ],
            [
              91.87634633,
              44.43246256,
              1216.05953785
            ],
            [
              91.87634726,
              44.43246422,
              1216.05953785
            ],
            [
              91.87634819,
              44.43246588,
              1216.05953785
            ],
            [
              91.87634913,
              44.43246754,
              1216.05953785
            ],
            [
              91.87635006,
              44.43246921,
              1216.05953785
            ],
            [
              91.87635099,
              44.43247087,
              1216.05953785
            ],
            [
              91.87635192,
              44.4324725,
              1216.05953785
            ],
            [
              91.87635285,
              44.43247413,
              1216.05953785
            ],
            [
              91.87635378,
              44.43247576,
              1216.05953785
            ],
            [
              91.87635471,
              44.43247739,
              1216.05953785
            ],
            [
              91.87635564,
              44.43247902,
              1216.05953785
            ],
            [
              91.87635657,
              44.43248065,
              1216.05953785
            ],
            [
              91.8763575,
              44.43248228,
              1216.05953785
            ],
            [
              91.87635844,
              44.43248392,
              1216.05953785
            ],
            [
              91.87635937,
              44.43248555,
              1216.05953785
            ],
            [
              91.8763603,
              44.43248718,
              1216.05953785
            ],
            [
              91.87636123,
              44.43248881,
              1216.05953785
            ],
            [
              91.87636216,
              44.43249044,
              1216.05953785
            ],
            [
              91.87636309,
              44.43249207,
              1216.05953785
            ],
            [
              91.87636402,
              44.4324937,
              1216.05953785
            ],
            [
              91.87636498,
              44.43249535,
              1216.05953785
            ],
            [
              91.87636594,
              44.43249701,
              1216.05953785
            ],
            [
              91.87636689,
              44.43249866,
              1216.05953785
            ],
            [
              91.87636785,
              44.43250031,
              1216.05953785
            ],
            [
              91.87636881,
              44.43250196,
              1216.05953785
            ],
            [
              91.87636977,
              44.43250362,
              1216.05953785
            ],
            [
              91.87637073,
              44.43250527,
              1216.05953785
            ],
            [
              91.87637169,
              44.43250692,
              1216.05953785
            ],
            [
              91.87637264,
              44.43250858,
              1216.05953785
            ],
            [
              91.8763736,
              44.43251023,
              1216.05953785
            ],
            [
              91.87637456,
              44.43251188,
              1216.05953785
            ],
            [
              91.87637552,
              44.43251354,
              1216.05953785
            ],
            [
              91.87637648,
              44.43251519,
              1216.05953785
            ],
            [
              91.87637744,
              44.43251684,
              1216.05953785
            ],
            [
              91.87637839,
              44.43251849,
              1216.05953785
            ],
            [
              91.87637935,
              44.43252015,
              1216.05953785
            ],
            [
              91.87638031,
              44.4325218,
              1216.05953785
            ],
            [
              91.87638124,
              44.43252342,
              1216.05953785
            ],
            [
              91.87638216,
              44.43252505,
              1216.05953785
            ],
            [
              91.87638309,
              44.43252667,
              1216.05953785
            ],
            [
              91.87638401,
              44.4325283,
              1216.05953785
            ],
            [
              91.87638494,
              44.43252992,
              1216.05953785
            ],
            [
              91.87638586,
              44.43253155,
              1216.05953785
            ],
            [
              91.87638679,
              44.43253317,
              1216.05953785
            ],
            [
              91.87638772,
              44.43253479,
              1216.05953785
            ],
            [
              91.87638864,
              44.43253642,
              1216.05953785
            ],
            [
              91.87638957,
              44.43253804,
              1216.05953785
            ],
            [
              91.87639049,
              44.43253967,
              1216.05953785
            ],
            [
              91.87639142,
              44.43254129,
              1216.05953785
            ],
            [
              91.87639234,
              44.43254292,
              1216.05953785
            ],
            [
              91.87639327,
              44.43254454,
              1216.05953785
            ],
            [
              91.8763942,
              44.43254616,
              1216.05953785
            ],
            [
              91.87639512,
              44.43254779,
              1216.05953785
            ],
            [
              91.87639605,
              44.43254941,
              1216.05953785
            ],
            [
              91.87639697,
              44.43255104,
              1216.05953785
            ],
            [
              91.8763979,
              44.43255266,
              1216.05953785
            ],
            [
              91.87639882,
              44.43255429,
              1216.05953785
            ],
            [
              91.87639975,
              44.43255591,
              1216.05953785
            ],
            [
              91.87640068,
              44.43255753,
              1216.05953785
            ],
            [
              91.8764016,
              44.43255916,
              1216.05953785
            ],
            [
              91.87640253,
              44.43256078,
              1216.05953785
            ],
            [
              91.87640345,
              44.43256241,
              1216.05953785
            ],
            [
              91.87640438,
              44.43256403,
              1216.05953785
            ],
            [
              91.8764053,
              44.43256566,
              1216.05953785
            ],
            [
              91.87640623,
              44.43256728,
              1216.05953785
            ],
            [
              91.87640728,
              44.43256888,
              1216.05953785
            ],
            [
              91.87640832,
              44.43257049,
              1216.05953785
            ],
            [
              91.87640937,
              44.43257209,
              1216.05953785
            ],
            [
              91.87641042,
              44.43257369,
              1216.05953785
            ],
            [
              91.87641147,
              44.4325753,
              1216.05953785
            ],
            [
              91.87641251,
              44.4325769,
              1216.05953785
            ],
            [
              91.87641356,
              44.43257851,
              1216.05953785
            ],
            [
              91.87641461,
              44.43258011,
              1216.05953785
            ],
            [
              91.87641566,
              44.43258171,
              1216.05953785
            ],
            [
              91.8764167,
              44.43258332,
              1216.05953785
            ],
            [
              91.87641775,
              44.43258492,
              1216.05953785
            ],
            [
              91.8764188,
              44.43258652,
              1216.05953785
            ],
            [
              91.87641985,
              44.43258813,
              1216.05953785
            ],
            [
              91.87642089,
              44.43258973,
              1216.05953785
            ],
            [
              91.87642194,
              44.43259134,
              1216.05953785
            ],
            [
              91.87642299,
              44.43259294,
              1216.05953785
            ],
            [
              91.87642404,
              44.43259454,
              1216.05953785
            ],
            [
              91.87642508,
              44.43259615,
              1216.05953785
            ],
            [
              91.87642613,
              44.43259775,
              1216.05953785
            ],
            [
              91.87642718,
              44.43259935,
              1216.05953785
            ],
            [
              91.87642823,
              44.43260096,
              1216.05953785
            ],
            [
              91.87642927,
              44.43260256,
              1216.05953785
            ],
            [
              91.87643032,
              44.43260417,
              1216.05953785
            ],
            [
              91.87643137,
              44.43260577,
              1216.05953785
            ],
            [
              91.87643242,
              44.43260737,
              1216.05953785
            ],
            [
              91.87643346,
              44.43260898,
              1216.05953785
            ],
            [
              91.87643451,
              44.43261058,
              1216.05953785
            ],
            [
              91.87643556,
              44.43261218,
              1216.05953785
            ],
            [
              91.8764366,
              44.43261379,
              1216.05953785
            ],
            [
              91.87643765,
              44.43261539,
              1216.05953785
            ],
            [
              91.8764387,
              44.43261699,
              1216.05953785
            ],
            [
              91.87643975,
              44.4326186,
              1216.05953785
            ],
            [
              91.87644079,
              44.4326202,
              1216.05953785
            ],
            [
              91.87644184,
              44.43262181,
              1216.05953785
            ],
            [
              91.87644289,
              44.43262341,
              1216.05953785
            ],
            [
              91.87644394,
              44.43262501,
              1216.05953785
            ],
            [
              91.87644498,
              44.43262662,
              1216.05953785
            ],
            [
              91.87644603,
              44.43262822,
              1216.05953785
            ],
            [
              91.87644708,
              44.43262982,
              1216.05953785
            ],
            [
              91.87644813,
              44.43263143,
              1216.05953785
            ],
            [
              91.87644917,
              44.43263303,
              1216.05953785
            ],
            [
              91.87645022,
              44.43263464,
              1216.05953785
            ],
            [
              91.87645127,
              44.43263624,
              1216.05953785
            ],
            [
              91.87645232,
              44.43263784,
              1216.05953785
            ],
            [
              91.87645336,
              44.43263945,
              1216.05953785
            ],
            [
              91.87645441,
              44.43264105,
              1216.05953785
            ],
            [
              91.87645546,
              44.43264265,
              1216.05953785
            ],
            [
              91.87645651,
              44.43264426,
              1216.05953785
            ],
            [
              91.87645755,
              44.43264586,
              1216.05953785
            ],
            [
              91.8764586,
              44.43264747,
              1216.05953785
            ],
            [
              91.87645965,
              44.43264907,
              1216.05953785
            ],
            [
              91.8764607,
              44.43265067,
              1216.05953785
            ],
            [
              91.87646174,
              44.43265228,
              1216.05953785
            ],
            [
              91.87646279,
              44.43265388,
              1216.05953785
            ],
            [
              91.87646384,
              44.43265549,
              1215.92429388
            ],
            [
              91.87646528,
              44.43265403,
              1215.92429388
            ],
            [
              91.87646672,
              44.43265257,
              1215.92429388
            ],
            [
              91.87646817,
              44.43265111,
              1215.92429388
            ],
            [
              91.87646961,
              44.43264965,
              1215.92429388
            ],
            [
              91.87647105,
              44.43264819,
              1215.92429388
            ],
            [
              91.87647249,
              44.43264673,
              1215.92429388
            ],
            [
              91.87647393,
              44.43264526,
              1215.92429388
            ],
            [
              91.87647538,
              44.4326438,
              1215.92429388
            ],
            [
              91.87647682,
              44.43264234,
              1215.92429388
            ],
            [
              91.87647826,
              44.43264088,
              1215.92429388
            ],
            [
              91.8764797,
              44.43263942,
              1215.92429388
            ],
            [
              91.87648114,
              44.43263796,
              1215.92429388
            ],
            [
              91.87648259,
              44.4326365,
              1215.92429388
            ],
            [
              91.87648403,
              44.43263504,
              1215.92429388
            ],
            [
              91.87648547,
              44.43263358,
              1215.92429388
            ],
            [
              91.87648691,
              44.43263212,
              1215.92429388
            ],
            [
              91.87648835,
              44.43263066,
              1215.92429388
            ],
            [
              91.87648979,
              44.4326292,
              1215.92429388
            ],
            [
              91.87649124,
              44.43262774,
              1215.92429388
            ],
            [
              91.87649268,
              44.43262628,
              1215.92429388
            ],
            [
              91.87649412,
              44.43262481,
              1215.92429388
            ],
            [
              91.87649556,
              44.43262335,
              1215.92429388
            ],
            [
              91.876497,
              44.43262189,
              1215.92429388
            ],
            [
              91.87649845,
              44.43262043,
              1215.92429388
            ],
            [
              91.87649989,
              44.43261897,
              1215.92429388
            ],
            [
              91.87650133,
              44.43261751,
              1215.92429388
            ],
            [
              91.87650277,
              44.43261605,
              1215.92429388
            ],
            [
              91.87650421,
              44.43261459,
              1215.92429388
            ],
            [
              91.87650566,
              44.43261313,
              1215.92429388
            ],
            [
              91.8765071,
              44.43261167,
              1215.92429388
            ],
            [
              91.87650854,
              44.43261021,
              1215.92429388
            ],
            [
              91.87650998,
              44.43260875,
              1215.92429388
            ],
            [
              91.87651142,
              44.43260729,
              1215.92429388
            ],
            [
              91.87651287,
              44.43260582,
              1215.92429388
            ],
            [
              91.87651431,
              44.43260436,
              1215.92429388
            ],
            [
              91.87651575,
              44.4326029,
              1215.92429388
            ],
            [
              91.87651719,
              44.43260144,
              1215.92429388
            ],
            [
              91.87651863,
              44.43259998,
              1215.92429388
            ],
            [
              91.87652008,
              44.43259852,
              1215.92429388
            ],
            [
              91.87652152,
              44.43259706,
              1215.92429388
            ],
            [
              91.87652296,
              44.4325956,
              1215.92429388
            ],
            [
              91.8765244,
              44.43259414,
              1215.92429388
            ],
            [
              91.87652584,
              44.43259268,
              1215.92429388
            ],
            [
              91.87652729,
              44.43259122,
              1215.92429388
            ],
            [
              91.87652873,
              44.43258976,
              1215.92429388
            ],
            [
              91.87653017,
              44.4325883,
              1215.92429388
            ],
            [
              91.87653161,
              44.43258683,
              1215.92429388
            ],
            [
              91.87653305,
              44.43258537,
              1215.92429388
            ],
            [
              91.8765345,
              44.43258391,
              1215.92429388
            ],
            [
              91.87653594,
              44.43258245,
              1215.92429388
            ],
            [
              91.87653738,
              44.43258099,
              1215.92429388
            ],
            [
              91.87653882,
              44.43257953,
              1215.92429388
            ],
            [
              91.87654026,
              44.43257807,
              1215.92429388
            ],
            [
              91.8765417,
              44.43257661,
              1215.92429388
            ],
            [
              91.87654315,
              44.43257515,
              1215.92429388
            ],
            [
              91.87654459,
              44.43257369,
              1215.92429388
            ],
            [
              91.87654603,
              44.43257223,
              1215.92429388
            ],
            [
              91.87654747,
              44.43257077,
              1215.92429388
            ],
            [
              91.87654891,
              44.43256931,
              1215.92429388
            ],
            [
              91.87655036,
              44.43256785,
              1215.92429388
            ],
            [
              91.8765518,
              44.43256638,
              1215.92429388
            ],
            [
              91.87655324,
              44.43256492,
              1215.92429388
            ],
            [
              91.87655468,
              44.43256346,
              1215.92429388
            ],
            [
              91.87655612,
              44.432562,
              1215.92429388
            ],
            [
              91.87655757,
              44.43256054,
              1215.92429388
            ],
            [
              91.87655901,
              44.43255908,
              1215.92429388
            ],
            [
              91.87656045,
              44.43255762,
              1215.92429388
            ],
            [
              91.87656189,
              44.43255616,
              1215.96109169
            ],
            [
              91.87656427,
              44.43255669,
              1216.1298071
            ],
            [
              91.87687357,
              44.43231846,
              1216.27460878
            ]
          ]
        ]
      },
      "geometry_name": "shape",
      "properties": {
        "object_id": "9",
        "name": "小",
        "mapset_code": "0000",
        "geo_code": null,
        "type": 4,
        "version": "1782733499476_20260721113420",
        "attribute": "{\"MannedMode\":1}"
      },
      "bbox": [
        91.87600308,
        44.43186151,
        91.87702405,
        44.43265549
      ]
    },
    {
      "type": "Feature",
      "id": "rgn_auxiliary.1521240285063893066",
      "geometry": {
        "type": "Polygon",
        "coordinates": [
          [
            [
              91.87551411,
              44.43186102,
              1216.00916699
            ],
            [
              91.87551394,
              44.43186242,
              1216.00916699
            ],
            [
              91.87551377,
              44.43186381,
              1216.00916699
            ],
            [
              91.87551361,
              44.43186521,
              1216.00916699
            ],
            [
              91.87551344,
              44.43186661,
              1216.00916699
            ],
            [
              91.87551099,
              44.43186651,
              1216.00916699
            ],
            [
              91.87550854,
              44.43186641,
              1216.00916699
            ],
            [
              91.87550609,
              44.4318663,
              1216.00916699
            ],
            [
              91.87550364,
              44.4318662,
              1216.00916699
            ],
            [
              91.87550118,
              44.4318661,
              1216.00916699
            ],
            [
              91.87549873,
              44.431866,
              1216.00916699
            ],
            [
              91.87549628,
              44.4318659,
              1216.00916699
            ],
            [
              91.87549383,
              44.43186579,
              1216.00916699
            ],
            [
              91.87549138,
              44.43186569,
              1216.00916699
            ],
            [
              91.87548893,
              44.43186559,
              1216.00916699
            ],
            [
              91.87548648,
              44.43186549,
              1216.00916699
            ],
            [
              91.87548403,
              44.43186539,
              1216.00916699
            ],
            [
              91.87548158,
              44.43186528,
              1216.00916699
            ],
            [
              91.87547912,
              44.43186518,
              1216.00916699
            ],
            [
              91.87547667,
              44.43186508,
              1216.00916699
            ],
            [
              91.87547422,
              44.43186498,
              1216.00916699
            ],
            [
              91.87547177,
              44.43186488,
              1216.00916699
            ],
            [
              91.87546932,
              44.43186478,
              1216.00916699
            ],
            [
              91.87546687,
              44.43186467,
              1216.00916699
            ],
            [
              91.87546442,
              44.43186457,
              1216.00916699
            ],
            [
              91.87546197,
              44.43186447,
              1216.00916699
            ],
            [
              91.87545952,
              44.43186437,
              1216.00916699
            ],
            [
              91.87545706,
              44.43186427,
              1216.00916699
            ],
            [
              91.87545461,
              44.43186416,
              1216.00916699
            ],
            [
              91.87545216,
              44.43186406,
              1216.00916699
            ],
            [
              91.87544971,
              44.43186396,
              1216.00916699
            ],
            [
              91.87544726,
              44.43186386,
              1216.00916699
            ],
            [
              91.87544481,
              44.43186376,
              1216.00916699
            ],
            [
              91.87544236,
              44.43186365,
              1216.00916699
            ],
            [
              91.87543991,
              44.43186355,
              1216.00916699
            ],
            [
              91.87543746,
              44.43186345,
              1216.00916699
            ],
            [
              91.875435,
              44.43186335,
              1216.00916699
            ],
            [
              91.87543255,
              44.43186325,
              1216.00916699
            ],
            [
              91.8754301,
              44.43186314,
              1216.00916699
            ],
            [
              91.87542765,
              44.43186304,
              1216.00916699
            ],
            [
              91.8754252,
              44.43186294,
              1216.00916699
            ],
            [
              91.87542299,
              44.43186373,
              1215.98660964
            ],
            [
              91.87542073,
              44.43186444,
              1215.98660964
            ],
            [
              91.87541847,
              44.43186515,
              1215.98660964
            ],
            [
              91.87541621,
              44.43186585,
              1215.98660964
            ],
            [
              91.87541395,
              44.43186656,
              1215.98660964
            ],
            [
              91.87541169,
              44.43186727,
              1215.98660964
            ],
            [
              91.87540943,
              44.43186798,
              1215.98660964
            ],
            [
              91.87540717,
              44.43186868,
              1215.98660964
            ],
            [
              91.87540491,
              44.43186939,
              1215.98660964
            ],
            [
              91.87540265,
              44.4318701,
              1215.98660964
            ],
            [
              91.87540039,
              44.43187081,
              1215.98660964
            ],
            [
              91.87539813,
              44.43187151,
              1215.98660964
            ],
            [
              91.87539587,
              44.43187222,
              1215.98660964
            ],
            [
              91.87539361,
              44.43187293,
              1215.98660964
            ],
            [
              91.87539135,
              44.43187364,
              1215.98660964
            ],
            [
              91.87538909,
              44.43187434,
              1215.98660964
            ],
            [
              91.87538683,
              44.43187505,
              1215.98660964
            ],
            [
              91.87538456,
              44.43187576,
              1215.98660964
            ],
            [
              91.8753823,
              44.43187647,
              1215.98660964
            ],
            [
              91.87538004,
              44.43187717,
              1215.98660964
            ],
            [
              91.87537778,
              44.43187788,
              1215.98660964
            ],
            [
              91.87537552,
              44.43187859,
              1215.98660964
            ],
            [
              91.87537326,
              44.4318793,
              1215.98660964
            ],
            [
              91.875371,
              44.43188,
              1215.98660964
            ],
            [
              91.87536874,
              44.43188071,
              1215.98660964
            ],
            [
              91.87536648,
              44.43188142,
              1215.98660964
            ],
            [
              91.87536422,
              44.43188213,
              1215.98660964
            ],
            [
              91.87536196,
              44.43188283,
              1215.98660964
            ],
            [
              91.8753597,
              44.43188354,
              1215.98660964
            ],
            [
              91.87535744,
              44.43188425,
              1215.98660964
            ],
            [
              91.87535518,
              44.43188496,
              1215.98660964
            ],
            [
              91.87535292,
              44.43188566,
              1215.98660964
            ],
            [
              91.87535066,
              44.43188637,
              1215.98660964
            ],
            [
              91.8753484,
              44.43188708,
              1215.8923771
            ],
            [
              91.87534749,
              44.43188868,
              1215.8923771
            ],
            [
              91.87534658,
              44.43189027,
              1215.8923771
            ],
            [
              91.87534566,
              44.43189187,
              1215.8923771
            ],
            [
              91.87534475,
              44.43189347,
              1215.8923771
            ],
            [
              91.87534384,
              44.43189506,
              1215.8923771
            ],
            [
              91.87534293,
              44.43189666,
              1215.8923771
            ],
            [
              91.87534201,
              44.43189826,
              1215.8923771
            ],
            [
              91.8753411,
              44.43189985,
              1215.8923771
            ],
            [
              91.87534019,
              44.43190145,
              1215.8923771
            ],
            [
              91.87533928,
              44.43190305,
              1215.77258984
            ],
            [
              91.87534006,
              44.43190474,
              1215.77258984
            ],
            [
              91.87534085,
              44.43190644,
              1215.77258984
            ],
            [
              91.87534163,
              44.43190813,
              1215.77258984
            ],
            [
              91.87534242,
              44.43190982,
              1215.77258984
            ],
            [
              91.8753432,
              44.43191151,
              1215.77258984
            ],
            [
              91.87534398,
              44.43191321,
              1215.77258984
            ],
            [
              91.87534477,
              44.4319149,
              1215.77258984
            ],
            [
              91.87534555,
              44.43191659,
              1215.77258984
            ],
            [
              91.87534634,
              44.43191828,
              1215.77258984
            ],
            [
              91.87534712,
              44.43191998,
              1215.77258984
            ],
            [
              91.8753479,
              44.43192167,
              1215.77258984
            ],
            [
              91.87534869,
              44.43192336,
              1215.77258984
            ],
            [
              91.87534947,
              44.43192505,
              1215.77258984
            ],
            [
              91.87535026,
              44.43192675,
              1215.77258984
            ],
            [
              91.87535104,
              44.43192844,
              1215.77258984
            ],
            [
              91.87535183,
              44.43193013,
              1215.77258984
            ],
            [
              91.87535261,
              44.43193182,
              1215.77258984
            ],
            [
              91.87535339,
              44.43193352,
              1215.77258984
            ],
            [
              91.87535418,
              44.43193521,
              1215.77258984
            ],
            [
              91.87535496,
              44.4319369,
              1215.77258984
            ],
            [
              91.87535575,
              44.43193859,
              1215.77258984
            ],
            [
              91.87535653,
              44.43194029,
              1215.77258984
            ],
            [
              91.87535731,
              44.43194198,
              1215.77258984
            ],
            [
              91.8753581,
              44.43194367,
              1215.77258984
            ],
            [
              91.87535888,
              44.43194536,
              1215.77258984
            ],
            [
              91.87535967,
              44.43194706,
              1215.77258984
            ],
            [
              91.87536045,
              44.43194875,
              1215.77258984
            ],
            [
              91.87536123,
              44.43195044,
              1215.77258984
            ],
            [
              91.87536202,
              44.43195213,
              1215.77258984
            ],
            [
              91.8753628,
              44.43195383,
              1215.77258984
            ],
            [
              91.87536359,
              44.43195552,
              1215.77258984
            ],
            [
              91.87536437,
              44.43195721,
              1215.77258984
            ],
            [
              91.87536515,
              44.43195891,
              1215.77258984
            ],
            [
              91.87536594,
              44.4319606,
              1215.77258984
            ],
            [
              91.87536672,
              44.43196229,
              1215.77258984
            ],
            [
              91.87536751,
              44.43196398,
              1215.77258984
            ],
            [
              91.87536829,
              44.43196568,
              1215.77258984
            ],
            [
              91.87536908,
              44.43196737,
              1215.77258984
            ],
            [
              91.87536986,
              44.43196906,
              1215.77258984
            ],
            [
              91.87537064,
              44.43197075,
              1215.77258984
            ],
            [
              91.87537143,
              44.43197245,
              1215.77258984
            ],
            [
              91.87537221,
              44.43197414,
              1215.77258984
            ],
            [
              91.875373,
              44.43197583,
              1215.77258984
            ],
            [
              91.87537378,
              44.43197752,
              1215.77258984
            ],
            [
              91.87537456,
              44.43197922,
              1215.77258984
            ],
            [
              91.87537535,
              44.43198091,
              1215.77258984
            ],
            [
              91.87537613,
              44.4319826,
              1215.77258984
            ],
            [
              91.87537692,
              44.43198429,
              1215.77258984
            ],
            [
              91.8753777,
              44.43198599,
              1215.77258984
            ],
            [
              91.87537848,
              44.43198768,
              1215.77258984
            ],
            [
              91.87537927,
              44.43198937,
              1215.77258984
            ],
            [
              91.87538005,
              44.43199106,
              1215.77258984
            ],
            [
              91.87538084,
              44.43199276,
              1215.77258984
            ],
            [
              91.87538162,
              44.43199445,
              1215.77258984
            ],
            [
              91.8753824,
              44.43199614,
              1215.77258984
            ],
            [
              91.87538319,
              44.43199783,
              1215.77258984
            ],
            [
              91.87538397,
              44.43199953,
              1215.77258984
            ],
            [
              91.87538476,
              44.43200122,
              1215.77258984
            ],
            [
              91.87538554,
              44.43200291,
              1215.77258984
            ],
            [
              91.87538633,
              44.4320046,
              1215.77258984
            ],
            [
              91.87538711,
              44.4320063,
              1215.77258984
            ],
            [
              91.87538789,
              44.43200799,
              1215.77258984
            ],
            [
              91.87538868,
              44.43200968,
              1215.77258984
            ],
            [
              91.87538946,
              44.43201138,
              1215.77258984
            ],
            [
              91.87539025,
              44.43201307,
              1215.77258984
            ],
            [
              91.87539103,
              44.43201476,
              1215.77258984
            ],
            [
              91.87539181,
              44.43201645,
              1215.77258984
            ],
            [
              91.8753926,
              44.43201815,
              1215.77258984
            ],
            [
              91.87539338,
              44.43201984,
              1215.77258984
            ],
            [
              91.87539417,
              44.43202153,
              1215.77258984
            ],
            [
              91.87539495,
              44.43202322,
              1215.77258984
            ],
            [
              91.87539573,
              44.43202492,
              1215.77258984
            ],
            [
              91.87539652,
              44.43202661,
              1215.77258984
            ],
            [
              91.8753973,
              44.4320283,
              1215.77258984
            ],
            [
              91.87539809,
              44.43202999,
              1215.77258984
            ],
            [
              91.87539887,
              44.43203169,
              1215.77258984
            ],
            [
              91.87539965,
              44.43203338,
              1215.77258984
            ],
            [
              91.87540044,
              44.43203507,
              1215.77258984
            ],
            [
              91.87540122,
              44.43203676,
              1215.77258984
            ],
            [
              91.87540201,
              44.43203846,
              1215.77258984
            ],
            [
              91.87540279,
              44.43204015,
              1215.77258984
            ],
            [
              91.87540358,
              44.43204184,
              1215.77258984
            ],
            [
              91.87540436,
              44.43204353,
              1215.77258984
            ],
            [
              91.87540514,
              44.43204523,
              1215.77258984
            ],
            [
              91.87540593,
              44.43204692,
              1215.77258984
            ],
            [
              91.87540671,
              44.43204861,
              1215.77258984
            ],
            [
              91.8754075,
              44.4320503,
              1215.77258984
            ],
            [
              91.87540828,
              44.432052,
              1215.77258984
            ],
            [
              91.87540906,
              44.43205369,
              1215.77258984
            ],
            [
              91.87540985,
              44.43205538,
              1215.77258984
            ],
            [
              91.87541063,
              44.43205707,
              1215.77258984
            ],
            [
              91.87541142,
              44.43205877,
              1215.77258984
            ],
            [
              91.8754122,
              44.43206046,
              1215.77258984
            ],
            [
              91.87541314,
              44.43206212,
              1215.77258984
            ],
            [
              91.87541408,
              44.43206378,
              1215.77258984
            ],
            [
              91.87541502,
              44.43206544,
              1215.77258984
            ],
            [
              91.87541596,
              44.4320671,
              1215.77258984
            ],
            [
              91.8754169,
              44.43206876,
              1215.77258984
            ],
            [
              91.87541784,
              44.43207042,
              1215.77258984
            ],
            [
              91.87541878,
              44.43207208,
              1215.77258984
            ],
            [
              91.87541972,
              44.43207374,
              1215.77258984
            ],
            [
              91.87542066,
              44.4320754,
              1215.77258984
            ],
            [
              91.8754216,
              44.43207706,
              1215.77258984
            ],
            [
              91.87542254,
              44.43207871,
              1215.77258984
            ],
            [
              91.87542348,
              44.43208037,
              1215.77258984
            ],
            [
              91.87542442,
              44.43208203,
              1215.77258984
            ],
            [
              91.87542536,
              44.43208369,
              1215.77258984
            ],
            [
              91.8754263,
              44.43208535,
              1215.77258984
            ],
            [
              91.87542724,
              44.43208701,
              1215.77258984
            ],
            [
              91.87542817,
              44.43208867,
              1215.77258984
            ],
            [
              91.87542911,
              44.43209033,
              1215.77258984
            ],
            [
              91.87543005,
              44.43209199,
              1215.77258984
            ],
            [
              91.87543099,
              44.43209365,
              1215.77258984
            ],
            [
              91.87543193,
              44.43209531,
              1215.77258984
            ],
            [
              91.87543287,
              44.43209697,
              1215.77258984
            ],
            [
              91.87543381,
              44.43209863,
              1215.77258984
            ],
            [
              91.87543475,
              44.43210029,
              1215.77258984
            ],
            [
              91.87543569,
              44.43210195,
              1215.77258984
            ],
            [
              91.87543663,
              44.43210361,
              1215.77258984
            ],
            [
              91.87543757,
              44.43210527,
              1215.77258984
            ],
            [
              91.87543851,
              44.43210693,
              1215.77258984
            ],
            [
              91.87543945,
              44.43210859,
              1215.77258984
            ],
            [
              91.87544039,
              44.43211025,
              1215.77258984
            ],
            [
              91.87544133,
              44.43211191,
              1215.77258984
            ],
            [
              91.87544227,
              44.43211357,
              1215.77258984
            ],
            [
              91.87544321,
              44.43211522,
              1215.77258984
            ],
            [
              91.87544415,
              44.43211688,
              1215.77258984
            ],
            [
              91.87544509,
              44.43211854,
              1215.77258984
            ],
            [
              91.87544603,
              44.4321202,
              1215.77258984
            ],
            [
              91.87544697,
              44.43212186,
              1215.77258984
            ],
            [
              91.87544791,
              44.43212352,
              1215.77258984
            ],
            [
              91.87544885,
              44.43212518,
              1215.77258984
            ],
            [
              91.87544979,
              44.43212684,
              1215.77258984
            ],
            [
              91.87545073,
              44.4321285,
              1215.77258984
            ],
            [
              91.87545167,
              44.43213016,
              1215.77258984
            ],
            [
              91.87545261,
              44.43213182,
              1215.77258984
            ],
            [
              91.87545355,
              44.43213348,
              1215.77258984
            ],
            [
              91.87545449,
              44.43213514,
              1215.77258984
            ],
            [
              91.87545543,
              44.4321368,
              1215.77258984
            ],
            [
              91.87545637,
              44.43213846,
              1215.77258984
            ],
            [
              91.87545731,
              44.43214012,
              1215.77258984
            ],
            [
              91.87545824,
              44.43214178,
              1215.77258984
            ],
            [
              91.87545918,
              44.43214344,
              1215.77258984
            ],
            [
              91.87546012,
              44.4321451,
              1215.77258984
            ],
            [
              91.87546106,
              44.43214676,
              1215.77258984
            ],
            [
              91.875462,
              44.43214842,
              1215.77258984
            ],
            [
              91.87546294,
              44.43215008,
              1215.77258984
            ],
            [
              91.87546388,
              44.43215173,
              1215.77258984
            ],
            [
              91.87546482,
              44.43215339,
              1215.77258984
            ],
            [
              91.87546576,
              44.43215505,
              1215.77258984
            ],
            [
              91.8754667,
              44.43215671,
              1215.77258984
            ],
            [
              91.87546764,
              44.43215837,
              1215.77258984
            ],
            [
              91.87546858,
              44.43216003,
              1215.77258984
            ],
            [
              91.87546952,
              44.43216169,
              1215.77258984
            ],
            [
              91.87547046,
              44.43216335,
              1215.77258984
            ],
            [
              91.8754714,
              44.43216501,
              1215.77258984
            ],
            [
              91.87547234,
              44.43216667,
              1215.77258984
            ],
            [
              91.87547328,
              44.43216833,
              1215.77258984
            ],
            [
              91.87547422,
              44.43216999,
              1215.62531458
            ],
            [
              91.87547517,
              44.43217165,
              1215.62531458
            ],
            [
              91.87547613,
              44.43217332,
              1215.62531458
            ],
            [
              91.87547708,
              44.43217498,
              1215.62531458
            ],
            [
              91.87547804,
              44.43217665,
              1215.62531458
            ],
            [
              91.87547899,
              44.43217831,
              1215.62531458
            ],
            [
              91.87547994,
              44.43217998,
              1215.62531458
            ],
            [
              91.8754809,
              44.43218164,
              1215.62531458
            ],
            [
              91.87548185,
              44.43218331,
              1215.62531458
            ],
            [
              91.87548281,
              44.43218497,
              1215.62531458
            ],
            [
              91.87548376,
              44.43218664,
              1215.62531458
            ],
            [
              91.87548471,
              44.4321883,
              1215.62531458
            ],
            [
              91.87548567,
              44.43218997,
              1215.62531458
            ],
            [
              91.87548662,
              44.43219163,
              1215.62531458
            ],
            [
              91.87548758,
              44.43219329,
              1215.62531458
            ],
            [
              91.87548853,
              44.43219496,
              1215.62531458
            ],
            [
              91.87548948,
              44.43219662,
              1215.62531458
            ],
            [
              91.87549044,
              44.43219829,
              1215.62531458
            ],
            [
              91.87549139,
              44.43219995,
              1215.62531458
            ],
            [
              91.87549235,
              44.43220162,
              1215.62531458
            ],
            [
              91.8754933,
              44.43220328,
              1215.62531458
            ],
            [
              91.87549425,
              44.43220495,
              1215.62531458
            ],
            [
              91.87549521,
              44.43220661,
              1215.62531458
            ],
            [
              91.87549616,
              44.43220828,
              1215.62531458
            ],
            [
              91.87549712,
              44.43220994,
              1215.62531458
            ],
            [
              91.87549807,
              44.4322116,
              1215.62531458
            ],
            [
              91.87549902,
              44.43221327,
              1215.62531458
            ],
            [
              91.87549998,
              44.43221493,
              1215.62531458
            ],
            [
              91.87550093,
              44.4322166,
              1215.62531458
            ],
            [
              91.87550188,
              44.43221826,
              1215.62531458
            ],
            [
              91.87550284,
              44.43221993,
              1215.62531458
            ],
            [
              91.87550379,
              44.43222159,
              1215.62531458
            ],
            [
              91.87550475,
              44.43222326,
              1215.62531458
            ],
            [
              91.8755057,
              44.43222492,
              1215.62531458
            ],
            [
              91.87550665,
              44.43222659,
              1215.62531458
            ],
            [
              91.87550761,
              44.43222825,
              1215.62531458
            ],
            [
              91.87550856,
              44.43222992,
              1215.62531458
            ],
            [
              91.87550952,
              44.43223158,
              1215.62531458
            ],
            [
              91.87551047,
              44.43223324,
              1215.62531458
            ],
            [
              91.87551142,
              44.43223491,
              1215.62531458
            ],
            [
              91.87551238,
              44.43223657,
              1215.62531458
            ],
            [
              91.87551333,
              44.43223824,
              1215.62531458
            ],
            [
              91.87551429,
              44.4322399,
              1215.62531458
            ],
            [
              91.87551524,
              44.43224157,
              1215.62531458
            ],
            [
              91.87551619,
              44.43224323,
              1215.62531458
            ],
            [
              91.87551715,
              44.4322449,
              1215.62531458
            ],
            [
              91.8755181,
              44.43224656,
              1215.62531458
            ],
            [
              91.87551906,
              44.43224823,
              1215.62531458
            ],
            [
              91.87552001,
              44.43224989,
              1215.62531458
            ],
            [
              91.87552096,
              44.43225156,
              1215.62531458
            ],
            [
              91.87552192,
              44.43225322,
              1215.62531458
            ],
            [
              91.87552287,
              44.43225488,
              1215.62531458
            ],
            [
              91.87552383,
              44.43225655,
              1215.62531458
            ],
            [
              91.87552478,
              44.43225821,
              1215.62531458
            ],
            [
              91.87552573,
              44.43225988,
              1215.62531458
            ],
            [
              91.87552669,
              44.43226154,
              1215.62531458
            ],
            [
              91.87552764,
              44.43226321,
              1215.62531458
            ],
            [
              91.8755286,
              44.43226487,
              1215.62531458
            ],
            [
              91.87552955,
              44.43226654,
              1215.62531458
            ],
            [
              91.8755305,
              44.4322682,
              1215.62531458
            ],
            [
              91.87553146,
              44.43226987,
              1215.62531458
            ],
            [
              91.87553241,
              44.43227153,
              1215.62531458
            ],
            [
              91.87553337,
              44.43227319,
              1215.62531458
            ],
            [
              91.87553432,
              44.43227486,
              1215.62531458
            ],
            [
              91.87553527,
              44.43227652,
              1215.62531458
            ],
            [
              91.87553623,
              44.43227819,
              1215.62531458
            ],
            [
              91.87553718,
              44.43227985,
              1215.62531458
            ],
            [
              91.87553814,
              44.43228152,
              1215.62531458
            ],
            [
              91.87553909,
              44.43228318,
              1215.62531458
            ],
            [
              91.87554004,
              44.43228485,
              1215.62531458
            ],
            [
              91.875541,
              44.43228651,
              1215.62531458
            ],
            [
              91.87554195,
              44.43228818,
              1215.62531458
            ],
            [
              91.87554291,
              44.43228984,
              1215.62531458
            ],
            [
              91.87554386,
              44.43229151,
              1215.62531458
            ],
            [
              91.87554481,
              44.43229317,
              1215.62531458
            ],
            [
              91.87554577,
              44.43229483,
              1215.62531458
            ],
            [
              91.87554672,
              44.4322965,
              1215.62531458
            ],
            [
              91.87554767,
              44.43229816,
              1215.62531458
            ],
            [
              91.87554863,
              44.43229983,
              1215.62531458
            ],
            [
              91.87554958,
              44.43230149,
              1215.62531458
            ],
            [
              91.87555054,
              44.43230316,
              1215.62531458
            ],
            [
              91.87555149,
              44.43230482,
              1215.62531458
            ],
            [
              91.87555244,
              44.43230649,
              1215.62531458
            ],
            [
              91.8755534,
              44.43230815,
              1215.62531458
            ],
            [
              91.87555435,
              44.43230982,
              1215.62531458
            ],
            [
              91.87555531,
              44.43231148,
              1215.62531458
            ],
            [
              91.87555626,
              44.43231315,
              1215.62531458
            ],
            [
              91.87555721,
              44.43231481,
              1215.62531458
            ],
            [
              91.87555817,
              44.43231647,
              1215.62531458
            ],
            [
              91.87555912,
              44.43231814,
              1215.62531458
            ],
            [
              91.87556008,
              44.4323198,
              1215.62531458
            ],
            [
              91.87556103,
              44.43232147,
              1215.62531458
            ],
            [
              91.87556198,
              44.43232313,
              1215.62531458
            ],
            [
              91.87556294,
              44.4323248,
              1215.62531458
            ],
            [
              91.87556389,
              44.43232646,
              1215.62531458
            ],
            [
              91.87556485,
              44.43232813,
              1215.62531458
            ],
            [
              91.8755658,
              44.43232979,
              1215.62531458
            ],
            [
              91.87556675,
              44.43233146,
              1215.62531458
            ],
            [
              91.87556771,
              44.43233312,
              1215.62531458
            ],
            [
              91.87556866,
              44.43233479,
              1215.62531458
            ],
            [
              91.87556962,
              44.43233645,
              1215.62531458
            ],
            [
              91.87557057,
              44.43233811,
              1215.62531458
            ],
            [
              91.87557152,
              44.43233978,
              1215.62531458
            ],
            [
              91.87557248,
              44.43234144,
              1215.62531458
            ],
            [
              91.87557343,
              44.43234311,
              1215.62531458
            ],
            [
              91.87557439,
              44.43234477,
              1215.62531458
            ],
            [
              91.87557534,
              44.43234644,
              1215.62531458
            ],
            [
              91.87557629,
              44.4323481,
              1215.62531458
            ],
            [
              91.87557725,
              44.43234977,
              1215.62531458
            ],
            [
              91.8755782,
              44.43235143,
              1215.62531458
            ],
            [
              91.87557916,
              44.4323531,
              1215.62531458
            ],
            [
              91.87558011,
              44.43235476,
              1215.62531458
            ],
            [
              91.87558106,
              44.43235642,
              1215.62531458
            ],
            [
              91.87558202,
              44.43235809,
              1215.62531458
            ],
            [
              91.87558297,
              44.43235975,
              1215.62531458
            ],
            [
              91.87558393,
              44.43236142,
              1215.62531458
            ],
            [
              91.87558488,
              44.43236308,
              1215.62531458
            ],
            [
              91.87558583,
              44.43236475,
              1215.62531458
            ],
            [
              91.87558679,
              44.43236641,
              1215.62531458
            ],
            [
              91.87558774,
              44.43236808,
              1215.62531458
            ],
            [
              91.8755887,
              44.43236974,
              1215.62531458
            ],
            [
              91.87558965,
              44.43237141,
              1215.62531458
            ],
            [
              91.8755906,
              44.43237307,
              1215.62531458
            ],
            [
              91.87559156,
              44.43237474,
              1215.62531458
            ],
            [
              91.87559251,
              44.4323764,
              1215.62531458
            ],
            [
              91.87559347,
              44.43237806,
              1215.62531458
            ],
            [
              91.87559442,
              44.43237973,
              1215.62531458
            ],
            [
              91.87559537,
              44.43238139,
              1215.62531458
            ],
            [
              91.87559633,
              44.43238306,
              1215.62531458
            ],
            [
              91.87559728,
              44.43238472,
              1215.62531458
            ],
            [
              91.87559824,
              44.43238639,
              1215.62531458
            ],
            [
              91.87559919,
              44.43238805,
              1215.62531458
            ],
            [
              91.87560014,
              44.43238972,
              1215.62531458
            ],
            [
              91.8756011,
              44.43239138,
              1215.62531458
            ],
            [
              91.87560205,
              44.43239305,
              1215.62531458
            ],
            [
              91.875603,
              44.43239471,
              1215.62531458
            ],
            [
              91.87560396,
              44.43239638,
              1215.62531458
            ],
            [
              91.87560491,
              44.43239804,
              1215.62531458
            ],
            [
              91.87560587,
              44.4323997,
              1215.62531458
            ],
            [
              91.87560682,
              44.43240137,
              1215.62531458
            ],
            [
              91.87560777,
              44.43240303,
              1215.62531458
            ],
            [
              91.87560873,
              44.4324047,
              1215.62531458
            ],
            [
              91.87560968,
              44.43240636,
              1215.62531458
            ],
            [
              91.87561064,
              44.43240803,
              1215.62531458
            ],
            [
              91.87561159,
              44.43240969,
              1215.62531458
            ],
            [
              91.87561254,
              44.43241136,
              1215.62531458
            ],
            [
              91.8756135,
              44.43241302,
              1215.62531458
            ],
            [
              91.87561445,
              44.43241469,
              1215.62531458
            ],
            [
              91.87561541,
              44.43241635,
              1215.62531458
            ],
            [
              91.87561636,
              44.43241801,
              1215.62531458
            ],
            [
              91.87561731,
              44.43241968,
              1215.62531458
            ],
            [
              91.87561827,
              44.43242134,
              1215.62531458
            ],
            [
              91.87561922,
              44.43242301,
              1215.62531458
            ],
            [
              91.87562018,
              44.43242467,
              1215.62531458
            ],
            [
              91.87562113,
              44.43242634,
              1215.62531458
            ],
            [
              91.87562208,
              44.432428,
              1215.62531458
            ],
            [
              91.87562304,
              44.43242967,
              1215.62531458
            ],
            [
              91.87562399,
              44.43243133,
              1215.62531458
            ],
            [
              91.87562495,
              44.432433,
              1215.62531458
            ],
            [
              91.8756259,
              44.43243466,
              1215.62531458
            ],
            [
              91.87562685,
              44.43243633,
              1215.62531458
            ],
            [
              91.87562781,
              44.43243799,
              1215.62531458
            ],
            [
              91.87562876,
              44.43243965,
              1215.62531458
            ],
            [
              91.87562972,
              44.43244132,
              1215.62531458
            ],
            [
              91.87563067,
              44.43244298,
              1215.62531458
            ],
            [
              91.87563162,
              44.43244465,
              1215.62531458
            ],
            [
              91.87563258,
              44.43244631,
              1215.62531458
            ],
            [
              91.87563353,
              44.43244798,
              1215.62531458
            ],
            [
              91.87563449,
              44.43244964,
              1215.62531458
            ],
            [
              91.87563544,
              44.43245131,
              1215.62531458
            ],
            [
              91.87563639,
              44.43245297,
              1215.62531458
            ],
            [
              91.87563735,
              44.43245464,
              1215.62531458
            ],
            [
              91.8756383,
              44.4324563,
              1215.62531458
            ],
            [
              91.87563926,
              44.43245797,
              1215.62531458
            ],
            [
              91.87564021,
              44.43245963,
              1215.62531458
            ],
            [
              91.87564116,
              44.43246129,
              1215.62531458
            ],
            [
              91.87564212,
              44.43246296,
              1215.62531458
            ],
            [
              91.87564307,
              44.43246462,
              1215.62531458
            ],
            [
              91.87564403,
              44.43246629,
              1215.62531458
            ],
            [
              91.87564498,
              44.43246795,
              1215.62531458
            ],
            [
              91.87564593,
              44.43246962,
              1215.62531458
            ],
            [
              91.87564689,
              44.43247128,
              1215.62531458
            ],
            [
              91.87564784,
              44.43247295,
              1215.62531458
            ],
            [
              91.8756488,
              44.43247461,
              1215.62531458
            ],
            [
              91.87564975,
              44.43247628,
              1215.62531458
            ],
            [
              91.8756507,
              44.43247794,
              1215.62531458
            ],
            [
              91.87565166,
              44.4324796,
              1215.62531458
            ],
            [
              91.87565261,
              44.43248127,
              1215.62531458
            ],
            [
              91.87565357,
              44.43248293,
              1215.62531458
            ],
            [
              91.87565452,
              44.4324846,
              1215.62531458
            ],
            [
              91.87565547,
              44.43248626,
              1215.62531458
            ],
            [
              91.87565643,
              44.43248793,
              1215.62531458
            ],
            [
              91.87565738,
              44.43248959,
              1215.62531458
            ],
            [
              91.87565833,
              44.43249126,
              1215.62531458
            ],
            [
              91.87565929,
              44.43249292,
              1215.62531458
            ],
            [
              91.87566024,
              44.43249459,
              1215.62531458
            ],
            [
              91.8756612,
              44.43249625,
              1215.62531458
            ],
            [
              91.87566215,
              44.43249792,
              1215.62531458
            ],
            [
              91.8756631,
              44.43249958,
              1215.62531458
            ],
            [
              91.87566406,
              44.43250124,
              1215.62531458
            ],
            [
              91.87566501,
              44.43250291,
              1215.62531458
            ],
            [
              91.87566597,
              44.43250457,
              1215.62531458
            ],
            [
              91.87566692,
              44.43250624,
              1215.62531458
            ],
            [
              91.87566787,
              44.4325079,
              1215.62531458
            ],
            [
              91.87566883,
              44.43250957,
              1215.62531458
            ],
            [
              91.87566978,
              44.43251123,
              1215.62531458
            ],
            [
              91.87567074,
              44.4325129,
              1215.62531458
            ],
            [
              91.87567169,
              44.43251456,
              1215.62531458
            ],
            [
              91.87567264,
              44.43251623,
              1215.62531458
            ],
            [
              91.8756736,
              44.43251789,
              1215.62531458
            ],
            [
              91.87567455,
              44.43251956,
              1215.62531458
            ],
            [
              91.87567551,
              44.43252122,
              1215.62531458
            ],
            [
              91.87567646,
              44.43252288,
              1215.62531458
            ],
            [
              91.87567741,
              44.43252455,
              1215.62531458
            ],
            [
              91.87567837,
              44.43252621,
              1215.62531458
            ],
            [
              91.87567932,
              44.43252788,
              1215.62531458
            ],
            [
              91.87568028,
              44.43252954,
              1215.62531458
            ],
            [
              91.87568123,
              44.43253121,
              1215.62531458
            ],
            [
              91.87568218,
              44.43253287,
              1215.62531458
            ],
            [
              91.87568314,
              44.43253454,
              1215.62531458
            ],
            [
              91.87568409,
              44.4325362,
              1215.62531458
            ],
            [
              91.87568505,
              44.43253787,
              1215.62531458
            ],
            [
              91.875686,
              44.43253953,
              1215.62531458
            ],
            [
              91.87568695,
              44.43254119,
              1215.62531458
            ],
            [
              91.87568791,
              44.43254286,
              1215.62531458
            ],
            [
              91.87568886,
              44.43254452,
              1215.62531458
            ],
            [
              91.87568982,
              44.43254619,
              1215.62531458
            ],
            [
              91.87569077,
              44.43254785,
              1215.62531458
            ],
            [
              91.87569172,
              44.43254952,
              1215.62531458
            ],
            [
              91.87569268,
              44.43255118,
              1215.62531458
            ],
            [
              91.87569363,
              44.43255285,
              1215.62531458
            ],
            [
              91.87569459,
              44.43255451,
              1215.62531458
            ],
            [
              91.87569554,
              44.43255618,
              1215.62531458
            ],
            [
              91.87569649,
              44.43255784,
              1215.62531458
            ],
            [
              91.87569745,
              44.43255951,
              1215.62531458
            ],
            [
              91.8756984,
              44.43256117,
              1215.62531458
            ],
            [
              91.87569936,
              44.43256283,
              1215.62531458
            ],
            [
              91.87570031,
              44.4325645,
              1215.62531458
            ],
            [
              91.87570126,
              44.43256616,
              1215.62531458
            ],
            [
              91.87570222,
              44.43256783,
              1215.62531458
            ],
            [
              91.87570317,
              44.43256949,
              1215.62531458
            ],
            [
              91.87570413,
              44.43257116,
              1215.62531458
            ],
            [
              91.87570508,
              44.43257282,
              1215.62531458
            ],
            [
              91.87570603,
              44.43257449,
              1215.62531458
            ],
            [
              91.87570699,
              44.43257615,
              1215.62531458
            ],
            [
              91.87570794,
              44.43257782,
              1215.62531458
            ],
            [
              91.8757089,
              44.43257948,
              1215.62531458
            ],
            [
              91.87570985,
              44.43258115,
              1215.62531458
            ],
            [
              91.8757108,
              44.43258281,
              1215.62531458
            ],
            [
              91.87571176,
              44.43258447,
              1215.62531458
            ],
            [
              91.87571271,
              44.43258614,
              1215.62531458
            ],
            [
              91.87571367,
              44.4325878,
              1215.62531458
            ],
            [
              91.87571462,
              44.43258947,
              1215.62531458
            ],
            [
              91.87571557,
              44.43259113,
              1215.62531458
            ],
            [
              91.87571653,
              44.4325928,
              1215.62531458
            ],
            [
              91.87571748,
              44.43259446,
              1215.62531458
            ],
            [
              91.87571844,
              44.43259613,
              1215.62531458
            ],
            [
              91.87571939,
              44.43259779,
              1215.62531458
            ],
            [
              91.87572034,
              44.43259946,
              1215.62531458
            ],
            [
              91.8757213,
              44.43260112,
              1215.62531458
            ],
            [
              91.87572225,
              44.43260278,
              1215.62531458
            ],
            [
              91.8757232,
              44.43260445,
              1215.62531458
            ],
            [
              91.87572416,
              44.43260611,
              1215.62531458
            ],
            [
              91.87572511,
              44.43260778,
              1215.62531458
            ],
            [
              91.87572607,
              44.43260944,
              1215.62531458
            ],
            [
              91.87572702,
              44.43261111,
              1215.62531458
            ],
            [
              91.87572797,
              44.43261277,
              1215.62531458
            ],
            [
              91.87572893,
              44.43261444,
              1215.62531458
            ],
            [
              91.87572988,
              44.4326161,
              1215.62531458
            ],
            [
              91.87573084,
              44.43261777,
              1215.62531458
            ],
            [
              91.87573179,
              44.43261943,
              1215.62531458
            ],
            [
              91.87573274,
              44.4326211,
              1215.62531458
            ],
            [
              91.8757337,
              44.43262276,
              1215.62531458
            ],
            [
              91.87573465,
              44.43262442,
              1215.62531458
            ],
            [
              91.87573561,
              44.43262609,
              1215.62531458
            ],
            [
              91.87573656,
              44.43262775,
              1215.62531458
            ],
            [
              91.87573751,
              44.43262942,
              1215.62531458
            ],
            [
              91.87573847,
              44.43263108,
              1215.62531458
            ],
            [
              91.87573942,
              44.43263275,
              1215.62531458
            ],
            [
              91.87574038,
              44.43263441,
              1215.62531458
            ],
            [
              91.87574133,
              44.43263608,
              1215.62531458
            ],
            [
              91.87574228,
              44.43263774,
              1215.62531458
            ],
            [
              91.87574324,
              44.43263941,
              1215.62531458
            ],
            [
              91.87574419,
              44.43264107,
              1215.62531458
            ],
            [
              91.87574515,
              44.43264274,
              1215.62531458
            ],
            [
              91.8757461,
              44.4326444,
              1215.62531458
            ],
            [
              91.87574705,
              44.43264606,
              1215.62531458
            ],
            [
              91.87574801,
              44.43264773,
              1215.62531458
            ],
            [
              91.87574896,
              44.43264939,
              1215.62531458
            ],
            [
              91.87574992,
              44.43265106,
              1215.62531458
            ],
            [
              91.87575087,
              44.43265272,
              1215.62531458
            ],
            [
              91.87575182,
              44.43265439,
              1215.62531458
            ],
            [
              91.87575278,
              44.43265605,
              1215.62531458
            ],
            [
              91.87575373,
              44.43265772,
              1215.62531458
            ],
            [
              91.87575469,
              44.43265938,
              1215.62531458
            ],
            [
              91.87575564,
              44.43266105,
              1215.62531458
            ],
            [
              91.87575659,
              44.43266271,
              1215.62531458
            ],
            [
              91.87575755,
              44.43266437,
              1215.62531458
            ],
            [
              91.8757585,
              44.43266604,
              1215.62531458
            ],
            [
              91.87575946,
              44.4326677,
              1215.62531458
            ],
            [
              91.87576041,
              44.43266937,
              1215.62531458
            ],
            [
              91.87576136,
              44.43267103,
              1215.62531458
            ],
            [
              91.87576232,
              44.4326727,
              1215.62531458
            ],
            [
              91.87576327,
              44.43267436,
              1215.62531458
            ],
            [
              91.87576423,
              44.43267603,
              1215.62531458
            ],
            [
              91.87576518,
              44.43267769,
              1215.62531458
            ],
            [
              91.87576613,
              44.43267936,
              1215.62531458
            ],
            [
              91.87576709,
              44.43268102,
              1215.62531458
            ],
            [
              91.87576804,
              44.43268269,
              1215.62531458
            ],
            [
              91.875769,
              44.43268435,
              1215.62531458
            ],
            [
              91.87576995,
              44.43268601,
              1215.62531458
            ],
            [
              91.8757709,
              44.43268768,
              1215.62531458
            ],
            [
              91.87577186,
              44.43268934,
              1215.62531458
            ],
            [
              91.87577281,
              44.43269101,
              1215.62531458
            ],
            [
              91.87577377,
              44.43269267,
              1215.62531458
            ],
            [
              91.87577472,
              44.43269434,
              1215.62531458
            ],
            [
              91.87577567,
              44.432696,
              1215.62531458
            ],
            [
              91.87577663,
              44.43269767,
              1215.62531458
            ],
            [
              91.87577758,
              44.43269933,
              1215.62531458
            ],
            [
              91.87577854,
              44.432701,
              1215.62531458
            ],
            [
              91.87577949,
              44.43270266,
              1215.62531458
            ],
            [
              91.87578044,
              44.43270433,
              1215.62531458
            ],
            [
              91.8757814,
              44.43270599,
              1215.62531458
            ],
            [
              91.87578235,
              44.43270765,
              1215.62531458
            ],
            [
              91.87578331,
              44.43270932,
              1215.62531458
            ],
            [
              91.87578426,
              44.43271098,
              1215.62531458
            ],
            [
              91.87578521,
              44.43271265,
              1215.62531458
            ],
            [
              91.87578617,
              44.43271431,
              1215.62531458
            ],
            [
              91.87578712,
              44.43271598,
              1215.62531458
            ],
            [
              91.87578808,
              44.43271764,
              1215.62531458
            ],
            [
              91.87578903,
              44.43271931,
              1215.62531458
            ],
            [
              91.87578998,
              44.43272097,
              1215.62531458
            ],
            [
              91.87579094,
              44.43272264,
              1215.62531458
            ],
            [
              91.87579189,
              44.4327243,
              1215.62531458
            ],
            [
              91.87579285,
              44.43272596,
              1215.62531458
            ],
            [
              91.8757938,
              44.43272763,
              1215.62531458
            ],
            [
              91.87579475,
              44.43272929,
              1215.62531458
            ],
            [
              91.87579571,
              44.43273096,
              1215.62531458
            ],
            [
              91.87579666,
              44.43273262,
              1215.62531458
            ],
            [
              91.87579761,
              44.43273429,
              1215.62531458
            ],
            [
              91.87579857,
              44.43273595,
              1215.62531458
            ],
            [
              91.87579952,
              44.43273762,
              1215.62531458
            ],
            [
              91.87580048,
              44.43273928,
              1215.62531458
            ],
            [
              91.87580143,
              44.43274095,
              1215.62531458
            ],
            [
              91.87580238,
              44.43274261,
              1215.62531458
            ],
            [
              91.87580334,
              44.43274428,
              1215.62531458
            ],
            [
              91.87580429,
              44.43274594,
              1215.62531458
            ],
            [
              91.87580525,
              44.4327476,
              1215.62531458
            ],
            [
              91.8758062,
              44.43274927,
              1215.62531458
            ],
            [
              91.87580715,
              44.43275093,
              1215.62531458
            ],
            [
              91.87580811,
              44.4327526,
              1215.62531458
            ],
            [
              91.87580906,
              44.43275426,
              1215.62531458
            ],
            [
              91.87581002,
              44.43275593,
              1215.62531458
            ],
            [
              91.87581097,
              44.43275759,
              1215.62531458
            ],
            [
              91.87581192,
              44.43275926,
              1215.62531458
            ],
            [
              91.87581288,
              44.43276092,
              1215.62531458
            ],
            [
              91.87581383,
              44.43276259,
              1215.62531458
            ],
            [
              91.87581479,
              44.43276425,
              1215.62531458
            ],
            [
              91.87581574,
              44.43276592,
              1215.62531458
            ],
            [
              91.87581669,
              44.43276758,
              1215.62531458
            ],
            [
              91.87581765,
              44.43276924,
              1215.62531458
            ],
            [
              91.8758186,
              44.43277091,
              1215.62531458
            ],
            [
              91.87581956,
              44.43277257,
              1215.62531458
            ],
            [
              91.87582051,
              44.43277424,
              1215.62531458
            ],
            [
              91.87582146,
              44.4327759,
              1215.62531458
            ],
            [
              91.87582242,
              44.43277757,
              1215.62531458
            ],
            [
              91.87582337,
              44.43277923,
              1215.62531458
            ],
            [
              91.87582433,
              44.4327809,
              1215.62531458
            ],
            [
              91.87582528,
              44.43278256,
              1215.62531458
            ],
            [
              91.87582623,
              44.43278423,
              1215.62531458
            ],
            [
              91.87582719,
              44.43278589,
              1215.62531458
            ],
            [
              91.87582814,
              44.43278755,
              1215.62531458
            ],
            [
              91.8758291,
              44.43278922,
              1215.62531458
            ],
            [
              91.87583005,
              44.43279088,
              1215.62531458
            ],
            [
              91.875831,
              44.43279255,
              1215.62531458
            ],
            [
              91.87583196,
              44.43279421,
              1215.62531458
            ],
            [
              91.87583291,
              44.43279588,
              1215.62531458
            ],
            [
              91.87583387,
              44.43279754,
              1215.62531458
            ],
            [
              91.87583482,
              44.43279921,
              1215.62531458
            ],
            [
              91.87583577,
              44.43280087,
              1215.62531458
            ],
            [
              91.87583673,
              44.43280254,
              1215.62531458
            ],
            [
              91.87583768,
              44.4328042,
              1215.62531458
            ],
            [
              91.87583864,
              44.43280587,
              1215.62531458
            ],
            [
              91.87583959,
              44.43280753,
              1215.62531458
            ],
            [
              91.87584062,
              44.43280913,
              1215.62531458
            ],
            [
              91.87584165,
              44.43281074,
              1215.62531458
            ],
            [
              91.87584268,
              44.43281234,
              1215.62531458
            ],
            [
              91.87584371,
              44.43281395,
              1215.62531458
            ],
            [
              91.87584474,
              44.43281555,
              1215.62531458
            ],
            [
              91.87584578,
              44.43281716,
              1215.62531458
            ],
            [
              91.87584681,
              44.43281876,
              1215.62531458
            ],
            [
              91.87584784,
              44.43282036,
              1215.62531458
            ],
            [
              91.87584887,
              44.43282197,
              1215.62531458
            ],
            [
              91.8758499,
              44.43282357,
              1215.62531458
            ],
            [
              91.87585093,
              44.43282518,
              1215.62531458
            ],
            [
              91.87585196,
              44.43282678,
              1215.62531458
            ],
            [
              91.87585299,
              44.43282838,
              1215.62531458
            ],
            [
              91.87585402,
              44.43282999,
              1215.62531458
            ],
            [
              91.87585505,
              44.43283159,
              1215.62531458
            ],
            [
              91.87585609,
              44.4328332,
              1215.62531458
            ],
            [
              91.87585712,
              44.4328348,
              1215.62531458
            ],
            [
              91.87585815,
              44.43283641,
              1215.62531458
            ],
            [
              91.87585918,
              44.43283801,
              1215.62531458
            ],
            [
              91.87586021,
              44.43283961,
              1215.62531458
            ],
            [
              91.87586124,
              44.43284122,
              1215.62531458
            ],
            [
              91.87586227,
              44.43284282,
              1215.62531458
            ],
            [
              91.8758633,
              44.43284443,
              1215.62531458
            ],
            [
              91.87586433,
              44.43284603,
              1215.62531458
            ],
            [
              91.87586536,
              44.43284764,
              1215.62531458
            ],
            [
              91.8758664,
              44.43284924,
              1215.62531458
            ],
            [
              91.87586743,
              44.43285084,
              1215.62531458
            ],
            [
              91.87586846,
              44.43285245,
              1215.62531458
            ],
            [
              91.87586949,
              44.43285405,
              1215.62531458
            ],
            [
              91.87587052,
              44.43285566,
              1215.62531458
            ],
            [
              91.87587155,
              44.43285726,
              1215.62531458
            ],
            [
              91.87587258,
              44.43285886,
              1215.62531458
            ],
            [
              91.87587361,
              44.43286047,
              1215.62531458
            ],
            [
              91.87587464,
              44.43286207,
              1215.62531458
            ],
            [
              91.87587567,
              44.43286368,
              1215.62531458
            ],
            [
              91.87587671,
              44.43286528,
              1215.62531458
            ],
            [
              91.87587774,
              44.43286689,
              1215.62531458
            ],
            [
              91.87587877,
              44.43286849,
              1215.62531458
            ],
            [
              91.8758798,
              44.43287009,
              1215.62531458
            ],
            [
              91.87588083,
              44.4328717,
              1215.62531458
            ],
            [
              91.87588186,
              44.4328733,
              1215.62531458
            ],
            [
              91.87588289,
              44.43287491,
              1215.62531458
            ],
            [
              91.87588392,
              44.43287651,
              1215.62531458
            ],
            [
              91.87588495,
              44.43287811,
              1215.62531458
            ],
            [
              91.87588598,
              44.43287972,
              1215.62531458
            ],
            [
              91.87588702,
              44.43288132,
              1215.62531458
            ],
            [
              91.87588805,
              44.43288293,
              1215.62531458
            ],
            [
              91.87588908,
              44.43288453,
              1215.62531458
            ],
            [
              91.87589011,
              44.43288614,
              1215.62531458
            ],
            [
              91.87589114,
              44.43288774,
              1215.62531458
            ],
            [
              91.87589293,
              44.43288668,
              1215.62531458
            ],
            [
              91.87589473,
              44.43288563,
              1215.62531458
            ],
            [
              91.87589652,
              44.43288458,
              1215.62531458
            ],
            [
              91.87589832,
              44.43288352,
              1215.62531458
            ],
            [
              91.87590011,
              44.43288247,
              1215.62531458
            ],
            [
              91.87590191,
              44.43288141,
              1215.62531458
            ],
            [
              91.8759037,
              44.43288036,
              1215.62531458
            ],
            [
              91.87590549,
              44.4328793,
              1215.62531458
            ],
            [
              91.87590729,
              44.43287825,
              1215.62531458
            ],
            [
              91.87590908,
              44.43287719,
              1215.62531458
            ],
            [
              91.87591088,
              44.43287613,
              1215.62531458
            ],
            [
              91.87591267,
              44.43287508,
              1215.62531458
            ],
            [
              91.875913,
              44.43287676,
              1215.62531458
            ],
            [
              91.87591334,
              44.43287844,
              1215.6210973
            ],
            [
              91.87591565,
              44.43287788,
              1215.6210973
            ],
            [
              91.87591795,
              44.43287732,
              1215.6210973
            ],
            [
              91.87592026,
              44.43287677,
              1215.6210973
            ],
            [
              91.87592256,
              44.43287621,
              1215.6210973
            ],
            [
              91.87592487,
              44.43287565,
              1215.6210973
            ],
            [
              91.87592717,
              44.43287509,
              1215.6210973
            ],
            [
              91.87592948,
              44.43287453,
              1215.6210973
            ],
            [
              91.87593178,
              44.43287398,
              1215.6210973
            ],
            [
              91.87593409,
              44.43287342,
              1215.6210973
            ],
            [
              91.87593639,
              44.43287286,
              1215.6210973
            ],
            [
              91.8759387,
              44.4328723,
              1215.6210973
            ],
            [
              91.875941,
              44.43287174,
              1215.6210973
            ],
            [
              91.87594331,
              44.43287119,
              1215.6210973
            ],
            [
              91.87594561,
              44.43287063,
              1215.6210973
            ],
            [
              91.87594792,
              44.43287007,
              1215.6210973
            ],
            [
              91.87595022,
              44.43286951,
              1215.6210973
            ],
            [
              91.87595253,
              44.43286896,
              1215.6210973
            ],
            [
              91.87595483,
              44.4328684,
              1215.6210973
            ],
            [
              91.87595714,
              44.43286784,
              1215.6210973
            ],
            [
              91.87595944,
              44.43286728,
              1215.6210973
            ],
            [
              91.87596175,
              44.43286672,
              1215.6210973
            ],
            [
              91.87596405,
              44.43286617,
              1215.6210973
            ],
            [
              91.87596636,
              44.43286561,
              1215.6210973
            ],
            [
              91.87596866,
              44.43286505,
              1215.6210973
            ],
            [
              91.87597097,
              44.43286449,
              1215.6210973
            ],
            [
              91.87597327,
              44.43286393,
              1215.6210973
            ],
            [
              91.87597558,
              44.43286338,
              1215.6210973
            ],
            [
              91.87597788,
              44.43286282,
              1215.6210973
            ],
            [
              91.87598019,
              44.43286226,
              1215.6210973
            ],
            [
              91.8759825,
              44.4328617,
              1215.69421605
            ],
            [
              91.8759831,
              44.4328629,
              1215.69402191
            ],
            [
              91.8759834,
              44.43286385,
              1215.69402191
            ],
            [
              91.8759837,
              44.4328648,
              1215.69363363
            ],
            [
              91.8759838,
              44.4328658,
              1215.69363363
            ],
            [
              91.8759839,
              44.4328668,
              1215.69319956
            ],
            [
              91.8759839,
              44.43286857,
              1215.69319956
            ],
            [
              91.8759839,
              44.43287033,
              1215.69319956
            ],
            [
              91.8759839,
              44.4328721,
              1215.69247977
            ],
            [
              91.87598425,
              44.4328732,
              1215.69247977
            ],
            [
              91.8759846,
              44.4328743,
              1215.69199991
            ],
            [
              91.8759855,
              44.4328756,
              1215.69175999
            ],
            [
              91.875987,
              44.4328769,
              1215.69152006
            ],
            [
              91.87598853,
              44.43287783,
              1215.69152006
            ],
            [
              91.87599007,
              44.43287877,
              1215.69152006
            ],
            [
              91.8759916,
              44.4328797,
              1215.69139005
            ],
            [
              91.8759932,
              44.4328809,
              1215.69139005
            ],
            [
              91.8759948,
              44.4328821,
              1215.69208976
            ],
            [
              91.87599625,
              44.4328833,
              1215.69208976
            ],
            [
              91.8759977,
              44.4328845,
              1215.69278947
            ],
            [
              91.875999,
              44.4328857,
              1215.69278947
            ],
            [
              91.8760003,
              44.4328869,
              1215.69278947
            ],
            [
              91.8760016,
              44.4328881,
              1215.69383903
            ],
            [
              91.87600278,
              44.43288945,
              1215.69453874
            ],
            [
              91.87631671,
              44.43277353,
              1215.89379096
            ],
            [
              91.87631562,
              44.43277209,
              1215.89379096
            ],
            [
              91.87631453,
              44.43277066,
              1215.89095514
            ],
            [
              91.87631357,
              44.43276926,
              1215.89095514
            ],
            [
              91.87631262,
              44.43276787,
              1215.88811933
            ],
            [
              91.87631178,
              44.4327665,
              1215.88811933
            ],
            [
              91.87631095,
              44.43276513,
              1215.88528352
            ],
            [
              91.87631029,
              44.43276382,
              1215.88528352
            ],
            [
              91.87630964,
              44.43276252,
              1215.8824477
            ],
            [
              91.87630901,
              44.43276087,
              1215.8810298
            ],
            [
              91.87630861,
              44.43275932,
              1215.87961189
            ],
            [
              91.87630848,
              44.43275789,
              1215.87992843
            ],
            [
              91.87630865,
              44.43275662,
              1215.88024498
            ],
            [
              91.87630935,
              44.43275516,
              1215.88087807
            ],
            [
              91.87631061,
              44.43275382,
              1215.88119461
            ],
            [
              91.87631197,
              44.43275292,
              1215.88119461
            ],
            [
              91.87631333,
              44.43275203,
              1215.8818277
            ],
            [
              91.87631506,
              44.43275124,
              1215.8818277
            ],
            [
              91.8763168,
              44.43275045,
              1215.88246078
            ],
            [
              91.87631875,
              44.43274973,
              1215.88246078
            ],
            [
              91.87632098,
              44.43274899,
              1215.88246078
            ],
            [
              91.87632321,
              44.43274824,
              1215.88246078
            ],
            [
              91.87632545,
              44.4327475,
              1215.88246078
            ],
            [
              91.87632768,
              44.43274676,
              1215.88246078
            ],
            [
              91.87632991,
              44.43274597,
              1215.88246078
            ],
            [
              91.87633215,
              44.43274518,
              1215.89455284
            ],
            [
              91.87633407,
              44.43274432,
              1215.89602478
            ],
            [
              91.87633557,
              44.43274342,
              1215.89749671
            ],
            [
              91.87633656,
              44.43274249,
              1215.8963866
            ],
            [
              91.87633864,
              44.43274149,
              1215.8963866
            ],
            [
              91.87634073,
              44.43274049,
              1215.8963866
            ],
            [
              91.87634281,
              44.43273949,
              1215.8963866
            ],
            [
              91.87634489,
              44.43273849,
              1215.8963866
            ],
            [
              91.87634698,
              44.43273749,
              1215.8963866
            ],
            [
              91.87634906,
              44.43273648,
              1215.8963866
            ],
            [
              91.87635114,
              44.43273548,
              1215.8963866
            ],
            [
              91.87635323,
              44.43273448,
              1215.8963866
            ],
            [
              91.87635531,
              44.43273348,
              1215.8963866
            ],
            [
              91.87635739,
              44.43273248,
              1215.8963866
            ],
            [
              91.87635948,
              44.43273148,
              1215.8963866
            ],
            [
              91.87636156,
              44.43273048,
              1215.8963866
            ],
            [
              91.87636364,
              44.43272948,
              1215.8963866
            ],
            [
              91.87636573,
              44.43272848,
              1215.8963866
            ],
            [
              91.87636781,
              44.43272748,
              1215.8963866
            ],
            [
              91.87636989,
              44.43272648,
              1215.8963866
            ],
            [
              91.87637198,
              44.43272547,
              1215.8963866
            ],
            [
              91.87637406,
              44.43272447,
              1215.8963866
            ],
            [
              91.87637614,
              44.43272347,
              1215.8963866
            ],
            [
              91.87637823,
              44.43272247,
              1215.8963866
            ],
            [
              91.87638031,
              44.43272147,
              1215.8963866
            ],
            [
              91.87638239,
              44.43272047,
              1215.8963866
            ],
            [
              91.87638448,
              44.43271947,
              1215.8963866
            ],
            [
              91.87638656,
              44.43271847,
              1215.8963866
            ],
            [
              91.87638864,
              44.43271747,
              1215.8963866
            ],
            [
              91.87639073,
              44.43271647,
              1215.8963866
            ],
            [
              91.87639281,
              44.43271547,
              1215.8963866
            ],
            [
              91.87639489,
              44.43271446,
              1215.8963866
            ],
            [
              91.87639698,
              44.43271346,
              1215.8963866
            ],
            [
              91.87639906,
              44.43271246,
              1215.8963866
            ],
            [
              91.87640114,
              44.43271146,
              1215.8963866
            ],
            [
              91.87640323,
              44.43271046,
              1215.8963866
            ],
            [
              91.87640531,
              44.43270946,
              1215.8963866
            ],
            [
              91.87640739,
              44.43270846,
              1215.8963866
            ],
            [
              91.87640948,
              44.43270746,
              1215.8963866
            ],
            [
              91.87641156,
              44.43270646,
              1215.8963866
            ],
            [
              91.87641364,
              44.43270546,
              1215.8963866
            ],
            [
              91.87641573,
              44.43270446,
              1215.8963866
            ],
            [
              91.87641781,
              44.43270345,
              1215.8963866
            ],
            [
              91.87641989,
              44.43270245,
              1215.8963866
            ],
            [
              91.87642198,
              44.43270145,
              1215.8963866
            ],
            [
              91.87642406,
              44.43270045,
              1215.8963866
            ],
            [
              91.87642614,
              44.43269945,
              1215.8963866
            ],
            [
              91.87642823,
              44.43269845,
              1215.8963866
            ],
            [
              91.87643031,
              44.43269745,
              1215.8963866
            ],
            [
              91.87643239,
              44.43269645,
              1215.8963866
            ],
            [
              91.87643448,
              44.43269545,
              1215.8963866
            ],
            [
              91.87643656,
              44.43269445,
              1215.8963866
            ],
            [
              91.87643864,
              44.43269344,
              1215.8963866
            ],
            [
              91.87644073,
              44.43269244,
              1215.8963866
            ],
            [
              91.87644281,
              44.43269144,
              1215.8963866
            ],
            [
              91.87644489,
              44.43269044,
              1215.8963866
            ],
            [
              91.87644698,
              44.43268944,
              1215.8963866
            ],
            [
              91.87644906,
              44.43268844,
              1215.8963866
            ],
            [
              91.87645114,
              44.43268744,
              1215.8963866
            ],
            [
              91.87645323,
              44.43268644,
              1215.8963866
            ],
            [
              91.87645531,
              44.43268544,
              1215.8963866
            ],
            [
              91.87645739,
              44.43268444,
              1215.8963866
            ],
            [
              91.87645948,
              44.43268344,
              1215.8963866
            ],
            [
              91.87646156,
              44.43268243,
              1215.8963866
            ],
            [
              91.87646364,
              44.43268143,
              1215.8963866
            ],
            [
              91.87646573,
              44.43268043,
              1215.8963866
            ],
            [
              91.87646781,
              44.43267943,
              1215.8963866
            ],
            [
              91.87646989,
              44.43267843,
              1215.8325229
            ],
            [
              91.87646894,
              44.43267683,
              1215.8325229
            ],
            [
              91.87646799,
              44.43267523,
              1215.8325229
            ],
            [
              91.87646704,
              44.43267363,
              1215.8325229
            ],
            [
              91.87646608,
              44.43267203,
              1215.8325229
            ],
            [
              91.87646513,
              44.43267042,
              1215.8325229
            ],
            [
              91.87646418,
              44.43266882,
              1215.8325229
            ],
            [
              91.87646323,
              44.43266722,
              1215.8325229
            ],
            [
              91.87646227,
              44.43266562,
              1215.8325229
            ],
            [
              91.87646132,
              44.43266402,
              1215.8325229
            ],
            [
              91.87646037,
              44.43266242,
              1215.8325229
            ],
            [
              91.87645942,
              44.43266081,
              1215.8325229
            ],
            [
              91.87645846,
              44.43265921,
              1215.8325229
            ],
            [
              91.87645751,
              44.43265761,
              1215.8325229
            ],
            [
              91.87645656,
              44.43265601,
              1215.8325229
            ],
            [
              91.87645561,
              44.43265435,
              1215.8325229
            ],
            [
              91.87645466,
              44.4326527,
              1215.8325229
            ],
            [
              91.8764537,
              44.43265104,
              1215.8325229
            ],
            [
              91.87645275,
              44.43264939,
              1215.8325229
            ],
            [
              91.8764518,
              44.43264773,
              1215.8325229
            ],
            [
              91.87645085,
              44.43264607,
              1215.8325229
            ],
            [
              91.87644989,
              44.43264442,
              1215.8325229
            ],
            [
              91.87644894,
              44.43264276,
              1215.8325229
            ],
            [
              91.87644799,
              44.43264111,
              1215.8325229
            ],
            [
              91.87644704,
              44.43263945,
              1215.8325229
            ],
            [
              91.87644609,
              44.43263779,
              1215.8325229
            ],
            [
              91.87644513,
              44.43263614,
              1215.8325229
            ],
            [
              91.87644418,
              44.43263448,
              1215.8325229
            ],
            [
              91.87644323,
              44.43263282,
              1215.8325229
            ],
            [
              91.87644228,
              44.43263117,
              1215.8325229
            ],
            [
              91.87644133,
              44.43262951,
              1215.8325229
            ],
            [
              91.87644037,
              44.43262786,
              1215.8325229
            ],
            [
              91.87643942,
              44.4326262,
              1215.8325229
            ],
            [
              91.87643847,
              44.43262454,
              1215.8325229
            ],
            [
              91.87643752,
              44.43262289,
              1215.8325229
            ],
            [
              91.87643656,
              44.43262123,
              1215.8325229
            ],
            [
              91.87643561,
              44.43261958,
              1215.8325229
            ],
            [
              91.87643466,
              44.43261792,
              1215.8325229
            ],
            [
              91.87643371,
              44.43261626,
              1215.8325229
            ],
            [
              91.87643276,
              44.43261461,
              1215.8325229
            ],
            [
              91.8764318,
              44.43261295,
              1215.8325229
            ],
            [
              91.87643085,
              44.4326113,
              1215.8325229
            ],
            [
              91.8764299,
              44.43260964,
              1215.8325229
            ],
            [
              91.87642895,
              44.43260798,
              1215.8325229
            ],
            [
              91.876428,
              44.43260633,
              1215.8325229
            ],
            [
              91.87642704,
              44.43260467,
              1215.8325229
            ],
            [
              91.87642609,
              44.43260302,
              1215.8325229
            ],
            [
              91.87642514,
              44.43260136,
              1215.8325229
            ],
            [
              91.87642419,
              44.4325997,
              1215.8325229
            ],
            [
              91.87642323,
              44.43259805,
              1215.8325229
            ],
            [
              91.87642228,
              44.43259639,
              1215.8325229
            ],
            [
              91.87642133,
              44.43259474,
              1215.8325229
            ],
            [
              91.87642038,
              44.43259308,
              1215.8325229
            ],
            [
              91.87641943,
              44.43259142,
              1215.8325229
            ],
            [
              91.87641847,
              44.43258977,
              1215.8325229
            ],
            [
              91.87641752,
              44.43258811,
              1215.8325229
            ],
            [
              91.87641657,
              44.43258645,
              1215.8325229
            ],
            [
              91.87641562,
              44.4325848,
              1215.8325229
            ],
            [
              91.87641467,
              44.43258314,
              1215.8325229
            ],
            [
              91.87641371,
              44.43258149,
              1215.8325229
            ],
            [
              91.87641276,
              44.43257983,
              1215.8325229
            ],
            [
              91.87641181,
              44.43257817,
              1215.8325229
            ],
            [
              91.87641086,
              44.43257652,
              1215.8325229
            ],
            [
              91.8764099,
              44.43257486,
              1215.8325229
            ],
            [
              91.87640895,
              44.43257321,
              1215.8325229
            ],
            [
              91.876408,
              44.43257155,
              1215.8325229
            ],
            [
              91.87640705,
              44.43256989,
              1215.8325229
            ],
            [
              91.8764061,
              44.43256824,
              1215.8325229
            ],
            [
              91.87640514,
              44.43256658,
              1215.8325229
            ],
            [
              91.87640419,
              44.43256493,
              1215.8325229
            ],
            [
              91.87640324,
              44.43256327,
              1215.8325229
            ],
            [
              91.87640229,
              44.43256161,
              1215.8325229
            ],
            [
              91.87640133,
              44.43255996,
              1215.8325229
            ],
            [
              91.87640038,
              44.4325583,
              1215.8325229
            ],
            [
              91.87639943,
              44.43255665,
              1215.8325229
            ],
            [
              91.87639848,
              44.43255499,
              1215.8325229
            ],
            [
              91.87639753,
              44.43255333,
              1215.8325229
            ],
            [
              91.87639657,
              44.43255168,
              1215.8325229
            ],
            [
              91.87639562,
              44.43255002,
              1215.8325229
            ],
            [
              91.87639467,
              44.43254836,
              1215.8325229
            ],
            [
              91.87639372,
              44.43254671,
              1215.8325229
            ],
            [
              91.87639277,
              44.43254505,
              1215.8325229
            ],
            [
              91.87639181,
              44.4325434,
              1215.8325229
            ],
            [
              91.87639086,
              44.43254174,
              1215.8325229
            ],
            [
              91.87638991,
              44.43254008,
              1215.8325229
            ],
            [
              91.87638896,
              44.43253843,
              1215.8325229
            ],
            [
              91.876388,
              44.43253677,
              1215.8325229
            ],
            [
              91.87638705,
              44.43253512,
              1215.8325229
            ],
            [
              91.8763861,
              44.43253346,
              1215.8325229
            ],
            [
              91.87638515,
              44.4325318,
              1215.8325229
            ],
            [
              91.8763842,
              44.43253015,
              1215.8325229
            ],
            [
              91.87638324,
              44.43252849,
              1215.8325229
            ],
            [
              91.87638229,
              44.43252684,
              1215.8325229
            ],
            [
              91.87638134,
              44.43252518,
              1215.8325229
            ],
            [
              91.87638039,
              44.43252352,
              1215.8325229
            ],
            [
              91.87637944,
              44.43252187,
              1215.8325229
            ],
            [
              91.87637848,
              44.43252021,
              1215.8325229
            ],
            [
              91.87637753,
              44.43251856,
              1215.8325229
            ],
            [
              91.87637658,
              44.4325169,
              1215.8325229
            ],
            [
              91.87637563,
              44.43251524,
              1215.8325229
            ],
            [
              91.87637467,
              44.43251359,
              1215.8325229
            ],
            [
              91.87637372,
              44.43251193,
              1215.8325229
            ],
            [
              91.87637277,
              44.43251028,
              1215.8325229
            ],
            [
              91.87637182,
              44.43250862,
              1215.8325229
            ],
            [
              91.87637087,
              44.43250696,
              1215.8325229
            ],
            [
              91.87636991,
              44.43250531,
              1215.8325229
            ],
            [
              91.87636896,
              44.43250365,
              1215.8325229
            ],
            [
              91.87636801,
              44.43250199,
              1215.8325229
            ],
            [
              91.87636706,
              44.43250034,
              1215.8325229
            ],
            [
              91.87636611,
              44.43249868,
              1215.8325229
            ],
            [
              91.87636515,
              44.43249703,
              1215.8325229
            ],
            [
              91.8763642,
              44.43249537,
              1215.8325229
            ],
            [
              91.87636325,
              44.43249371,
              1215.8325229
            ],
            [
              91.8763623,
              44.43249206,
              1215.8325229
            ],
            [
              91.87636134,
              44.4324904,
              1215.8325229
            ],
            [
              91.87636039,
              44.43248875,
              1215.8325229
            ],
            [
              91.87635944,
              44.43248709,
              1215.8325229
            ],
            [
              91.87635849,
              44.43248544,
              1215.99129124
            ],
            [
              91.87635757,
              44.4324838,
              1215.99129124
            ],
            [
              91.87635664,
              44.43248216,
              1215.99129124
            ],
            [
              91.87635572,
              44.43248052,
              1215.99129124
            ],
            [
              91.8763548,
              44.43247888,
              1215.99129124
            ],
            [
              91.87635387,
              44.43247724,
              1215.99129124
            ],
            [
              91.87635295,
              44.4324756,
              1215.99129124
            ],
            [
              91.87635203,
              44.43247395,
              1215.99129124
            ],
            [
              91.8763511,
              44.43247231,
              1215.99129124
            ],
            [
              91.87635018,
              44.43247067,
              1215.99129124
            ],
            [
              91.87634925,
              44.43246903,
              1215.99129124
            ],
            [
              91.87634833,
              44.43246739,
              1215.99129124
            ],
            [
              91.87634741,
              44.43246575,
              1215.99129124
            ],
            [
              91.87634648,
              44.43246411,
              1215.99129124
            ],
            [
              91.87634556,
              44.43246247,
              1215.99129124
            ],
            [
              91.87634464,
              44.43246083,
              1215.99129124
            ],
            [
              91.87634371,
              44.43245919,
              1215.99129124
            ],
            [
              91.87634279,
              44.43245755,
              1215.99129124
            ],
            [
              91.87634187,
              44.43245591,
              1215.99129124
            ],
            [
              91.87634094,
              44.43245427,
              1215.99129124
            ],
            [
              91.87634002,
              44.43245263,
              1215.99129124
            ],
            [
              91.8763391,
              44.43245098,
              1215.99129124
            ],
            [
              91.87633817,
              44.43244934,
              1215.99129124
            ],
            [
              91.87633725,
              44.4324477,
              1215.99129124
            ],
            [
              91.87633633,
              44.43244606,
              1215.99129124
            ],
            [
              91.8763354,
              44.43244442,
              1215.99129124
            ],
            [
              91.87633448,
              44.43244278,
              1215.99129124
            ],
            [
              91.87633355,
              44.43244114,
              1215.99129124
            ],
            [
              91.87633263,
              44.4324395,
              1215.99129124
            ],
            [
              91.87633171,
              44.43243786,
              1215.99129124
            ],
            [
              91.87633078,
              44.43243622,
              1215.99129124
            ],
            [
              91.87632986,
              44.43243458,
              1215.99129124
            ],
            [
              91.87632894,
              44.43243294,
              1215.99129124
            ],
            [
              91.87632801,
              44.4324313,
              1215.99129124
            ],
            [
              91.87632709,
              44.43242965,
              1215.99129124
            ],
            [
              91.87632617,
              44.43242801,
              1215.99129124
            ],
            [
              91.87632524,
              44.43242637,
              1215.99129124
            ],
            [
              91.87632432,
              44.43242473,
              1215.99129124
            ],
            [
              91.8763234,
              44.43242309,
              1215.99129124
            ],
            [
              91.87632247,
              44.43242145,
              1215.99129124
            ],
            [
              91.87632155,
              44.43241981,
              1215.99129124
            ],
            [
              91.87632063,
              44.43241817,
              1215.99129124
            ],
            [
              91.8763197,
              44.43241653,
              1215.99129124
            ],
            [
              91.87631878,
              44.43241489,
              1215.99129124
            ],
            [
              91.87631786,
              44.43241325,
              1215.99129124
            ],
            [
              91.87631693,
              44.43241161,
              1215.99129124
            ],
            [
              91.87631601,
              44.43240997,
              1215.99129124
            ],
            [
              91.87631508,
              44.43240833,
              1215.99129124
            ],
            [
              91.87631416,
              44.43240668,
              1215.99129124
            ],
            [
              91.87631324,
              44.43240504,
              1215.99129124
            ],
            [
              91.87631231,
              44.4324034,
              1215.99129124
            ],
            [
              91.87631139,
              44.43240176,
              1215.99129124
            ],
            [
              91.87631047,
              44.43240012,
              1215.99129124
            ],
            [
              91.87630954,
              44.43239848,
              1215.99129124
            ],
            [
              91.87630862,
              44.43239684,
              1215.99129124
            ],
            [
              91.87630769,
              44.43239519,
              1215.99129124
            ],
            [
              91.87630675,
              44.43239354,
              1215.99129124
            ],
            [
              91.87630582,
              44.43239189,
              1215.99129124
            ],
            [
              91.87630488,
              44.43239024,
              1215.99129124
            ],
            [
              91.87630395,
              44.43238859,
              1215.99129124
            ],
            [
              91.87630302,
              44.43238694,
              1215.99129124
            ],
            [
              91.87630208,
              44.43238529,
              1215.99129124
            ],
            [
              91.87630115,
              44.43238364,
              1215.99129124
            ],
            [
              91.87630021,
              44.43238199,
              1215.99129124
            ],
            [
              91.87629928,
              44.43238034,
              1215.99129124
            ],
            [
              91.87629835,
              44.43237869,
              1215.99129124
            ],
            [
              91.87629741,
              44.43237704,
              1215.99129124
            ],
            [
              91.87629648,
              44.43237539,
              1215.99129124
            ],
            [
              91.87629554,
              44.43237374,
              1215.99129124
            ],
            [
              91.87629461,
              44.43237209,
              1215.99129124
            ],
            [
              91.87629368,
              44.43237044,
              1215.99129124
            ],
            [
              91.87629274,
              44.43236879,
              1215.99129124
            ],
            [
              91.87629181,
              44.43236713,
              1215.99129124
            ],
            [
              91.87629087,
              44.43236548,
              1215.99129124
            ],
            [
              91.87628994,
              44.43236383,
              1215.99129124
            ],
            [
              91.87628901,
              44.43236218,
              1215.99129124
            ],
            [
              91.87628807,
              44.43236053,
              1215.99129124
            ],
            [
              91.87628714,
              44.43235888,
              1215.99129124
            ],
            [
              91.8762862,
              44.43235723,
              1215.99129124
            ],
            [
              91.87628527,
              44.43235558,
              1215.99129124
            ],
            [
              91.87628434,
              44.43235393,
              1215.99129124
            ],
            [
              91.8762834,
              44.43235228,
              1215.99129124
            ],
            [
              91.87628247,
              44.43235063,
              1215.99129124
            ],
            [
              91.87628153,
              44.43234898,
              1215.99129124
            ],
            [
              91.8762806,
              44.43234733,
              1215.99129124
            ],
            [
              91.87627967,
              44.43234568,
              1215.99129124
            ],
            [
              91.87627873,
              44.43234403,
              1215.99129124
            ],
            [
              91.8762778,
              44.43234238,
              1215.99129124
            ],
            [
              91.87627686,
              44.43234073,
              1215.99129124
            ],
            [
              91.87627593,
              44.43233908,
              1215.99129124
            ],
            [
              91.876275,
              44.43233744,
              1215.99129124
            ],
            [
              91.87627406,
              44.4323358,
              1215.99129124
            ],
            [
              91.87627313,
              44.43233416,
              1215.99129124
            ],
            [
              91.8762722,
              44.43233252,
              1215.99129124
            ],
            [
              91.87627126,
              44.43233088,
              1215.99129124
            ],
            [
              91.87627033,
              44.43232925,
              1215.99129124
            ],
            [
              91.87626939,
              44.43232761,
              1215.99129124
            ],
            [
              91.87626846,
              44.43232597,
              1215.99129124
            ],
            [
              91.87626753,
              44.43232433,
              1215.99129124
            ],
            [
              91.87626659,
              44.43232269,
              1215.99129124
            ],
            [
              91.87626566,
              44.43232105,
              1215.99129124
            ],
            [
              91.87626473,
              44.43231941,
              1215.99129124
            ],
            [
              91.87626379,
              44.43231777,
              1215.99129124
            ],
            [
              91.87626286,
              44.43231613,
              1215.99129124
            ],
            [
              91.87626193,
              44.43231449,
              1215.99129124
            ],
            [
              91.87626099,
              44.43231285,
              1215.99129124
            ],
            [
              91.87626006,
              44.43231122,
              1215.99129124
            ],
            [
              91.87625912,
              44.43230958,
              1215.99129124
            ],
            [
              91.87625819,
              44.43230794,
              1215.99129124
            ],
            [
              91.87625726,
              44.4323063,
              1215.99129124
            ],
            [
              91.87625632,
              44.43230466,
              1215.99129124
            ],
            [
              91.87625539,
              44.43230302,
              1215.99129124
            ],
            [
              91.87625446,
              44.43230138,
              1215.99129124
            ],
            [
              91.87625352,
              44.43229974,
              1215.99129124
            ],
            [
              91.87625259,
              44.4322981,
              1215.99129124
            ],
            [
              91.87625166,
              44.43229646,
              1215.99129124
            ],
            [
              91.87625072,
              44.43229482,
              1215.99129124
            ],
            [
              91.87624979,
              44.43229319,
              1215.99129124
            ],
            [
              91.87624885,
              44.43229155,
              1215.99129124
            ],
            [
              91.87624792,
              44.43228991,
              1215.99129124
            ],
            [
              91.87624699,
              44.43228827,
              1215.99129124
            ],
            [
              91.87624605,
              44.43228663,
              1215.99129124
            ],
            [
              91.87624512,
              44.43228499,
              1215.99129124
            ],
            [
              91.87624419,
              44.43228335,
              1215.99129124
            ],
            [
              91.87624325,
              44.43228171,
              1215.99129124
            ],
            [
              91.87624232,
              44.43228007,
              1215.99129124
            ],
            [
              91.87624139,
              44.43227843,
              1215.99129124
            ],
            [
              91.87624045,
              44.43227679,
              1215.99129124
            ],
            [
              91.87623952,
              44.43227516,
              1215.99129124
            ],
            [
              91.87623858,
              44.43227352,
              1215.99129124
            ],
            [
              91.87623765,
              44.43227188,
              1215.99129124
            ],
            [
              91.87623672,
              44.43227024,
              1215.99129124
            ],
            [
              91.87623578,
              44.4322686,
              1215.99129124
            ],
            [
              91.87623485,
              44.43226696,
              1215.99129124
            ],
            [
              91.87623391,
              44.43226533,
              1215.99129124
            ],
            [
              91.87623297,
              44.4322637,
              1215.99129124
            ],
            [
              91.87623203,
              44.43226208,
              1215.99129124
            ],
            [
              91.87623109,
              44.43226045,
              1215.99129124
            ],
            [
              91.87623015,
              44.43225882,
              1215.99129124
            ],
            [
              91.87622921,
              44.43225719,
              1215.99129124
            ],
            [
              91.87622827,
              44.43225557,
              1215.99129124
            ],
            [
              91.87622733,
              44.43225394,
              1215.99129124
            ],
            [
              91.87622639,
              44.43225231,
              1215.99129124
            ],
            [
              91.87622545,
              44.43225068,
              1215.99129124
            ],
            [
              91.87622451,
              44.43224906,
              1215.99129124
            ],
            [
              91.87622357,
              44.43224743,
              1215.99129124
            ],
            [
              91.87622263,
              44.4322458,
              1215.99129124
            ],
            [
              91.87622169,
              44.43224417,
              1215.99129124
            ],
            [
              91.87622075,
              44.43224254,
              1215.99129124
            ],
            [
              91.87621981,
              44.43224092,
              1215.99129124
            ],
            [
              91.87621887,
              44.43223929,
              1215.99129124
            ],
            [
              91.87621793,
              44.43223766,
              1215.99129124
            ],
            [
              91.87621699,
              44.43223603,
              1215.99129124
            ],
            [
              91.87621605,
              44.43223441,
              1215.99129124
            ],
            [
              91.87621511,
              44.43223278,
              1215.99129124
            ],
            [
              91.87621417,
              44.43223115,
              1215.99129124
            ],
            [
              91.87621323,
              44.43222952,
              1215.99129124
            ],
            [
              91.87621229,
              44.4322279,
              1215.99129124
            ],
            [
              91.87621135,
              44.43222627,
              1215.99129124
            ],
            [
              91.87621041,
              44.43222464,
              1215.99129124
            ],
            [
              91.87620947,
              44.43222301,
              1215.99129124
            ],
            [
              91.87620853,
              44.43222139,
              1215.99129124
            ],
            [
              91.87620759,
              44.43221976,
              1215.99129124
            ],
            [
              91.87620665,
              44.43221813,
              1215.99129124
            ],
            [
              91.87620571,
              44.4322165,
              1215.99129124
            ],
            [
              91.87620477,
              44.43221487,
              1215.99129124
            ],
            [
              91.87620383,
              44.43221325,
              1215.99129124
            ],
            [
              91.87620289,
              44.43221162,
              1215.99129124
            ],
            [
              91.87620195,
              44.43220999,
              1215.99129124
            ],
            [
              91.87620101,
              44.43220836,
              1215.99129124
            ],
            [
              91.87620007,
              44.43220674,
              1215.99129124
            ],
            [
              91.87619913,
              44.43220511,
              1215.99129124
            ],
            [
              91.87619819,
              44.43220348,
              1215.99129124
            ],
            [
              91.87619725,
              44.43220185,
              1215.99129124
            ],
            [
              91.87619631,
              44.43220023,
              1215.99129124
            ],
            [
              91.87619537,
              44.4321986,
              1215.99129124
            ],
            [
              91.87619443,
              44.43219697,
              1215.99129124
            ],
            [
              91.87619352,
              44.43219533,
              1215.99129124
            ],
            [
              91.8761926,
              44.43219369,
              1215.99129124
            ],
            [
              91.87619169,
              44.43219204,
              1215.99129124
            ],
            [
              91.87619078,
              44.4321904,
              1215.99129124
            ],
            [
              91.87618986,
              44.43218876,
              1215.99129124
            ],
            [
              91.87618895,
              44.43218712,
              1215.99129124
            ],
            [
              91.87618803,
              44.43218547,
              1215.99129124
            ],
            [
              91.87618712,
              44.43218383,
              1215.99129124
            ],
            [
              91.87618621,
              44.43218219,
              1215.99129124
            ],
            [
              91.87618529,
              44.43218055,
              1215.99129124
            ],
            [
              91.87618438,
              44.4321789,
              1215.99129124
            ],
            [
              91.87618347,
              44.43217726,
              1215.99129124
            ],
            [
              91.87618255,
              44.43217562,
              1215.99129124
            ],
            [
              91.87618164,
              44.43217398,
              1215.99129124
            ],
            [
              91.87618073,
              44.43217234,
              1215.99129124
            ],
            [
              91.87617981,
              44.43217069,
              1215.99129124
            ],
            [
              91.8761789,
              44.43216905,
              1215.99129124
            ],
            [
              91.87617799,
              44.43216741,
              1215.99129124
            ],
            [
              91.87617707,
              44.43216577,
              1215.99129124
            ],
            [
              91.87617616,
              44.43216412,
              1215.99129124
            ],
            [
              91.87617524,
              44.43216248,
              1215.99129124
            ],
            [
              91.87617433,
              44.43216084,
              1215.99129124
            ],
            [
              91.87617342,
              44.4321592,
              1215.99129124
            ],
            [
              91.8761725,
              44.43215755,
              1215.99129124
            ],
            [
              91.87617159,
              44.43215591,
              1215.99129124
            ],
            [
              91.87617068,
              44.43215427,
              1215.99129124
            ],
            [
              91.87616976,
              44.43215263,
              1215.99129124
            ],
            [
              91.87616885,
              44.43215099,
              1215.99129124
            ],
            [
              91.87616794,
              44.43214934,
              1215.99129124
            ],
            [
              91.87616702,
              44.4321477,
              1215.99129124
            ],
            [
              91.87616611,
              44.43214606,
              1215.99129124
            ],
            [
              91.8761652,
              44.43214442,
              1215.99129124
            ],
            [
              91.87616428,
              44.43214277,
              1215.99129124
            ],
            [
              91.87616337,
              44.43214113,
              1215.99129124
            ],
            [
              91.87616245,
              44.43213949,
              1215.99129124
            ],
            [
              91.87616154,
              44.43213785,
              1215.99129124
            ],
            [
              91.87616063,
              44.4321362,
              1215.99129124
            ],
            [
              91.87615971,
              44.43213456,
              1215.99129124
            ],
            [
              91.8761588,
              44.43213292,
              1215.99129124
            ],
            [
              91.87615784,
              44.43213128,
              1215.99129124
            ],
            [
              91.87615688,
              44.43212964,
              1215.99129124
            ],
            [
              91.87615592,
              44.43212799,
              1215.99129124
            ],
            [
              91.87615496,
              44.43212635,
              1215.99129124
            ],
            [
              91.876154,
              44.43212471,
              1215.99129124
            ],
            [
              91.87615304,
              44.43212307,
              1215.99129124
            ],
            [
              91.87615209,
              44.43212143,
              1215.99129124
            ],
            [
              91.87615113,
              44.43211979,
              1215.99129124
            ],
            [
              91.87615017,
              44.43211814,
              1215.99129124
            ],
            [
              91.87614921,
              44.4321165,
              1215.99129124
            ],
            [
              91.87614825,
              44.43211486,
              1215.99129124
            ],
            [
              91.87614729,
              44.43211322,
              1215.99129124
            ],
            [
              91.87614633,
              44.43211158,
              1215.99129124
            ],
            [
              91.87614537,
              44.43210993,
              1215.99129124
            ],
            [
              91.87614441,
              44.43210829,
              1215.99129124
            ],
            [
              91.87614345,
              44.43210665,
              1215.99129124
            ],
            [
              91.87614249,
              44.43210501,
              1215.99129124
            ],
            [
              91.87614153,
              44.43210337,
              1215.99129124
            ],
            [
              91.87614057,
              44.43210173,
              1215.99129124
            ],
            [
              91.87613962,
              44.43210008,
              1215.99129124
            ],
            [
              91.87613866,
              44.43209844,
              1215.99129124
            ],
            [
              91.8761377,
              44.4320968,
              1215.99129124
            ],
            [
              91.87613674,
              44.43209516,
              1215.99129124
            ],
            [
              91.87613578,
              44.43209352,
              1215.99129124
            ],
            [
              91.87613482,
              44.43209187,
              1215.99129124
            ],
            [
              91.87613386,
              44.43209023,
              1215.99129124
            ],
            [
              91.8761329,
              44.43208859,
              1215.99129124
            ],
            [
              91.87613194,
              44.43208695,
              1215.99129124
            ],
            [
              91.87613098,
              44.43208531,
              1215.99129124
            ],
            [
              91.87613002,
              44.43208366,
              1215.99129124
            ],
            [
              91.87612906,
              44.43208202,
              1215.99129124
            ],
            [
              91.87612811,
              44.43208038,
              1215.99129124
            ],
            [
              91.87612715,
              44.43207874,
              1215.99129124
            ],
            [
              91.87612619,
              44.4320771,
              1215.99129124
            ],
            [
              91.87612523,
              44.43207546,
              1215.99129124
            ],
            [
              91.87612427,
              44.43207381,
              1215.99129124
            ],
            [
              91.87612331,
              44.43207217,
              1215.99129124
            ],
            [
              91.87612235,
              44.43207053,
              1215.99129124
            ],
            [
              91.87612139,
              44.43206888,
              1215.99129124
            ],
            [
              91.87612043,
              44.43206722,
              1215.99129124
            ],
            [
              91.87611946,
              44.43206557,
              1215.99129124
            ],
            [
              91.8761185,
              44.43206392,
              1215.99129124
            ],
            [
              91.87611754,
              44.43206227,
              1215.99129124
            ],
            [
              91.87611658,
              44.43206061,
              1215.99129124
            ],
            [
              91.87611562,
              44.43205896,
              1215.99129124
            ],
            [
              91.87611465,
              44.43205731,
              1215.99129124
            ],
            [
              91.87611369,
              44.43205566,
              1215.99129124
            ],
            [
              91.87611273,
              44.432054,
              1215.99129124
            ],
            [
              91.87611177,
              44.43205235,
              1215.99129124
            ],
            [
              91.87611081,
              44.4320507,
              1215.99129124
            ],
            [
              91.87610984,
              44.43204904,
              1215.99129124
            ],
            [
              91.87610888,
              44.43204739,
              1215.99129124
            ],
            [
              91.87610792,
              44.43204574,
              1215.99129124
            ],
            [
              91.87610696,
              44.43204409,
              1215.99129124
            ],
            [
              91.87610599,
              44.43204243,
              1215.99129124
            ],
            [
              91.87610503,
              44.43204078,
              1215.99129124
            ],
            [
              91.87610407,
              44.43203913,
              1215.99129124
            ],
            [
              91.87610311,
              44.43203748,
              1215.99129124
            ],
            [
              91.87610215,
              44.43203582,
              1215.99129124
            ],
            [
              91.87610118,
              44.43203417,
              1215.99129124
            ],
            [
              91.87610022,
              44.43203252,
              1215.99129124
            ],
            [
              91.87609926,
              44.43203087,
              1215.99129124
            ],
            [
              91.8760983,
              44.43202921,
              1215.99129124
            ],
            [
              91.87609734,
              44.43202756,
              1215.99129124
            ],
            [
              91.87609637,
              44.43202591,
              1215.99129124
            ],
            [
              91.87609541,
              44.43202425,
              1215.99129124
            ],
            [
              91.87609445,
              44.4320226,
              1215.99129124
            ],
            [
              91.87609349,
              44.43202095,
              1215.99129124
            ],
            [
              91.87609253,
              44.4320193,
              1215.99129124
            ],
            [
              91.87609156,
              44.43201764,
              1215.99129124
            ],
            [
              91.8760906,
              44.43201599,
              1215.99129124
            ],
            [
              91.87608964,
              44.43201434,
              1215.99129124
            ],
            [
              91.87608868,
              44.43201269,
              1215.99129124
            ],
            [
              91.87608772,
              44.43201103,
              1215.99129124
            ],
            [
              91.87608675,
              44.43200938,
              1215.99129124
            ],
            [
              91.87608579,
              44.43200773,
              1215.99129124
            ],
            [
              91.87608483,
              44.43200607,
              1215.99129124
            ],
            [
              91.87608387,
              44.43200442,
              1215.99129124
            ],
            [
              91.87608291,
              44.43200277,
              1215.99129124
            ],
            [
              91.87608194,
              44.43200112,
              1215.99129124
            ],
            [
              91.87608098,
              44.43199946,
              1215.99129124
            ],
            [
              91.87608002,
              44.43199781,
              1215.99129124
            ],
            [
              91.87607906,
              44.43199616,
              1215.99129124
            ],
            [
              91.87607809,
              44.43199451,
              1215.99129124
            ],
            [
              91.87607713,
              44.43199285,
              1215.99129124
            ],
            [
              91.87607617,
              44.4319912,
              1215.99129124
            ],
            [
              91.87607521,
              44.43198955,
              1215.99129124
            ],
            [
              91.87607425,
              44.4319879,
              1215.99129124
            ],
            [
              91.87607328,
              44.43198624,
              1215.99129124
            ],
            [
              91.87607232,
              44.43198459,
              1215.99129124
            ],
            [
              91.87607136,
              44.43198294,
              1215.99129124
            ],
            [
              91.8760704,
              44.43198128,
              1215.99129124
            ],
            [
              91.87606944,
              44.43197963,
              1215.99129124
            ],
            [
              91.87606847,
              44.43197798,
              1215.99129124
            ],
            [
              91.87606751,
              44.43197633,
              1215.99129124
            ],
            [
              91.87606655,
              44.43197467,
              1215.99129124
            ],
            [
              91.87606559,
              44.43197302,
              1215.99129124
            ],
            [
              91.87606463,
              44.43197137,
              1215.99129124
            ],
            [
              91.87606366,
              44.43196972,
              1215.99129124
            ],
            [
              91.8760627,
              44.43196806,
              1215.99129124
            ],
            [
              91.87606174,
              44.43196641,
              1215.99129124
            ],
            [
              91.87606078,
              44.43196476,
              1215.99129124
            ],
            [
              91.87605982,
              44.4319631,
              1215.99129124
            ],
            [
              91.87605885,
              44.43196145,
              1215.99129124
            ],
            [
              91.87605789,
              44.4319598,
              1215.99129124
            ],
            [
              91.87605693,
              44.43195815,
              1215.99129124
            ],
            [
              91.87605597,
              44.43195649,
              1215.99129124
            ],
            [
              91.87605501,
              44.43195484,
              1215.99129124
            ],
            [
              91.87605404,
              44.43195319,
              1215.99129124
            ],
            [
              91.87605308,
              44.43195154,
              1215.99129124
            ],
            [
              91.87605212,
              44.43194988,
              1215.99129124
            ],
            [
              91.87605116,
              44.43194823,
              1215.99129124
            ],
            [
              91.8760502,
              44.43194658,
              1215.99129124
            ],
            [
              91.87604923,
              44.43194492,
              1215.99129124
            ],
            [
              91.87604827,
              44.43194327,
              1215.99129124
            ],
            [
              91.87604731,
              44.43194162,
              1215.99129124
            ],
            [
              91.87604635,
              44.43193997,
              1215.99129124
            ],
            [
              91.87604538,
              44.43193831,
              1215.99129124
            ],
            [
              91.87604442,
              44.43193666,
              1215.99129124
            ],
            [
              91.87604346,
              44.43193501,
              1215.99129124
            ],
            [
              91.8760425,
              44.43193336,
              1215.99129124
            ],
            [
              91.87604154,
              44.4319317,
              1215.99129124
            ],
            [
              91.87604057,
              44.43193005,
              1215.99129124
            ],
            [
              91.87603961,
              44.4319284,
              1215.99129124
            ],
            [
              91.87603865,
              44.43192675,
              1215.99129124
            ],
            [
              91.87603769,
              44.43192509,
              1215.99129124
            ],
            [
              91.87603673,
              44.43192344,
              1215.99129124
            ],
            [
              91.87603576,
              44.43192179,
              1215.99129124
            ],
            [
              91.8760348,
              44.43192013,
              1215.99129124
            ],
            [
              91.87603384,
              44.43191848,
              1215.99129124
            ],
            [
              91.87603288,
              44.43191683,
              1215.99129124
            ],
            [
              91.87603192,
              44.43191518,
              1215.99129124
            ],
            [
              91.87603095,
              44.43191352,
              1215.99129124
            ],
            [
              91.87602999,
              44.43191187,
              1215.99129124
            ],
            [
              91.87602903,
              44.43191022,
              1215.99129124
            ],
            [
              91.87602807,
              44.43190857,
              1215.99129124
            ],
            [
              91.87602711,
              44.43190691,
              1215.99129124
            ],
            [
              91.87602614,
              44.43190526,
              1215.99129124
            ],
            [
              91.87602518,
              44.43190361,
              1215.99129124
            ],
            [
              91.87602422,
              44.43190195,
              1215.99129124
            ],
            [
              91.87602326,
              44.4319003,
              1215.99129124
            ],
            [
              91.8760223,
              44.43189865,
              1215.99129124
            ],
            [
              91.87602133,
              44.431897,
              1215.99129124
            ],
            [
              91.87602037,
              44.43189534,
              1215.99129124
            ],
            [
              91.87601941,
              44.43189369,
              1215.99129124
            ],
            [
              91.87601845,
              44.43189204,
              1215.99129124
            ],
            [
              91.87601749,
              44.43189039,
              1215.99129124
            ],
            [
              91.87601652,
              44.43188873,
              1215.99129124
            ],
            [
              91.87601556,
              44.43188708,
              1215.99129124
            ],
            [
              91.8760146,
              44.43188543,
              1215.99129124
            ],
            [
              91.87601364,
              44.43188378,
              1215.99129124
            ],
            [
              91.87601267,
              44.43188212,
              1215.99129124
            ],
            [
              91.87601171,
              44.43188047,
              1215.99129124
            ],
            [
              91.87601075,
              44.43187882,
              1215.99129124
            ],
            [
              91.87600979,
              44.43187716,
              1215.99129124
            ],
            [
              91.87600883,
              44.43187551,
              1215.99129124
            ],
            [
              91.87600786,
              44.43187386,
              1215.99129124
            ],
            [
              91.8760069,
              44.43187221,
              1215.99129124
            ],
            [
              91.87600594,
              44.43187055,
              1215.99129124
            ],
            [
              91.87600498,
              44.4318689,
              1215.99129124
            ],
            [
              91.87600402,
              44.43186725,
              1215.99129124
            ],
            [
              91.87600305,
              44.4318656,
              1215.99129124
            ],
            [
              91.87600209,
              44.43186394,
              1215.99129124
            ],
            [
              91.87600113,
              44.43186229,
              1215.99129124
            ],
            [
              91.87599879,
              44.43186274,
              1215.99129124
            ],
            [
              91.87599646,
              44.4318632,
              1215.99129124
            ],
            [
              91.87599412,
              44.43186365,
              1215.99129124
            ],
            [
              91.87599178,
              44.43186411,
              1215.99129124
            ],
            [
              91.87598945,
              44.43186456,
              1215.99129124
            ],
            [
              91.87598711,
              44.43186501,
              1215.99129124
            ],
            [
              91.87598478,
              44.43186547,
              1215.99129124
            ],
            [
              91.87598244,
              44.43186592,
              1215.99129124
            ],
            [
              91.87598022,
              44.43186673,
              1216.04674128
            ],
            [
              91.87597772,
              44.43186671,
              1216.04674128
            ],
            [
              91.87597522,
              44.43186669,
              1216.04674128
            ],
            [
              91.87597272,
              44.43186666,
              1216.04674128
            ],
            [
              91.87597022,
              44.43186664,
              1216.04674128
            ],
            [
              91.87596773,
              44.43186662,
              1216.04674128
            ],
            [
              91.87596523,
              44.4318666,
              1216.04674128
            ],
            [
              91.87596273,
              44.43186657,
              1216.04674128
            ],
            [
              91.87596023,
              44.43186655,
              1216.04674128
            ],
            [
              91.87595773,
              44.43186653,
              1216.04674128
            ],
            [
              91.87595523,
              44.43186651,
              1216.04674128
            ],
            [
              91.87595273,
              44.43186648,
              1216.04674128
            ],
            [
              91.87595023,
              44.43186646,
              1216.04674128
            ],
            [
              91.87594774,
              44.43186644,
              1216.04674128
            ],
            [
              91.87594524,
              44.43186642,
              1216.04674128
            ],
            [
              91.87594274,
              44.43186639,
              1216.04674128
            ],
            [
              91.87594024,
              44.43186637,
              1216.04674128
            ],
            [
              91.87593774,
              44.43186635,
              1216.04674128
            ],
            [
              91.87593524,
              44.43186633,
              1216.04674128
            ],
            [
              91.87593274,
              44.4318663,
              1216.04674128
            ],
            [
              91.87593024,
              44.43186628,
              1216.04674128
            ],
            [
              91.87592774,
              44.43186626,
              1216.04674128
            ],
            [
              91.87592525,
              44.43186624,
              1216.04674128
            ],
            [
              91.87592275,
              44.43186622,
              1216.04674128
            ],
            [
              91.87592025,
              44.43186619,
              1216.04674128
            ],
            [
              91.87591775,
              44.43186617,
              1216.04674128
            ],
            [
              91.87591525,
              44.43186615,
              1216.04674128
            ],
            [
              91.87591275,
              44.43186613,
              1216.04674128
            ],
            [
              91.87591025,
              44.4318661,
              1216.04674128
            ],
            [
              91.87590775,
              44.43186608,
              1216.04674128
            ],
            [
              91.87590526,
              44.43186606,
              1216.04674128
            ],
            [
              91.87590276,
              44.43186604,
              1216.04674128
            ],
            [
              91.87590026,
              44.43186601,
              1216.04674128
            ],
            [
              91.87589776,
              44.43186599,
              1216.04674128
            ],
            [
              91.87589526,
              44.43186597,
              1216.04674128
            ],
            [
              91.87589276,
              44.43186595,
              1216.04674128
            ],
            [
              91.87589026,
              44.43186592,
              1216.04674128
            ],
            [
              91.87588776,
              44.4318659,
              1216.04674128
            ],
            [
              91.87588527,
              44.43186588,
              1216.04674128
            ],
            [
              91.87588277,
              44.43186586,
              1216.04674128
            ],
            [
              91.87588027,
              44.43186584,
              1216.04674128
            ],
            [
              91.87587777,
              44.43186581,
              1216.04674128
            ],
            [
              91.87587527,
              44.43186579,
              1216.04674128
            ],
            [
              91.87587277,
              44.43186577,
              1216.04674128
            ],
            [
              91.87587027,
              44.43186575,
              1216.04674128
            ],
            [
              91.87586777,
              44.43186572,
              1216.04674128
            ],
            [
              91.87586527,
              44.4318657,
              1216.04674128
            ],
            [
              91.87586278,
              44.43186568,
              1216.04674128
            ],
            [
              91.87586028,
              44.43186566,
              1216.04674128
            ],
            [
              91.87585778,
              44.43186563,
              1216.04674128
            ],
            [
              91.87585528,
              44.43186561,
              1216.04674128
            ],
            [
              91.87585278,
              44.43186559,
              1216.04674128
            ],
            [
              91.87585028,
              44.43186557,
              1216.04674128
            ],
            [
              91.87584778,
              44.43186554,
              1216.04674128
            ],
            [
              91.87584528,
              44.43186552,
              1216.04674128
            ],
            [
              91.87584279,
              44.4318655,
              1216.04674128
            ],
            [
              91.87584029,
              44.43186548,
              1216.04674128
            ],
            [
              91.87583779,
              44.43186545,
              1216.04674128
            ],
            [
              91.87583529,
              44.43186543,
              1216.04674128
            ],
            [
              91.87583279,
              44.43186541,
              1216.04674128
            ],
            [
              91.87583294,
              44.43186452,
              1216.04674128
            ],
            [
              91.87551411,
              44.43186102,
              1216.00916699
            ]
          ]
        ]
      },
      "geometry_name": "shape",
      "properties": {
        "object_id": "14",
        "name": "大",
        "mapset_code": "0000",
        "geo_code": null,
        "type": 4,
        "version": "1782733499476_20260721113420",
        "attribute": "{\"MannedMode\":1}"
      },
      "bbox": [
        91.87533928,
        44.43186102,
        91.87646989,
        44.43288945
      ]
    }
  ],
  "totalFeatures": 6,
  "numberMatched": 6,
  "numberReturned": 6,
  "timeStamp": "2026-07-24T01:36:08.286Z",
  "crs": {
    "type": "name",
    "properties": {
      "name": "urn:ogc:def:crs:EPSG::4326"
    }
  },
  "bbox": [
    91.87472897,
    44.40230895,
    91.91580085,
    44.43288945
  ]
}