path,extension,size_bytes,sha256
.gitignore,,202,60acfa04e606b6aaf6c203feb132ca0fda3e3cacafc909c998ec930ae62cd3e7
00_最新交接与研究流程/MineSim_Dynamic_本次对话正式交接文档_20260923.docx,.docx,52663,3dae3e1a0c50242561811130805892d7a3d7a12c4c38d542263c068adcfaedcb
00_最新交接与研究流程/MineSim_Dynamic_本次对话正式交接文档_20260923.md,.md,30766,a05c94e4fe12fce7074777efae3d9fac8f693cbc28a1d45e2f92cfc2a1376639
00_最新交接与研究流程/MineSim_G1_ExactTickGeometry_交接文档_20260923.md,.md,14258,46e26963a974b29c31577977e0dbf37e5e8ad065f060317ea0c605ab224e9821
00_最新交接与研究流程/MineSim_G1_交接文档_20260926.docx,.docx,44218,ba75202e46c343bed1b8dd9e593a9231110e5d9d3182fa1be590426be84d0fd9
00_最新交接与研究流程/MineSim_G1_交接文档_20260926.md,.md,14711,224b63341c956ddc52fb0c4017aa1835dde704e822867dc7d000dfcc74383ff9
00_最新交接与研究流程/MineSim_G1_机制检测结果冻结报告_V1_20260923.docx,.docx,55255,b27494857b92daa8a4a4fa48c4a74bb8b5a422ada2cbfd3091007e0a1fa03f40
00_最新交接与研究流程/MineSim_G1_机制检测结果冻结报告_V1_20260923.md,.md,42466,ceae69a8aef372b78f7137c9cbb81c7dec103793919867f8594dc4d7615e5158
00_最新交接与研究流程/MineSim_神经网络辅助MCTS_严谨研究流程_V1.docx,.docx,55758,c29012861f099561fa4a77db333ff2f1d32222ff2e658903fa09f2a269468e4f
00_最新交接与研究流程/MineSim_神经网络辅助MCTS_严谨研究流程_V1.md,.md,34551,99d29991b51f27fa4f56785be9af25b0ec9112f675a6ec4bc856df61650cc870
01_当前接手核心与最新证据/MineSim_正式交接配套包_20260919_R1/ALGORITHM_AND_EFFECTS.json,.json,146039,c4f54cae9df324ced23de8557b068e393358a081b516a50d4a40d972335620e9
01_当前接手核心与最新证据/MineSim_正式交接配套包_20260919_R1/ALGORITHM_REGISTRY.json,.json,3859,3222a805113c29877d2e86e7490e834c8f77deda526b246f3367b1de389c0364
01_当前接手核心与最新证据/MineSim_正式交接配套包_20260919_R1/ARTIFACT_SCOPE.json,.json,559,32aa8e1c5b2ed5190b36fe3537cee069a6678197f6b5056950fbb36ddab670db
01_当前接手核心与最新证据/MineSim_正式交接配套包_20260919_R1/CURRENT_STATE.json,.json,6045,4d25d8c7acf4ec33e0fdd1fadd8aafbab573fad2d67236d43ebdc0095bdd13ef
01_当前接手核心与最新证据/MineSim_正式交接配套包_20260919_R1/EVIDENCE_INDEX.json,.json,8293,3c0e3d711c47e03ff2e3d1b77a19b43a635a7a404a11c6206af6169c13149ee9
01_当前接手核心与最新证据/MineSim_正式交接配套包_20260919_R1/EXPERIMENT_LEDGER.json,.json,57159,c821cd5d2a62c0b2985d9d82a49aedcfd8eb59d1515d27c7f88bbbb399855afb
01_当前接手核心与最新证据/MineSim_正式交接配套包_20260919_R1/HANDOFF.md,.md,92158,36c3fb5c2de09954d8e99d6ab9ba688467f2f370201b4305c2117698916ffc99
01_当前接手核心与最新证据/MineSim_正式交接配套包_20260919_R1/LATEST_EVIDENCE_REQUIREMENTS.json,.json,3674,60431094112e144abbef4f6dabaddee8d89acfa7ab89693cf492f146b60873cc
01_当前接手核心与最新证据/MineSim_正式交接配套包_20260919_R1/MineSim_Dynamic_正式交接_算法演进与最新效果_20260919_R1.docx,.docx,108687,3228e740e2f30e5b37f7995168e968ba26120e71891f893b8cd67c2607a10c1d
01_当前接手核心与最新证据/MineSim_正式交接配套包_20260919_R1/MineSim_Dynamic_正式交接_算法演进与最新效果_20260919_R1.md,.md,103741,959e9d142d063e0d6d971e5aa16718fe77e57b80cac03fab4f3414bf4e01d101
01_当前接手核心与最新证据/MineSim_正式交接配套包_20260919_R1/NEXT_GATE_CONTRACT.json,.json,4172,0595aa2dd2a8fe696b8cc75c97f7590f181c1319dc8a883accaac77386216e78
01_当前接手核心与最新证据/MineSim_正式交接配套包_20260919_R1/PACKAGE_MANIFEST.json,.json,6064,f29295cc9513b68bd72b7a22a6aab35f0b45ecf851bf340aa30df068b97208b2
01_当前接手核心与最新证据/MineSim_正式交接配套包_20260919_R1/SHA256SUMS,,3502,e8a7378b4d0aed1c358ef439e62e5f9f5cbbdf711edce513a6aa9e5b6171fb20
01_当前接手核心与最新证据/MineSim_正式交接配套包_20260919_R1/SOURCE_MAP.md,.md,2681,4d2e364a895ceaf5b7009253bb113f5a67df0d676864df651c06dcb19c7a641a
01_当前接手核心与最新证据/MineSim_正式交接配套包_20260919_R1/START_HERE.md,.md,3088,51c969de0bd1beeb6e04866b979ce451cfe3d1573650913359c64ec61593ea26
01_当前接手核心与最新证据/MineSim_正式交接配套包_20260919_R1/audit/ARCHIVE_MEMBER_SCAN.json,.json,11061,6ded7105e293c47ebbc6896d7b352a3c51c96db0afaf86b95195a69cfe8ce88e
01_当前接手核心与最新证据/MineSim_正式交接配套包_20260919_R1/audit/DOCUMENT_QA.json,.json,11869,992f95cd5f662d3cd09b6c98fb368c7ed405331632bdda6c865e1aeaa7424318
01_当前接手核心与最新证据/MineSim_正式交接配套包_20260919_R1/audit/DOCX_ACCESSIBILITY.json,.json,215,ddc10ec93076ce4da8e0f44dd2e56d9033ee2acca08af2832e6a02d4a4c21fcf
01_当前接手核心与最新证据/MineSim_正式交接配套包_20260919_R1/audit/H18_MANIFEST_CHECK.json,.json,5335,d96feb66b8f4a1adcc25ce8ee23ff485b959f865d3de4832435d395bcb7b6a04
01_当前接手核心与最新证据/MineSim_正式交接配套包_20260919_R1/audit/INPUT_FILE_INVENTORY.json,.json,5527,1376481171a116572557650bc72eccbd36ccf9f90b9bfbfc4c5e6dcea34624c7
01_当前接手核心与最新证据/MineSim_正式交接配套包_20260919_R1/frozen_data/DATASET32.json,.json,488232,9abe28a904c3be43d68c0e5973d6bfa6d84e3cf7882c9d74d6b5b4b41471bbc1
01_当前接手核心与最新证据/MineSim_正式交接配套包_20260919_R1/source_code/C01_fleet_search.py,.py,7431,e96c82d60b75c6d2b3311b9fd9d569cab1404c5c2ba4c729cb25c8e605d6ec94
01_当前接手核心与最新证据/MineSim_正式交接配套包_20260919_R1/source_code/C02_dual_stop_motion_v1.py,.py,13473,e9d024a6f56b6279de41b6f0889a188a201eeef07acca425e2ea69c4ef9c0626
01_当前接手核心与最新证据/MineSim_正式交接配套包_20260919_R1/source_code/C03_dual_stop_adapter_v1.py,.py,16614,04710705edeea28bf38560fc4e3ce8ee319fc0b6679dbf00bd4c61d897cd4961
01_当前接手核心与最新证据/MineSim_正式交接配套包_20260919_R1/source_code/C04_fleet_reward.py,.py,3700,bd2cefa0e6eac0980d009882aa5a4a0aa7f0b6701b6534ccb3af18634ad6213c
01_当前接手核心与最新证据/MineSim_正式交接配套包_20260919_R1/source_code/C05_teacher_cell_core.py,.py,16731,58c3e5d217189b5d4f7e108b57f3d3700f3e11216d1eab02d1d25c5e0885cba0
01_当前接手核心与最新证据/MineSim_正式交接配套包_20260919_R1/source_code/C06_reward.py,.py,7651,d225ca754b2e5f6a650a35a946819276d50c027eaf66449667973c45f98ed5a5
01_当前接手核心与最新证据/MineSim_正式交接配套包_20260919_R1/source_code/C07_C11_100M_SEED0_EP1.json,.json,5959,a13f2fc0b735d310d3bcd80fc44d09d366bd3474e284090b247654bc5ba5f911
01_当前接手核心与最新证据/MineSim_正式交接配套包_20260919_R1/source_code/C08_subtree_reuse.py,.py,14097,c9834a305c6db1cf31b0460e31cc67c6b5a78480ea1ba20b1ca9ece6986ab532
01_当前接手核心与最新证据/MineSim_正式交接配套包_20260919_R1/sources/A18_H8策略结果补充原件.docx,.docx,41390,5929f8752513de032e8a6c0d87d0e2be8e784b9a5b0e890bce361ef0746a9eb4
01_当前接手核心与最新证据/MineSim_正式交接配套包_20260919_R1/sources/A18_H8策略结果补充原件.md,.md,5022,2a84617b99fbbeaf796a10a5354a5c0b340e868e018e52d5af3afbc569339c7f
01_当前接手核心与最新证据/MineSim_正式交接配套包_20260919_R1/sources/H10_论文标准对齐历史主文.md,.md,104921,8e0573c20d2f60984f112baa92513da7293cf81aea748f8e06f269f9a73c28a8
01_当前接手核心与最新证据/MineSim_正式交接配套包_20260919_R1/sources/H18_历史主文.md,.md,60550,27222895555782c3cd8960e97a23462dd5db92b673687077daf21850d5b11e57
01_当前接手核心与最新证据/MineSim_正式交接配套包_20260919_R1/sources/H18_历史交接与证据原包/MineSim_正式交接包_20260918_停工版V1/ARTIFACT_SCOPE.json,.json,767,0483b97af9948e449eab4bc97815da685a5e43fbd364468d9f33bf1e237ec356
01_当前接手核心与最新证据/MineSim_正式交接配套包_20260919_R1/sources/H18_历史交接与证据原包/MineSim_正式交接包_20260918_停工版V1/CURRENT_STATE.json,.json,4265,c50320a42ab7d3355a49fcce8ba25fd42c3df51eecfa919badb357fcccd47ade
01_当前接手核心与最新证据/MineSim_正式交接配套包_20260919_R1/sources/H18_历史交接与证据原包/MineSim_正式交接包_20260918_停工版V1/DOCUMENT_QA.json,.json,1125,8d7c2180f5c7db88a129f67924852ce9f64363a39d1781e55992d160dfd3185f
01_当前接手核心与最新证据/MineSim_正式交接配套包_20260919_R1/sources/H18_历史交接与证据原包/MineSim_正式交接包_20260918_停工版V1/EVIDENCE_INDEX.json,.json,10027,5a9830e1a69002d06a1a39c9091b507829a99cca2696ea62abbaea006f2ec2be
01_当前接手核心与最新证据/MineSim_正式交接配套包_20260919_R1/sources/H18_历史交接与证据原包/MineSim_正式交接包_20260918_停工版V1/HANDOFF_LOCAL_VERIFICATION.json,.json,1016,7c895720a5117dad94d29a381a8be0048987b1ba13f26d21758fddc3415f34e2
01_当前接手核心与最新证据/MineSim_正式交接配套包_20260919_R1/sources/H18_历史交接与证据原包/MineSim_正式交接包_20260918_停工版V1/HISTORY_ASSET_INDEX.json,.json,9852,a9a12330862803074a39e1e7d422d499223230afd4ed18016d2263a2f83e2b5e
01_当前接手核心与最新证据/MineSim_正式交接配套包_20260919_R1/sources/H18_历史交接与证据原包/MineSim_正式交接包_20260918_停工版V1/KEY_CODE_MAP.json,.json,19555,481daaa0d6017c93da88651c1e517d798ea68dfb11d41cbd24389ebb6b4d5874
01_当前接手核心与最新证据/MineSim_正式交接配套包_20260919_R1/sources/H18_历史交接与证据原包/MineSim_正式交接包_20260918_停工版V1/MineSim_Dynamic_正式交接_截至20260918_H8子树小试后停工版V1.docx,.docx,81171,872e70b2635b48d9ae3bcc90ff6a62efac146660b4d7f2e34e35d84b834195a6
01_当前接手核心与最新证据/MineSim_正式交接配套包_20260919_R1/sources/H18_历史交接与证据原包/MineSim_正式交接包_20260918_停工版V1/MineSim_Dynamic_正式交接_截至20260918_H8子树小试后停工版V1.md,.md,67392,a0fcad9e0772ebb6bb14cfe7ce51e0831819bd64c405067f9590ef32342e1e22
01_当前接手核心与最新证据/MineSim_正式交接配套包_20260919_R1/sources/H18_历史交接与证据原包/MineSim_正式交接包_20260918_停工版V1/NEXT_GATE_CONTRACT.json,.json,4215,336f4cb21eb262c5d0d222cf4476530c57f605f0f8368817ac8e735c2f337fc5
01_当前接手核心与最新证据/MineSim_正式交接配套包_20260919_R1/sources/H18_历史交接与证据原包/MineSim_正式交接包_20260918_停工版V1/PACKAGE_MANIFEST.json,.json,8010,f48a91926e9b34670335c79df800632a6e023577cc90e9bdbe77fab8e488215a
01_当前接手核心与最新证据/MineSim_正式交接配套包_20260919_R1/sources/H18_历史交接与证据原包/MineSim_正式交接包_20260918_停工版V1/SHA256SUMS,,4642,a8368d1e4553a9a79e9a11de941a3524a299dea3d65ade9e6216a851b6c06ab5
01_当前接手核心与最新证据/MineSim_正式交接配套包_20260919_R1/sources/H18_历史交接与证据原包/MineSim_正式交接包_20260918_停工版V1/START_HERE.md,.md,1872,cebbae64a16c6a63108411a64ae168ac2ea59db5c7b2cfd86b8af2017b308e19
01_当前接手核心与最新证据/MineSim_正式交接配套包_20260919_R1/sources/H18_历史交接与证据原包/MineSim_正式交接包_20260918_停工版V1/evidence/E01/Window16_复核/MineSim_Window16_结果复核_20260917/BEHAVIOR_POOL_COVERAGE.json,.json,10437,888247aa995f6a85e763e063f9ec5d3a8ddc1a71db30660ac80fd4acb955d835
01_当前接手核心与最新证据/MineSim_正式交接配套包_20260919_R1/sources/H18_历史交接与证据原包/MineSim_正式交接包_20260918_停工版V1/evidence/E01/Window16_复核/MineSim_Window16_结果复核_20260917/CURRENT_STATE.json,.json,2111,8cf3a46ad9e8661dbb5cf07ae474dcce8f1743a3dabb0886a49150998018ed15
01_当前接手核心与最新证据/MineSim_正式交接配套包_20260919_R1/sources/H18_历史交接与证据原包/MineSim_正式交接包_20260918_停工版V1/evidence/E01/Window16_复核/MineSim_Window16_结果复核_20260917/ERROR_DIAGNOSTIC.json,.json,12015,fe42ffe60b1f27ffac3b2286aa8d094c7e9c0b488755be28f6cf21b517bc78c5
01_当前接手核心与最新证据/MineSim_正式交接配套包_20260919_R1/sources/H18_历史交接与证据原包/MineSim_正式交接包_20260918_停工版V1/evidence/E01/Window16_复核/MineSim_Window16_结果复核_20260917/MANIFEST.json,.json,1314,a0b5b5586e81770e5448719436f37b37346a20e4975f1c3d233038c5cf503bb5
01_当前接手核心与最新证据/MineSim_正式交接配套包_20260919_R1/sources/H18_历史交接与证据原包/MineSim_正式交接包_20260918_停工版V1/evidence/E01/Window16_复核/MineSim_Window16_结果复核_20260917/NEXT_GATE_PROPOSAL.json,.json,2406,a44d437e1b6ee14d86b200fa1048d1f0d7dabeafff372b78e489bd707f9fab3a
01_当前接手核心与最新证据/MineSim_正式交接配套包_20260919_R1/sources/H18_历史交接与证据原包/MineSim_正式交接包_20260918_停工版V1/evidence/E01/Window16_复核/MineSim_Window16_结果复核_20260917/PER_STATE_ERRORS.csv,.csv,3259,ea969a228b80a9387b347654a30155cdf65d725280038a6e0e68f67b3aa86b96
01_当前接手核心与最新证据/MineSim_正式交接配套包_20260919_R1/sources/H18_历史交接与证据原包/MineSim_正式交接包_20260918_停工版V1/evidence/E01/Window16_复核/MineSim_Window16_结果复核_20260917/README.md,.md,4651,15ccfea1f03834fdb7542e83e52bf7a494ed49095cc680f72a449981354255a5
01_当前接手核心与最新证据/MineSim_正式交接配套包_20260919_R1/sources/H18_历史交接与证据原包/MineSim_正式交接包_20260918_停工版V1/evidence/E01/Window16_复核/MineSim_Window16_结果复核_20260917/REVIEW.json,.json,7314,382e7e228eb305e9e512061d3fdd8e80e71d1d9339b794623dd1eb7f86e78671
01_当前接手核心与最新证据/MineSim_正式交接配套包_20260919_R1/sources/H18_历史交接与证据原包/MineSim_正式交接包_20260918_停工版V1/evidence/E01/Window16_复核/MineSim_Window16_结果复核_20260917/original/FOLDS.json,.json,762,b8716e913894087ba56da2832522ef54bd09f0a1406040edb7850040bdd9d57e
01_当前接手核心与最新证据/MineSim_正式交接配套包_20260919_R1/sources/H18_历史交接与证据原包/MineSim_正式交接包_20260918_停工版V1/evidence/E01/Window16_复核/MineSim_Window16_结果复核_20260917/original/PROTOCOL.json,.json,2175,bbea7a2991b93bf7349e1f83de15142109d0b4a998d1b2b656651ea8baf00d19
01_当前接手核心与最新证据/MineSim_正式交接配套包_20260919_R1/sources/H18_历史交接与证据原包/MineSim_正式交接包_20260918_停工版V1/evidence/E01/Window16_复核/MineSim_Window16_结果复核_20260917/original/RESULT.json,.json,2099,92bc7b82ad2dea9a3ea4d6b16e35225943633f697228f822934fd6693e7c839a
01_当前接手核心与最新证据/MineSim_正式交接配套包_20260919_R1/sources/H18_历史交接与证据原包/MineSim_正式交接包_20260918_停工版V1/evidence/E02/Coverage32_数据封存复核/CELL_REVIEW.json,.json,81740,61aa26f23e35999effec8ec60bf1644c2aeeda9c0afd0ecf46363e9704cba9c3
01_当前接手核心与最新证据/MineSim_正式交接配套包_20260919_R1/sources/H18_历史交接与证据原包/MineSim_正式交接包_20260918_停工版V1/evidence/E02/Coverage32_数据封存复核/CURRENT_STATE.json,.json,2764,8aad1bb2f23b46d8b17a7387321ed9347f1c2ae2b8cbe4c767044032139fbe99
01_当前接手核心与最新证据/MineSim_正式交接配套包_20260919_R1/sources/H18_历史交接与证据原包/MineSim_正式交接包_20260918_停工版V1/evidence/E02/Coverage32_数据封存复核/MANIFEST_REVIEW.json,.json,400,43e6df94536bbf5a1b1d422337d44cfa403aa51b2879f3a86844845952e5390c
01_当前接手核心与最新证据/MineSim_正式交接配套包_20260919_R1/sources/H18_历史交接与证据原包/MineSim_正式交接包_20260918_停工版V1/evidence/E02/Coverage32_数据封存复核/PACKAGE_MANIFEST.json,.json,4571,bbb20fa79a13faafaf409641329a3db208b7de3ed730ee850fa9631d1e30d63c
01_当前接手核心与最新证据/MineSim_正式交接配套包_20260919_R1/sources/H18_历史交接与证据原包/MineSim_正式交接包_20260918_停工版V1/evidence/E02/Coverage32_数据封存复核/README.md,.md,2015,e95c1c05f952da9f12787ecb4fe229bb7e1c622c0705c75108e80fc9c4ede466
01_当前接手核心与最新证据/MineSim_正式交接配套包_20260919_R1/sources/H18_历史交接与证据原包/MineSim_正式交接包_20260918_停工版V1/evidence/E02/Coverage32_数据封存复核/REASSEMBLY.json,.json,1055,db7f97f31747cd869ff6c4555480a2fed26164e09a68c439418d34164d02a2ae
01_当前接手核心与最新证据/MineSim_正式交接配套包_20260919_R1/sources/H18_历史交接与证据原包/MineSim_正式交接包_20260918_停工版V1/evidence/E02/Coverage32_数据封存复核/REVIEW.json,.json,2250,4f218ea3a26f004a8f8896d2198bbd37de36fe5a7d99f40e92be0c163fd51d42
01_当前接手核心与最新证据/MineSim_正式交接配套包_20260919_R1/sources/H18_历史交接与证据原包/MineSim_正式交接包_20260918_停工版V1/evidence/E02/Coverage32_数据封存复核/original/CAPTURE.json,.json,95,0b37e5e5376a2eaffdc28591c7124698937f7a0514dc59b26d971e7ca47ed4c3
01_当前接手核心与最新证据/MineSim_正式交接配套包_20260919_R1/sources/H18_历史交接与证据原包/MineSim_正式交接包_20260918_停工版V1/evidence/E02/Coverage32_数据封存复核/original/COLLECTION_AUDIT.json,.json,220275,3f0c4e721113ae3f00850093058bc4d00d764b7aff62c5700589d7a6e1711040
01_当前接手核心与最新证据/MineSim_正式交接配套包_20260919_R1/sources/H18_历史交接与证据原包/MineSim_正式交接包_20260918_停工版V1/evidence/E02/Coverage32_数据封存复核/original/COLLECTION_TIMING.json,.json,368,87267a75cae12cc4b2bc1f20f42a169f86807194fbc9628c3556bda80f0d8ed0
01_当前接手核心与最新证据/MineSim_正式交接配套包_20260919_R1/sources/H18_历史交接与证据原包/MineSim_正式交接包_20260918_停工版V1/evidence/E02/Coverage32_数据封存复核/original/COMBINED32_INPUTS.json,.json,81407,3c7bd73410f1a48b1adfb135cbecab036edb7f43cbd3cc5758b53960aa127b72
01_当前接手核心与最新证据/MineSim_正式交接配套包_20260919_R1/sources/H18_历史交接与证据原包/MineSim_正式交接包_20260918_停工版V1/evidence/E02/Coverage32_数据封存复核/original/EFFECTIVE_COLLECTION_PROTOCOL.json,.json,3744,8dc400a36b35df044f73d0b7c56f3a8906c88d4d85fd9ae12878b169dd43af79
01_当前接手核心与最新证据/MineSim_正式交接配套包_20260919_R1/sources/H18_历史交接与证据原包/MineSim_正式交接包_20260918_停工版V1/evidence/E02/Coverage32_数据封存复核/original/ENVIRONMENT.json,.json,186,4f9aba7698efd6a13d86fcfe8ca0823cc58ef5d60292095d16f3c38368e16281
01_当前接手核心与最新证据/MineSim_正式交接配套包_20260919_R1/sources/H18_历史交接与证据原包/MineSim_正式交接包_20260918_停工版V1/evidence/E02/Coverage32_数据封存复核/original/EXECUTION_LAYOUT.json,.json,970,6375d6d5760db12fa7d525b8b4bc172d511ee688c61211d89a6e379da12b3531
01_当前接手核心与最新证据/MineSim_正式交接配套包_20260919_R1/sources/H18_历史交接与证据原包/MineSim_正式交接包_20260918_停工版V1/evidence/E02/Coverage32_数据封存复核/original/FUTURE_256_TASKS_NOT_AUTHORIZED.json,.json,181736,3fceeecbca058abe457cbac25da6e5051a0fa352ba8abe6165f6535b15de0b49
01_当前接手核心与最新证据/MineSim_正式交接配套包_20260919_R1/sources/H18_历史交接与证据原包/MineSim_正式交接包_20260918_停工版V1/evidence/E02/Coverage32_数据封存复核/original/FUTURE_FITTING_CONTRACT_NOT_AUTHORIZED.json,.json,1580,392ffb8c2e0678c1236ddd4bbb4b4040968140323fb8dc09c0239b4f747f2e8f
01_当前接手核心与最新证据/MineSim_正式交接配套包_20260919_R1/sources/H18_历史交接与证据原包/MineSim_正式交接包_20260918_停工版V1/evidence/E02/Coverage32_数据封存复核/original/FUTURE_TEACHER_PROTOCOL.json,.json,5150,9a29c64df4f31bd1375f9658c0c51b2f11dcf745f2481cbe06152cace3fb93b2
01_当前接手核心与最新证据/MineSim_正式交接配套包_20260919_R1/sources/H18_历史交接与证据原包/MineSim_正式交接包_20260918_停工版V1/evidence/E02/Coverage32_数据封存复核/original/GIT_AFTER.json,.json,152,b22efa6b0c704fc588cc1cf4ffc79af727222b8d4e83e22061b92b70bbb09b31
01_当前接手核心与最新证据/MineSim_正式交接配套包_20260919_R1/sources/H18_历史交接与证据原包/MineSim_正式交接包_20260918_停工版V1/evidence/E02/Coverage32_数据封存复核/original/MANIFEST.json,.json,2092768,56381839fad83298895c824b1861d1a2af35a3522bbd9d7de29c44ca3e2285ea
01_当前接手核心与最新证据/MineSim_正式交接配套包_20260919_R1/sources/H18_历史交接与证据原包/MineSim_正式交接包_20260918_停工版V1/evidence/E02/Coverage32_数据封存复核/original/NEW16_REPEAT_DIAGNOSTIC.json,.json,8785,995a0b11f756ae03e43204c06d671feb3487bf8f4849e5791d34024c6c9f0050
01_当前接手核心与最新证据/MineSim_正式交接配套包_20260919_R1/sources/H18_历史交接与证据原包/MineSim_正式交接包_20260918_停工版V1/evidence/E02/Coverage32_数据封存复核/original/NEW256_OBSERVATIONS.json,.json,220096,9054e38957c8ac846cebab4a2e27e5f13f716b7a103e011a239649707327f1a3
01_当前接手核心与最新证据/MineSim_正式交接配套包_20260919_R1/sources/H18_历史交接与证据原包/MineSim_正式交接包_20260918_停工版V1/evidence/E02/Coverage32_数据封存复核/original/OLD_DATASET16.json,.json,226469,44a7567bec8c55a2c321e898de01455166a09769514987069cc0894f954176ff
01_当前接手核心与最新证据/MineSim_正式交接配套包_20260919_R1/sources/H18_历史交接与证据原包/MineSim_正式交接包_20260918_停工版V1/evidence/E02/Coverage32_数据封存复核/original/PARENT_BINDINGS.json,.json,311,d684a8a8571ca264e9c63b0d6a05cfc26db35bfdcd99e55b097d9b2ffff8d924
01_当前接手核心与最新证据/MineSim_正式交接配套包_20260919_R1/sources/H18_历史交接与证据原包/MineSim_正式交接包_20260918_停工版V1/evidence/E02/Coverage32_数据封存复核/original/RC.txt,.txt,2,9a271f2a916b0b6ee6cecb2426f0b3206ef074578be55d9bc94f6f3fe3ab86aa
01_当前接手核心与最新证据/MineSim_正式交接配套包_20260919_R1/sources/H18_历史交接与证据原包/MineSim_正式交接包_20260918_停工版V1/evidence/E02/Coverage32_数据封存复核/original/RESOURCES.json,.json,275,9e4a2864f8d8a1332e9e4cd86bca3db436f5626d5cbfe4f48148f26956ff2c3a
01_当前接手核心与最新证据/MineSim_正式交接配套包_20260919_R1/sources/H18_历史交接与证据原包/MineSim_正式交接包_20260918_停工版V1/evidence/E02/Coverage32_数据封存复核/original/RESULT.json,.json,1218,e212ae036b1051f375325e0e6ae44b9c74f34dd49f3198ead7f02f6834d045d7
01_当前接手核心与最新证据/MineSim_正式交接配套包_20260919_R1/sources/H18_历史交接与证据原包/MineSim_正式交接包_20260918_停工版V1/evidence/E02/Coverage32_数据封存复核/original/SELECTED_NEW16.json,.json,43654,bea017514307e503a88d115113402e614d4ce66425f298f7477ce1ab6bfb5667
01_当前接手核心与最新证据/MineSim_正式交接配套包_20260919_R1/sources/H18_历史交接与证据原包/MineSim_正式交接包_20260918_停工版V1/evidence/E02/Coverage32_数据封存复核/original/START.json,.json,587,328ae46bcefe51411f400292061d9b83b0d4f60943155d305bce370cfc271e17
01_当前接手核心与最新证据/MineSim_正式交接配套包_20260919_R1/sources/H18_历史交接与证据原包/MineSim_正式交接包_20260918_停工版V1/evidence/E02/Coverage32_数据封存复核/original/SUPERVISOR_FINAL.json,.json,477,acb4ab26ff70be54c01ee9e1db300d8fda3769eb529393dca7d806b78498a2d7
01_当前接手核心与最新证据/MineSim_正式交接配套包_20260919_R1/sources/H18_历史交接与证据原包/MineSim_正式交接包_20260918_停工版V1/evidence/E02/Coverage32_数据封存复核/original/coverage32_cell_core.py,.py,16219,f01f279783db821a8585260080d9cde780af35aea3f9eadb922b3de98c683f4f
01_当前接手核心与最新证据/MineSim_正式交接配套包_20260919_R1/sources/H18_历史交接与证据原包/MineSim_正式交接包_20260918_停工版V1/evidence/E02/Coverage32_数据封存复核/original/release_source.py,.py,39513,5a5f2adbcd6c440a1b813e5cd4d532675c1026355fecd7d22f18028b2dc56ed2
01_当前接手核心与最新证据/MineSim_正式交接配套包_20260919_R1/sources/H18_历史交接与证据原包/MineSim_正式交接包_20260918_停工版V1/evidence/E02/Coverage32_数据封存复核/review_saved_records.py,.py,16850,7210eae920d76adba8a7bd3ce88d8f7bc702ea7b0a1e575ea17ecc2be5181232
01_当前接手核心与最新证据/MineSim_正式交接配套包_20260919_R1/sources/H18_历史交接与证据原包/MineSim_正式交接包_20260918_停工版V1/evidence/E03/Coverage32_无正则拟合复核/CURRENT_STATE.json,.json,1541,59ca778924fbe78faccf4b2e8b779c73c9e9e269a9dd164123d6a2eda87c3624
01_当前接手核心与最新证据/MineSim_正式交接配套包_20260919_R1/sources/H18_历史交接与证据原包/MineSim_正式交接包_20260918_停工版V1/evidence/E03/Coverage32_无正则拟合复核/DESCRIPTIVE_DIAGNOSTIC.json,.json,26362,ccc5a3672ee86b3501433c7ddb3e6510e955d3031df147f99aac755c85bd08ae
01_当前接手核心与最新证据/MineSim_正式交接配套包_20260919_R1/sources/H18_历史交接与证据原包/MineSim_正式交接包_20260918_停工版V1/evidence/E03/Coverage32_无正则拟合复核/HELD_PREDICTIONS_RECOMPUTED.json,.json,57922,c5ab91524cdd34ac585c66076fda4da171ab724ef6544bd288b5b4d5b526dc19
01_当前接手核心与最新证据/MineSim_正式交接配套包_20260919_R1/sources/H18_历史交接与证据原包/MineSim_正式交接包_20260918_停工版V1/evidence/E03/Coverage32_无正则拟合复核/METRICS_SUMMARY.csv,.csv,245,0104a54980fc4fda87371fedbdfe3284f7dff4fe2ad3a47afc5f19ef66c5a0fc
01_当前接手核心与最新证据/MineSim_正式交接配套包_20260919_R1/sources/H18_历史交接与证据原包/MineSim_正式交接包_20260918_停工版V1/evidence/E03/Coverage32_无正则拟合复核/NEXT_METHOD_PROPOSAL.json,.json,1515,7781a8c78567ca889d9f8c2cb208a09582e885e1b46b78630207c3103810c770
01_当前接手核心与最新证据/MineSim_正式交接配套包_20260919_R1/sources/H18_历史交接与证据原包/MineSim_正式交接包_20260918_停工版V1/evidence/E03/Coverage32_无正则拟合复核/PACKAGE_MANIFEST.json,.json,2884,61c84c53a3604ce56548804e5df0385b704208d05d4e47ad3d0ab14f554f2a32
01_当前接手核心与最新证据/MineSim_正式交接配套包_20260919_R1/sources/H18_历史交接与证据原包/MineSim_正式交接包_20260918_停工版V1/evidence/E03/Coverage32_无正则拟合复核/README.md,.md,4153,3f0203a8c3b72e199569849017dbada99dc9754e7eeb81db50301dbb3821e686
01_当前接手核心与最新证据/MineSim_正式交接配套包_20260919_R1/sources/H18_历史交接与证据原包/MineSim_正式交接包_20260918_停工版V1/evidence/E03/Coverage32_无正则拟合复核/RECOMPUTED_METRICS.json,.json,5819,2a59249a532812bb6624e59a449e1a1b31ad38f2e76f8c36bad8f1f11fb21d71
01_当前接手核心与最新证据/MineSim_正式交接配套包_20260919_R1/sources/H18_历史交接与证据原包/MineSim_正式交接包_20260918_停工版V1/evidence/E03/Coverage32_无正则拟合复核/REVIEW.json,.json,8130,1aed9a078a98afd570236b0a2b437dad559e947f8113c6bdc8be95bcc1152344
01_当前接手核心与最新证据/MineSim_正式交接配套包_20260919_R1/sources/H18_历史交接与证据原包/MineSim_正式交接包_20260918_停工版V1/evidence/E03/Coverage32_无正则拟合复核/TRAIN_FIT_SUMMARY.json,.json,3588,124bf461b4d1ecffbee6f7185e3454353b3d257e6023f54b852708f83dbf1dcc
01_当前接手核心与最新证据/MineSim_正式交接配套包_20260919_R1/sources/H18_历史交接与证据原包/MineSim_正式交接包_20260918_停工版V1/evidence/E03/Coverage32_无正则拟合复核/original/EXECUTION_PROTOCOL.json,.json,2655,750073738e8d4bbe0c21fbc6e23b168235b042cbdece554470bdb1ae3a9b7dfe
01_当前接手核心与最新证据/MineSim_正式交接配套包_20260919_R1/sources/H18_历史交接与证据原包/MineSim_正式交接包_20260918_停工版V1/evidence/E03/Coverage32_无正则拟合复核/original/FOLDS.json,.json,8186,61f1e114397d50261f03af0ac8f586c55ec98c4f009712b891758726790aa3c3
01_当前接手核心与最新证据/MineSim_正式交接配套包_20260919_R1/sources/H18_历史交接与证据原包/MineSim_正式交接包_20260918_停工版V1/evidence/E03/Coverage32_无正则拟合复核/original/INPUT_VALIDATION.json,.json,471,9ff2b8b6c05c99b605bfc019c779207deb30f7b679ca5b43b2d60e8e82aec8d1
01_当前接手核心与最新证据/MineSim_正式交接配套包_20260919_R1/sources/H18_历史交接与证据原包/MineSim_正式交接包_20260918_停工版V1/evidence/E03/Coverage32_无正则拟合复核/original/MANIFEST.json,.json,18965,2a15f84011dc1468ca7af8f289b91219241ad214d6c15f76c9f59c00446a8d68
01_当前接手核心与最新证据/MineSim_正式交接配套包_20260919_R1/sources/H18_历史交接与证据原包/MineSim_正式交接包_20260918_停工版V1/evidence/E03/Coverage32_无正则拟合复核/original/METRICS.json,.json,4498,3a0c1fcbdb178a7b8e8ca65eb52450ffa49eacd545bc8e60d638025344bca687
01_当前接手核心与最新证据/MineSim_正式交接配套包_20260919_R1/sources/H18_历史交接与证据原包/MineSim_正式交接包_20260918_停工版V1/evidence/E03/Coverage32_无正则拟合复核/original/RESULT.json,.json,5578,bbb7a232640944d3fa6cd2e600c9a3a80856dba8cef19f2404160b0077338dff
01_当前接手核心与最新证据/MineSim_正式交接配套包_20260919_R1/sources/H18_历史交接与证据原包/MineSim_正式交接包_20260918_停工版V1/evidence/E03/Coverage32_无正则拟合复核/original/TIMING.json,.json,132,d0314dbc459b3aa17b6af9319b616cb40b61c93330fb807dc325ac81f00c5fa4
01_当前接手核心与最新证据/MineSim_正式交接配套包_20260919_R1/sources/H18_历史交接与证据原包/MineSim_正式交接包_20260918_停工版V1/evidence/E03/Coverage32_无正则拟合复核/review_fit16.py,.py,19939,27f496aad2038743379603c1b3744b94c731cd0cc83e8decc31d941d0fc315e7
01_当前接手核心与最新证据/MineSim_正式交接配套包_20260919_R1/sources/H18_历史交接与证据原包/MineSim_正式交接包_20260918_停工版V1/evidence/E04/双车26维正则复核/MineSim_dual32_regularized_review/CURRENT_STATE.json,.json,2188,4706079a76da1a7a0cba29c6c65e5855b7f364f1cffc72622854319425dd735f
01_当前接手核心与最新证据/MineSim_正式交接配套包_20260919_R1/sources/H18_历史交接与证据原包/MineSim_正式交接包_20260918_停工版V1/evidence/E04/双车26维正则复核/MineSim_dual32_regularized_review/DESCRIPTIVE_DIAGNOSTIC.json,.json,19872,fe36474d833ca8632317a0ae4caced58477ecabad414e6250cbf04cf3c99f2f2
01_当前接手核心与最新证据/MineSim_正式交接配套包_20260919_R1/sources/H18_历史交接与证据原包/MineSim_正式交接包_20260918_停工版V1/evidence/E04/双车26维正则复核/MineSim_dual32_regularized_review/RECOMPUTED_METRICS.json,.json,333,bb0244070a151f3a97686a3f09aaec63de4a23305a76d41929badb93bbe084bb
01_当前接手核心与最新证据/MineSim_正式交接配套包_20260919_R1/sources/H18_历史交接与证据原包/MineSim_正式交接包_20260918_停工版V1/evidence/E04/双车26维正则复核/MineSim_dual32_regularized_review/REVIEW.json,.json,2169,88bfe4847a933bbef9818501fb8dc0f31dc7b3f58a2ba8cd9dcf0b8ab722cb15
01_当前接手核心与最新证据/MineSim_正式交接配套包_20260919_R1/sources/H18_历史交接与证据原包/MineSim_正式交接包_20260918_停工版V1/evidence/E04/双车26维正则复核/MineSim_dual32_regularized_review/REVIEW_PACKAGE_MANIFEST.json,.json,16594,09eab673aaab84e1ff39fd6cd247e5959ea21bc2e9aabd93fa49e109fb8093cb
01_当前接手核心与最新证据/MineSim_正式交接配套包_20260919_R1/sources/H18_历史交接与证据原包/MineSim_正式交接包_20260918_停工版V1/evidence/E04/双车26维正则复核/MineSim_dual32_regularized_review/SUMMARY.md,.md,3048,55cdd02c1058d11a8f553016ea8cfc23b746c86ced615c1cfc26ab1106975f3d
01_当前接手核心与最新证据/MineSim_正式交接配套包_20260919_R1/sources/H18_历史交接与证据原包/MineSim_正式交接包_20260918_停工版V1/evidence/E04/双车26维正则复核/MineSim_dual32_regularized_review/audit_saved_results.py,.py,14926,67f49e20a52a7691cf53264286315f7182307e9849dca46fff11ae88d2a078c0
01_当前接手核心与最新证据/MineSim_正式交接配套包_20260919_R1/sources/H18_历史交接与证据原包/MineSim_正式交接包_20260918_停工版V1/evidence/E04/双车26维正则复核/MineSim_dual32_regularized_review/original/CAPTURE.json,.json,257,01750465d5a35eb2267d884a082c78dfef303338f04096235dd7d041dafa7ba7
01_当前接手核心与最新证据/MineSim_正式交接配套包_20260919_R1/sources/H18_历史交接与证据原包/MineSim_正式交接包_20260918_停工版V1/evidence/E04/双车26维正则复核/MineSim_dual32_regularized_review/original/EXECUTION_PROTOCOL.json,.json,3943,6d50a269277fea6e31beaa318983b01998b913a7c8bda2247c4a37b54ae4017b
01_当前接手核心与最新证据/MineSim_正式交接配套包_20260919_R1/sources/H18_历史交接与证据原包/MineSim_正式交接包_20260918_停工版V1/evidence/E04/双车26维正则复核/MineSim_dual32_regularized_review/original/METRICS.json,.json,5094,8bd9ebf2057fe200873bcd3e9bb4aee2f9e44a52f7de182c4f8a6a5957f3ecac
01_当前接手核心与最新证据/MineSim_正式交接配套包_20260919_R1/sources/H18_历史交接与证据原包/MineSim_正式交接包_20260918_停工版V1/evidence/E04/双车26维正则复核/MineSim_dual32_regularized_review/original/PARENT_METRICS_REFERENCE.json,.json,4640,354ce71c81a5f88e76ac38210f47be01952e623f9df4af2110b6add6fe68c04b
01_当前接手核心与最新证据/MineSim_正式交接配套包_20260919_R1/sources/H18_历史交接与证据原包/MineSim_正式交接包_20260918_停工版V1/evidence/E04/双车26维正则复核/MineSim_dual32_regularized_review/original/POSTCHECK_PARENT.json,.json,45,3642b2904930fcb3b8d212e9abf72ce1e69669e1d9f61d5cce9b77712920abb7
01_当前接手核心与最新证据/MineSim_正式交接配套包_20260919_R1/sources/H18_历史交接与证据原包/MineSim_正式交接包_20260918_停工版V1/evidence/E04/双车26维正则复核/MineSim_dual32_regularized_review/original/RELEASE_BINDING.json,.json,91,fb607bf5f56ad4c2144f04ba9abd994c2309384b2ba05d0088e2bf3cd1926f16
01_当前接手核心与最新证据/MineSim_正式交接配套包_20260919_R1/sources/H18_历史交接与证据原包/MineSim_正式交接包_20260918_停工版V1/evidence/E04/双车26维正则复核/MineSim_dual32_regularized_review/original/RESULT.json,.json,6245,4bb113b6d5ab878c7d434f242b33e212c2f1943d12406336303379b5b900371f
01_当前接手核心与最新证据/MineSim_正式交接配套包_20260919_R1/sources/H18_历史交接与证据原包/MineSim_正式交接包_20260918_停工版V1/evidence/E04/双车26维正则复核/MineSim_dual32_regularized_review/original/START.json,.json,423,d314fcd7301b47dde9f2f4e6eeaec5690af60d73bfd9ffe86cada7341490b325
01_当前接手核心与最新证据/MineSim_正式交接配套包_20260919_R1/sources/H18_历史交接与证据原包/MineSim_正式交接包_20260918_停工版V1/evidence/E04/双车26维正则复核/MineSim_dual32_regularized_review/original/TIMING.json,.json,135,1b0515cd0f7dc57ca6bf030c84256b2a5ddac1828cd23812d74eef57ffe347e3
01_当前接手核心与最新证据/MineSim_正式交接配套包_20260919_R1/sources/H18_历史交接与证据原包/MineSim_正式交接包_20260918_停工版V1/evidence/E04/双车26维正则复核/MineSim_dual32_regularized_review/original/outer/fold00_mlp26_8_1_l2/OUTER_SELECTION_LOCK.json,.json,184,d9eb8ae88dc9742c654d29a6d38058ea4680ed8a72c6610a65116de8215d6544
01_当前接手核心与最新证据/MineSim_正式交接配套包_20260919_R1/sources/H18_历史交接与证据原包/MineSim_正式交接包_20260918_停工版V1/evidence/E04/双车26维正则复核/MineSim_dual32_regularized_review/original/outer/fold00_mlp26_8_1_l2/RESULT.json,.json,8597,8d8cf5071b5b117b95444c1cbe0c0a772ada1186e7ed98a7bb5d81b9aa6817b6
01_当前接手核心与最新证据/MineSim_正式交接配套包_20260919_R1/sources/H18_历史交接与证据原包/MineSim_正式交接包_20260918_停工版V1/evidence/E04/双车26维正则复核/MineSim_dual32_regularized_review/original/outer/fold00_mlp26_8_1_l2/final/FIT_RESULT.json,.json,5748,ef4f1e2e4a9c37ca992ea070b9e31aa1d9be291f4c76b9952755d16bf634495e
01_当前接手核心与最新证据/MineSim_正式交接配套包_20260919_R1/sources/H18_历史交接与证据原包/MineSim_正式交接包_20260918_停工版V1/evidence/E04/双车26维正则复核/MineSim_dual32_regularized_review/original/outer/fold00_mlp26_8_1_l2/final/MODEL.json,.json,5645,0c16a516439f03e3d9612b4e38d041055a966cf9af390e2454c5ee7feeb9754c
01_当前接手核心与最新证据/MineSim_正式交接配套包_20260919_R1/sources/H18_历史交接与证据原包/MineSim_正式交接包_20260918_停工版V1/evidence/E04/双车26维正则复核/MineSim_dual32_regularized_review/original/outer/fold00_mlp26_8_1_l2/inner/SELECTION.json,.json,6638,2ef90877da5f3fb0bcf0031fba170fcb0bad70221b0ee5e9b498de16f284b924
01_当前接手核心与最新证据/MineSim_正式交接配套包_20260919_R1/sources/H18_历史交接与证据原包/MineSim_正式交接包_20260918_停工版V1/evidence/E04/双车26维正则复核/MineSim_dual32_regularized_review/original/outer/fold00_ridge26/OUTER_SELECTION_LOCK.json,.json,184,65900b88c2580ccb4ae50c61e3a812f9b266ad6310eeaacb5a01930dee08e090
01_当前接手核心与最新证据/MineSim_正式交接配套包_20260919_R1/sources/H18_历史交接与证据原包/MineSim_正式交接包_20260918_停工版V1/evidence/E04/双车26维正则复核/MineSim_dual32_regularized_review/original/outer/fold00_ridge26/RESULT.json,.json,4712,7838d6f3a9901d7451a77432199361329f0f81f96c74ddc5b7cd880bd62db7a8
01_当前接手核心与最新证据/MineSim_正式交接配套包_20260919_R1/sources/H18_历史交接与证据原包/MineSim_正式交接包_20260918_停工版V1/evidence/E04/双车26维正则复核/MineSim_dual32_regularized_review/original/outer/fold00_ridge26/final/FIT_RESULT.json,.json,1858,f880504ab1f867c7e8c7b933b6130438fdf4a04926a2649c5f4a7fbbaab6d2da
01_当前接手核心与最新证据/MineSim_正式交接配套包_20260919_R1/sources/H18_历史交接与证据原包/MineSim_正式交接包_20260918_停工版V1/evidence/E04/双车26维正则复核/MineSim_dual32_regularized_review/original/outer/fold00_ridge26/final/MODEL.json,.json,1063,4f5e077535c2b7150a1b06464c41aafe0efc877cfee0d4dd791e1e0820ed748d
01_当前接手核心与最新证据/MineSim_正式交接配套包_20260919_R1/sources/H18_历史交接与证据原包/MineSim_正式交接包_20260918_停工版V1/evidence/E04/双车26维正则复核/MineSim_dual32_regularized_review/original/outer/fold00_ridge26/inner/SELECTION.json,.json,6537,c8d724a6832aa675d97f755a090820feaddbab8b32cf33ddaee40300adfd580e
01_当前接手核心与最新证据/MineSim_正式交接配套包_20260919_R1/sources/H18_历史交接与证据原包/MineSim_正式交接包_20260918_停工版V1/evidence/E04/双车26维正则复核/MineSim_dual32_regularized_review/original/outer/fold01_mlp26_8_1_l2/OUTER_SELECTION_LOCK.json,.json,184,8d57ff811d44f426dac89fd61b3408ea0f9a6740d53e56b12fce47ddb88da00c
01_当前接手核心与最新证据/MineSim_正式交接配套包_20260919_R1/sources/H18_历史交接与证据原包/MineSim_正式交接包_20260918_停工版V1/evidence/E04/双车26维正则复核/MineSim_dual32_regularized_review/original/outer/fold01_mlp26_8_1_l2/RESULT.json,.json,8567,729b44bff57dd9a2beeea13fc88511b666078c6dfc4a7cf54f0e1d21fb3764c6
01_当前接手核心与最新证据/MineSim_正式交接配套包_20260919_R1/sources/H18_历史交接与证据原包/MineSim_正式交接包_20260918_停工版V1/evidence/E04/双车26维正则复核/MineSim_dual32_regularized_review/original/outer/fold01_mlp26_8_1_l2/final/FIT_RESULT.json,.json,5722,f9d860dc351a645d370fcf55c14251090a54fc23760cb333d1baca7c0f48a13b
01_当前接手核心与最新证据/MineSim_正式交接配套包_20260919_R1/sources/H18_历史交接与证据原包/MineSim_正式交接包_20260918_停工版V1/evidence/E04/双车26维正则复核/MineSim_dual32_regularized_review/original/outer/fold01_mlp26_8_1_l2/final/MODEL.json,.json,5742,ffdd7b1217a9dbebac559e10817b6ad831cc60cbed9401cd32dff88023e8f6d6
01_当前接手核心与最新证据/MineSim_正式交接配套包_20260919_R1/sources/H18_历史交接与证据原包/MineSim_正式交接包_20260918_停工版V1/evidence/E04/双车26维正则复核/MineSim_dual32_regularized_review/original/outer/fold01_mlp26_8_1_l2/inner/SELECTION.json,.json,6637,bc19aab38b6ecdcb6fbaa0329b9e5f573d2a32a188845c1d3430d4e39a60082d
01_当前接手核心与最新证据/MineSim_正式交接配套包_20260919_R1/sources/H18_历史交接与证据原包/MineSim_正式交接包_20260918_停工版V1/evidence/E04/双车26维正则复核/MineSim_dual32_regularized_review/original/outer/fold01_ridge26/OUTER_SELECTION_LOCK.json,.json,184,845918d95a30e8228d37e301f1856a3ed86c36ce62436aad69194e2f1943cd17
01_当前接手核心与最新证据/MineSim_正式交接配套包_20260919_R1/sources/H18_历史交接与证据原包/MineSim_正式交接包_20260918_停工版V1/evidence/E04/双车26维正则复核/MineSim_dual32_regularized_review/original/outer/fold01_ridge26/RESULT.json,.json,4705,021945f90ecf48e966ab556c65b9ca76145609298aee9b835ea2aff22a47a790
01_当前接手核心与最新证据/MineSim_正式交接配套包_20260919_R1/sources/H18_历史交接与证据原包/MineSim_正式交接包_20260918_停工版V1/evidence/E04/双车26维正则复核/MineSim_dual32_regularized_review/original/outer/fold01_ridge26/final/FIT_RESULT.json,.json,1855,d7a75a815d7a94b1943769526480a0e345e213884fff19b0343d1be90c2eb9bd
01_当前接手核心与最新证据/MineSim_正式交接配套包_20260919_R1/sources/H18_历史交接与证据原包/MineSim_正式交接包_20260918_停工版V1/evidence/E04/双车26维正则复核/MineSim_dual32_regularized_review/original/outer/fold01_ridge26/final/MODEL.json,.json,1067,b46dc9a035d2c391b97d8e6d446e32d96b99f3d652b329b3b9f1eb90600605c8
01_当前接手核心与最新证据/MineSim_正式交接配套包_20260919_R1/sources/H18_历史交接与证据原包/MineSim_正式交接包_20260918_停工版V1/evidence/E04/双车26维正则复核/MineSim_dual32_regularized_review/original/outer/fold01_ridge26/inner/SELECTION.json,.json,6527,ebb0f24b60f8729258b4130b3e39f1358a0a6f62dbdf0f6a41bdbcd2df673d09
01_当前接手核心与最新证据/MineSim_正式交接配套包_20260919_R1/sources/H18_历史交接与证据原包/MineSim_正式交接包_20260918_停工版V1/evidence/E04/双车26维正则复核/MineSim_dual32_regularized_review/original/outer/fold02_mlp26_8_1_l2/OUTER_SELECTION_LOCK.json,.json,184,d96907225c21b93d86b3a27eb1b459552b36a4f30baafe3db1a3d8cbb01a2f6a
01_当前接手核心与最新证据/MineSim_正式交接配套包_20260919_R1/sources/H18_历史交接与证据原包/MineSim_正式交接包_20260918_停工版V1/evidence/E04/双车26维正则复核/MineSim_dual32_regularized_review/original/outer/fold02_mlp26_8_1_l2/RESULT.json,.json,8511,42ca69b38b58b4caffb30c3705f1c226e9a9f8f689a7a575c49a3f9cd7604e5b
01_当前接手核心与最新证据/MineSim_正式交接配套包_20260919_R1/sources/H18_历史交接与证据原包/MineSim_正式交接包_20260918_停工版V1/evidence/E04/双车26维正则复核/MineSim_dual32_regularized_review/original/outer/fold02_mlp26_8_1_l2/final/FIT_RESULT.json,.json,5708,e710278e59dbfdc742195941cb79e8a59ff551b2f56cc03b4bebb645c9daf21f
01_当前接手核心与最新证据/MineSim_正式交接配套包_20260919_R1/sources/H18_历史交接与证据原包/MineSim_正式交接包_20260918_停工版V1/evidence/E04/双车26维正则复核/MineSim_dual32_regularized_review/original/outer/fold02_mlp26_8_1_l2/final/MODEL.json,.json,5733,c39f4fedc12820ca132693262aa396fa4914bb1d5ea205a93ed3654a2795b8da
01_当前接手核心与最新证据/MineSim_正式交接配套包_20260919_R1/sources/H18_历史交接与证据原包/MineSim_正式交接包_20260918_停工版V1/evidence/E04/双车26维正则复核/MineSim_dual32_regularized_review/original/outer/fold02_mlp26_8_1_l2/inner/SELECTION.json,.json,6747,0fc9cfaf8709ef2e80db4c56d83be96644d77f14dea14bf2511999c48e606a73
01_当前接手核心与最新证据/MineSim_正式交接配套包_20260919_R1/sources/H18_历史交接与证据原包/MineSim_正式交接包_20260918_停工版V1/evidence/E04/双车26维正则复核/MineSim_dual32_regularized_review/original/outer/fold02_ridge26/OUTER_SELECTION_LOCK.json,.json,184,dda7b6c6c2e5adbc646a99127fed564bb150547145804b243792987cb1a1fe40
01_当前接手核心与最新证据/MineSim_正式交接配套包_20260919_R1/sources/H18_历史交接与证据原包/MineSim_正式交接包_20260918_停工版V1/evidence/E04/双车26维正则复核/MineSim_dual32_regularized_review/original/outer/fold02_ridge26/RESULT.json,.json,4667,f0dd9e329c443b8c618a567973a7a99c4cde9a1ee25f2d66d2a339ab636f9749
01_当前接手核心与最新证据/MineSim_正式交接配套包_20260919_R1/sources/H18_历史交接与证据原包/MineSim_正式交接包_20260918_停工版V1/evidence/E04/双车26维正则复核/MineSim_dual32_regularized_review/original/outer/fold02_ridge26/final/FIT_RESULT.json,.json,1859,9f117347c69c9bdda971c9320b77dcce6c740c6d0bb491bd74598d07cbb25d78
01_当前接手核心与最新证据/MineSim_正式交接配套包_20260919_R1/sources/H18_历史交接与证据原包/MineSim_正式交接包_20260918_停工版V1/evidence/E04/双车26维正则复核/MineSim_dual32_regularized_review/original/outer/fold02_ridge26/final/MODEL.json,.json,1046,22c2fb312bcd24c8465ed09c2d230bf31240235831434eacd581565a7507236b
01_当前接手核心与最新证据/MineSim_正式交接配套包_20260919_R1/sources/H18_历史交接与证据原包/MineSim_正式交接包_20260918_停工版V1/evidence/E04/双车26维正则复核/MineSim_dual32_regularized_review/original/outer/fold02_ridge26/inner/SELECTION.json,.json,6638,6de6f77726a2e8155419b1cd0c85bbe443bdc40e3db55cb3110f7ed286fead4d
01_当前接手核心与最新证据/MineSim_正式交接配套包_20260919_R1/sources/H18_历史交接与证据原包/MineSim_正式交接包_20260918_停工版V1/evidence/E04/双车26维正则复核/MineSim_dual32_regularized_review/original/outer/fold03_mlp26_8_1_l2/OUTER_SELECTION_LOCK.json,.json,184,6be729bef91e0e24a191a61b72174dfa14a2545a94dccc99ddf3608c10cb11fc
01_当前接手核心与最新证据/MineSim_正式交接配套包_20260919_R1/sources/H18_历史交接与证据原包/MineSim_正式交接包_20260918_停工版V1/evidence/E04/双车26维正则复核/MineSim_dual32_regularized_review/original/outer/fold03_mlp26_8_1_l2/RESULT.json,.json,8528,b9326dfe5cc27217b8e50b71c49e2d0f8aeab710957d747aab9b274dbc6ddade
01_当前接手核心与最新证据/MineSim_正式交接配套包_20260919_R1/sources/H18_历史交接与证据原包/MineSim_正式交接包_20260918_停工版V1/evidence/E04/双车26维正则复核/MineSim_dual32_regularized_review/original/outer/fold03_mlp26_8_1_l2/final/FIT_RESULT.json,.json,5721,52bb7a6c563d014e23f86eefc1b0b2465d9174b757d1d22e1ad456280d1f982a
01_当前接手核心与最新证据/MineSim_正式交接配套包_20260919_R1/sources/H18_历史交接与证据原包/MineSim_正式交接包_20260918_停工版V1/evidence/E04/双车26维正则复核/MineSim_dual32_regularized_review/original/outer/fold03_mlp26_8_1_l2/final/MODEL.json,.json,5760,6409926b6674e9d059da985e4154b081e66d6f400b9e67c6233da07c8212580d
01_当前接手核心与最新证据/MineSim_正式交接配套包_20260919_R1/sources/H18_历史交接与证据原包/MineSim_正式交接包_20260918_停工版V1/evidence/E04/双车26维正则复核/MineSim_dual32_regularized_review/original/outer/fold03_mlp26_8_1_l2/inner/SELECTION.json,.json,6742,620a0f7137c2183bb1c1087f1d4b153525243f3a2ddd235387a8b3e00631c0df
01_当前接手核心与最新证据/MineSim_正式交接配套包_20260919_R1/sources/H18_历史交接与证据原包/MineSim_正式交接包_20260918_停工版V1/evidence/E04/双车26维正则复核/MineSim_dual32_regularized_review/original/outer/fold03_ridge26/OUTER_SELECTION_LOCK.json,.json,184,493600eb43df7dab3ca8f29da164489a0a81ce9e5cfe044f8e0e08bf5dda3cc8
01_当前接手核心与最新证据/MineSim_正式交接配套包_20260919_R1/sources/H18_历史交接与证据原包/MineSim_正式交接包_20260918_停工版V1/evidence/E04/双车26维正则复核/MineSim_dual32_regularized_review/original/outer/fold03_ridge26/RESULT.json,.json,4646,90ed49a831b850fb4aa8570f69885e5356d799861582d3b8912cc43bfcbc17fc
01_当前接手核心与最新证据/MineSim_正式交接配套包_20260919_R1/sources/H18_历史交接与证据原包/MineSim_正式交接包_20260918_停工版V1/evidence/E04/双车26维正则复核/MineSim_dual32_regularized_review/original/outer/fold03_ridge26/final/FIT_RESULT.json,.json,1848,4b6780bca898a6982ff0a22c1815848a77cccc609f4f8f68d071ddff184f2bd6
01_当前接手核心与最新证据/MineSim_正式交接配套包_20260919_R1/sources/H18_历史交接与证据原包/MineSim_正式交接包_20260918_停工版V1/evidence/E04/双车26维正则复核/MineSim_dual32_regularized_review/original/outer/fold03_ridge26/final/MODEL.json,.json,1066,6e44123200aebd809dec5c32372ad6fa660ebf5ec46b317a3cf8a608ad91584d
01_当前接手核心与最新证据/MineSim_正式交接配套包_20260919_R1/sources/H18_历史交接与证据原包/MineSim_正式交接包_20260918_停工版V1/evidence/E04/双车26维正则复核/MineSim_dual32_regularized_review/original/outer/fold03_ridge26/inner/SELECTION.json,.json,6638,27dc7c8d4e4b9bde208350c31a46137cd3baf67b524bdac66cdc88f97e7b91ed
01_当前接手核心与最新证据/MineSim_正式交接配套包_20260919_R1/sources/H18_历史交接与证据原包/MineSim_正式交接包_20260918_停工版V1/evidence/E04/双车26维正则复核/MineSim_dual32_regularized_review/original/outer/fold04_mlp26_8_1_l2/OUTER_SELECTION_LOCK.json,.json,184,e68e0479e62258ab6d75779f0a843f1c28f2bad5ae1ab97052f5cbdb9c3402c8
01_当前接手核心与最新证据/MineSim_正式交接配套包_20260919_R1/sources/H18_历史交接与证据原包/MineSim_正式交接包_20260918_停工版V1/evidence/E04/双车26维正则复核/MineSim_dual32_regularized_review/original/outer/fold04_mlp26_8_1_l2/RESULT.json,.json,8606,ec4da6e376d236f98c277f73c9ecc02458aa74f9a336a76dde498bd6e956de2c
01_当前接手核心与最新证据/MineSim_正式交接配套包_20260919_R1/sources/H18_历史交接与证据原包/MineSim_正式交接包_20260918_停工版V1/evidence/E04/双车26维正则复核/MineSim_dual32_regularized_review/original/outer/fold04_mlp26_8_1_l2/final/FIT_RESULT.json,.json,5746,d16ddbcdde4fe641f2236d4558940775a2a91235a97b6616580c8276035f61ff
01_当前接手核心与最新证据/MineSim_正式交接配套包_20260919_R1/sources/H18_历史交接与证据原包/MineSim_正式交接包_20260918_停工版V1/evidence/E04/双车26维正则复核/MineSim_dual32_regularized_review/original/outer/fold04_mlp26_8_1_l2/final/MODEL.json,.json,5699,e9fff86816f2c3ee26df52265487cc87a4a49fa4df32efb046b4af5cf3669668
01_当前接手核心与最新证据/MineSim_正式交接配套包_20260919_R1/sources/H18_历史交接与证据原包/MineSim_正式交接包_20260918_停工版V1/evidence/E04/双车26维正则复核/MineSim_dual32_regularized_review/original/outer/fold04_mlp26_8_1_l2/inner/SELECTION.json,.json,6638,83b27f045622966c0c064e3ed701411134c679a67a034b3203d99a2e6948271c
01_当前接手核心与最新证据/MineSim_正式交接配套包_20260919_R1/sources/H18_历史交接与证据原包/MineSim_正式交接包_20260918_停工版V1/evidence/E04/双车26维正则复核/MineSim_dual32_regularized_review/original/outer/fold04_ridge26/OUTER_SELECTION_LOCK.json,.json,184,a0521a855c153967761a09fc7baca2e69d1ad6326721c29d45fb6d00f51abd0c
01_当前接手核心与最新证据/MineSim_正式交接配套包_20260919_R1/sources/H18_历史交接与证据原包/MineSim_正式交接包_20260918_停工版V1/evidence/E04/双车26维正则复核/MineSim_dual32_regularized_review/original/outer/fold04_ridge26/RESULT.json,.json,4722,b1a6656a0855cae7e647a94bcd3740fd77080146b94447d910a7002a872618bb
01_当前接手核心与最新证据/MineSim_正式交接配套包_20260919_R1/sources/H18_历史交接与证据原包/MineSim_正式交接包_20260918_停工版V1/evidence/E04/双车26维正则复核/MineSim_dual32_regularized_review/original/outer/fold04_ridge26/final/FIT_RESULT.json,.json,1860,de21862f33a76bcc4e61e3a64be5c262c0dc882b817934f353f6d956f5e25255
01_当前接手核心与最新证据/MineSim_正式交接配套包_20260919_R1/sources/H18_历史交接与证据原包/MineSim_正式交接包_20260918_停工版V1/evidence/E04/双车26维正则复核/MineSim_dual32_regularized_review/original/outer/fold04_ridge26/final/MODEL.json,.json,1064,362438be05c807835ec84cb388cb44314982fe237eb87e688e6a26b59aa0539e
01_当前接手核心与最新证据/MineSim_正式交接配套包_20260919_R1/sources/H18_历史交接与证据原包/MineSim_正式交接包_20260918_停工版V1/evidence/E04/双车26维正则复核/MineSim_dual32_regularized_review/original/outer/fold04_ridge26/inner/SELECTION.json,.json,6533,e26150cb9bc9e0df7e2476fc79a2f315319ebfe350ff3753d9241194721d2f63
01_当前接手核心与最新证据/MineSim_正式交接配套包_20260919_R1/sources/H18_历史交接与证据原包/MineSim_正式交接包_20260918_停工版V1/evidence/E04/双车26维正则复核/MineSim_dual32_regularized_review/original/outer/fold05_mlp26_8_1_l2/OUTER_SELECTION_LOCK.json,.json,184,9b9f3ec0dd6d9d53696a691fb3abaab29844763923fb470433a9f49c50b52bfd
01_当前接手核心与最新证据/MineSim_正式交接配套包_20260919_R1/sources/H18_历史交接与证据原包/MineSim_正式交接包_20260918_停工版V1/evidence/E04/双车26维正则复核/MineSim_dual32_regularized_review/original/outer/fold05_mlp26_8_1_l2/RESULT.json,.json,8596,b2ae9edf7c8151d3cf02417076947a5674bf82478508de028bc8a1e426c63d0b
01_当前接手核心与最新证据/MineSim_正式交接配套包_20260919_R1/sources/H18_历史交接与证据原包/MineSim_正式交接包_20260918_停工版V1/evidence/E04/双车26维正则复核/MineSim_dual32_regularized_review/original/outer/fold05_mlp26_8_1_l2/final/FIT_RESULT.json,.json,5740,1fa1a89f30640e9c60939611c39cdf2d8ce69f81158fb3bbbfbdb4ea7bb4ea58
01_当前接手核心与最新证据/MineSim_正式交接配套包_20260919_R1/sources/H18_历史交接与证据原包/MineSim_正式交接包_20260918_停工版V1/evidence/E04/双车26维正则复核/MineSim_dual32_regularized_review/original/outer/fold05_mlp26_8_1_l2/final/MODEL.json,.json,5659,88e44c1376127c9907e3ef16d4e23f29180f2612c1fef407e0a37a83b0e7d793
01_当前接手核心与最新证据/MineSim_正式交接配套包_20260919_R1/sources/H18_历史交接与证据原包/MineSim_正式交接包_20260918_停工版V1/evidence/E04/双车26维正则复核/MineSim_dual32_regularized_review/original/outer/fold05_mlp26_8_1_l2/inner/SELECTION.json,.json,6640,5275e211b777fcc8664129cb81571caa146e043a228dd0729868e994cf1dd069
01_当前接手核心与最新证据/MineSim_正式交接配套包_20260919_R1/sources/H18_历史交接与证据原包/MineSim_正式交接包_20260918_停工版V1/evidence/E04/双车26维正则复核/MineSim_dual32_regularized_review/original/outer/fold05_ridge26/OUTER_SELECTION_LOCK.json,.json,184,16f202dc796a882c0ae59af30218ce92d0360a412422acd30c2d422b3c26ef93
01_当前接手核心与最新证据/MineSim_正式交接配套包_20260919_R1/sources/H18_历史交接与证据原包/MineSim_正式交接包_20260918_停工版V1/evidence/E04/双车26维正则复核/MineSim_dual32_regularized_review/original/outer/fold05_ridge26/RESULT.json,.json,4719,339bd5ac5d7f4033d1ef8ade9005c9e7ac02cc83f6a42df2106220948a177a32
01_当前接手核心与最新证据/MineSim_正式交接配套包_20260919_R1/sources/H18_历史交接与证据原包/MineSim_正式交接包_20260918_停工版V1/evidence/E04/双车26维正则复核/MineSim_dual32_regularized_review/original/outer/fold05_ridge26/final/FIT_RESULT.json,.json,1857,f9315e0e168a2352fa8585cae122d85e93b00191c9d6d667ae4c3262681c9b6c
01_当前接手核心与最新证据/MineSim_正式交接配套包_20260919_R1/sources/H18_历史交接与证据原包/MineSim_正式交接包_20260918_停工版V1/evidence/E04/双车26维正则复核/MineSim_dual32_regularized_review/original/outer/fold05_ridge26/final/MODEL.json,.json,1064,f57bb30c9f69a0b46aa9abe81bb56bc7a8cdccd78ca76dd76087cf364ee6702c
01_当前接手核心与最新证据/MineSim_正式交接配套包_20260919_R1/sources/H18_历史交接与证据原包/MineSim_正式交接包_20260918_停工版V1/evidence/E04/双车26维正则复核/MineSim_dual32_regularized_review/original/outer/fold05_ridge26/inner/SELECTION.json,.json,6531,52bcc1bf602e1bbb4ba52788e173453f54dc714fd0c5c41ca35d90f72b05efc0
01_当前接手核心与最新证据/MineSim_正式交接配套包_20260919_R1/sources/H18_历史交接与证据原包/MineSim_正式交接包_20260918_停工版V1/evidence/E04/双车26维正则复核/MineSim_dual32_regularized_review/original/outer/fold06_mlp26_8_1_l2/OUTER_SELECTION_LOCK.json,.json,184,e8c67b299e54cb95c33938d1f0714c8600c163a9c0407bb7c7b61fecb317f88b
01_当前接手核心与最新证据/MineSim_正式交接配套包_20260919_R1/sources/H18_历史交接与证据原包/MineSim_正式交接包_20260918_停工版V1/evidence/E04/双车26维正则复核/MineSim_dual32_regularized_review/original/outer/fold06_mlp26_8_1_l2/RESULT.json,.json,8521,6d0d53c637e65b902215e153020cbc0014f47ebb4f7b429bf34d18b4d1c95a66
01_当前接手核心与最新证据/MineSim_正式交接配套包_20260919_R1/sources/H18_历史交接与证据原包/MineSim_正式交接包_20260918_停工版V1/evidence/E04/双车26维正则复核/MineSim_dual32_regularized_review/original/outer/fold06_mlp26_8_1_l2/final/FIT_RESULT.json,.json,5718,632027ac4af629fec7d5a9d2f3a87a5c2958998653476337010f4f87fafd386a
01_当前接手核心与最新证据/MineSim_正式交接配套包_20260919_R1/sources/H18_历史交接与证据原包/MineSim_正式交接包_20260918_停工版V1/evidence/E04/双车26维正则复核/MineSim_dual32_regularized_review/original/outer/fold06_mlp26_8_1_l2/final/MODEL.json,.json,5758,bf16e428aebe6fd1f4198dd6e99189a975f04d757c625c824561e133dec75501
01_当前接手核心与最新证据/MineSim_正式交接配套包_20260919_R1/sources/H18_历史交接与证据原包/MineSim_正式交接包_20260918_停工版V1/evidence/E04/双车26维正则复核/MineSim_dual32_regularized_review/original/outer/fold06_mlp26_8_1_l2/inner/SELECTION.json,.json,6743,1e84b732f49c1994aad216c97b2eaa1abf179f8d713a35ad7d7736011161fe30
01_当前接手核心与最新证据/MineSim_正式交接配套包_20260919_R1/sources/H18_历史交接与证据原包/MineSim_正式交接包_20260918_停工版V1/evidence/E04/双车26维正则复核/MineSim_dual32_regularized_review/original/outer/fold06_ridge26/OUTER_SELECTION_LOCK.json,.json,184,d2e0071e63d0fdd0b041386b5cfceeb515aa408b03151cf7f1b0d71cbc08c709
01_当前接手核心与最新证据/MineSim_正式交接配套包_20260919_R1/sources/H18_历史交接与证据原包/MineSim_正式交接包_20260918_停工版V1/evidence/E04/双车26维正则复核/MineSim_dual32_regularized_review/original/outer/fold06_ridge26/RESULT.json,.json,4658,e688f5f425e592af20dc32b987e4cff26c13b33515b161f23f6bbe8dffd32b7b
01_当前接手核心与最新证据/MineSim_正式交接配套包_20260919_R1/sources/H18_历史交接与证据原包/MineSim_正式交接包_20260918_停工版V1/evidence/E04/双车26维正则复核/MineSim_dual32_regularized_review/original/outer/fold06_ridge26/final/FIT_RESULT.json,.json,1856,ea414b2be15e28eb5d778704b1dd90ac02f8314d6384a9174df8b511b59b08fd
01_当前接手核心与最新证据/MineSim_正式交接配套包_20260919_R1/sources/H18_历史交接与证据原包/MineSim_正式交接包_20260918_停工版V1/evidence/E04/双车26维正则复核/MineSim_dual32_regularized_review/original/outer/fold06_ridge26/final/MODEL.json,.json,1060,1ff18c8a564e215345b86ed2b6b7d0da5c802c3a07c2583f9832d1cfa22dc19a
01_当前接手核心与最新证据/MineSim_正式交接配套包_20260919_R1/sources/H18_历史交接与证据原包/MineSim_正式交接包_20260918_停工版V1/evidence/E04/双车26维正则复核/MineSim_dual32_regularized_review/original/outer/fold06_ridge26/inner/SELECTION.json,.json,6644,21d1acd1b2c64cb0f442e3d5304282db42585d736fc758dc2e9204e2465a848e
01_当前接手核心与最新证据/MineSim_正式交接配套包_20260919_R1/sources/H18_历史交接与证据原包/MineSim_正式交接包_20260918_停工版V1/evidence/E04/双车26维正则复核/MineSim_dual32_regularized_review/original/outer/fold07_mlp26_8_1_l2/OUTER_SELECTION_LOCK.json,.json,184,c04f47a973755afbc6a10e7fd8476047aa873f3e17d79452082cc45000586e9a
01_当前接手核心与最新证据/MineSim_正式交接配套包_20260919_R1/sources/H18_历史交接与证据原包/MineSim_正式交接包_20260918_停工版V1/evidence/E04/双车26维正则复核/MineSim_dual32_regularized_review/original/outer/fold07_mlp26_8_1_l2/RESULT.json,.json,8507,c91ba07a8a39427c4c61b1f78ff16f514985baf5ed3f224e3e81ef05d1dee42b
01_当前接手核心与最新证据/MineSim_正式交接配套包_20260919_R1/sources/H18_历史交接与证据原包/MineSim_正式交接包_20260918_停工版V1/evidence/E04/双车26维正则复核/MineSim_dual32_regularized_review/original/outer/fold07_mlp26_8_1_l2/final/FIT_RESULT.json,.json,5706,68700caa164afb11f6559f044711f68fad44b5dcf0b5b334d367d2f024a658aa
01_当前接手核心与最新证据/MineSim_正式交接配套包_20260919_R1/sources/H18_历史交接与证据原包/MineSim_正式交接包_20260918_停工版V1/evidence/E04/双车26维正则复核/MineSim_dual32_regularized_review/original/outer/fold07_mlp26_8_1_l2/final/MODEL.json,.json,5744,a895c788a38e1bcef400a7e142e00d0bd7ad067bd49b842f960d61b66fd17d16
01_当前接手核心与最新证据/MineSim_正式交接配套包_20260919_R1/sources/H18_历史交接与证据原包/MineSim_正式交接包_20260918_停工版V1/evidence/E04/双车26维正则复核/MineSim_dual32_regularized_review/original/outer/fold07_mlp26_8_1_l2/inner/SELECTION.json,.json,6744,7412d6c687f2d8e4db5557b5f69763150ae7c9feec01c1b6ceb6082ec1f00bfb
01_当前接手核心与最新证据/MineSim_正式交接配套包_20260919_R1/sources/H18_历史交接与证据原包/MineSim_正式交接包_20260918_停工版V1/evidence/E04/双车26维正则复核/MineSim_dual32_regularized_review/original/outer/fold07_ridge26/OUTER_SELECTION_LOCK.json,.json,184,e6302ed4fa052124ff01954eb65147c3495ab1a4f9f49c3e9ce373e9802d7e3b
01_当前接手核心与最新证据/MineSim_正式交接配套包_20260919_R1/sources/H18_历史交接与证据原包/MineSim_正式交接包_20260918_停工版V1/evidence/E04/双车26维正则复核/MineSim_dual32_regularized_review/original/outer/fold07_ridge26/RESULT.json,.json,4658,b59ea22f003171ff9c5114afb7f56df07df73994dcdf264ec787a54358025b89
01_当前接手核心与最新证据/MineSim_正式交接配套包_20260919_R1/sources/H18_历史交接与证据原包/MineSim_正式交接包_20260918_停工版V1/evidence/E04/双车26维正则复核/MineSim_dual32_regularized_review/original/outer/fold07_ridge26/final/FIT_RESULT.json,.json,1852,09897e395624cb1f2ff4dd1fa5dee159ffd637d77c7400a403e02cb7b4c984b7
01_当前接手核心与最新证据/MineSim_正式交接配套包_20260919_R1/sources/H18_历史交接与证据原包/MineSim_正式交接包_20260918_停工版V1/evidence/E04/双车26维正则复核/MineSim_dual32_regularized_review/original/outer/fold07_ridge26/final/MODEL.json,.json,1069,7ac25fba42d910ae0f338e8f4390476d5fb6fddc55ed787e67148f815a80517e
01_当前接手核心与最新证据/MineSim_正式交接配套包_20260919_R1/sources/H18_历史交接与证据原包/MineSim_正式交接包_20260918_停工版V1/evidence/E04/双车26维正则复核/MineSim_dual32_regularized_review/original/outer/fold07_ridge26/inner/SELECTION.json,.json,6640,f0dfb9cba762fdf27f82ff7de5ddeaa4e12bb74e08798b03b3b7fdd7e7fce2ea
01_当前接手核心与最新证据/MineSim_正式交接配套包_20260919_R1/sources/H18_历史交接与证据原包/MineSim_正式交接包_20260918_停工版V1/evidence/E04/双车26维正则复核/MineSim_dual32_regularized_review/original/release/PROTOCOL.json,.json,4641,6c27ed868371095cd1136126a647dbc2f63a70e72882662d27c106b4c6ac6c58
01_当前接手核心与最新证据/MineSim_正式交接配套包_20260919_R1/sources/H18_历史交接与证据原包/MineSim_正式交接包_20260918_停工版V1/evidence/E04/双车26维正则复核/MineSim_dual32_regularized_review/original/release/SOURCE_BINDINGS.json,.json,2134,7e7ef73595124c08cc1c493c858b828f4efa34c60d872cde94b68284367c305a
01_当前接手核心与最新证据/MineSim_正式交接配套包_20260919_R1/sources/H18_历史交接与证据原包/MineSim_正式交接包_20260918_停工版V1/evidence/E04/双车26维正则复核/MineSim_dual32_regularized_review/original/release/parent_core.py,.py,5141,789f34e4277ef89ceb8de852fa37e283323fc5de22e44ac6cae27750d2d554f0
01_当前接手核心与最新证据/MineSim_正式交接配套包_20260919_R1/sources/H18_历史交接与证据原包/MineSim_正式交接包_20260918_停工版V1/evidence/E04/双车26维正则复核/MineSim_dual32_regularized_review/original/release/reg_models.py,.py,7584,c456f440b710de73a9de20ed65839affdd7d1eb956a6e19456b448b6d4c5cfa7
01_当前接手核心与最新证据/MineSim_正式交接配套包_20260919_R1/sources/H18_历史交接与证据原包/MineSim_正式交接包_20260918_停工版V1/evidence/E04/双车26维正则复核/MineSim_dual32_regularized_review/original/release/runner.py,.py,30978,1d09c8ea1f8c6a1c7392cc89efbef3d4a47c3f182b96c5570f8462f2367b10d7
01_当前接手核心与最新证据/MineSim_正式交接配套包_20260919_R1/sources/H18_历史交接与证据原包/MineSim_正式交接包_20260918_停工版V1/evidence/E05/双车输入监督信号诊断/MineSim_dual32_input_signal_diagnostic/CURRENT_STATE.json,.json,1502,e5c8ef747276901729e6938cc359c7e09fcd360df18f2cbe66654c6120978167
01_当前接手核心与最新证据/MineSim_正式交接配套包_20260919_R1/sources/H18_历史交接与证据原包/MineSim_正式交接包_20260918_停工版V1/evidence/E05/双车输入监督信号诊断/MineSim_dual32_input_signal_diagnostic/INDEPENDENT_CHECKS.json,.json,458,7f9978aad2c461ee02cdda38bb81549bf8ae0759e6e548312a48314f9af6ad4a
01_当前接手核心与最新证据/MineSim_正式交接配套包_20260919_R1/sources/H18_历史交接与证据原包/MineSim_正式交接包_20260918_停工版V1/evidence/E05/双车输入监督信号诊断/MineSim_dual32_input_signal_diagnostic/NEXT_FEATURE_PROPOSAL.json,.json,2492,8084d68500f4f76909940b60f640791cdf30f435b06f936b206b1c453b96785a
01_当前接手核心与最新证据/MineSim_正式交接配套包_20260919_R1/sources/H18_历史交接与证据原包/MineSim_正式交接包_20260918_停工版V1/evidence/E05/双车输入监督信号诊断/MineSim_dual32_input_signal_diagnostic/PACKAGE_MANIFEST.json,.json,3052,da15279fd23b3d36b6353b63b7a7e801b8746ebf0860b3ea5967f15593f43994
01_当前接手核心与最新证据/MineSim_正式交接配套包_20260919_R1/sources/H18_历史交接与证据原包/MineSim_正式交接包_20260918_停工版V1/evidence/E05/双车输入监督信号诊断/MineSim_dual32_input_signal_diagnostic/REPORT.md,.md,7855,306768d43afb9dc08960843240443171cee51acacadad0e89e4ddc4970f2ea12
01_当前接手核心与最新证据/MineSim_正式交接配套包_20260919_R1/sources/H18_历史交接与证据原包/MineSim_正式交接包_20260918_停工版V1/evidence/E05/双车输入监督信号诊断/MineSim_dual32_input_signal_diagnostic/SOURCE_NOTES.md,.md,5428,bbe9b2ea7881603085937697b5e0f6dd9e1aa074f1016a11bf6ad7bfa627c839
01_当前接手核心与最新证据/MineSim_正式交接配套包_20260919_R1/sources/H18_历史交接与证据原包/MineSim_正式交接包_20260918_停工版V1/evidence/E05/双车输入监督信号诊断/MineSim_dual32_input_signal_diagnostic/analysis/FEATURE_COLUMNS.json,.json,4365,a6555a7382846034395f05fc0bcee23b9b92fab54ab306a8bbf2bfdf7e37d31d
01_当前接手核心与最新证据/MineSim_正式交接配套包_20260919_R1/sources/H18_历史交接与证据原包/MineSim_正式交接包_20260918_停工版V1/evidence/E05/双车输入监督信号诊断/MineSim_dual32_input_signal_diagnostic/analysis/NEAREST_OTHER_SOURCE.json,.json,11359,2fa1451fd8ddbf60f87be481aa31fa1b8a6fda8d1db74abc891077ceab51a46d
01_当前接手核心与最新证据/MineSim_正式交接配套包_20260919_R1/sources/H18_历史交接与证据原包/MineSim_正式交接包_20260918_停工版V1/evidence/E05/双车输入监督信号诊断/MineSim_dual32_input_signal_diagnostic/analysis/PER_STATE_SIGNAL.json,.json,90828,420a4b272f7e5ceb7149639671d69dbfc72a0a386fbfc9f703e2fc2ca6c7cd9a
01_当前接手核心与最新证据/MineSim_正式交接配套包_20260919_R1/sources/H18_历史交接与证据原包/MineSim_正式交接包_20260918_停工版V1/evidence/E05/双车输入监督信号诊断/MineSim_dual32_input_signal_diagnostic/analysis/STATE_TABLE.md,.md,2540,44e602845acf548ce842708fbdab34e9e9c9ea0dedb2d1f0fe2dda39653ead1c
01_当前接手核心与最新证据/MineSim_正式交接配套包_20260919_R1/sources/H18_历史交接与证据原包/MineSim_正式交接包_20260918_停工版V1/evidence/E05/双车输入监督信号诊断/MineSim_dual32_input_signal_diagnostic/analysis/SUMMARY.json,.json,5692,9101ee36a3a864f2b569fc75b625d319cdb3a371ac0442eb5e330523c158b189
01_当前接手核心与最新证据/MineSim_正式交接配套包_20260919_R1/sources/H18_历史交接与证据原包/MineSim_正式交接包_20260918_停工版V1/evidence/E05/双车输入监督信号诊断/MineSim_dual32_input_signal_diagnostic/analyze_saved_inputs.py,.py,14244,e9ceb9197419d92fa03862d34726e56a34692f191dfaf6deff87a47963ea4957
01_当前接手核心与最新证据/MineSim_正式交接配套包_20260919_R1/sources/H18_历史交接与证据原包/MineSim_正式交接包_20260918_停工版V1/evidence/E05/双车输入监督信号诊断/MineSim_dual32_input_signal_diagnostic/inputs/C11_80M_SEED0_EP0.json,.json,5957,9298558b84b0dd19e13396a0fcc6eeeb033b7a080f4b2a76ca708ae2dba21878
01_当前接手核心与最新证据/MineSim_正式交接配套包_20260919_R1/sources/H18_历史交接与证据原包/MineSim_正式交接包_20260918_停工版V1/evidence/E05/双车输入监督信号诊断/MineSim_dual32_input_signal_diagnostic/inputs/RESOLVED_C11_100M_SEED0_EP1.json,.json,1141,75670bbb98485dbed32e6ecf97e6f0846f02fd67a6263bc8626c70cfb0669f66
01_当前接手核心与最新证据/MineSim_正式交接配套包_20260919_R1/sources/H18_历史交接与证据原包/MineSim_正式交接包_20260918_停工版V1/evidence/E05/双车输入监督信号诊断/MineSim_dual32_input_signal_diagnostic/inputs/RESOLVED_C11_80M_SEED0_EP0.json,.json,1140,8e4f422d7ceb4ac4beb30d20f7141f41969fc13dbbc09641aa979403894da069
01_当前接手核心与最新证据/MineSim_正式交接配套包_20260919_R1/sources/H18_历史交接与证据原包/MineSim_正式交接包_20260918_停工版V1/evidence/E05/双车输入监督信号诊断/MineSim_dual32_input_signal_diagnostic/inputs/SOURCE_IDENTITY.json,.json,5477,53ac0417121e1b06764941875922fd9ac6041740183c9a0c5ec8c296890792dd
01_当前接手核心与最新证据/MineSim_正式交接配套包_20260919_R1/sources/H18_历史交接与证据原包/MineSim_正式交接包_20260918_停工版V1/evidence/E06/双车36维交互复核/PACKAGE_MANIFEST.json,.json,3610,c665d3509b6cfaea1a0db67f793fc24e37f8a3f0dac976b3601e5439cbf4e675
01_当前接手核心与最新证据/MineSim_正式交接配套包_20260919_R1/sources/H18_历史交接与证据原包/MineSim_正式交接包_20260918_停工版V1/evidence/E06/双车36维交互复核/next_unexecuted/LAUNCHER_TESTS.json,.json,521,1f5fe8532814a96ceb9ce70786e01b0e8f7a72297b8f2fda3154511e5323a00c
01_当前接手核心与最新证据/MineSim_正式交接配套包_20260919_R1/sources/H18_历史交接与证据原包/MineSim_正式交接包_20260918_停工版V1/evidence/E06/双车36维交互复核/next_unexecuted/METHOD_PROVENANCE.json,.json,630,77515fa45a4866fe4457f3ef7dc66bc88d5a28f7eca38ebae03134ace661c77c
01_当前接手核心与最新证据/MineSim_正式交接配套包_20260919_R1/sources/H18_历史交接与证据原包/MineSim_正式交接包_20260918_停工版V1/evidence/E06/双车36维交互复核/next_unexecuted/PROTOCOL.json,.json,2407,f316742cf8081da393d9df04b156c83c3b5bb6710a05aa7a4b92b099acde980d
01_当前接手核心与最新证据/MineSim_正式交接配套包_20260919_R1/sources/H18_历史交接与证据原包/MineSim_正式交接包_20260918_停工版V1/evidence/E06/双车36维交互复核/next_unexecuted/README.md,.md,1642,473049c748fe8561da39dbb10c5d2b831da382bc842ab58efe17467796ec051a
01_当前接手核心与最新证据/MineSim_正式交接配套包_20260919_R1/sources/H18_历史交接与证据原包/MineSim_正式交接包_20260918_停工版V1/evidence/E06/双车36维交互复核/next_unexecuted/SOURCE_BINDINGS.json,.json,1523,2127a88bdd1907f7a2c288b39034731a70634648ce7b497626eb7efe93bca5ae
01_当前接手核心与最新证据/MineSim_正式交接配套包_20260919_R1/sources/H18_历史交接与证据原包/MineSim_正式交接包_20260918_停工版V1/evidence/E06/双车36维交互复核/next_unexecuted/TEST_RUN.log,.log,4488,cc6dc9e508ac8b93b76350350756cc4e0aba25e3dcb8c3c0d81f52590672bf02
01_当前接手核心与最新证据/MineSim_正式交接配套包_20260919_R1/sources/H18_历史交接与证据原包/MineSim_正式交接包_20260918_停工版V1/evidence/E06/双车36维交互复核/next_unexecuted/TEST_SUMMARY.json,.json,687,4538a95c4c3390b3ecd73e2ad121c3ad84dc8da3ff2500b185fa654bfc246692
01_当前接手核心与最新证据/MineSim_正式交接配套包_20260919_R1/sources/H18_历史交接与证据原包/MineSim_正式交接包_20260918_停工版V1/evidence/E06/双车36维交互复核/next_unexecuted/io_helpers.py,.py,40168,6fcf7e669fb4a9b716f40d34f9070fdd19f37bce34a65c20e0cac7129e3573d5
01_当前接手核心与最新证据/MineSim_正式交接配套包_20260919_R1/sources/H18_历史交接与证据原包/MineSim_正式交接包_20260918_停工版V1/evidence/E06/双车36维交互复核/next_unexecuted/minesim_dual32_scaledridge_release_v1/MANIFEST.json,.json,974,ae7ea452b684f4fd14cd9e150867dfc1013c91f1b6de991f33b093553277d610
01_当前接手核心与最新证据/MineSim_正式交接配套包_20260919_R1/sources/H18_历史交接与证据原包/MineSim_正式交接包_20260918_停工版V1/evidence/E06/双车36维交互复核/next_unexecuted/process_checks.py,.py,2553,5ba911f894485db6051934ce0be419f008cce009c30176ec979c101dd39b4ee3
01_当前接手核心与最新证据/MineSim_正式交接配套包_20260919_R1/sources/H18_历史交接与证据原包/MineSim_正式交接包_20260918_停工版V1/evidence/E06/双车36维交互复核/next_unexecuted/run_dual32_scaledridge.sh,.sh,43513,eb8d38891ef76a9a9e467b5acbd47746e2190b5a90ec8ed230a2cec51ca27497
01_当前接手核心与最新证据/MineSim_正式交接配套包_20260919_R1/sources/H18_历史交接与证据原包/MineSim_正式交接包_20260918_停工版V1/evidence/E06/双车36维交互复核/next_unexecuted/runner.py,.py,17307,bb038280b282d8ac0cc3835ac56581b89efcf1a1029f0c47876987432cea9953
01_当前接手核心与最新证据/MineSim_正式交接配套包_20260919_R1/sources/H18_历史交接与证据原包/MineSim_正式交接包_20260918_停工版V1/evidence/E06/双车36维交互复核/next_unexecuted/scaled_ridge.py,.py,2427,12087b8025bdcbaf62c2175c905377cfab411bfa9c1526abc3add2d22ecbf2a0
01_当前接手核心与最新证据/MineSim_正式交接配套包_20260919_R1/sources/H18_历史交接与证据原包/MineSim_正式交接包_20260918_停工版V1/evidence/E06/双车36维交互复核/next_unexecuted/test_scaled_ridge.py,.py,10471,e1db1c89a525552599eb33e0145ff2eb030eb04673a23f603869e358fddc9abd
01_当前接手核心与最新证据/MineSim_正式交接配套包_20260919_R1/sources/H18_历史交接与证据原包/MineSim_正式交接包_20260918_停工版V1/evidence/E06/双车36维交互复核/review/CURRENT_STATE.json,.json,923,9169764b09bc41255120e56b02a34ab1f3b6f3a1e711e104c68a9c663b18a5d7
01_当前接手核心与最新证据/MineSim_正式交接配套包_20260919_R1/sources/H18_历史交接与证据原包/MineSim_正式交接包_20260918_停工版V1/evidence/E06/双车36维交互复核/review/REPORT.md,.md,3137,79e3aa47fe8d2888f7d414cf5d1f62a4ef9decb71352afd709dafa0c1729e5f8
01_当前接手核心与最新证据/MineSim_正式交接配套包_20260919_R1/sources/H18_历史交接与证据原包/MineSim_正式交接包_20260918_停工版V1/evidence/E06/双车36维交互复核/review/analysis/FEATURE_SCALES.json,.json,7266,6037a3ee3625ede4d2cd3fd58d0ba4b29213450b9c323647d8aebeb5761e3673
01_当前接手核心与最新证据/MineSim_正式交接配套包_20260919_R1/sources/H18_历史交接与证据原包/MineSim_正式交接包_20260918_停工版V1/evidence/E06/双车36维交互复核/review/analysis/FOLD_MECHANISM.json,.json,27969,93c3c9687ca11f2005ee82990c423ef3ea5886e61e7c7c94aa5abc970dcb27c2
01_当前接手核心与最新证据/MineSim_正式交接配套包_20260919_R1/sources/H18_历史交接与证据原包/MineSim_正式交接包_20260918_停工版V1/evidence/E06/双车36维交互复核/review/analysis/REVIEW.json,.json,989,fb04220099781bc65e7c24c3daea13b1daba2adea41f762602146316fdfcb464
01_当前接手核心与最新证据/MineSim_正式交接配套包_20260919_R1/sources/H18_历史交接与证据原包/MineSim_正式交接包_20260918_停工版V1/evidence/E06/双车36维交互复核/review/original/EXECUTION_PROTOCOL.json,.json,6021,aa7bf9110a4b555ce2a675bd56fcb1ff26c6be7cf78bbe017e3d64c169643fdb
01_当前接手核心与最新证据/MineSim_正式交接配套包_20260919_R1/sources/H18_历史交接与证据原包/MineSim_正式交接包_20260918_停工版V1/evidence/E06/双车36维交互复核/review/original/METRICS.json,.json,6144,561ac74cea67ac2e6b79eef797d4d82d61d506a83305bfea9189f1694895aaab
01_当前接手核心与最新证据/MineSim_正式交接配套包_20260919_R1/sources/H18_历史交接与证据原包/MineSim_正式交接包_20260918_停工版V1/evidence/E06/双车36维交互复核/review/original/PAIRED_FEATURE_COMPARISON.json,.json,20821,8b6194b89afbeb7bbcba1c2d475ce967c70bf78906a32b7ba515703d11b15d34
01_当前接手核心与最新证据/MineSim_正式交接配套包_20260919_R1/sources/H18_历史交接与证据原包/MineSim_正式交接包_20260918_停工版V1/evidence/E06/双车36维交互复核/review/original/RESULT.json,.json,28219,88ba32261844856f479b964bee41734b484dece8ed6c55960a28c721a08a826e
01_当前接手核心与最新证据/MineSim_正式交接配套包_20260919_R1/sources/H18_历史交接与证据原包/MineSim_正式交接包_20260918_停工版V1/evidence/E06/双车36维交互复核/review/original/TIMING.json,.json,136,55547dca8d850f1a0914caf9465d9e9f25056d18d601a11fa80b13bd4d2c5e3a
01_当前接手核心与最新证据/MineSim_正式交接配套包_20260919_R1/sources/H18_历史交接与证据原包/MineSim_正式交接包_20260918_停工版V1/evidence/E06/双车36维交互复核/review/review_current.py,.py,9671,1c30924e487729680741bd6db73f7318f4975dceeeb2faebacb3e26f2e1a8c6a
01_当前接手核心与最新证据/MineSim_正式交接配套包_20260919_R1/sources/H18_历史交接与证据原包/MineSim_正式交接包_20260918_停工版V1/evidence/E07/双车标准化岭回归复核/MineSim_双车标准化8折结果与决策诊断/CURRENT_STATE.json,.json,1033,eaf382e30cb5d5ff69bf007c1fa13dd4a1f324aa374eccc303338b9f208b72b0
01_当前接手核心与最新证据/MineSim_正式交接配套包_20260919_R1/sources/H18_历史交接与证据原包/MineSim_正式交接包_20260918_停工版V1/evidence/E07/双车标准化岭回归复核/MineSim_双车标准化8折结果与决策诊断/NEXT_GATE_PROPOSAL.json,.json,1483,82d3f2629b005ed1c20a4a603898007e0256c5f7212e2a419c3768fd67d776f3
01_当前接手核心与最新证据/MineSim_正式交接配套包_20260919_R1/sources/H18_历史交接与证据原包/MineSim_正式交接包_20260918_停工版V1/evidence/E07/双车标准化岭回归复核/MineSim_双车标准化8折结果与决策诊断/PACKAGE_MANIFEST.json,.json,9799,3af0c979d49565f6114b8bc1fd4d6097e24856ada61a2f213f935d0391adb336
01_当前接手核心与最新证据/MineSim_正式交接配套包_20260919_R1/sources/H18_历史交接与证据原包/MineSim_正式交接包_20260918_停工版V1/evidence/E07/双车标准化岭回归复核/MineSim_双车标准化8折结果与决策诊断/REPORT.md,.md,5421,60b02e72446008a9751d01b6fe72a58ef11aea81b5e34ba08c4259488ccebcd3
01_当前接手核心与最新证据/MineSim_正式交接配套包_20260919_R1/sources/H18_历史交接与证据原包/MineSim_正式交接包_20260918_停工版V1/evidence/E07/双车标准化岭回归复核/MineSim_双车标准化8折结果与决策诊断/analysis/DESCRIPTIVE_CHOICE_DIAGNOSTIC.json,.json,90357,4fd6865893e0d80d18cbb9bace0641fa0d9961b98b3d249fbc503dbad9e4e931
01_当前接手核心与最新证据/MineSim_正式交接配套包_20260919_R1/sources/H18_历史交接与证据原包/MineSim_正式交接包_20260918_停工版V1/evidence/E07/双车标准化岭回归复核/MineSim_双车标准化8折结果与决策诊断/analysis/REVIEW.json,.json,5602,05de965dafc64918485e78af9e74c19ece92f08f9b508acf3e8d98a11baea067
01_当前接手核心与最新证据/MineSim_正式交接配套包_20260919_R1/sources/H18_历史交接与证据原包/MineSim_正式交接包_20260918_停工版V1/evidence/E07/双车标准化岭回归复核/MineSim_双车标准化8折结果与决策诊断/audit_scaledridge.py,.py,12795,8a01c875344939b8f3c6b1b3980114e07227d4d93f321ba7068c315f3c465d3b
01_当前接手核心与最新证据/MineSim_正式交接配套包_20260919_R1/sources/H18_历史交接与证据原包/MineSim_正式交接包_20260918_停工版V1/evidence/E07/双车标准化岭回归复核/MineSim_双车标准化8折结果与决策诊断/original/CAPTURE.json,.json,117,322b759805f234192ed1019d58df91236cf14ff8e2b18130e807d5a0882c115e
01_当前接手核心与最新证据/MineSim_正式交接配套包_20260919_R1/sources/H18_历史交接与证据原包/MineSim_正式交接包_20260918_停工版V1/evidence/E07/双车标准化岭回归复核/MineSim_双车标准化8折结果与决策诊断/original/ENVIRONMENT.json,.json,1782,ecde944ff8d7d223a0822defab9a7ebe85c080a96039beda78afcbe387713fca
01_当前接手核心与最新证据/MineSim_正式交接配套包_20260919_R1/sources/H18_历史交接与证据原包/MineSim_正式交接包_20260918_停工版V1/evidence/E07/双车标准化岭回归复核/MineSim_双车标准化8折结果与决策诊断/original/EXECUTION_PROTOCOL.json,.json,2151,9f9969408490aecdc6983c61dccd071a7efbfba711b74c4446e4751fe9bce1d0
01_当前接手核心与最新证据/MineSim_正式交接配套包_20260919_R1/sources/H18_历史交接与证据原包/MineSim_正式交接包_20260918_停工版V1/evidence/E07/双车标准化岭回归复核/MineSim_双车标准化8折结果与决策诊断/original/INPUT_AUDIT.jsonl,.jsonl,3643,0b24f152c7e934f42858e2c0fd9b85fad8925a20c6d31b86f1f3fc5b7ee933d5
01_当前接手核心与最新证据/MineSim_正式交接配套包_20260919_R1/sources/H18_历史交接与证据原包/MineSim_正式交接包_20260918_停工版V1/evidence/E07/双车标准化岭回归复核/MineSim_双车标准化8折结果与决策诊断/original/INPUT_VALIDATION.json,.json,129,2cd96cc277f481394f2c9533f8e7cbdf6c90d34444a4c41a82f608f1d78f8465
01_当前接手核心与最新证据/MineSim_正式交接配套包_20260919_R1/sources/H18_历史交接与证据原包/MineSim_正式交接包_20260918_停工版V1/evidence/E07/双车标准化岭回归复核/MineSim_双车标准化8折结果与决策诊断/original/MANIFEST.json,.json,7121,b7df4bf4f699e469fe7542b266dd2a247b354aa2523003e3cf07e711256b3f36
01_当前接手核心与最新证据/MineSim_正式交接配套包_20260919_R1/sources/H18_历史交接与证据原包/MineSim_正式交接包_20260918_停工版V1/evidence/E07/双车标准化岭回归复核/MineSim_双车标准化8折结果与决策诊断/original/METRICS.json,.json,675,3452cc08d09fc5ebb1791934fa7f6c1ed9bae923f2594014a4f80dffd1897c79
01_当前接手核心与最新证据/MineSim_正式交接配套包_20260919_R1/sources/H18_历史交接与证据原包/MineSim_正式交接包_20260918_停工版V1/evidence/E07/双车标准化岭回归复核/MineSim_双车标准化8折结果与决策诊断/original/POSTCHECK_PARENT.json,.json,45,5ba801a0fc179561f918d8b9449e26236c2ddd00f217baa8fbbe2d4be7cabee1
01_当前接手核心与最新证据/MineSim_正式交接配套包_20260919_R1/sources/H18_历史交接与证据原包/MineSim_正式交接包_20260918_停工版V1/evidence/E07/双车标准化岭回归复核/MineSim_双车标准化8折结果与决策诊断/original/POSTCHECK_PROCESS.json,.json,1057,75997582b0e63baa9fba81e851d0a884cc97f2c44d0a597ed850197469809955
01_当前接手核心与最新证据/MineSim_正式交接配套包_20260919_R1/sources/H18_历史交接与证据原包/MineSim_正式交接包_20260918_停工版V1/evidence/E07/双车标准化岭回归复核/MineSim_双车标准化8折结果与决策诊断/original/PREDICTIONS.json,.json,9950,7faf7f160f11037f023aff28337bf213ba13e94e82f6bf6f1cf0ef1d03a1575f
01_当前接手核心与最新证据/MineSim_正式交接配套包_20260919_R1/sources/H18_历史交接与证据原包/MineSim_正式交接包_20260918_停工版V1/evidence/E07/双车标准化岭回归复核/MineSim_双车标准化8折结果与决策诊断/original/PROGRESS.jsonl,.jsonl,624,be9dae040c48c5c7fe4b9872144af386536bcc611eab07edee76d5348a5635f3
01_当前接手核心与最新证据/MineSim_正式交接配套包_20260919_R1/sources/H18_历史交接与证据原包/MineSim_正式交接包_20260918_停工版V1/evidence/E07/双车标准化岭回归复核/MineSim_双车标准化8折结果与决策诊断/original/RELEASE_BINDING.json,.json,91,8cb7e63c03b796cc7fa84be489361c2de3143cecd3eb66d2106cfd46b439961f
01_当前接手核心与最新证据/MineSim_正式交接配套包_20260919_R1/sources/H18_历史交接与证据原包/MineSim_正式交接包_20260918_停工版V1/evidence/E07/双车标准化岭回归复核/MineSim_双车标准化8折结果与决策诊断/original/RESOURCES.json,.json,336,3989dc53bd01f3ee3144594965392112a2fb8cb1908c752bd70029bec6e66d8f
01_当前接手核心与最新证据/MineSim_正式交接配套包_20260919_R1/sources/H18_历史交接与证据原包/MineSim_正式交接包_20260918_停工版V1/evidence/E07/双车标准化岭回归复核/MineSim_双车标准化8折结果与决策诊断/original/RESULT.json,.json,1384,9960c193fa1e56afdafca2a12e63097d5987ed15b971a7da9d84bd8e57124c06
01_当前接手核心与最新证据/MineSim_正式交接配套包_20260919_R1/sources/H18_历史交接与证据原包/MineSim_正式交接包_20260918_停工版V1/evidence/E07/双车标准化岭回归复核/MineSim_双车标准化8折结果与决策诊断/original/START.json,.json,214,1a12f510e804954cd31b7e06f40df17d95479bfc233329e803b02fdfebcd78c5
01_当前接手核心与最新证据/MineSim_正式交接配套包_20260919_R1/sources/H18_历史交接与证据原包/MineSim_正式交接包_20260918_停工版V1/evidence/E07/双车标准化岭回归复核/MineSim_双车标准化8折结果与决策诊断/original/TIMING.json,.json,100,9b5aa92ed3e568ba0dd0ecf112706856d80eb76c8d6660240be1b3ddf1d1d166
01_当前接手核心与最新证据/MineSim_正式交接配套包_20260919_R1/sources/H18_历史交接与证据原包/MineSim_正式交接包_20260918_停工版V1/evidence/E07/双车标准化岭回归复核/MineSim_双车标准化8折结果与决策诊断/original/fits/fold00/FIT_START.json,.json,859,7833fbec2405ef231d1910a903a3cefddb1c4e8247ea3bb70c06780996a78b05
01_当前接手核心与最新证据/MineSim_正式交接配套包_20260919_R1/sources/H18_历史交接与证据原包/MineSim_正式交接包_20260918_停工版V1/evidence/E07/双车标准化岭回归复核/MineSim_双车标准化8折结果与决策诊断/original/fits/fold00/MODEL.json,.json,4155,0381fa29fc6612adbb9ec8118fbb818c52fffffd9a8675777f03846e56242171
01_当前接手核心与最新证据/MineSim_正式交接配套包_20260919_R1/sources/H18_历史交接与证据原包/MineSim_正式交接包_20260918_停工版V1/evidence/E07/双车标准化岭回归复核/MineSim_双车标准化8折结果与决策诊断/original/fits/fold00/RESULT.json,.json,1447,7750fddd36d2d7cb09ef41ad7b8beade7ab484c2f1f20e4363457c5fbf89461c
01_当前接手核心与最新证据/MineSim_正式交接配套包_20260919_R1/sources/H18_历史交接与证据原包/MineSim_正式交接包_20260918_停工版V1/evidence/E07/双车标准化岭回归复核/MineSim_双车标准化8折结果与决策诊断/original/fits/fold01/FIT_START.json,.json,859,e2b7b94ea7bbb4ca0590506f53a875e3c3ed3e1b6542eafa5ad566f3a70199ea
01_当前接手核心与最新证据/MineSim_正式交接配套包_20260919_R1/sources/H18_历史交接与证据原包/MineSim_正式交接包_20260918_停工版V1/evidence/E07/双车标准化岭回归复核/MineSim_双车标准化8折结果与决策诊断/original/fits/fold01/MODEL.json,.json,4163,515b2af813689457151a6745ff399ff1804903e9070eef8f04c8f2358c35f1b5
01_当前接手核心与最新证据/MineSim_正式交接配套包_20260919_R1/sources/H18_历史交接与证据原包/MineSim_正式交接包_20260918_停工版V1/evidence/E07/双车标准化岭回归复核/MineSim_双车标准化8折结果与决策诊断/original/fits/fold01/RESULT.json,.json,1431,7f54f14481a1b8d89e18f0116d14fcffb8b49965af13be8e288ba4b838189069
01_当前接手核心与最新证据/MineSim_正式交接配套包_20260919_R1/sources/H18_历史交接与证据原包/MineSim_正式交接包_20260918_停工版V1/evidence/E07/双车标准化岭回归复核/MineSim_双车标准化8折结果与决策诊断/original/fits/fold02/FIT_START.json,.json,859,c8164d3cf069b5ddcffaada8a0acf80bc38559fdece96732d63780e65c02b44f
01_当前接手核心与最新证据/MineSim_正式交接配套包_20260919_R1/sources/H18_历史交接与证据原包/MineSim_正式交接包_20260918_停工版V1/evidence/E07/双车标准化岭回归复核/MineSim_双车标准化8折结果与决策诊断/original/fits/fold02/MODEL.json,.json,3997,3e817e874a1cb1e64d7ec49d4c9f92a49219adfb999481ab4267dc332b0a6595
01_当前接手核心与最新证据/MineSim_正式交接配套包_20260919_R1/sources/H18_历史交接与证据原包/MineSim_正式交接包_20260918_停工版V1/evidence/E07/双车标准化岭回归复核/MineSim_双车标准化8折结果与决策诊断/original/fits/fold02/RESULT.json,.json,1414,f26946991673e3241e4df4e7419e80e4be61176e546ceee9a7aac6b19ad02508
01_当前接手核心与最新证据/MineSim_正式交接配套包_20260919_R1/sources/H18_历史交接与证据原包/MineSim_正式交接包_20260918_停工版V1/evidence/E07/双车标准化岭回归复核/MineSim_双车标准化8折结果与决策诊断/original/fits/fold03/FIT_START.json,.json,859,66d8d17a108ba8cb67251b4f80a1deefb8872143ab325439cd94fb9345612226
01_当前接手核心与最新证据/MineSim_正式交接配套包_20260919_R1/sources/H18_历史交接与证据原包/MineSim_正式交接包_20260918_停工版V1/evidence/E07/双车标准化岭回归复核/MineSim_双车标准化8折结果与决策诊断/original/fits/fold03/MODEL.json,.json,4145,85289522288669c9ad39deab6f0da03e67aa64081025b11eb4c41d67202d4179
01_当前接手核心与最新证据/MineSim_正式交接配套包_20260919_R1/sources/H18_历史交接与证据原包/MineSim_正式交接包_20260918_停工版V1/evidence/E07/双车标准化岭回归复核/MineSim_双车标准化8折结果与决策诊断/original/fits/fold03/RESULT.json,.json,1388,642f0a67aeed0e18f9ba4f44fddc63f7df4768a49ccc356e7e47d27dae1f9d4d
01_当前接手核心与最新证据/MineSim_正式交接配套包_20260919_R1/sources/H18_历史交接与证据原包/MineSim_正式交接包_20260918_停工版V1/evidence/E07/双车标准化岭回归复核/MineSim_双车标准化8折结果与决策诊断/original/fits/fold04/FIT_START.json,.json,859,367d12859f7073f1aa47251f6af05acbaf0be5fe58de6c90b7930c6f09d2dbb7
01_当前接手核心与最新证据/MineSim_正式交接配套包_20260919_R1/sources/H18_历史交接与证据原包/MineSim_正式交接包_20260918_停工版V1/evidence/E07/双车标准化岭回归复核/MineSim_双车标准化8折结果与决策诊断/original/fits/fold04/MODEL.json,.json,4134,cbd7eb8217a96d61a7833770fc8c23bc63263e203cdf86b74297db216891fde2
01_当前接手核心与最新证据/MineSim_正式交接配套包_20260919_R1/sources/H18_历史交接与证据原包/MineSim_正式交接包_20260918_停工版V1/evidence/E07/双车标准化岭回归复核/MineSim_双车标准化8折结果与决策诊断/original/fits/fold04/RESULT.json,.json,1443,6291b60bcaeb70fbb20e641a5bd7f01dbce2659a3085d56f18ee24f21ee00789
01_当前接手核心与最新证据/MineSim_正式交接配套包_20260919_R1/sources/H18_历史交接与证据原包/MineSim_正式交接包_20260918_停工版V1/evidence/E07/双车标准化岭回归复核/MineSim_双车标准化8折结果与决策诊断/original/fits/fold05/FIT_START.json,.json,859,4d6cf536b01718d955839b27a6e5ea63a12e0e29e8458aa7491e03287f303dfd
01_当前接手核心与最新证据/MineSim_正式交接配套包_20260919_R1/sources/H18_历史交接与证据原包/MineSim_正式交接包_20260918_停工版V1/evidence/E07/双车标准化岭回归复核/MineSim_双车标准化8折结果与决策诊断/original/fits/fold05/MODEL.json,.json,4135,5b1fe5ad0428b86861237fa88e2b8e8945a23f76757cf4e3ed4f6651a790ca47
01_当前接手核心与最新证据/MineSim_正式交接配套包_20260919_R1/sources/H18_历史交接与证据原包/MineSim_正式交接包_20260918_停工版V1/evidence/E07/双车标准化岭回归复核/MineSim_双车标准化8折结果与决策诊断/original/fits/fold05/RESULT.json,.json,1443,34e237dd92fcd8d7f8c4fd434cef4b4a9832990421d71ed08af6ff2c0673194f
01_当前接手核心与最新证据/MineSim_正式交接配套包_20260919_R1/sources/H18_历史交接与证据原包/MineSim_正式交接包_20260918_停工版V1/evidence/E07/双车标准化岭回归复核/MineSim_双车标准化8折结果与决策诊断/original/fits/fold06/FIT_START.json,.json,859,733db2455040ba0360566e09b64963f2461525f3cab2de6a8584d3893d59b6c4
01_当前接手核心与最新证据/MineSim_正式交接配套包_20260919_R1/sources/H18_历史交接与证据原包/MineSim_正式交接包_20260918_停工版V1/evidence/E07/双车标准化岭回归复核/MineSim_双车标准化8折结果与决策诊断/original/fits/fold06/MODEL.json,.json,4123,289a7379eb7749c94a7bc55965d26e916dafbd4ae3eb2cb8bc34efcdc0929534
01_当前接手核心与最新证据/MineSim_正式交接配套包_20260919_R1/sources/H18_历史交接与证据原包/MineSim_正式交接包_20260918_停工版V1/evidence/E07/双车标准化岭回归复核/MineSim_双车标准化8折结果与决策诊断/original/fits/fold06/RESULT.json,.json,1405,1f7e21aea90f1ce8e635698b6dc1bb2d714f22abdbbc7ebb53928b8054f04b3c
01_当前接手核心与最新证据/MineSim_正式交接配套包_20260919_R1/sources/H18_历史交接与证据原包/MineSim_正式交接包_20260918_停工版V1/evidence/E07/双车标准化岭回归复核/MineSim_双车标准化8折结果与决策诊断/original/fits/fold07/FIT_START.json,.json,859,91951960b4c03418da0fd8e0f9c3eb6a3966c7516fdaebcab1f63ec1634e6c9d
01_当前接手核心与最新证据/MineSim_正式交接配套包_20260919_R1/sources/H18_历史交接与证据原包/MineSim_正式交接包_20260918_停工版V1/evidence/E07/双车标准化岭回归复核/MineSim_双车标准化8折结果与决策诊断/original/fits/fold07/MODEL.json,.json,4151,12c48a60d210a9c28f9929a5eaa1e711b4f248775f7beb8e4f5d7f6c2d3905c2
01_当前接手核心与最新证据/MineSim_正式交接配套包_20260919_R1/sources/H18_历史交接与证据原包/MineSim_正式交接包_20260918_停工版V1/evidence/E07/双车标准化岭回归复核/MineSim_双车标准化8折结果与决策诊断/original/fits/fold07/RESULT.json,.json,1408,2b2877e962052579e2636a488448685aadd119bebe1484e6f5ada4656b08b330
01_当前接手核心与最新证据/MineSim_正式交接配套包_20260919_R1/sources/H18_历史交接与证据原包/MineSim_正式交接包_20260918_停工版V1/evidence/E07/双车标准化岭回归复核/MineSim_双车标准化8折结果与决策诊断/original/sources/FEATURE36_MATRIX_AND_AUDIT.json,.json,61115,270f86a2a41f187162c077f42c85b8114d6a8cfdc338cdad7e81c5b3363b09ef
01_当前接手核心与最新证据/MineSim_正式交接配套包_20260919_R1/sources/H18_历史交接与证据原包/MineSim_正式交接包_20260918_停工版V1/evidence/E07/双车标准化岭回归复核/MineSim_双车标准化8折结果与决策诊断/original/sources/MANIFEST.json,.json,434870,db740be6f83f862d4f6d52f332d2adca21ed12a14f8ffe30656db042d6fa5f3b
01_当前接手核心与最新证据/MineSim_正式交接配套包_20260919_R1/sources/H18_历史交接与证据原包/MineSim_正式交接包_20260918_停工版V1/evidence/E07/双车标准化岭回归复核/MineSim_双车标准化8折结果与决策诊断/original/sources/OUTER_INNER_SPLIT_PLAN.json,.json,53304,5d726f4314ef2b163ef81ccf47cca4538ead38e5d1e16eeb8d392a2012a24ba6
01_当前接手核心与最新证据/MineSim_正式交接配套包_20260919_R1/sources/H18_历史交接与证据原包/MineSim_正式交接包_20260918_停工版V1/evidence/E08/双动作偏好与论文机制对照/original/EXECUTION_PROTOCOL.json,.json,5449,27349094a34ad713132930ad083ee684c0ac12ec9faa06b111bc6f823163048b
01_当前接手核心与最新证据/MineSim_正式交接配套包_20260919_R1/sources/H18_历史交接与证据原包/MineSim_正式交接包_20260918_停工版V1/evidence/E08/双动作偏好与论文机制对照/original/METRICS.json,.json,2992,2071dbf6e454225ff7010f5cf17a67f19f82cda6de9b7bf6267ac7bae4d914e9
01_当前接手核心与最新证据/MineSim_正式交接配套包_20260919_R1/sources/H18_历史交接与证据原包/MineSim_正式交接包_20260918_停工版V1/evidence/E08/双动作偏好与论文机制对照/original/PREDICTIONS.json,.json,22672,1d7638815dd53625c563e334319174e934e6e3249d7f2d71e6979d55747b3066
01_当前接手核心与最新证据/MineSim_正式交接配套包_20260919_R1/sources/H18_历史交接与证据原包/MineSim_正式交接包_20260918_停工版V1/evidence/E08/双动作偏好与论文机制对照/original/READBACK.json,.json,129,f9d0f716c6ac71987f322c1a3cbcaff730be86bc2596b51374f90810fdc97425
01_当前接手核心与最新证据/MineSim_正式交接配套包_20260919_R1/sources/H18_历史交接与证据原包/MineSim_正式交接包_20260918_停工版V1/evidence/E08/双动作偏好与论文机制对照/original/RESULT.json,.json,3752,588d3b745963276d939c596f467e28ca8b762974019af520fc25d2c68a155692
01_当前接手核心与最新证据/MineSim_正式交接配套包_20260919_R1/sources/H18_历史交接与证据原包/MineSim_正式交接包_20260918_停工版V1/evidence/E08/双动作偏好与论文机制对照/original/TIMING.json,.json,98,18160d0325010611beb3f19f017a5b9b6b2cabf0dca249a2893da233ee5ed65e
01_当前接手核心与最新证据/MineSim_正式交接配套包_20260919_R1/sources/H18_历史交接与证据原包/MineSim_正式交接包_20260918_停工版V1/evidence/E08/双动作偏好与论文机制对照/original/release/preference_core.py,.py,7401,c4588a69b77d8166c7914f8a7190fa5186d8f87cbf68ccd2b66378019181bde7
01_当前接手核心与最新证据/MineSim_正式交接配套包_20260919_R1/sources/H18_历史交接与证据原包/MineSim_正式交接包_20260918_停工版V1/evidence/E08/双动作偏好与论文机制对照/review/REPORT.md,.md,9473,4dd3dcbaadf170bf45888a4f90b0e32a910ad58c11b7d76b95e5c2f3f4b0f903
01_当前接手核心与最新证据/MineSim_正式交接配套包_20260919_R1/sources/H18_历史交接与证据原包/MineSim_正式交接包_20260918_停工版V1/evidence/E08/双动作偏好与论文机制对照/review/analysis/CURRENT_REVIEW_STATE.json,.json,467,4500ea1009cdaf02a31e8e4e05a96e7436d06911ba66631aa87fc0c609e217eb
01_当前接手核心与最新证据/MineSim_正式交接配套包_20260919_R1/sources/H18_历史交接与证据原包/MineSim_正式交接包_20260918_停工版V1/evidence/E08/双动作偏好与论文机制对照/review/analysis/HELD_STATE_DETAIL.tsv,.tsv,2996,7c689acb97b9a5f68c038222e9d7e9d4be0ca61412a28c7385f6de8b607232bf
01_当前接手核心与最新证据/MineSim_正式交接配套包_20260919_R1/sources/H18_历史交接与证据原包/MineSim_正式交接包_20260918_停工版V1/evidence/E08/双动作偏好与论文机制对照/review/analysis/PAPER_SOURCE_INVENTORY.json,.json,1400,ac4499d0c7c6f9e0fae078d1a7246d5767053d5f570d22b30897ef5cb4b5dc3e
01_当前接手核心与最新证据/MineSim_正式交接配套包_20260919_R1/sources/H18_历史交接与证据原包/MineSim_正式交接包_20260918_停工版V1/evidence/E08/双动作偏好与论文机制对照/review/analysis/REVIEW.json,.json,7458,eaf53c9afdb3f0e941a3f58f5f5adb82d8dcd4a6b76019d5a9077f0e185c9f32
01_当前接手核心与最新证据/MineSim_正式交接配套包_20260919_R1/sources/H18_历史交接与证据原包/MineSim_正式交接包_20260918_停工版V1/evidence/E09/树观察复核及旧缓存提案/PACKAGE_MANIFEST.json,.json,3567,91d340c0e13decbbaf34412c5a18b2e4916c8ed09cce61be15e1b0c33d5124aa
01_当前接手核心与最新证据/MineSim_正式交接配套包_20260919_R1/sources/H18_历史交接与证据原包/MineSim_正式交接包_20260918_停工版V1/evidence/E09/树观察复核及旧缓存提案/next_proposal/CURRENT_STATE.json,.json,563,8a518c882d59d879bcc77d703c3279063f0536794aef3ee8741b312d9a0756a2
01_当前接手核心与最新证据/MineSim_正式交接配套包_20260919_R1/sources/H18_历史交接与证据原包/MineSim_正式交接包_20260918_停工版V1/evidence/E09/树观察复核及旧缓存提案/next_proposal/GATE_FLOW_TEST_RESULT.json,.json,567,9e482235002ee71f639418f20577f578680f3e04a05dc1c069f8cf06755ab016
01_当前接手核心与最新证据/MineSim_正式交接配套包_20260919_R1/sources/H18_历史交接与证据原包/MineSim_正式交接包_20260918_停工版V1/evidence/E09/树观察复核及旧缓存提案/next_proposal/LAUNCHER_TESTS.json,.json,327,34373541a7dea70013ea00cf44733c784a6ac52eefaa8c79adf4e767dd520d8c
01_当前接手核心与最新证据/MineSim_正式交接配套包_20260919_R1/sources/H18_历史交接与证据原包/MineSim_正式交接包_20260918_停工版V1/evidence/E09/树观察复核及旧缓存提案/next_proposal/README.md,.md,2534,4729f8d529054f0800b86bff764bbeb85e5e132dd80b7a6d8de90e6ed93c8638
01_当前接手核心与最新证据/MineSim_正式交接配套包_20260919_R1/sources/H18_历史交接与证据原包/MineSim_正式交接包_20260918_停工版V1/evidence/E09/树观察复核及旧缓存提案/next_proposal/SAVED_STATE_REPORT_TEST.json,.json,1902,8fbb3d142309d5bb50590d54fe677183023cc71eddacb852fff324902ae4052b
01_当前接手核心与最新证据/MineSim_正式交接配套包_20260919_R1/sources/H18_历史交接与证据原包/MineSim_正式交接包_20260918_停工版V1/evidence/E09/树观察复核及旧缓存提案/next_proposal/UNIT_TEST_LOG.txt,.txt,2071,05aca0bffe5e62c26736345d2db6c0ec7d23ce74d1fd017ad48a5d77d4c04e66
01_当前接手核心与最新证据/MineSim_正式交接配套包_20260919_R1/sources/H18_历史交接与证据原包/MineSim_正式交接包_20260918_停工版V1/evidence/E09/树观察复核及旧缓存提案/next_proposal/UNIT_TEST_RESULT.json,.json,124,3629db620ec94e24b6860d12035e247503235420bee1e40c37c2c37aa86f83a1
01_当前接手核心与最新证据/MineSim_正式交接配套包_20260919_R1/sources/H18_历史交接与证据原包/MineSim_正式交接包_20260918_停工版V1/evidence/E09/树观察复核及旧缓存提案/next_proposal/gate_changes.diff,.diff,4989,e63afcdae944672f5bb6b4cf10b2270c4f49e10ae17e2935bf961800a940c6b1
01_当前接手核心与最新证据/MineSim_正式交接配套包_20260919_R1/sources/H18_历史交接与证据原包/MineSim_正式交接包_20260918_停工版V1/evidence/E09/树观察复核及旧缓存提案/next_proposal/release/PROTOCOL.json,.json,1539,402a5ab5818e4059e065072408080d1284047f4a2efe5d48e9474ff02db2cec5
01_当前接手核心与最新证据/MineSim_正式交接配套包_20260919_R1/sources/H18_历史交接与证据原包/MineSim_正式交接包_20260918_停工版V1/evidence/E09/树观察复核及旧缓存提案/next_proposal/release/RELEASE_MANIFEST.json,.json,633,c62928be58969467e5d794a7a4501c447b9697ee8b8f80f75396b848be0ac0eb
01_当前接手核心与最新证据/MineSim_正式交接配套包_20260919_R1/sources/H18_历史交接与证据原包/MineSim_正式交接包_20260918_停工版V1/evidence/E09/树观察复核及旧缓存提案/next_proposal/release/SOURCE_BINDINGS.json,.json,11733,3a0bd4ad60ed1a9ca2a79be394e0831475443bd3a42fbd36bbd174ed8c64f208
01_当前接手核心与最新证据/MineSim_正式交接配套包_20260919_R1/sources/H18_历史交接与证据原包/MineSim_正式交接包_20260918_停工版V1/evidence/E09/树观察复核及旧缓存提案/next_proposal/release/action_cache.py,.py,4139,5e6da3af15306c4e38b4124a0ce1acfb0db4568140ce04ad7c2ad610da5be2b7
01_当前接手核心与最新证据/MineSim_正式交接配套包_20260919_R1/sources/H18_历史交接与证据原包/MineSim_正式交接包_20260918_停工版V1/evidence/E09/树观察复核及旧缓存提案/next_proposal/release/experiment.py,.py,9400,dea3dfc5c244befe257afeccf9e420edc4eca09e11a1d83c41388e8219a8e923
01_当前接手核心与最新证据/MineSim_正式交接配套包_20260919_R1/sources/H18_历史交接与证据原包/MineSim_正式交接包_20260918_停工版V1/evidence/E09/树观察复核及旧缓存提案/next_proposal/release/gate.py,.py,15315,db5ebbc18264ff3a3c03518d03cfe61508e074b87b07d87dcebb779ca8f95621
01_当前接手核心与最新证据/MineSim_正式交接配套包_20260919_R1/sources/H18_历史交接与证据原包/MineSim_正式交接包_20260918_停工版V1/evidence/E09/树观察复核及旧缓存提案/next_proposal/test_cache.py,.py,7349,3ad9f1efaf9381e838f15f1a412eb0ee3bd0febdb50e06de130ba0cca03c1f73
01_当前接手核心与最新证据/MineSim_正式交接配套包_20260919_R1/sources/H18_历史交接与证据原包/MineSim_正式交接包_20260918_停工版V1/evidence/E09/树观察复核及旧缓存提案/next_proposal/test_gate_flow.py,.py,3270,3e55f4f3e8011855d64c4ba5e1de35eb76d7bdb93af27ab856154188ab8c7091
01_当前接手核心与最新证据/MineSim_正式交接配套包_20260919_R1/sources/H18_历史交接与证据原包/MineSim_正式交接包_20260918_停工版V1/evidence/E09/树观察复核及旧缓存提案/next_proposal/test_saved_state_reports.py,.py,2689,57cec2b37a1e7f9a493813d22a4bab070017a1ed2de0fa213a8843ba06ff271d
01_当前接手核心与最新证据/MineSim_正式交接配套包_20260919_R1/sources/H18_历史交接与证据原包/MineSim_正式交接包_20260918_停工版V1/evidence/E09/树观察复核及旧缓存提案/original/RESOURCES.json,.json,168,c53d2635784162c5481b5b760ae553ef24999d0edbad80aa01f68798e32e992c
01_当前接手核心与最新证据/MineSim_正式交接配套包_20260919_R1/sources/H18_历史交接与证据原包/MineSim_正式交接包_20260918_停工版V1/evidence/E09/树观察复核及旧缓存提案/original/RESULT.json,.json,1860,612b884bf0fe46cbde3e972e6e170b02c7311e5395e46b2e9353c8655f7308f0
01_当前接手核心与最新证据/MineSim_正式交接配套包_20260919_R1/sources/H18_历史交接与证据原包/MineSim_正式交接包_20260918_停工版V1/evidence/E09/树观察复核及旧缓存提案/original/release/PROTOCOL.json,.json,1353,b0765c6162c3aba6a3dfc6977fb00144cd04d5ed8f95eb1e71f5a15ba42bcc52
01_当前接手核心与最新证据/MineSim_正式交接配套包_20260919_R1/sources/H18_历史交接与证据原包/MineSim_正式交接包_20260918_停工版V1/evidence/E09/树观察复核及旧缓存提案/review/REPORT.md,.md,3423,7dc7b9e5523278ff7b1e72a3c1df9f80f4b995643cf0396a06d1a6bf145f1fa8
01_当前接手核心与最新证据/MineSim_正式交接配套包_20260919_R1/sources/H18_历史交接与证据原包/MineSim_正式交接包_20260918_停工版V1/evidence/E09/树观察复核及旧缓存提案/review/REVIEW.json,.json,4722,284574cb64aba671da7412d6a5928589886433dab553ac5653d96f3f69d44199
01_当前接手核心与最新证据/MineSim_正式交接配套包_20260919_R1/sources/H18_历史交接与证据原包/MineSim_正式交接包_20260918_停工版V1/evidence/E09/树观察复核及旧缓存提案/review/review.py,.py,7221,cd393d7d813d6379d70b4ccccbe61d88f5a195edd479d81f92ec877d81007226
01_当前接手核心与最新证据/MineSim_正式交接配套包_20260919_R1/sources/H18_历史交接与证据原包/MineSim_正式交接包_20260918_停工版V1/evidence/E09/树观察复核及旧缓存提案/run_dual_reportcache.sh,.sh,23526,837b98b31bc660c6e4ab71cfbe2a46e490d3b1ff2d9dc506ebdff2868196bc73
01_当前接手核心与最新证据/MineSim_正式交接配套包_20260919_R1/sources/H18_历史交接与证据原包/MineSim_正式交接包_20260918_停工版V1/evidence/E10/动作报告缓存复核/PACKAGE_MANIFEST.json,.json,22886,dd4851445816441ee5a553ad58b31625aac33b8a20acd78153cb249116a98e2b
01_当前接手核心与最新证据/MineSim_正式交接配套包_20260919_R1/sources/H18_历史交接与证据原包/MineSim_正式交接包_20260918_停工版V1/evidence/E10/动作报告缓存复核/REPORT.md,.md,4457,91ebad565cdb922e3d7ebdeeb0f1e475c82984f3c8be756c6d95ebec18acd16c
01_当前接手核心与最新证据/MineSim_正式交接配套包_20260919_R1/sources/H18_历史交接与证据原包/MineSim_正式交接包_20260918_停工版V1/evidence/E10/动作报告缓存复核/SOURCE_NOTES.md,.md,350,5d6ff19369aa02bfc214c41163fac649ab974d2cf6f34dd7567339223f24d7af
01_当前接手核心与最新证据/MineSim_正式交接配套包_20260919_R1/sources/H18_历史交接与证据原包/MineSim_正式交接包_20260918_停工版V1/evidence/E10/动作报告缓存复核/analysis/REVIEW.json,.json,3920,102707df27454e6627e6596d18b9fdf2edf736aa9d38d8c693a2251bd31b6be6
01_当前接手核心与最新证据/MineSim_正式交接配套包_20260919_R1/sources/H18_历史交接与证据原包/MineSim_正式交接包_20260918_停工版V1/evidence/E10/动作报告缓存复核/next_proposal/CURRENT_STATE.json,.json,1118,29d9f6b82f7ff7251c2f6a30a42b1674303152227d15d86cb2bb2574f184f2bc
01_当前接手核心与最新证据/MineSim_正式交接配套包_20260919_R1/sources/H18_历史交接与证据原包/MineSim_正式交接包_20260918_停工版V1/evidence/E10/动作报告缓存复核/next_proposal/LAUNCHER_IDENTITY.json,.json,378,f4b80f0605443d82b66e944f093ec3680798535bd3a0d8bf356f46608daef28d
01_当前接手核心与最新证据/MineSim_正式交接配套包_20260919_R1/sources/H18_历史交接与证据原包/MineSim_正式交接包_20260918_停工版V1/evidence/E10/动作报告缓存复核/next_proposal/changes_action_cache.py.diff,.diff,9663,a32982359f06172a8987f23b198404283a6adbef2841322c7931116a0bf48da8
01_当前接手核心与最新证据/MineSim_正式交接配套包_20260919_R1/sources/H18_历史交接与证据原包/MineSim_正式交接包_20260918_停工版V1/evidence/E10/动作报告缓存复核/next_proposal/changes_experiment.py.diff,.diff,2935,f9f67fee9b5aca1bdf007471944e7cfe6faa2e47c8f35f7d38a0feefd3ce9a92
01_当前接手核心与最新证据/MineSim_正式交接配套包_20260919_R1/sources/H18_历史交接与证据原包/MineSim_正式交接包_20260918_停工版V1/evidence/E10/动作报告缓存复核/next_proposal/changes_gate.py.diff,.diff,3614,1d37957ac652681c3429851327ee355a9c7fc33ffc6f33439a0e11ed9820c539
01_当前接手核心与最新证据/MineSim_正式交接配套包_20260919_R1/sources/H18_历史交接与证据原包/MineSim_正式交接包_20260918_停工版V1/evidence/E10/动作报告缓存复核/next_proposal/release/PROTOCOL.json,.json,2380,4cfbbc67f447ff41a4d99038103ca4aad9206ef11eeb26b0f7b5a771f7f16bea
01_当前接手核心与最新证据/MineSim_正式交接配套包_20260919_R1/sources/H18_历史交接与证据原包/MineSim_正式交接包_20260918_停工版V1/evidence/E10/动作报告缓存复核/next_proposal/release/RELEASE_MANIFEST.json,.json,633,19e9800a0d59244e87c9a598239bd1885c839345321ff437c5f3713ad4e43f28
01_当前接手核心与最新证据/MineSim_正式交接配套包_20260919_R1/sources/H18_历史交接与证据原包/MineSim_正式交接包_20260918_停工版V1/evidence/E10/动作报告缓存复核/next_proposal/release/SOURCE_BINDINGS.json,.json,12388,2d5c989659c6a01090d53f06f6949a15c84247132a3c4b34c89ce64789ae2769
01_当前接手核心与最新证据/MineSim_正式交接配套包_20260919_R1/sources/H18_历史交接与证据原包/MineSim_正式交接包_20260918_停工版V1/evidence/E10/动作报告缓存复核/next_proposal/release/action_cache.py,.py,5642,69b68b346ad6ae9e275f2b5b3f781e431f3dcb7fcb25b1a573c557519ef38933
01_当前接手核心与最新证据/MineSim_正式交接配套包_20260919_R1/sources/H18_历史交接与证据原包/MineSim_正式交接包_20260918_停工版V1/evidence/E10/动作报告缓存复核/next_proposal/release/experiment.py,.py,9523,a7bf7d2bde675df863a083f763ca6c969e9e60e543fdc6d0314aed41565502df
01_当前接手核心与最新证据/MineSim_正式交接配套包_20260919_R1/sources/H18_历史交接与证据原包/MineSim_正式交接包_20260918_停工版V1/evidence/E10/动作报告缓存复核/next_proposal/release/gate.py,.py,15345,fe27eebfe37caad6be1b8aa96791de165b5c0b55095b270768b693bd005b5a74
01_当前接手核心与最新证据/MineSim_正式交接配套包_20260919_R1/sources/H18_历史交接与证据原包/MineSim_正式交接包_20260918_停工版V1/evidence/E10/动作报告缓存复核/next_proposal/run_dual_reportcache_flat.sh,.sh,24749,beb9918050b8b155eb3b981e3bbfb16a7ebc05db0b7af04f8ab3816b281f7689
01_当前接手核心与最新证据/MineSim_正式交接配套包_20260919_R1/sources/H18_历史交接与证据原包/MineSim_正式交接包_20260918_停工版V1/evidence/E10/动作报告缓存复核/next_proposal/tests/GATE_FLOW_RESULT.json,.json,1728,63b499ae0137bf8f128c71f879209fd587e176fbab3367e256ec41cca194f0f5
01_当前接手核心与最新证据/MineSim_正式交接配套包_20260919_R1/sources/H18_历史交接与证据原包/MineSim_正式交接包_20260918_停工版V1/evidence/E10/动作报告缓存复核/next_proposal/tests/LAUNCHER_TESTS.json,.json,350,3dcd4dd6dedc8ad8104168cb53672070382033f35d246057325fcc329bb1138b
01_当前接手核心与最新证据/MineSim_正式交接配套包_20260919_R1/sources/H18_历史交接与证据原包/MineSim_正式交接包_20260918_停工版V1/evidence/E10/动作报告缓存复核/next_proposal/tests/SAVED_REPORT_TEST.json,.json,1673,fa81480f87b8aa6e142b91bd62f815cffba3c370a80824f18047f5e4cc4a75b5
01_当前接手核心与最新证据/MineSim_正式交接配套包_20260919_R1/sources/H18_历史交接与证据原包/MineSim_正式交接包_20260918_停工版V1/evidence/E10/动作报告缓存复核/next_proposal/tests/UNIT_TEST_LOG.txt,.txt,2543,5f07ccf120c8b884f99a5f30745b47477ba0a0a0e7ec03608176d8f770c1e4e9
01_当前接手核心与最新证据/MineSim_正式交接配套包_20260919_R1/sources/H18_历史交接与证据原包/MineSim_正式交接包_20260918_停工版V1/evidence/E10/动作报告缓存复核/next_proposal/tests/UNIT_TEST_RESULT.json,.json,115,a1a348033040b95092276312f417bb76ae22877e177cda8a3f67f3594fe7ce89
01_当前接手核心与最新证据/MineSim_正式交接配套包_20260919_R1/sources/H18_历史交接与证据原包/MineSim_正式交接包_20260918_停工版V1/evidence/E10/动作报告缓存复核/next_proposal/tests/check_saved_reports.py,.py,4598,497ca88b197a120e795f5096621ea2d4015b63200f0bc52f0382cf8e14b855a0
01_当前接手核心与最新证据/MineSim_正式交接配套包_20260919_R1/sources/H18_历史交接与证据原包/MineSim_正式交接包_20260918_停工版V1/evidence/E10/动作报告缓存复核/next_proposal/tests/previous_cache_profile.txt,.txt,3540,221e9f8442cf02f359148d64b5db38301dcd999363dbf65ac462d2f9e5f62fe2
01_当前接手核心与最新证据/MineSim_正式交接配套包_20260919_R1/sources/H18_历史交接与证据原包/MineSim_正式交接包_20260918_停工版V1/evidence/E10/动作报告缓存复核/next_proposal/tests/test_candidate.py,.py,8985,a78b5bfa1a64c3868b56787e832299ef22eb48ec38d7210fc1663a099d19b75e
01_当前接手核心与最新证据/MineSim_正式交接配套包_20260919_R1/sources/H18_历史交接与证据原包/MineSim_正式交接包_20260918_停工版V1/evidence/E10/动作报告缓存复核/next_proposal/tests/test_gate_flow.py,.py,2991,75196d99cb4daa052233257ba8205231c7b1bb276d972206613875af6a58d7bc
01_当前接手核心与最新证据/MineSim_正式交接配套包_20260919_R1/sources/H18_历史交接与证据原包/MineSim_正式交接包_20260918_停工版V1/evidence/E10/动作报告缓存复核/raw/minesim_dual_reportcache_v1/CAPTURE.json,.json,118,3bf80a4009e744300dc2bb11eeba7982091db5083ea8b1ebae590b7ad9235c90
01_当前接手核心与最新证据/MineSim_正式交接配套包_20260919_R1/sources/H18_历史交接与证据原包/MineSim_正式交接包_20260918_停工版V1/evidence/E10/动作报告缓存复核/raw/minesim_dual_reportcache_v1/ENVIRONMENT.json,.json,205,7548d6a3943c8d390ce9717ee8ac4c1e166ed233fdb7cd80575b8e5b40b63462
01_当前接手核心与最新证据/MineSim_正式交接配套包_20260919_R1/sources/H18_历史交接与证据原包/MineSim_正式交接包_20260918_停工版V1/evidence/E10/动作报告缓存复核/raw/minesim_dual_reportcache_v1/EVENTS.jsonl,.jsonl,10176,ef63788c31ec51356ed7b56fbb3c26609857bb9c66d4ebad032657187a1caffc
01_当前接手核心与最新证据/MineSim_正式交接配套包_20260919_R1/sources/H18_历史交接与证据原包/MineSim_正式交接包_20260918_停工版V1/evidence/E10/动作报告缓存复核/raw/minesim_dual_reportcache_v1/GIT_AFTER.json,.json,249,77f448358ba32ef2364f7e4886c686642472f1d46800762bf21a9e0368ae0016
01_当前接手核心与最新证据/MineSim_正式交接配套包_20260919_R1/sources/H18_历史交接与证据原包/MineSim_正式交接包_20260918_停工版V1/evidence/E10/动作报告缓存复核/raw/minesim_dual_reportcache_v1/MANIFEST.json,.json,14248,4b68015d730c5caeae46fb678b496d3a443dcd1729ab6393a790227c2e64ae28
01_当前接手核心与最新证据/MineSim_正式交接配套包_20260919_R1/sources/H18_历史交接与证据原包/MineSim_正式交接包_20260918_停工版V1/evidence/E10/动作报告缓存复核/raw/minesim_dual_reportcache_v1/PROCESSES_BEFORE.json,.json,1130,e3fcffb99fab5e9079bbe1e9bb3148119e5f1b745954b5cb19d8539554c28e20
01_当前接手核心与最新证据/MineSim_正式交接配套包_20260919_R1/sources/H18_历史交接与证据原包/MineSim_正式交接包_20260918_停工版V1/evidence/E10/动作报告缓存复核/raw/minesim_dual_reportcache_v1/REQUEST.json,.json,229,1beda9520c27915c3895eba0d529233ded82c1fdeda8fa00972821030235997b
01_当前接手核心与最新证据/MineSim_正式交接配套包_20260919_R1/sources/H18_历史交接与证据原包/MineSim_正式交接包_20260918_停工版V1/evidence/E10/动作报告缓存复核/raw/minesim_dual_reportcache_v1/RESOURCES.json,.json,168,3757b0e10d99ed6f9941ee8b5b6c08e039ad1543577c4a421cc2be0cbd378c6c
01_当前接手核心与最新证据/MineSim_正式交接配套包_20260919_R1/sources/H18_历史交接与证据原包/MineSim_正式交接包_20260918_停工版V1/evidence/E10/动作报告缓存复核/raw/minesim_dual_reportcache_v1/RESULT.json,.json,3047,73d7d43418d112dc4ad304386b00b6381a001b191d881cf3155a59d5dc304e83
01_当前接手核心与最新证据/MineSim_正式交接配套包_20260919_R1/sources/H18_历史交接与证据原包/MineSim_正式交接包_20260918_停工版V1/evidence/E10/动作报告缓存复核/raw/minesim_dual_reportcache_v1/SOURCE_PROVENANCE.json,.json,12927,0f081384c0c38c4997f4596f146d71e0e246f090c7bdaae29690b5dccae4e9fc
01_当前接手核心与最新证据/MineSim_正式交接配套包_20260919_R1/sources/H18_历史交接与证据原包/MineSim_正式交接包_20260918_停工版V1/evidence/E10/动作报告缓存复核/raw/minesim_dual_reportcache_v1/TECHNICAL_START.json,.json,128,27e1197f7e5c438d7aa7da074203ffda9b8fc2a2548f64207b116992067b0710
01_当前接手核心与最新证据/MineSim_正式交接配套包_20260919_R1/sources/H18_历史交接与证据原包/MineSim_正式交接包_20260918_停工版V1/evidence/E10/动作报告缓存复核/raw/minesim_dual_reportcache_v1/native/IMPORTS.json,.json,495,76416fa5f375d5013bd2bcf6b06a7a2b55b0214a12372df61e36ec1829cf2213
01_当前接手核心与最新证据/MineSim_正式交接配套包_20260919_R1/sources/H18_历史交接与证据原包/MineSim_正式交接包_20260918_停工版V1/evidence/E10/动作报告缓存复核/raw/minesim_dual_reportcache_v1/native/RESULT.json,.json,2384,2e1baeeb14d2c9144da4f9376896d27a30729f3acd562031bf08ed723d9fd298
01_当前接手核心与最新证据/MineSim_正式交接配套包_20260919_R1/sources/H18_历史交接与证据原包/MineSim_正式交接包_20260918_停工版V1/evidence/E10/动作报告缓存复核/raw/minesim_dual_reportcache_v1/native/coverage_policy_01__step0014/baseline_0.json,.json,25266,c286a814b32384ed3ad25006385c15698fef1133eea8305a7e9b54fe28ab4a63
01_当前接手核心与最新证据/MineSim_正式交接配套包_20260919_R1/sources/H18_历史交接与证据原包/MineSim_正式交接包_20260918_停工版V1/evidence/E10/动作报告缓存复核/raw/minesim_dual_reportcache_v1/native/coverage_policy_01__step0014/baseline_1.json,.json,25294,955b87e9f630e0a8b9d941e4f4d6919ac31280db6d4f984de5699f9e73c5e3b9
01_当前接手核心与最新证据/MineSim_正式交接配套包_20260919_R1/sources/H18_历史交接与证据原包/MineSim_正式交接包_20260918_停工版V1/evidence/E10/动作报告缓存复核/raw/minesim_dual_reportcache_v1/native/coverage_policy_01__step0014/cached_0.json,.json,25284,ffe26374fcd91025eee83f1fefef3a04acfd968ab530d42940e0d95f70eb767f
01_当前接手核心与最新证据/MineSim_正式交接配套包_20260919_R1/sources/H18_历史交接与证据原包/MineSim_正式交接包_20260918_停工版V1/evidence/E10/动作报告缓存复核/raw/minesim_dual_reportcache_v1/native/coverage_policy_01__step0014/cached_1.json,.json,25321,f46a7f00f238ef5fd6da475929b07a09b90a2ccf996e84e601787aba00750db8
01_当前接手核心与最新证据/MineSim_正式交接配套包_20260919_R1/sources/H18_历史交接与证据原包/MineSim_正式交接包_20260918_停工版V1/evidence/E10/动作报告缓存复核/raw/minesim_dual_reportcache_v1/native/coverage_policy_05__step0011/baseline_0.json,.json,25268,1640fe428cf2c24101ad77a2338018e2e7245033d4a65abbf2d80bcbcf26e45f
01_当前接手核心与最新证据/MineSim_正式交接配套包_20260919_R1/sources/H18_历史交接与证据原包/MineSim_正式交接包_20260918_停工版V1/evidence/E10/动作报告缓存复核/raw/minesim_dual_reportcache_v1/native/coverage_policy_05__step0011/baseline_1.json,.json,25266,3505224f14713d300d3fe3d10affdfef0349bfcdc2519438cde1a3bb919027c3
01_当前接手核心与最新证据/MineSim_正式交接配套包_20260919_R1/sources/H18_历史交接与证据原包/MineSim_正式交接包_20260918_停工版V1/evidence/E10/动作报告缓存复核/raw/minesim_dual_reportcache_v1/native/coverage_policy_05__step0011/cached_0.json,.json,25277,8e66340314ea5460fa2eaa6afc8341cceee6c8976510bce112fd3279c1ec7248
01_当前接手核心与最新证据/MineSim_正式交接配套包_20260919_R1/sources/H18_历史交接与证据原包/MineSim_正式交接包_20260918_停工版V1/evidence/E10/动作报告缓存复核/raw/minesim_dual_reportcache_v1/native/coverage_policy_05__step0011/cached_1.json,.json,25296,482d4b144a64e4245c15bfbccd3895127ff5fac32950d3e210092054e6db6b7f
01_当前接手核心与最新证据/MineSim_正式交接配套包_20260919_R1/sources/H18_历史交接与证据原包/MineSim_正式交接包_20260918_停工版V1/evidence/E10/动作报告缓存复核/raw/minesim_dual_reportcache_v1/parent_sources/MANIFEST.json,.json,13043,cca2109b480c678bad946cd384f1b32b72c72e2c3e47dd2f84537767668f7f51
01_当前接手核心与最新证据/MineSim_正式交接配套包_20260919_R1/sources/H18_历史交接与证据原包/MineSim_正式交接包_20260918_停工版V1/evidence/E10/动作报告缓存复核/raw/minesim_dual_reportcache_v1/parent_sources/native/coverage_policy_01__step0014/baseline_0.json,.json,24521,b922cacff44044f05f337d26422da066cd2fbe3ff8bc3f5ef53e336ab5253aa1
01_当前接手核心与最新证据/MineSim_正式交接配套包_20260919_R1/sources/H18_历史交接与证据原包/MineSim_正式交接包_20260918_停工版V1/evidence/E10/动作报告缓存复核/raw/minesim_dual_reportcache_v1/parent_sources/native/coverage_policy_01__step0014/baseline_1.json,.json,24524,8408cd09229cdf333cff4c64e04ce283d7dfe9bac331c32e1de483ea0a755fc2
01_当前接手核心与最新证据/MineSim_正式交接配套包_20260919_R1/sources/H18_历史交接与证据原包/MineSim_正式交接包_20260918_停工版V1/evidence/E10/动作报告缓存复核/raw/minesim_dual_reportcache_v1/parent_sources/native/coverage_policy_05__step0011/baseline_0.json,.json,24524,927900ea62e4cdf47f02973600072ea66d7a541772da8f59501de43eb5fbec5f
01_当前接手核心与最新证据/MineSim_正式交接配套包_20260919_R1/sources/H18_历史交接与证据原包/MineSim_正式交接包_20260918_停工版V1/evidence/E10/动作报告缓存复核/raw/minesim_dual_reportcache_v1/parent_sources/native/coverage_policy_05__step0011/baseline_1.json,.json,24494,23090232726e144ecb3e26427fc44cc82b1e7e9a081e09569e8051cfcf5b2af4
01_当前接手核心与最新证据/MineSim_正式交接配套包_20260919_R1/sources/H18_历史交接与证据原包/MineSim_正式交接包_20260918_停工版V1/evidence/E10/动作报告缓存复核/raw/minesim_dual_reportcache_v1/parent_sources/parent_sources/MANIFEST.json,.json,74680,6a14062a4bdc17d63f793c025d1f3e53e49c9ca67cd54333360118ea787a6fa3
01_当前接手核心与最新证据/MineSim_正式交接配套包_20260919_R1/sources/H18_历史交接与证据原包/MineSim_正式交接包_20260918_停工版V1/evidence/E10/动作报告缓存复核/raw/minesim_dual_reportcache_v1/parent_sources/parent_sources/RESULT.json,.json,1671,7d142916253f98be60f7f433d568a84aabd1491704ede8b713376094f9f0ab71
01_当前接手核心与最新证据/MineSim_正式交接配套包_20260919_R1/sources/H18_历史交接与证据原包/MineSim_正式交接包_20260918_停工版V1/evidence/E10/动作报告缓存复核/raw/minesim_dual_reportcache_v1/parent_sources/parent_sources/runtime/EXPECTED_IMPORT.json,.json,461,16a2e5be0929960c99dbb89e594845ae61052413d33ad9e0cfe10e5f56f302f9
01_当前接手核心与最新证据/MineSim_正式交接配套包_20260919_R1/sources/H18_历史交接与证据原包/MineSim_正式交接包_20260918_停工版V1/evidence/E10/动作报告缓存复核/raw/minesim_dual_reportcache_v1/parent_sources/parent_sources/runtime/candidate_mcts/__init__.py,.py,85,7d35678f99c3e6c37e62b6bb9d91cc6f7be616d2c1a5a9d0fc164137eb8172cd
01_当前接手核心与最新证据/MineSim_正式交接配套包_20260919_R1/sources/H18_历史交接与证据原包/MineSim_正式交接包_20260918_停工版V1/evidence/E10/动作报告缓存复核/raw/minesim_dual_reportcache_v1/parent_sources/parent_sources/runtime/candidate_mcts/action_space.py,.py,649,03ccff1923f0ed19de4765d2329489d505cfc68bfbeb0335e575cf1519953633
01_当前接手核心与最新证据/MineSim_正式交接配套包_20260919_R1/sources/H18_历史交接与证据原包/MineSim_正式交接包_20260918_停工版V1/evidence/E10/动作报告缓存复核/raw/minesim_dual_reportcache_v1/parent_sources/parent_sources/runtime/candidate_mcts/fleet_collision.py,.py,4500,41e1707c626c1f9e80ad28a46484fd984ebf5677d42c3c3cd9709688a11ef076
01_当前接手核心与最新证据/MineSim_正式交接配套包_20260919_R1/sources/H18_历史交接与证据原包/MineSim_正式交接包_20260918_停工版V1/evidence/E10/动作报告缓存复核/raw/minesim_dual_reportcache_v1/parent_sources/parent_sources/runtime/candidate_mcts/fleet_node.py,.py,1460,fe61be3c0732a65e4bac250b0d0ff647240a0a9cc9778f98009378ec6cc0184c
01_当前接手核心与最新证据/MineSim_正式交接配套包_20260919_R1/sources/H18_历史交接与证据原包/MineSim_正式交接包_20260918_停工版V1/evidence/E10/动作报告缓存复核/raw/minesim_dual_reportcache_v1/parent_sources/parent_sources/runtime/candidate_mcts/fleet_state.py,.py,5748,1b7efe18e2a77e96a9beb94070500ff811dd584754c03d57cb1e2e8a985c9d21
01_当前接手核心与最新证据/MineSim_正式交接配套包_20260919_R1/sources/H18_历史交接与证据原包/MineSim_正式交接包_20260918_停工版V1/evidence/E10/动作报告缓存复核/raw/minesim_dual_reportcache_v1/parent_sources/parent_sources/runtime/candidate_mcts/fleet_transition.py,.py,5013,006cd1ba4f64c5780da0bfb8de0b48555cb385655ed929b7c9d9fd269d4d77a2
01_当前接手核心与最新证据/MineSim_正式交接配套包_20260919_R1/sources/H18_历史交接与证据原包/MineSim_正式交接包_20260918_停工版V1/evidence/E10/动作报告缓存复核/raw/minesim_dual_reportcache_v1/parent_sources/parent_sources/runtime/candidate_mcts/joint_action.py,.py,3513,918f5e6e90631d28cdf6b6f8bdefb38d572c402a983b4cb622340408a968854e
01_当前接手核心与最新证据/MineSim_正式交接配套包_20260919_R1/sources/H18_历史交接与证据原包/MineSim_正式交接包_20260918_停工版V1/evidence/E10/动作报告缓存复核/raw/minesim_dual_reportcache_v1/parent_sources/parent_sources/runtime/candidate_mcts/state.py,.py,1366,d0b7ab348ac02181eefc2481309945b3c281f8216df3667ff75d2ea03ae4d409
01_当前接手核心与最新证据/MineSim_正式交接配套包_20260919_R1/sources/H18_历史交接与证据原包/MineSim_正式交接包_20260918_停工版V1/evidence/E10/动作报告缓存复核/raw/minesim_dual_reportcache_v1/parent_sources/parent_sources/runtime/candidate_mcts/transition_model.py,.py,2689,9971189f68c64978b406482f2dde326cae774948a4fde025aae26dc0af64cb0c
01_当前接手核心与最新证据/MineSim_正式交接配套包_20260919_R1/sources/H18_历史交接与证据原包/MineSim_正式交接包_20260918_停工版V1/evidence/E10/动作报告缓存复核/raw/minesim_dual_reportcache_v1/parent_sources/parent_sources/runtime/definitions/frozen_codec.py,.py,5598,e5edc00e93003e834c71258d1561affbebfbde55e5637f0574ed5399247c0b43
01_当前接手核心与最新证据/MineSim_正式交接配套包_20260919_R1/sources/H18_历史交接与证据原包/MineSim_正式交接包_20260918_停工版V1/evidence/E10/动作报告缓存复核/raw/minesim_dual_reportcache_v1/parent_sources/parent_sources/runtime/definitions/route_helpers.py,.py,1392,1c10c16b8056ccd25a27cb8a12078d55d20e2457152df7361c3856ca96b0246c
01_当前接手核心与最新证据/MineSim_正式交接配套包_20260919_R1/sources/H18_历史交接与证据原包/MineSim_正式交接包_20260918_停工版V1/evidence/E10/动作报告缓存复核/raw/minesim_dual_reportcache_v1/parent_sources/parent_sources/runtime/engine/devkit/__init__.py,.py,39,a74f29e6ac70da27ee808d1ac04632b120c3139084e10af01afe36aaea99ad04
01_当前接手核心与最新证据/MineSim_正式交接配套包_20260919_R1/sources/H18_历史交接与证据原包/MineSim_正式交接包_20260918_停工版V1/evidence/E10/动作报告缓存复核/raw/minesim_dual_reportcache_v1/parent_sources/parent_sources/runtime/engine/devkit/common/actor_state/car_footprint.py,.py,3806,0ec6b4fcb53345d64c5773071d991bc90f80b1a1bdd3c4683e5d98ad72e7a4ff
01_当前接手核心与最新证据/MineSim_正式交接配套包_20260919_R1/sources/H18_历史交接与证据原包/MineSim_正式交接包_20260918_停工版V1/evidence/E10/动作报告缓存复核/raw/minesim_dual_reportcache_v1/parent_sources/parent_sources/runtime/engine/devkit/common/actor_state/oriented_box.py,.py,11274,bdd88f0cf476308a498c42455c1e95ffc0e421c07378ef438bae5c3139322115
01_当前接手核心与最新证据/MineSim_正式交接配套包_20260919_R1/sources/H18_历史交接与证据原包/MineSim_正式交接包_20260918_停工版V1/evidence/E10/动作报告缓存复核/raw/minesim_dual_reportcache_v1/parent_sources/parent_sources/runtime/engine/devkit/common/actor_state/state_representation.py,.py,18200,b48042d0d917918969c08e97a6cddd9ab8f433f3b6b4d9adfb5e6b58b25def6e
01_当前接手核心与最新证据/MineSim_正式交接配套包_20260919_R1/sources/H18_历史交接与证据原包/MineSim_正式交接包_20260918_停工版V1/evidence/E10/动作报告缓存复核/raw/minesim_dual_reportcache_v1/parent_sources/parent_sources/runtime/engine/devkit/common/actor_state/vehicle_parameters.py,.py,11274,e14a32f88bca707de5a6d9661188259be7a9112bbefb1b0d90bd4d22358c4977
01_当前接手核心与最新证据/MineSim_正式交接配套包_20260919_R1/sources/H18_历史交接与证据原包/MineSim_正式交接包_20260918_停工版V1/evidence/E10/动作报告缓存复核/raw/minesim_dual_reportcache_v1/parent_sources/parent_sources/runtime/engine/devkit/common/geometry/transform.py,.py,5318,061b037a7a93a426b92ad426962af599123359cfd3c288ce1836e3ae70922c01
01_当前接手核心与最新证据/MineSim_正式交接配套包_20260919_R1/sources/H18_历史交接与证据原包/MineSim_正式交接包_20260918_停工版V1/evidence/E10/动作报告缓存复核/raw/minesim_dual_reportcache_v1/parent_sources/parent_sources/runtime/engine/devkit/sim_engine/planning/planner/mcts/geometry_transition_model.py,.py,17781,8ac6513912c18e761426f86d532ee89774075e0f0e9d2f6bb8aa759e7960976d
01_当前接手核心与最新证据/MineSim_正式交接配套包_20260919_R1/sources/H18_历史交接与证据原包/MineSim_正式交接包_20260918_停工版V1/evidence/E10/动作报告缓存复核/raw/minesim_dual_reportcache_v1/parent_sources/parent_sources/runtime/feature_projection.py,.py,11943,1b48576201960a73cf6a6205a411cd65d65f087d990f37010a217199eb8ea439
01_当前接手核心与最新证据/MineSim_正式交接配套包_20260919_R1/sources/H18_历史交接与证据原包/MineSim_正式交接包_20260918_停工版V1/evidence/E10/动作报告缓存复核/raw/minesim_dual_reportcache_v1/parent_sources/parent_sources/runtime/inputs/resolved/policy_01.json,.json,1142,2874c4ae0a6a4a7c770745cd855a1ed8c56ef7ec51e74bac47e80ff03254e66b
01_当前接手核心与最新证据/MineSim_正式交接配套包_20260919_R1/sources/H18_历史交接与证据原包/MineSim_正式交接包_20260918_停工版V1/evidence/E10/动作报告缓存复核/raw/minesim_dual_reportcache_v1/parent_sources/parent_sources/runtime/inputs/resolved/policy_05.json,.json,1141,cd9c5ae2c7ad58efdca44300d40fb3ab4f6b524cafd0aa65542068035e0901c8
01_当前接手核心与最新证据/MineSim_正式交接配套包_20260919_R1/sources/H18_历史交接与证据原包/MineSim_正式交接包_20260918_停工版V1/evidence/E10/动作报告缓存复核/raw/minesim_dual_reportcache_v1/parent_sources/parent_sources/runtime/inputs/steps/coverage_policy_01__step0014.json,.json,23993,55da5d1adc5945715618cd7b1d73022ed29c3b57a992a7713e9bcfa96d523aa0
01_当前接手核心与最新证据/MineSim_正式交接配套包_20260919_R1/sources/H18_历史交接与证据原包/MineSim_正式交接包_20260918_停工版V1/evidence/E10/动作报告缓存复核/raw/minesim_dual_reportcache_v1/parent_sources/parent_sources/runtime/inputs/steps/coverage_policy_05__step0011.json,.json,23988,960f30227f2530c374b45c0fbf56e33f8cc584a2be2db32e7622a96c30f7f9ca
01_当前接手核心与最新证据/MineSim_正式交接配套包_20260919_R1/sources/H18_历史交接与证据原包/MineSim_正式交接包_20260918_停工版V1/evidence/E10/动作报告缓存复核/raw/minesim_dual_reportcache_v1/parent_sources/parent_sources/runtime/realroute_smoke.py,.py,23644,568479648e506d80b0a06d74e2a56b75677c92b6e010d9a98219042b461ea225
01_当前接手核心与最新证据/MineSim_正式交接配套包_20260919_R1/sources/H18_历史交接与证据原包/MineSim_正式交接包_20260918_停工版V1/evidence/E10/动作报告缓存复核/raw/minesim_dual_reportcache_v1/parent_sources/parent_sources/runtime/reference_paths.json,.json,2440735,5a8bd32d831b7d75cc90e8db45ac9d0880dcfe10bf5c5f0db93a8a31fb0e306f
01_当前接手核心与最新证据/MineSim_正式交接配套包_20260919_R1/sources/H18_历史交接与证据原包/MineSim_正式交接包_20260918_停工版V1/evidence/E10/动作报告缓存复核/raw/minesim_dual_reportcache_v1/parent_sources/parent_sources/runtime/teacher_runner_smoke.py,.py,12814,6f90596ec54815b1e548624748fb4a09f47e27f51368ff915fdb739d17883c2a
01_当前接手核心与最新证据/MineSim_正式交接配套包_20260919_R1/sources/H18_历史交接与证据原包/MineSim_正式交接包_20260918_停工版V1/evidence/E11/轻量缓存小试复核/CURRENT_STATE.json,.json,937,60a1af6bd501a3d5a4b09cd739c78a5fc13c9415a7753fd2dd2687bc70d57079
01_当前接手核心与最新证据/MineSim_正式交接配套包_20260919_R1/sources/H18_历史交接与证据原包/MineSim_正式交接包_20260918_停工版V1/evidence/E11/轻量缓存小试复核/PACKAGE_MANIFEST.json,.json,3138,11183186de0ae1eb2bce32a1fca106c8d51f102378b6a1fbd8dc6ee3482652f4
01_当前接手核心与最新证据/MineSim_正式交接配套包_20260919_R1/sources/H18_历史交接与证据原包/MineSim_正式交接包_20260918_停工版V1/evidence/E11/轻量缓存小试复核/REPORT.md,.md,3489,a3d8ba20c26955465e36e725060d2f2a9eb0e10103617a6194a8687e2c118206
01_当前接手核心与最新证据/MineSim_正式交接配套包_20260919_R1/sources/H18_历史交接与证据原包/MineSim_正式交接包_20260918_停工版V1/evidence/E11/轻量缓存小试复核/analysis/LAUNCHER_CHECKS.json,.json,511,f8df9ee4342f318fef13e88f0bc1abaaf9f85dbb496d12f95eff6d11f7f4406d
01_当前接手核心与最新证据/MineSim_正式交接配套包_20260919_R1/sources/H18_历史交接与证据原包/MineSim_正式交接包_20260918_停工版V1/evidence/E11/轻量缓存小试复核/analysis/PAIRED_TIMING.json,.json,1922,32cfd48e05d0a891a34316f18586d4840307fee566e2e29e3676c30a2de1e74d
01_当前接手核心与最新证据/MineSim_正式交接配套包_20260919_R1/sources/H18_历史交接与证据原包/MineSim_正式交接包_20260918_停工版V1/evidence/E11/轻量缓存小试复核/analysis/REVIEW.json,.json,3039,0ac6a7551d1dfb399b40a7dd3d1cf9bc85ca4c8e09913ce35cef275cf27938fa
01_当前接手核心与最新证据/MineSim_正式交接配套包_20260919_R1/sources/H18_历史交接与证据原包/MineSim_正式交接包_20260918_停工版V1/evidence/E11/轻量缓存小试复核/analysis/TEST_LOG.txt,.txt,4359,d8b49a396602d9cf75feb550147b5fc73279a1edfac6c779cd74e3badf5ad527
01_当前接手核心与最新证据/MineSim_正式交接配套包_20260919_R1/sources/H18_历史交接与证据原包/MineSim_正式交接包_20260918_停工版V1/evidence/E11/轻量缓存小试复核/analysis/TIMING_RELEASE_TESTS.json,.json,369,7b660d99331525f66245898730bff096594bfcfb68607eb1fee56bbfd9223710
01_当前接手核心与最新证据/MineSim_正式交接配套包_20260919_R1/sources/H18_历史交接与证据原包/MineSim_正式交接包_20260918_停工版V1/evidence/E11/轻量缓存小试复核/next_release/PROTOCOL.json,.json,3448,c923f74b59efffaa533eae2d922fa57e9ab7bd54e1a425649a608a34e4f7ce5a
01_当前接手核心与最新证据/MineSim_正式交接配套包_20260919_R1/sources/H18_历史交接与证据原包/MineSim_正式交接包_20260918_停工版V1/evidence/E11/轻量缓存小试复核/next_release/RELEASE_MANIFEST.json,.json,760,5949c4587f0f05e35390fcbcd0ea56ec0d5a1cf96059b1de81b8982ad156a064
01_当前接手核心与最新证据/MineSim_正式交接配套包_20260919_R1/sources/H18_历史交接与证据原包/MineSim_正式交接包_20260918_停工版V1/evidence/E11/轻量缓存小试复核/next_release/SOURCE_BINDINGS.json,.json,14024,2e9824dae6110ed37eb76647bdaadd948fb952209611292850f9b77df1a1d11a
01_当前接手核心与最新证据/MineSim_正式交接配套包_20260919_R1/sources/H18_历史交接与证据原包/MineSim_正式交接包_20260918_停工版V1/evidence/E11/轻量缓存小试复核/next_release/experiment.py,.py,9149,2bb35bb31ff961c8de62989610a4b72dd79a19ea204f0baa9fe111d3eebfc291
01_当前接手核心与最新证据/MineSim_正式交接配套包_20260919_R1/sources/H18_历史交接与证据原包/MineSim_正式交接包_20260918_停工版V1/evidence/E11/轻量缓存小试复核/next_release/gate.py,.py,15712,65e812b47a17d1f8775268d1fd9ae672c4056107b5622d01f5ca0e9045324726
01_当前接手核心与最新证据/MineSim_正式交接配套包_20260919_R1/sources/H18_历史交接与证据原包/MineSim_正式交接包_20260918_停工版V1/evidence/E11/轻量缓存小试复核/original/RESOURCES.json,.json,168,36b6c65b4a2c32df281a9721afc9287d815e1a61b2c0b36f09cd83be20959c9d
01_当前接手核心与最新证据/MineSim_正式交接配套包_20260919_R1/sources/H18_历史交接与证据原包/MineSim_正式交接包_20260918_停工版V1/evidence/E11/轻量缓存小试复核/original/RESULT.json,.json,3104,211c135632c133129fcdbf0462e843c2a2dc1a30b6041c1ff0d2b83b9148d742
01_当前接手核心与最新证据/MineSim_正式交接配套包_20260919_R1/sources/H18_历史交接与证据原包/MineSim_正式交接包_20260918_停工版V1/evidence/E11/轻量缓存小试复核/run_dual_cachetiming.sh,.sh,31365,65156a56ab339ffe7948a98c285716c7e02e83aedc44857024c09af1c0b5e661
01_当前接手核心与最新证据/MineSim_正式交接配套包_20260919_R1/sources/H18_历史交接与证据原包/MineSim_正式交接包_20260918_停工版V1/evidence/E11/轻量缓存小试复核/test_timing_release.py,.py,10216,7dac368180f8beed5689cb993f22bf1cc7e8288511ae7d8fa1ec498dcfd410e6
01_当前接手核心与最新证据/MineSim_正式交接配套包_20260919_R1/sources/H18_历史交接与证据原包/MineSim_正式交接包_20260918_停工版V1/evidence/E11/轻量缓存小试复核/verify_review.py,.py,6496,c6a364628bacb782c7cd58e48f03ccff2eddb3d43e35a83d4a028b0f331dcb34
01_当前接手核心与最新证据/MineSim_正式交接配套包_20260919_R1/sources/H18_历史交接与证据原包/MineSim_正式交接包_20260918_停工版V1/evidence/E12/轻量缓存固定计时复核/CURRENT_STATE.json,.json,1268,a7bd0e3db5e5934220837ba4713fc9ecc819bff4ddd99fd389c57e2570cc55a2
01_当前接手核心与最新证据/MineSim_正式交接配套包_20260919_R1/sources/H18_历史交接与证据原包/MineSim_正式交接包_20260918_停工版V1/evidence/E12/轻量缓存固定计时复核/INPUT_REFERENCE.json,.json,208,c73394b7cd3d9b25f298b56fb384760664b84d0fc2c5fd94d967289b99d1f4e2
01_当前接手核心与最新证据/MineSim_正式交接配套包_20260919_R1/sources/H18_历史交接与证据原包/MineSim_正式交接包_20260918_停工版V1/evidence/E12/轻量缓存固定计时复核/REPORT.md,.md,3475,d7d89d469a2264148b6bbd77dab48e291af78d2077278fc8cff91549300d97b0
01_当前接手核心与最新证据/MineSim_正式交接配套包_20260919_R1/sources/H18_历史交接与证据原包/MineSim_正式交接包_20260918_停工版V1/evidence/E12/轻量缓存固定计时复核/REVIEW.json,.json,4980,d7e3d27eded42b2e7f3c046f83c6546a5bc10edfa55c29b8694468363dd0b677
01_当前接手核心与最新证据/MineSim_正式交接配套包_20260919_R1/sources/H18_历史交接与证据原包/MineSim_正式交接包_20260918_停工版V1/evidence/E12/轻量缓存固定计时复核/REVIEW_MANIFEST.json,.json,2729,2f3de059d8583921465ea7101476c3c999e3d7b50906a0fd84531a2d7e57e228
01_当前接手核心与最新证据/MineSim_正式交接配套包_20260919_R1/sources/H18_历史交接与证据原包/MineSim_正式交接包_20260918_停工版V1/evidence/E12/轻量缓存固定计时复核/analysis/RECOMPUTED_TIMING.json,.json,14096,c2f8b49a3a008283f883b50c658ec45f2bd3319487624bc114b0361913db367e
01_当前接手核心与最新证据/MineSim_正式交接配套包_20260919_R1/sources/H18_历史交接与证据原包/MineSim_正式交接包_20260918_停工版V1/evidence/E12/轻量缓存固定计时复核/evidence/minesim_dual_cachetiming_v1/minesim_dual_cachetiming_v1/EVENTS.jsonl,.jsonl,59654,f4ac19de895d4c5e7fff22471bcfcb863171f902f52bdf77251a6e1eac023c14
01_当前接手核心与最新证据/MineSim_正式交接配套包_20260919_R1/sources/H18_历史交接与证据原包/MineSim_正式交接包_20260918_停工版V1/evidence/E12/轻量缓存固定计时复核/evidence/minesim_dual_cachetiming_v1/minesim_dual_cachetiming_v1/PROCESSES_AFTER.json,.json,1144,cd2257ac9604c9b84f59a2e2b61e65800d56ea4b00136df5f9d99bda51448b77
01_当前接手核心与最新证据/MineSim_正式交接配套包_20260919_R1/sources/H18_历史交接与证据原包/MineSim_正式交接包_20260918_停工版V1/evidence/E12/轻量缓存固定计时复核/evidence/minesim_dual_cachetiming_v1/minesim_dual_cachetiming_v1/REQUEST.json,.json,235,ea559325d5ec97dfac0ba000ceb992a2fcd0525781a0253c05f918f81f7e1e5e
01_当前接手核心与最新证据/MineSim_正式交接配套包_20260919_R1/sources/H18_历史交接与证据原包/MineSim_正式交接包_20260918_停工版V1/evidence/E12/轻量缓存固定计时复核/evidence/minesim_dual_cachetiming_v1/minesim_dual_cachetiming_v1/SOURCE_PROVENANCE.json,.json,17340,5e74e5b1705ceb51c1837173aaa1850beaf79e82b05b5a90a32b960754454219
01_当前接手核心与最新证据/MineSim_正式交接配套包_20260919_R1/sources/H18_历史交接与证据原包/MineSim_正式交接包_20260918_停工版V1/evidence/E12/轻量缓存固定计时复核/evidence/minesim_dual_cachetiming_v1/minesim_dual_cachetiming_v1/native/measure_01/BLOCK_PROTOCOL.json,.json,166,afb4e245b51dae7df027904c9bffc1249b623480433563d2c46a2e35ada380ee
01_当前接手核心与最新证据/MineSim_正式交接配套包_20260919_R1/sources/H18_历史交接与证据原包/MineSim_正式交接包_20260918_停工版V1/evidence/E12/轻量缓存固定计时复核/evidence/minesim_dual_cachetiming_v1/minesim_dual_cachetiming_v1/native/measure_01/BLOCK_SUMMARY.json,.json,3026,f0e2fb74d2cbbeaf1cf7642cb3bd65c3453461831a3c8178512e7e28bed2c6d2
01_当前接手核心与最新证据/MineSim_正式交接配套包_20260919_R1/sources/H18_历史交接与证据原包/MineSim_正式交接包_20260918_停工版V1/evidence/E12/轻量缓存固定计时复核/evidence/minesim_dual_cachetiming_v1/minesim_dual_cachetiming_v1/native/measure_01/RESOURCE_AFTER.json,.json,446,e7330a05b0ea7add1345ccef3c5de1b64e5a37d03058c5a6b327d91ad7da0985
01_当前接手核心与最新证据/MineSim_正式交接配套包_20260919_R1/sources/H18_历史交接与证据原包/MineSim_正式交接包_20260918_停工版V1/evidence/E12/轻量缓存固定计时复核/evidence/minesim_dual_cachetiming_v1/minesim_dual_cachetiming_v1/native/measure_01/RESOURCE_BEFORE.json,.json,447,ae313883462c185fe6d52ce9d71c9d4eb13e8fc69088cf02baa1e7b54771d517
01_当前接手核心与最新证据/MineSim_正式交接配套包_20260919_R1/sources/H18_历史交接与证据原包/MineSim_正式交接包_20260918_停工版V1/evidence/E12/轻量缓存固定计时复核/evidence/minesim_dual_cachetiming_v1/minesim_dual_cachetiming_v1/native/measure_01/native/IMPORTS.json,.json,555,ada8817561ad4e8cd246a7c4a3d0c0dbf19f0a719c55f14847732b7d8830cf29
01_当前接手核心与最新证据/MineSim_正式交接配套包_20260919_R1/sources/H18_历史交接与证据原包/MineSim_正式交接包_20260918_停工版V1/evidence/E12/轻量缓存固定计时复核/evidence/minesim_dual_cachetiming_v1/minesim_dual_cachetiming_v1/native/measure_01/native/RESULT.json,.json,2452,cb4e1a36d9019bb5be03ee01a4b4b8f4d99808cb563e96952df4dc694babd9c2
01_当前接手核心与最新证据/MineSim_正式交接配套包_20260919_R1/sources/H18_历史交接与证据原包/MineSim_正式交接包_20260918_停工版V1/evidence/E12/轻量缓存固定计时复核/evidence/minesim_dual_cachetiming_v1/minesim_dual_cachetiming_v1/native/measure_01/native/coverage_policy_01__step0014/cached_0.json,.json,25283,c283d86339e3e3097e636100affa804f121efc2ccff7e7947fe5ad19c9f1c3b1
01_当前接手核心与最新证据/MineSim_正式交接配套包_20260919_R1/sources/H18_历史交接与证据原包/MineSim_正式交接包_20260918_停工版V1/evidence/E12/轻量缓存固定计时复核/evidence/minesim_dual_cachetiming_v1/minesim_dual_cachetiming_v1/native/measure_01/native/coverage_policy_01__step0014/cached_1.json,.json,25319,de16ee214aa43bd8a1c810e1a46ebe75e675904d2409104611fea69f4962f314
01_当前接手核心与最新证据/MineSim_正式交接配套包_20260919_R1/sources/H18_历史交接与证据原包/MineSim_正式交接包_20260918_停工版V1/evidence/E12/轻量缓存固定计时复核/evidence/minesim_dual_cachetiming_v1/minesim_dual_cachetiming_v1/native/measure_01/native/coverage_policy_05__step0011/cached_0.json,.json,25275,18e9858f899ab60c3848099a25630ceb44fae7abcd11fca4d3026fe4d4f0cc78
01_当前接手核心与最新证据/MineSim_正式交接配套包_20260919_R1/sources/H18_历史交接与证据原包/MineSim_正式交接包_20260918_停工版V1/evidence/E12/轻量缓存固定计时复核/evidence/minesim_dual_cachetiming_v1/minesim_dual_cachetiming_v1/native/measure_01/native/coverage_policy_05__step0011/cached_1.json,.json,25293,08d90cf47c00c73e5b52610c3b7807dcd9d06a1d474313fe68f619e83e6012f4
01_当前接手核心与最新证据/MineSim_正式交接配套包_20260919_R1/sources/H18_历史交接与证据原包/MineSim_正式交接包_20260918_停工版V1/evidence/E12/轻量缓存固定计时复核/evidence/minesim_dual_cachetiming_v1/minesim_dual_cachetiming_v1/native/measure_01/parent_sources/native/coverage_policy_01__step0014/baseline_0.json,.json,25268,98eef3572be1b3bb47184e6fa56176784adecb68229e566cc71e2be098d7e107
01_当前接手核心与最新证据/MineSim_正式交接配套包_20260919_R1/sources/H18_历史交接与证据原包/MineSim_正式交接包_20260918_停工版V1/evidence/E12/轻量缓存固定计时复核/evidence/minesim_dual_cachetiming_v1/minesim_dual_cachetiming_v1/native/measure_01/parent_sources/native/coverage_policy_01__step0014/baseline_1.json,.json,25287,8bd0566c6575bcca5eeee46386430c5448f0081c57bc46616513a0e8bc925b0b
01_当前接手核心与最新证据/MineSim_正式交接配套包_20260919_R1/sources/H18_历史交接与证据原包/MineSim_正式交接包_20260918_停工版V1/evidence/E12/轻量缓存固定计时复核/evidence/minesim_dual_cachetiming_v1/minesim_dual_cachetiming_v1/native/measure_01/parent_sources/native/coverage_policy_05__step0011/baseline_0.json,.json,25268,c3d4afe1f7af92f6674f8391ac7d82a9ea36ba2fc956fb2e76ed53dc34d13039
01_当前接手核心与最新证据/MineSim_正式交接配套包_20260919_R1/sources/H18_历史交接与证据原包/MineSim_正式交接包_20260918_停工版V1/evidence/E12/轻量缓存固定计时复核/evidence/minesim_dual_cachetiming_v1/minesim_dual_cachetiming_v1/native/measure_01/parent_sources/native/coverage_policy_05__step0011/baseline_1.json,.json,25265,da5b3285c0493aed68f8200061d7407a68c022248c7050ab06984994824567fe
01_当前接手核心与最新证据/MineSim_正式交接配套包_20260919_R1/sources/H18_历史交接与证据原包/MineSim_正式交接包_20260918_停工版V1/evidence/E12/轻量缓存固定计时复核/evidence/minesim_dual_cachetiming_v1/minesim_dual_cachetiming_v1/native/measure_02/BLOCK_PROTOCOL.json,.json,165,70914eebd4470b3de2144d48307484b5c04e88520aac29cca210ab47e40f0542
01_当前接手核心与最新证据/MineSim_正式交接配套包_20260919_R1/sources/H18_历史交接与证据原包/MineSim_正式交接包_20260918_停工版V1/evidence/E12/轻量缓存固定计时复核/evidence/minesim_dual_cachetiming_v1/minesim_dual_cachetiming_v1/native/measure_02/BLOCK_SUMMARY.json,.json,3025,38c1a171c386aac8d40fcda83ec9cccc3d7a1b29ec0747a7ef3feb7d3dbc9f19
01_当前接手核心与最新证据/MineSim_正式交接配套包_20260919_R1/sources/H18_历史交接与证据原包/MineSim_正式交接包_20260918_停工版V1/evidence/E12/轻量缓存固定计时复核/evidence/minesim_dual_cachetiming_v1/minesim_dual_cachetiming_v1/native/measure_02/RESOURCE_AFTER.json,.json,447,90d39941e55b15e66e1fd74da1b51a4c3dfd9b293d2a41189d8c5e26848c6611
01_当前接手核心与最新证据/MineSim_正式交接配套包_20260919_R1/sources/H18_历史交接与证据原包/MineSim_正式交接包_20260918_停工版V1/evidence/E12/轻量缓存固定计时复核/evidence/minesim_dual_cachetiming_v1/minesim_dual_cachetiming_v1/native/measure_02/RESOURCE_BEFORE.json,.json,445,1dd066d586b41799889f93d47a2021262a2a60e40401166057c1d1d9531bbbe4
01_当前接手核心与最新证据/MineSim_正式交接配套包_20260919_R1/sources/H18_历史交接与证据原包/MineSim_正式交接包_20260918_停工版V1/evidence/E12/轻量缓存固定计时复核/evidence/minesim_dual_cachetiming_v1/minesim_dual_cachetiming_v1/native/measure_02/native/RESULT.json,.json,2452,b6f25afc21263b90fc71894415dcd12bc146f6699c13525c8f5edf59a5f76b8c
01_当前接手核心与最新证据/MineSim_正式交接配套包_20260919_R1/sources/H18_历史交接与证据原包/MineSim_正式交接包_20260918_停工版V1/evidence/E12/轻量缓存固定计时复核/evidence/minesim_dual_cachetiming_v1/minesim_dual_cachetiming_v1/native/measure_02/native/coverage_policy_01__step0014/baseline_0.json,.json,25272,1f1915c556333952bb526970de91b3c6601d9df542ea7222aba8e516a9583a93
01_当前接手核心与最新证据/MineSim_正式交接配套包_20260919_R1/sources/H18_历史交接与证据原包/MineSim_正式交接包_20260918_停工版V1/evidence/E12/轻量缓存固定计时复核/evidence/minesim_dual_cachetiming_v1/minesim_dual_cachetiming_v1/native/measure_02/native/coverage_policy_01__step0014/baseline_1.json,.json,25293,88312aab7d2f3dc0006d347376138d2985ad50507693efd26a2f9d6754e2dec5
01_当前接手核心与最新证据/MineSim_正式交接配套包_20260919_R1/sources/H18_历史交接与证据原包/MineSim_正式交接包_20260918_停工版V1/evidence/E12/轻量缓存固定计时复核/evidence/minesim_dual_cachetiming_v1/minesim_dual_cachetiming_v1/native/measure_02/native/coverage_policy_01__step0014/cached_0.json,.json,25283,26dbf37c6ceb1df54e9239f86017f28ba836df5edd73221380ce47ec85df9e50
01_当前接手核心与最新证据/MineSim_正式交接配套包_20260919_R1/sources/H18_历史交接与证据原包/MineSim_正式交接包_20260918_停工版V1/evidence/E12/轻量缓存固定计时复核/evidence/minesim_dual_cachetiming_v1/minesim_dual_cachetiming_v1/native/measure_02/native/coverage_policy_01__step0014/cached_1.json,.json,25320,3d750e3f9fdbb980ce411d3a5ef18f1c69949f36fa33ae9bb4b14ae061552968
01_当前接手核心与最新证据/MineSim_正式交接配套包_20260919_R1/sources/H18_历史交接与证据原包/MineSim_正式交接包_20260918_停工版V1/evidence/E12/轻量缓存固定计时复核/evidence/minesim_dual_cachetiming_v1/minesim_dual_cachetiming_v1/native/measure_02/native/coverage_policy_05__step0011/baseline_0.json,.json,25266,946d948bed5ff0568a592f6321acc924c159121b52c0176d089d36c5177af0af
01_当前接手核心与最新证据/MineSim_正式交接配套包_20260919_R1/sources/H18_历史交接与证据原包/MineSim_正式交接包_20260918_停工版V1/evidence/E12/轻量缓存固定计时复核/evidence/minesim_dual_cachetiming_v1/minesim_dual_cachetiming_v1/native/measure_02/native/coverage_policy_05__step0011/baseline_1.json,.json,25265,33606f5cedfa0dd5abc174cb75b7092be3609f653766c64166b1c7729ee4ccc5
01_当前接手核心与最新证据/MineSim_正式交接配套包_20260919_R1/sources/H18_历史交接与证据原包/MineSim_正式交接包_20260918_停工版V1/evidence/E12/轻量缓存固定计时复核/evidence/minesim_dual_cachetiming_v1/minesim_dual_cachetiming_v1/native/measure_02/native/coverage_policy_05__step0011/cached_0.json,.json,25276,3c1695e7abc89b3ed8237e38585f39cc16598203de42f22bc1de97e96709b8d2
01_当前接手核心与最新证据/MineSim_正式交接配套包_20260919_R1/sources/H18_历史交接与证据原包/MineSim_正式交接包_20260918_停工版V1/evidence/E12/轻量缓存固定计时复核/evidence/minesim_dual_cachetiming_v1/minesim_dual_cachetiming_v1/native/measure_02/native/coverage_policy_05__step0011/cached_1.json,.json,25292,502cb10bd00d0896f4d52f02b1ec73688b159d527dab689a7fcec6eae28258d7
01_当前接手核心与最新证据/MineSim_正式交接配套包_20260919_R1/sources/H18_历史交接与证据原包/MineSim_正式交接包_20260918_停工版V1/evidence/E12/轻量缓存固定计时复核/evidence/minesim_dual_cachetiming_v1/minesim_dual_cachetiming_v1/native/measure_03/BLOCK_PROTOCOL.json,.json,166,e163f1e95b4b2d4e52e07a30f73e21e84df26a1d5cadb2332a2f27bf31a08fc4
01_当前接手核心与最新证据/MineSim_正式交接配套包_20260919_R1/sources/H18_历史交接与证据原包/MineSim_正式交接包_20260918_停工版V1/evidence/E12/轻量缓存固定计时复核/evidence/minesim_dual_cachetiming_v1/minesim_dual_cachetiming_v1/native/measure_03/BLOCK_SUMMARY.json,.json,3031,14b9d0f7d1e4fd005dda85083accab7357efe5de55a051015ffbd41a2b6ce5cb
01_当前接手核心与最新证据/MineSim_正式交接配套包_20260919_R1/sources/H18_历史交接与证据原包/MineSim_正式交接包_20260918_停工版V1/evidence/E12/轻量缓存固定计时复核/evidence/minesim_dual_cachetiming_v1/minesim_dual_cachetiming_v1/native/measure_03/RESOURCE_AFTER.json,.json,447,d49674d672fe7f5e2eb3d1adbe5c7ada29698d897ca358e7af8d4d037a5e72d2
01_当前接手核心与最新证据/MineSim_正式交接配套包_20260919_R1/sources/H18_历史交接与证据原包/MineSim_正式交接包_20260918_停工版V1/evidence/E12/轻量缓存固定计时复核/evidence/minesim_dual_cachetiming_v1/minesim_dual_cachetiming_v1/native/measure_03/RESOURCE_BEFORE.json,.json,446,ff0931e16b61622515acc54c6406bd18cf92b9bc3622db4cdf825bdc3d2aa37f
01_当前接手核心与最新证据/MineSim_正式交接配套包_20260919_R1/sources/H18_历史交接与证据原包/MineSim_正式交接包_20260918_停工版V1/evidence/E12/轻量缓存固定计时复核/evidence/minesim_dual_cachetiming_v1/minesim_dual_cachetiming_v1/native/measure_03/native/RESULT.json,.json,2458,c76f0eb90277766e1f255a7d8ca60d5f1f6a80cfdfdde29d81d11f5a401c1c81
01_当前接手核心与最新证据/MineSim_正式交接配套包_20260919_R1/sources/H18_历史交接与证据原包/MineSim_正式交接包_20260918_停工版V1/evidence/E12/轻量缓存固定计时复核/evidence/minesim_dual_cachetiming_v1/minesim_dual_cachetiming_v1/native/measure_03/native/coverage_policy_01__step0014/baseline_0.json,.json,25274,026f5f043931ad5eee280a14718f87d5f009d9139d8d1a51e10987ef5db85ff2
01_当前接手核心与最新证据/MineSim_正式交接配套包_20260919_R1/sources/H18_历史交接与证据原包/MineSim_正式交接包_20260918_停工版V1/evidence/E12/轻量缓存固定计时复核/evidence/minesim_dual_cachetiming_v1/minesim_dual_cachetiming_v1/native/measure_03/native/coverage_policy_01__step0014/baseline_1.json,.json,25292,daf7f3d45333f13ece18a4561dcbc1ea609b80bcf221b70c8730e4357ffc7a86
01_当前接手核心与最新证据/MineSim_正式交接配套包_20260919_R1/sources/H18_历史交接与证据原包/MineSim_正式交接包_20260918_停工版V1/evidence/E12/轻量缓存固定计时复核/evidence/minesim_dual_cachetiming_v1/minesim_dual_cachetiming_v1/native/measure_03/native/coverage_policy_01__step0014/cached_0.json,.json,25284,05ed0124c8d9c98a4116351117821d431cb059b18fe8f5f1bf8823a7741cffb3
01_当前接手核心与最新证据/MineSim_正式交接配套包_20260919_R1/sources/H18_历史交接与证据原包/MineSim_正式交接包_20260918_停工版V1/evidence/E12/轻量缓存固定计时复核/evidence/minesim_dual_cachetiming_v1/minesim_dual_cachetiming_v1/native/measure_03/native/coverage_policy_01__step0014/cached_1.json,.json,25321,3808e7e277df3991236c5d905258061dbddd3bb654df7052285eec0dc3e27262
01_当前接手核心与最新证据/MineSim_正式交接配套包_20260919_R1/sources/H18_历史交接与证据原包/MineSim_正式交接包_20260918_停工版V1/evidence/E12/轻量缓存固定计时复核/evidence/minesim_dual_cachetiming_v1/minesim_dual_cachetiming_v1/native/measure_03/native/coverage_policy_05__step0011/baseline_0.json,.json,25267,4377df3f0514aa3035c4a418db92497455fe2264696501454b09b40ee7d12ea3
01_当前接手核心与最新证据/MineSim_正式交接配套包_20260919_R1/sources/H18_历史交接与证据原包/MineSim_正式交接包_20260918_停工版V1/evidence/E12/轻量缓存固定计时复核/evidence/minesim_dual_cachetiming_v1/minesim_dual_cachetiming_v1/native/measure_03/native/coverage_policy_05__step0011/baseline_1.json,.json,25267,2f2595b1cd95b4b3a9fcc73e0861d48732d22c534a35b4ee3210ea56eea22361
01_当前接手核心与最新证据/MineSim_正式交接配套包_20260919_R1/sources/H18_历史交接与证据原包/MineSim_正式交接包_20260918_停工版V1/evidence/E12/轻量缓存固定计时复核/evidence/minesim_dual_cachetiming_v1/minesim_dual_cachetiming_v1/native/measure_03/native/coverage_policy_05__step0011/cached_0.json,.json,25279,8f9c85d39592e173fe3397b4c71269eb69c519002e22806ed51b8b519c578bfd
01_当前接手核心与最新证据/MineSim_正式交接配套包_20260919_R1/sources/H18_历史交接与证据原包/MineSim_正式交接包_20260918_停工版V1/evidence/E12/轻量缓存固定计时复核/evidence/minesim_dual_cachetiming_v1/minesim_dual_cachetiming_v1/native/measure_03/native/coverage_policy_05__step0011/cached_1.json,.json,25294,cb9f5f5ad969d0ead97c22686f42cc945385542b94c6703449385e880ca552cd
01_当前接手核心与最新证据/MineSim_正式交接配套包_20260919_R1/sources/H18_历史交接与证据原包/MineSim_正式交接包_20260918_停工版V1/evidence/E12/轻量缓存固定计时复核/evidence/minesim_dual_cachetiming_v1/minesim_dual_cachetiming_v1/native/measure_04/BLOCK_PROTOCOL.json,.json,165,dc223094ca08bde24e3be5c08ce2874bc86fab6b3c5bf239a56a829ea848538d
01_当前接手核心与最新证据/MineSim_正式交接配套包_20260919_R1/sources/H18_历史交接与证据原包/MineSim_正式交接包_20260918_停工版V1/evidence/E12/轻量缓存固定计时复核/evidence/minesim_dual_cachetiming_v1/minesim_dual_cachetiming_v1/native/measure_04/BLOCK_SUMMARY.json,.json,3025,70bd4d4c850bcb79958e2a8b79a379f6795d89eba45f81825c1ab40461492032
01_当前接手核心与最新证据/MineSim_正式交接配套包_20260919_R1/sources/H18_历史交接与证据原包/MineSim_正式交接包_20260918_停工版V1/evidence/E12/轻量缓存固定计时复核/evidence/minesim_dual_cachetiming_v1/minesim_dual_cachetiming_v1/native/measure_04/RESOURCE_AFTER.json,.json,447,7a26453c6309a86813ed854e445dbbd82e190bbf107e00999902713b9b016d96
01_当前接手核心与最新证据/MineSim_正式交接配套包_20260919_R1/sources/H18_历史交接与证据原包/MineSim_正式交接包_20260918_停工版V1/evidence/E12/轻量缓存固定计时复核/evidence/minesim_dual_cachetiming_v1/minesim_dual_cachetiming_v1/native/measure_04/RESOURCE_BEFORE.json,.json,448,87f62d92791b64a12cd4abbd38de65c3f9261ebf31628988168d1f3d30ed854d
01_当前接手核心与最新证据/MineSim_正式交接配套包_20260919_R1/sources/H18_历史交接与证据原包/MineSim_正式交接包_20260918_停工版V1/evidence/E12/轻量缓存固定计时复核/evidence/minesim_dual_cachetiming_v1/minesim_dual_cachetiming_v1/native/measure_04/native/RESULT.json,.json,2452,e3f7f3b0c08e4c3b5ad54060eec28b3dcd7d64c732e1d2f03381785fe0f33322
01_当前接手核心与最新证据/MineSim_正式交接配套包_20260919_R1/sources/H18_历史交接与证据原包/MineSim_正式交接包_20260918_停工版V1/evidence/E12/轻量缓存固定计时复核/evidence/minesim_dual_cachetiming_v1/minesim_dual_cachetiming_v1/native/measure_04/native/coverage_policy_01__step0014/baseline_0.json,.json,25273,7c72053b76eb4c6d1ae96ee1845e7b464922618988d2f71068287dc448e455cb
01_当前接手核心与最新证据/MineSim_正式交接配套包_20260919_R1/sources/H18_历史交接与证据原包/MineSim_正式交接包_20260918_停工版V1/evidence/E12/轻量缓存固定计时复核/evidence/minesim_dual_cachetiming_v1/minesim_dual_cachetiming_v1/native/measure_04/native/coverage_policy_01__step0014/baseline_1.json,.json,25291,4cc7fe2731b076a4cee3dd180a302a59ed11308dee16b3ee1b1fba42e683f34c
01_当前接手核心与最新证据/MineSim_正式交接配套包_20260919_R1/sources/H18_历史交接与证据原包/MineSim_正式交接包_20260918_停工版V1/evidence/E12/轻量缓存固定计时复核/evidence/minesim_dual_cachetiming_v1/minesim_dual_cachetiming_v1/native/measure_04/native/coverage_policy_01__step0014/cached_0.json,.json,25283,ab302ad4068a6f4631ae7eb9e363afb8f19cccf34b6d68309706b4f6ec74e2d3
01_当前接手核心与最新证据/MineSim_正式交接配套包_20260919_R1/sources/H18_历史交接与证据原包/MineSim_正式交接包_20260918_停工版V1/evidence/E12/轻量缓存固定计时复核/evidence/minesim_dual_cachetiming_v1/minesim_dual_cachetiming_v1/native/measure_04/native/coverage_policy_01__step0014/cached_1.json,.json,25320,9e714d7b1bff7979869b36992bbc27f2e185ba448516e2d6782d1d286ecbc405
01_当前接手核心与最新证据/MineSim_正式交接配套包_20260919_R1/sources/H18_历史交接与证据原包/MineSim_正式交接包_20260918_停工版V1/evidence/E12/轻量缓存固定计时复核/evidence/minesim_dual_cachetiming_v1/minesim_dual_cachetiming_v1/native/measure_04/native/coverage_policy_05__step0011/baseline_0.json,.json,25268,fef9cd349b544162527711b243f5a3de3490c3b5096d4567819bc4d6bcaa131b
01_当前接手核心与最新证据/MineSim_正式交接配套包_20260919_R1/sources/H18_历史交接与证据原包/MineSim_正式交接包_20260918_停工版V1/evidence/E12/轻量缓存固定计时复核/evidence/minesim_dual_cachetiming_v1/minesim_dual_cachetiming_v1/native/measure_04/native/coverage_policy_05__step0011/baseline_1.json,.json,25266,581b509e78d61b6bd74fe4503a303c5caa2ec401cf7f380c7a2a9bea2f5e6506
01_当前接手核心与最新证据/MineSim_正式交接配套包_20260919_R1/sources/H18_历史交接与证据原包/MineSim_正式交接包_20260918_停工版V1/evidence/E12/轻量缓存固定计时复核/evidence/minesim_dual_cachetiming_v1/minesim_dual_cachetiming_v1/native/measure_04/native/coverage_policy_05__step0011/cached_0.json,.json,25276,d3b32f59cebb354629a67a2564dd79ea489a3df27af843e66b8e2beac224c8c5
01_当前接手核心与最新证据/MineSim_正式交接配套包_20260919_R1/sources/H18_历史交接与证据原包/MineSim_正式交接包_20260918_停工版V1/evidence/E12/轻量缓存固定计时复核/evidence/minesim_dual_cachetiming_v1/minesim_dual_cachetiming_v1/native/measure_04/native/coverage_policy_05__step0011/cached_1.json,.json,25290,724b23ef48745278ba7be655b554424171ce02228aa0eb7c607f2510d2dbb912
01_当前接手核心与最新证据/MineSim_正式交接配套包_20260919_R1/sources/H18_历史交接与证据原包/MineSim_正式交接包_20260918_停工版V1/evidence/E12/轻量缓存固定计时复核/evidence/minesim_dual_cachetiming_v1/minesim_dual_cachetiming_v1/native/warmup/BLOCK_PROTOCOL.json,.json,160,c7a66018e158b454312852afe60b0faab2068e8dcb1960672b603ed99764ccd8
01_当前接手核心与最新证据/MineSim_正式交接配套包_20260919_R1/sources/H18_历史交接与证据原包/MineSim_正式交接包_20260918_停工版V1/evidence/E12/轻量缓存固定计时复核/evidence/minesim_dual_cachetiming_v1/minesim_dual_cachetiming_v1/native/warmup/BLOCK_SUMMARY.json,.json,3012,2baa63e5ded20eb842073bdffe015be6b030f6aa9fa12a7b8a884f3fa344574b
01_当前接手核心与最新证据/MineSim_正式交接配套包_20260919_R1/sources/H18_历史交接与证据原包/MineSim_正式交接包_20260918_停工版V1/evidence/E12/轻量缓存固定计时复核/evidence/minesim_dual_cachetiming_v1/minesim_dual_cachetiming_v1/native/warmup/RESOURCE_AFTER.json,.json,446,5e021e0a039366d58803f50745e77f75e2801e38d2202143d8dfc74b1f26d87e
01_当前接手核心与最新证据/MineSim_正式交接配套包_20260919_R1/sources/H18_历史交接与证据原包/MineSim_正式交接包_20260918_停工版V1/evidence/E12/轻量缓存固定计时复核/evidence/minesim_dual_cachetiming_v1/minesim_dual_cachetiming_v1/native/warmup/RESOURCE_BEFORE.json,.json,445,eda2e3f257cec1b1c01255d4a3f3a836ec0c66d98aa3cdf6e7ed85fed873071f
01_当前接手核心与最新证据/MineSim_正式交接配套包_20260919_R1/sources/H18_历史交接与证据原包/MineSim_正式交接包_20260918_停工版V1/evidence/E12/轻量缓存固定计时复核/evidence/minesim_dual_cachetiming_v1/minesim_dual_cachetiming_v1/native/warmup/native/RESULT.json,.json,2445,f77e80e89be5c02db93b489b4ffc836d3295a20c81640ec75c95bba10c49a354
01_当前接手核心与最新证据/MineSim_正式交接配套包_20260919_R1/sources/H18_历史交接与证据原包/MineSim_正式交接包_20260918_停工版V1/evidence/E12/轻量缓存固定计时复核/evidence/minesim_dual_cachetiming_v1/minesim_dual_cachetiming_v1/native/warmup/native/coverage_policy_01__step0014/baseline_0.json,.json,25265,ed8634044b237845ed8a4ea3fdd5b47c0c2c51e43bc00580d4e0af999c2c779e
01_当前接手核心与最新证据/MineSim_正式交接配套包_20260919_R1/sources/H18_历史交接与证据原包/MineSim_正式交接包_20260918_停工版V1/evidence/E12/轻量缓存固定计时复核/evidence/minesim_dual_cachetiming_v1/minesim_dual_cachetiming_v1/native/warmup/native/coverage_policy_01__step0014/baseline_1.json,.json,25292,fd14ef9fc74c6b2d34cf6968e2dc5c1380ae454715a8ff4ae51d0e72d6e4713a
01_当前接手核心与最新证据/MineSim_正式交接配套包_20260919_R1/sources/H18_历史交接与证据原包/MineSim_正式交接包_20260918_停工版V1/evidence/E12/轻量缓存固定计时复核/evidence/minesim_dual_cachetiming_v1/minesim_dual_cachetiming_v1/native/warmup/native/coverage_policy_01__step0014/cached_0.json,.json,25283,611059c84e5f1b23c3a77ba0de0fc7783b0e0c29c5d13f7c7652f20528cba819
01_当前接手核心与最新证据/MineSim_正式交接配套包_20260919_R1/sources/H18_历史交接与证据原包/MineSim_正式交接包_20260918_停工版V1/evidence/E12/轻量缓存固定计时复核/evidence/minesim_dual_cachetiming_v1/minesim_dual_cachetiming_v1/native/warmup/native/coverage_policy_01__step0014/cached_1.json,.json,25320,9784efed150e41d7e65d2fc00152f4a42c49896af45293769b91273ec70ff1a0
01_当前接手核心与最新证据/MineSim_正式交接配套包_20260919_R1/sources/H18_历史交接与证据原包/MineSim_正式交接包_20260918_停工版V1/evidence/E12/轻量缓存固定计时复核/evidence/minesim_dual_cachetiming_v1/minesim_dual_cachetiming_v1/native/warmup/native/coverage_policy_05__step0011/baseline_0.json,.json,25266,079bc575a776dfde478105e4253c8fcb3f22b8c4d30e910aad7b5cc8bf4d67e0
01_当前接手核心与最新证据/MineSim_正式交接配套包_20260919_R1/sources/H18_历史交接与证据原包/MineSim_正式交接包_20260918_停工版V1/evidence/E12/轻量缓存固定计时复核/evidence/minesim_dual_cachetiming_v1/minesim_dual_cachetiming_v1/native/warmup/native/coverage_policy_05__step0011/baseline_1.json,.json,25264,72b942f68b685079ac501c875fdb8a2e1eec1e5ff6b0736c75f1706bb15165ca
01_当前接手核心与最新证据/MineSim_正式交接配套包_20260919_R1/sources/H18_历史交接与证据原包/MineSim_正式交接包_20260918_停工版V1/evidence/E12/轻量缓存固定计时复核/evidence/minesim_dual_cachetiming_v1/minesim_dual_cachetiming_v1/native/warmup/native/coverage_policy_05__step0011/cached_0.json,.json,25276,cbd295d3fe8efe2532873e38382af577c693af48365fc00e302d553b2cbf3538
01_当前接手核心与最新证据/MineSim_正式交接配套包_20260919_R1/sources/H18_历史交接与证据原包/MineSim_正式交接包_20260918_停工版V1/evidence/E12/轻量缓存固定计时复核/evidence/minesim_dual_cachetiming_v1/minesim_dual_cachetiming_v1/native/warmup/native/coverage_policy_05__step0011/cached_1.json,.json,25293,f4ca58c1fc98bd33802501d41ba718d680bba2e2819d8d92c3bdf45902095409
01_当前接手核心与最新证据/MineSim_正式交接配套包_20260919_R1/sources/H18_历史交接与证据原包/MineSim_正式交接包_20260918_停工版V1/evidence/E12/轻量缓存固定计时复核/evidence/minesim_dual_cachetiming_v1/minesim_dual_cachetiming_v1/parent_sources/MANIFEST.json,.json,14913,856b1d136c6130f182862be2167fbbe46a4cf266b2fca3ca57a956e13907e3bb
01_当前接手核心与最新证据/MineSim_正式交接配套包_20260919_R1/sources/H18_历史交接与证据原包/MineSim_正式交接包_20260918_停工版V1/evidence/E12/轻量缓存固定计时复核/evidence/minesim_dual_cachetiming_v1/minesim_dual_cachetiming_v1/parent_sources/native/coverage_policy_01__step0014/cached_0.json,.json,25286,ce4cdae61c9321f35f42ece3766fdde2d2c6c563e0b6c54e8c1e93b0e6c5e7cf
01_当前接手核心与最新证据/MineSim_正式交接配套包_20260919_R1/sources/H18_历史交接与证据原包/MineSim_正式交接包_20260918_停工版V1/evidence/E12/轻量缓存固定计时复核/evidence/minesim_dual_cachetiming_v1/minesim_dual_cachetiming_v1/parent_sources/native/coverage_policy_01__step0014/cached_1.json,.json,25321,c516141c5d960a7d1f1d3ebdfde2f6fb6bdd08c5d4361b58ecb8b2e6f885ca47
01_当前接手核心与最新证据/MineSim_正式交接配套包_20260919_R1/sources/H18_历史交接与证据原包/MineSim_正式交接包_20260918_停工版V1/evidence/E12/轻量缓存固定计时复核/evidence/minesim_dual_cachetiming_v1/minesim_dual_cachetiming_v1/parent_sources/native/coverage_policy_05__step0011/cached_0.json,.json,25279,a7ee54a9f3731d0f158e2129f5e49ed0942a1fd0322f5305ce174537088946dd
01_当前接手核心与最新证据/MineSim_正式交接配套包_20260919_R1/sources/H18_历史交接与证据原包/MineSim_正式交接包_20260918_停工版V1/evidence/E12/轻量缓存固定计时复核/evidence/minesim_dual_cachetiming_v1/minesim_dual_cachetiming_v1/parent_sources/native/coverage_policy_05__step0011/cached_1.json,.json,25289,b209f17633ed6dab5dc85fce3afa60dd3cfe267f3fb7c58771af8340f0987f57
01_当前接手核心与最新证据/MineSim_正式交接配套包_20260919_R1/sources/H18_历史交接与证据原包/MineSim_正式交接包_20260918_停工版V1/evidence/E12/轻量缓存固定计时复核/original/CAPTURE.json,.json,108,2cddf6fc22d23e3a21e2f06c7517acefc1c3e373ab290ec46e52d6df980e6d24
01_当前接手核心与最新证据/MineSim_正式交接配套包_20260919_R1/sources/H18_历史交接与证据原包/MineSim_正式交接包_20260918_停工版V1/evidence/E12/轻量缓存固定计时复核/original/RESOURCES.json,.json,177,7e94327e4ebd9a958096dec5b9037c03e5bdbd6ad67b824fc9ef1cdd2de7e891
01_当前接手核心与最新证据/MineSim_正式交接配套包_20260919_R1/sources/H18_历史交接与证据原包/MineSim_正式交接包_20260918_停工版V1/evidence/E12/轻量缓存固定计时复核/original/RESULT.json,.json,2060,50399feb469da8d92c54af8724c333593f2b9bd557faab5fe866c9b7912f9583
01_当前接手核心与最新证据/MineSim_正式交接配套包_20260919_R1/sources/H18_历史交接与证据原包/MineSim_正式交接包_20260918_停工版V1/evidence/E12/轻量缓存固定计时复核/original/TECHNICAL_START.json,.json,161,4184e7be02b7822bc42235b62690b49825633f47348afd62083e72628315698a
01_当前接手核心与最新证据/MineSim_正式交接配套包_20260919_R1/sources/H18_历史交接与证据原包/MineSim_正式交接包_20260918_停工版V1/evidence/E12/轻量缓存固定计时复核/original/native/RESULT.json,.json,1396,70d18c2bae5e67f4b08a57d31223ae0e650889d6f01b5ff37d05c325f940a42e
01_当前接手核心与最新证据/MineSim_正式交接配套包_20260919_R1/sources/H18_历史交接与证据原包/MineSim_正式交接包_20260918_停工版V1/evidence/E12/轻量缓存固定计时复核/original/native/TIMING_ANALYSIS.json,.json,9949,2469db8c8e3b141840f576fcbd9bc6172a893de2da8421d142ecb3f81d394a6c
01_当前接手核心与最新证据/MineSim_正式交接配套包_20260919_R1/sources/H18_历史交接与证据原包/MineSim_正式交接包_20260918_停工版V1/evidence/E12/轻量缓存固定计时复核/review_saved_artifacts.py,.py,11132,4b76eda4c95fc1c0cda5415bf0a57c50bbc83fec036356de1d39126acc1e38ce
01_当前接手核心与最新证据/MineSim_正式交接配套包_20260919_R1/sources/H18_历史交接与证据原包/MineSim_正式交接包_20260918_停工版V1/evidence/E13/PRIOR_REVIEW.json,.json,3212,10998163fde0a6d49036b7cc313fe4d4c53eae01c36afd95725d58ea0e1f41de
01_当前接手核心与最新证据/MineSim_正式交接配套包_20260919_R1/sources/H18_历史交接与证据原包/MineSim_正式交接包_20260918_停工版V1/evidence/E13/minesim_dual_subtree_h8_smoke_v1/minesim_dual_subtree_h8_smoke_v1/CAPTURE.json,.json,108,aa65731f360091e1e54058bb033af30d023adc32b35ac0bed7f281a2187342c7
01_当前接手核心与最新证据/MineSim_正式交接配套包_20260919_R1/sources/H18_历史交接与证据原包/MineSim_正式交接包_20260918_停工版V1/evidence/E13/minesim_dual_subtree_h8_smoke_v1/minesim_dual_subtree_h8_smoke_v1/EVENTS.jsonl,.jsonl,10196,4a9315eacb628d3de8d831525a8274577d5e9d9c7407394d29c48d0b712c7da0
01_当前接手核心与最新证据/MineSim_正式交接配套包_20260919_R1/sources/H18_历史交接与证据原包/MineSim_正式交接包_20260918_停工版V1/evidence/E13/minesim_dual_subtree_h8_smoke_v1/minesim_dual_subtree_h8_smoke_v1/MANIFEST.json,.json,17342,b4c9c162b0e33cfdc8accb77eb68cacd50188c9d782c011ac16237208f57f586
01_当前接手核心与最新证据/MineSim_正式交接配套包_20260919_R1/sources/H18_历史交接与证据原包/MineSim_正式交接包_20260918_停工版V1/evidence/E13/minesim_dual_subtree_h8_smoke_v1/minesim_dual_subtree_h8_smoke_v1/PROCESSES_AFTER.json,.json,1144,d52bda95c57be28ccdf2782b61088f61d4254cf3f247265089f416cd24c016ac
01_当前接手核心与最新证据/MineSim_正式交接配套包_20260919_R1/sources/H18_历史交接与证据原包/MineSim_正式交接包_20260918_停工版V1/evidence/E13/minesim_dual_subtree_h8_smoke_v1/minesim_dual_subtree_h8_smoke_v1/REQUEST.json,.json,238,552954d3c70017fb5977063cfc2b50fd1a6055dff7309384820f9e56e82371c5
01_当前接手核心与最新证据/MineSim_正式交接配套包_20260919_R1/sources/H18_历史交接与证据原包/MineSim_正式交接包_20260918_停工版V1/evidence/E13/minesim_dual_subtree_h8_smoke_v1/minesim_dual_subtree_h8_smoke_v1/RESOURCES.json,.json,168,30a555912bec5ef055edf13bba368fb4270486a16e31aa10e05603d0e09797d6
01_当前接手核心与最新证据/MineSim_正式交接配套包_20260919_R1/sources/H18_历史交接与证据原包/MineSim_正式交接包_20260918_停工版V1/evidence/E13/minesim_dual_subtree_h8_smoke_v1/minesim_dual_subtree_h8_smoke_v1/RESULT.json,.json,4471,6b8ff295aed37b91373780765c65fc298bd42b9c38fc38cc7b8dc4716e59484b
01_当前接手核心与最新证据/MineSim_正式交接配套包_20260919_R1/sources/H18_历史交接与证据原包/MineSim_正式交接包_20260918_停工版V1/evidence/E13/minesim_dual_subtree_h8_smoke_v1/minesim_dual_subtree_h8_smoke_v1/SOURCE_PROVENANCE.json,.json,17668,f219da00b5731fdeb0f44c445f1744acb5ab9474ad5bff4e350aed220c651086
01_当前接手核心与最新证据/MineSim_正式交接配套包_20260919_R1/sources/H18_历史交接与证据原包/MineSim_正式交接包_20260918_停工版V1/evidence/E13/minesim_dual_subtree_h8_smoke_v1/minesim_dual_subtree_h8_smoke_v1/TECHNICAL_START.json,.json,150,9d397748560455fe30e95ef4cdeabd2aa002bc70a5f0526576496934aa0a1425
01_当前接手核心与最新证据/MineSim_正式交接配套包_20260919_R1/sources/H18_历史交接与证据原包/MineSim_正式交接包_20260918_停工版V1/evidence/E13/minesim_dual_subtree_h8_smoke_v1/minesim_dual_subtree_h8_smoke_v1/native/IMPORTS.json,.json,595,8c4f4242af158b73622fe96416fadf9d1f5dda18f7594f963c19115d4a650c3f
01_当前接手核心与最新证据/MineSim_正式交接配套包_20260919_R1/sources/H18_历史交接与证据原包/MineSim_正式交接包_20260918_停工版V1/evidence/E13/minesim_dual_subtree_h8_smoke_v1/minesim_dual_subtree_h8_smoke_v1/native/RESULT.json,.json,3790,c5ff440f571605a94cc3bae3fd81d2f1610bc28f92f45d5eb9271c1eea8d7b38
01_当前接手核心与最新证据/MineSim_正式交接配套包_20260919_R1/sources/H18_历史交接与证据原包/MineSim_正式交接包_20260918_停工版V1/evidence/E13/minesim_dual_subtree_h8_smoke_v1/minesim_dual_subtree_h8_smoke_v1/native/coverage_policy_01__step0014/baseline_0.json,.json,24690,8f61c3f38275a6f9221256268284edc5421c0bc70c163bfbb5107519150170e4
01_当前接手核心与最新证据/MineSim_正式交接配套包_20260919_R1/sources/H18_历史交接与证据原包/MineSim_正式交接包_20260918_停工版V1/evidence/E13/minesim_dual_subtree_h8_smoke_v1/minesim_dual_subtree_h8_smoke_v1/native/coverage_policy_01__step0014/baseline_1.json,.json,24690,308c7660a69c976e57a25f4f809be3cf0036ca1755319719be2f990e6e8fa50c
01_当前接手核心与最新证据/MineSim_正式交接配套包_20260919_R1/sources/H18_历史交接与证据原包/MineSim_正式交接包_20260918_停工版V1/evidence/E13/minesim_dual_subtree_h8_smoke_v1/minesim_dual_subtree_h8_smoke_v1/native/coverage_policy_01__step0014/promotion_1.json,.json,22901,a67aed7771bc7a7708e329deeea28b4bfa1331454740478a6173a9ca8ebb2ce6
01_当前接手核心与最新证据/MineSim_正式交接配套包_20260919_R1/sources/H18_历史交接与证据原包/MineSim_正式交接包_20260918_停工版V1/evidence/E13/minesim_dual_subtree_h8_smoke_v1/minesim_dual_subtree_h8_smoke_v1/native/coverage_policy_01__step0014/rebased_0.json,.json,25583,63a18a276e7574ff99e58aacbe0d1bb47676c3f5c8b11b2064b8da532764a294
01_当前接手核心与最新证据/MineSim_正式交接配套包_20260919_R1/sources/H18_历史交接与证据原包/MineSim_正式交接包_20260918_停工版V1/evidence/E13/minesim_dual_subtree_h8_smoke_v1/minesim_dual_subtree_h8_smoke_v1/native/coverage_policy_01__step0014/rebased_1.json,.json,26157,545d832ee3d14c773c7af81c6ca70f80a463506f6281a20d98d38cd3cfe1eec4
01_当前接手核心与最新证据/MineSim_正式交接配套包_20260919_R1/sources/H18_历史交接与证据原包/MineSim_正式交接包_20260918_停工版V1/evidence/E13/minesim_dual_subtree_h8_smoke_v1/minesim_dual_subtree_h8_smoke_v1/native/coverage_policy_01__step0014/tree_0.json,.json,774399,92af0b8fd486d81e02cd1819777b6afb21205c8e590477bf79178372eeb4f5fe
01_当前接手核心与最新证据/MineSim_正式交接配套包_20260919_R1/sources/H18_历史交接与证据原包/MineSim_正式交接包_20260918_停工版V1/evidence/E13/minesim_dual_subtree_h8_smoke_v1/minesim_dual_subtree_h8_smoke_v1/native/coverage_policy_01__step0014/tree_1.json,.json,773653,37d649d6a62fe1be161cc56fbbb86de648eb10d5f682543021c0a220074757c1
01_当前接手核心与最新证据/MineSim_正式交接配套包_20260919_R1/sources/H18_历史交接与证据原包/MineSim_正式交接包_20260918_停工版V1/evidence/E13/minesim_dual_subtree_h8_smoke_v1/minesim_dual_subtree_h8_smoke_v1/native/coverage_policy_05__step0011/baseline_0.json,.json,24676,a99562651ac83e97551e7b849b1cc02572a14d0f9b098fe1255061acf8dfe704
01_当前接手核心与最新证据/MineSim_正式交接配套包_20260919_R1/sources/H18_历史交接与证据原包/MineSim_正式交接包_20260918_停工版V1/evidence/E13/minesim_dual_subtree_h8_smoke_v1/minesim_dual_subtree_h8_smoke_v1/native/coverage_policy_05__step0011/baseline_1.json,.json,24670,623ff34a8ab7b728caf4832b05438514379eb6947adba75e0b62135fa01a387b
01_当前接手核心与最新证据/MineSim_正式交接配套包_20260919_R1/sources/H18_历史交接与证据原包/MineSim_正式交接包_20260918_停工版V1/evidence/E13/minesim_dual_subtree_h8_smoke_v1/minesim_dual_subtree_h8_smoke_v1/native/coverage_policy_05__step0011/promotion_1.json,.json,22027,0c043f962c1493b3cbaad31d430537391821b88b80983bede39e65b91abf6f5b
01_当前接手核心与最新证据/MineSim_正式交接配套包_20260919_R1/sources/H18_历史交接与证据原包/MineSim_正式交接包_20260918_停工版V1/evidence/E13/minesim_dual_subtree_h8_smoke_v1/minesim_dual_subtree_h8_smoke_v1/native/coverage_policy_05__step0011/rebased_0.json,.json,25574,dbf5a397379cba18b7826e9a16eea5e8c1fbc83d84bff547cdb2a93f7c363154
01_当前接手核心与最新证据/MineSim_正式交接配套包_20260919_R1/sources/H18_历史交接与证据原包/MineSim_正式交接包_20260918_停工版V1/evidence/E13/minesim_dual_subtree_h8_smoke_v1/minesim_dual_subtree_h8_smoke_v1/native/coverage_policy_05__step0011/rebased_1.json,.json,26086,49d2de5f8238d1815c9173b43316eff5897bf827fd28c3affda7abbecd3e101e
01_当前接手核心与最新证据/MineSim_正式交接配套包_20260919_R1/sources/H18_历史交接与证据原包/MineSim_正式交接包_20260918_停工版V1/evidence/E13/minesim_dual_subtree_h8_smoke_v1/minesim_dual_subtree_h8_smoke_v1/native/coverage_policy_05__step0011/tree_0.json,.json,773503,8883bbfe25cd057d33144a9c3524316e92a524d473ba057079e32fc74d3550cc
01_当前接手核心与最新证据/MineSim_正式交接配套包_20260919_R1/sources/H18_历史交接与证据原包/MineSim_正式交接包_20260918_停工版V1/evidence/E13/minesim_dual_subtree_h8_smoke_v1/minesim_dual_subtree_h8_smoke_v1/native/coverage_policy_05__step0011/tree_1.json,.json,771093,86bedff1a5c30baa82a614589fc43322b8c7e9813c3236b94c5e4fc9d4c6694e
01_当前接手核心与最新证据/MineSim_正式交接配套包_20260919_R1/sources/H18_历史交接与证据原包/MineSim_正式交接包_20260918_停工版V1/evidence/E13/minesim_dual_subtree_h8_smoke_v1/minesim_dual_subtree_h8_smoke_v1/parent_sources/MANIFEST.json,.json,29300,74afb1fcdd412d4a3b2fc9bab4714760552dc220cbe49215208b9aabd7c5dec1
01_当前接手核心与最新证据/MineSim_正式交接配套包_20260919_R1/sources/H18_历史交接与证据原包/MineSim_正式交接包_20260918_停工版V1/evidence/E13/minesim_dual_subtree_h8_smoke_v1/minesim_dual_subtree_h8_smoke_v1/parent_sources/native/measure_01/native/coverage_policy_01__step0014/baseline_0.json,.json,25272,fa13e18a51c4b4bb72a6e5bd46d5b28bd5881ea10cb96df001e3100e45dfa0c5
01_当前接手核心与最新证据/MineSim_正式交接配套包_20260919_R1/sources/H18_历史交接与证据原包/MineSim_正式交接包_20260918_停工版V1/evidence/E13/minesim_dual_subtree_h8_smoke_v1/minesim_dual_subtree_h8_smoke_v1/parent_sources/native/measure_01/native/coverage_policy_01__step0014/baseline_1.json,.json,25292,b428d90679adb47cd87cc46bdcd45e5653037edce94c8237d100f083ee38f524
01_当前接手核心与最新证据/MineSim_正式交接配套包_20260919_R1/sources/H18_历史交接与证据原包/MineSim_正式交接包_20260918_停工版V1/evidence/E13/minesim_dual_subtree_h8_smoke_v1/minesim_dual_subtree_h8_smoke_v1/parent_sources/native/measure_01/native/coverage_policy_05__step0011/baseline_0.json,.json,25265,41a8d33554b358122ec33b08826d6924823f9d11045d68269da8a35e95e21c90
01_当前接手核心与最新证据/MineSim_正式交接配套包_20260919_R1/sources/H18_历史交接与证据原包/MineSim_正式交接包_20260918_停工版V1/evidence/E13/minesim_dual_subtree_h8_smoke_v1/minesim_dual_subtree_h8_smoke_v1/parent_sources/native/measure_01/native/coverage_policy_05__step0011/baseline_1.json,.json,25265,7a3820869d403a749c58ac666f450795164c267512cbede957926c6d064e3e6a
01_当前接手核心与最新证据/MineSim_正式交接配套包_20260919_R1/sources/H18_历史交接与证据原包/MineSim_正式交接包_20260918_停工版V1/evidence/E13/minesim_dual_subtree_h8_smoke_v1/minesim_dual_subtree_h8_smoke_v1/release/PROTOCOL.json,.json,3798,18082214d62f62aef59cb10046fe4bc9d51cf5cd9e4d55063d2e48d196978bdc
01_当前接手核心与最新证据/MineSim_正式交接配套包_20260919_R1/sources/H18_历史交接与证据原包/MineSim_正式交接包_20260918_停工版V1/evidence/E13/minesim_dual_subtree_h8_smoke_v1/minesim_dual_subtree_h8_smoke_v1/release/RELEASE_MANIFEST.json,.json,648,a02b2e1f13c04714f65fa9335ade8893088dd2bfa8a1ab84529ceceaa7bf8bef
01_当前接手核心与最新证据/MineSim_正式交接配套包_20260919_R1/sources/H18_历史交接与证据原包/MineSim_正式交接包_20260918_停工版V1/evidence/E13/minesim_dual_subtree_h8_smoke_v1/minesim_dual_subtree_h8_smoke_v1/release/SOURCE_BINDINGS.json,.json,13705,2cf691f72a7b60aa3763f11a544999b5ea9ec12ca2f01927c63d2eb1af6f2fc5
01_当前接手核心与最新证据/MineSim_正式交接配套包_20260919_R1/sources/H18_历史交接与证据原包/MineSim_正式交接包_20260918_停工版V1/evidence/E13/minesim_dual_subtree_h8_smoke_v1/minesim_dual_subtree_h8_smoke_v1/release/experiment.py,.py,11601,18664bf975121639008e43c50e6a15dbce1740842b034fe7c4a90ca981bc77e1
01_当前接手核心与最新证据/MineSim_正式交接配套包_20260919_R1/sources/H18_历史交接与证据原包/MineSim_正式交接包_20260918_停工版V1/evidence/E13/minesim_dual_subtree_h8_smoke_v1/minesim_dual_subtree_h8_smoke_v1/release/gate.py,.py,15869,57c6219156215a97f2f6eaac38321a9483f05878e2e82d10d7300716156f8d90
01_当前接手核心与最新证据/MineSim_正式交接配套包_20260919_R1/sources/H18_历史交接与证据原包/MineSim_正式交接包_20260918_停工版V1/evidence/P01/H8_policy4_已交付准备原包/PACKAGE_MANIFEST.json,.json,4343,a11e915b7237bd7c0d911d11293fc4a525a9ec533eeaad5b7b0033d0f52fcb5d
01_当前接手核心与最新证据/MineSim_正式交接配套包_20260919_R1/sources/H18_历史交接与证据原包/MineSim_正式交接包_20260918_停工版V1/evidence/P01/H8_policy4_已交付准备原包/README.md,.md,1365,13544346747c18a2f64f4b9a694a3dbd0072e6c993348100e84cc8e7bd30c591
01_当前接手核心与最新证据/MineSim_正式交接配套包_20260919_R1/sources/H18_历史交接与证据原包/MineSim_正式交接包_20260918_停工版V1/evidence/P01/H8_policy4_已交付准备原包/TEST_REPORT.json,.json,1017,be891fb149c31eaef492f9c5f6b7ef9a235cc1b9e0408a6a1e7938ac8a33ec23
01_当前接手核心与最新证据/MineSim_正式交接配套包_20260919_R1/sources/H18_历史交接与证据原包/MineSim_正式交接包_20260918_停工版V1/evidence/P01/H8_policy4_已交付准备原包/review/CURRENT_STATE.json,.json,1077,207b6f80d112ab690689ac23a6c5632c29e0c61090793ca1cf11ad66ae45adc8
01_当前接手核心与最新证据/MineSim_正式交接配套包_20260919_R1/sources/H18_历史交接与证据原包/MineSim_正式交接包_20260918_停工版V1/evidence/P01/H8_policy4_已交付准备原包/review/REPORT.md,.md,2563,5f24c0a93d971fd8178306ae8e058a3a107bdc1f01b4b4d5e74020ac243a5061
01_当前接手核心与最新证据/MineSim_正式交接配套包_20260919_R1/sources/H18_历史交接与证据原包/MineSim_正式交接包_20260918_停工版V1/evidence/P01/H8_policy4_已交付准备原包/technical_tests/launcher_noarg.log,.log,92,4b411dc66da29f7f6670bac478756aa925c80c5b481b4cfa784cdc025ec74f96
01_当前接手核心与最新证据/MineSim_正式交接配套包_20260919_R1/sources/H18_历史交接与证据原包/MineSim_正式交接包_20260918_停工版V1/evidence/P01/H8_policy4_已交付准备原包/technical_tests/launcher_tests.json,.json,257,edbb4482f5aa72259266d270bde6be9947896191e92ecf9465c6e5165f12a13c
01_当前接手核心与最新证据/MineSim_正式交接配套包_20260919_R1/sources/H18_历史交接与证据原包/MineSim_正式交接包_20260918_停工版V1/evidence/P01/H8_policy4_已交付准备原包/technical_tests/tests_gate.log,.log,1101,cb9d20dfd859c48555929c994444da6bf9a567b47ce41a317463e762a4f44971
01_当前接手核心与最新证据/MineSim_正式交接配套包_20260919_R1/sources/H18_历史交接与证据原包/MineSim_正式交接包_20260918_停工版V1/evidence/P01/H8_policy4_已交付准备原包/technical_tests/tests_gate.py,.py,5231,c9a1acc7407213056806f3507a8e90061f885a596d128d3795dd62357017f654
01_当前接手核心与最新证据/MineSim_正式交接配套包_20260919_R1/sources/H18_历史交接与证据原包/MineSim_正式交接包_20260918_停工版V1/evidence/P01/H8_policy4_已交付准备原包/technical_tests/tests_policy_metrics.log,.log,1061,de8f0449aad886d7e43ca6261527fd8a884e3d6164fe3987f812d0f4b0206ab0
01_当前接手核心与最新证据/MineSim_正式交接配套包_20260919_R1/sources/H18_历史交接与证据原包/MineSim_正式交接包_20260918_停工版V1/evidence/P01/H8_policy4_已交付准备原包/technical_tests/tests_policy_metrics.py,.py,2582,2532ec8328199773348a434648be7afdae1efd1857fdad27b3449aa76a752ed5
01_当前接手核心与最新证据/MineSim_正式交接配套包_20260919_R1/sources/H18_历史交接与证据原包/MineSim_正式交接包_20260918_停工版V1/evidence/P01/H8_policy4_已交付准备原包/technical_tests/tests_subtree.log,.log,2463,a5dc3d4490972f90654ced4601f8bf75dabc82104b6e2ee17cd6a3a55c49bbd2
01_当前接手核心与最新证据/MineSim_正式交接配套包_20260919_R1/sources/H18_历史交接与证据原包/MineSim_正式交接包_20260918_停工版V1/evidence/P01/H8_policy4_已交付准备原包/technical_tests/tests_subtree.py,.py,7892,74d89aa79c911d54df635fbf6bdce7618062f6c548cec55333840d1d1180b7d9
01_当前接手核心与最新证据/MineSim_正式交接配套包_20260919_R1/sources/H18_历史交接与证据原包/MineSim_正式交接包_20260918_停工版V1/history/H01_20260913_正式交接原件.docx,.docx,78897,76da5790380919b876cf98177cb0e4621e10c1c9144a97cec3cafcaf232c2f47
01_当前接手核心与最新证据/MineSim_正式交接配套包_20260919_R1/sources/H18_历史交接与证据原包/MineSim_正式交接包_20260918_停工版V1/history/H01_20260913_正式交接原件.md,.md,66611,03e7e25e92ca7f73714789f4fa7cc786ed7ee24735f031d9a95cba01d55f72b5
01_当前接手核心与最新证据/MineSim_正式交接配套包_20260919_R1/sources/H18_历史交接与证据原包/MineSim_正式交接包_20260918_停工版V1/history/H02_20260910_论文标准对齐原包/MineSim_Handoff_20260910_V1/CURRENT_STATE.json,.json,4806,a05dc1847b278d12214261baebed5724d22cbcbeba833bb9e15d0fff9cd63527
01_当前接手核心与最新证据/MineSim_正式交接配套包_20260919_R1/sources/H18_历史交接与证据原包/MineSim_正式交接包_20260918_停工版V1/history/H02_20260910_论文标准对齐原包/MineSim_Handoff_20260910_V1/MineSim_Dynamic_正式交接_论文标准对齐版_V1_20260910.docx,.docx,107022,73a80124be44bf4e7078167591ac17c5753df89b81fd130333498459e1c5f7c5
01_当前接手核心与最新证据/MineSim_正式交接配套包_20260919_R1/sources/H18_历史交接与证据原包/MineSim_正式交接包_20260918_停工版V1/history/H02_20260910_论文标准对齐原包/MineSim_Handoff_20260910_V1/MineSim_Dynamic_正式交接_论文标准对齐版_V1_20260910.md,.md,116265,93933c8a4c2bdcd182be61586ae91aeddab231b29832cde1524dd3742f2f77c5
01_当前接手核心与最新证据/MineSim_正式交接配套包_20260919_R1/sources/H18_历史交接与证据原包/MineSim_正式交接包_20260918_停工版V1/history/H02_20260910_论文标准对齐原包/MineSim_Handoff_20260910_V1/MineSim_Dynamic_正式交接_论文标准对齐版_V1_20260910.txt,.txt,112527,e594ef79bdbc537dbb0b4b3fb415d3a89ba618faf6024668608d134c815dccce
01_当前接手核心与最新证据/MineSim_正式交接配套包_20260919_R1/sources/H18_历史交接与证据原包/MineSim_正式交接包_20260918_停工版V1/history/H02_20260910_论文标准对齐原包/MineSim_Handoff_20260910_V1/NEXT_GATE_CONTRACT.json,.json,2259,099baf40a3f1d9c2a849edbceb03fbdd5083731e158bfd521d7229de2a3cd661
01_当前接手核心与最新证据/MineSim_正式交接配套包_20260919_R1/sources/H18_历史交接与证据原包/MineSim_正式交接包_20260918_停工版V1/history/H02_20260910_论文标准对齐原包/MineSim_Handoff_20260910_V1/README_先读我.txt,.txt,3142,a6198698dd8e07ea202fb6db0f2163c507d8bab76faf2f90d91429c7888944b7
01_当前接手核心与最新证据/MineSim_正式交接配套包_20260919_R1/sources/H18_历史交接与证据原包/MineSim_正式交接包_20260918_停工版V1/history/H02_20260910_论文标准对齐原包/MineSim_Handoff_20260910_V1/SHA256SUMS,,6122,7320edc00219e601919c701f5fc194294ade82c906d034d5b2005eda8d39c017
01_当前接手核心与最新证据/MineSim_正式交接配套包_20260919_R1/sources/H18_历史交接与证据原包/MineSim_正式交接包_20260918_停工版V1/history/H02_20260910_论文标准对齐原包/MineSim_Handoff_20260910_V1/document_quality_check.json,.json,1681,d228b6f7c4cdd69fdd6d09adf41c847acdb854ca1bf842881a4436b2f8224c70
01_当前接手核心与最新证据/MineSim_正式交接配套包_20260919_R1/sources/H18_历史交接与证据原包/MineSim_正式交接包_20260918_停工版V1/history/H02_20260910_论文标准对齐原包/MineSim_Handoff_20260910_V1/evidence_inventory.csv,.csv,12569,5bacddc5a333d282f8d897d3702c52de753a8831e1ae8c55c34b98b1c02359fa
01_当前接手核心与最新证据/MineSim_正式交接配套包_20260919_R1/sources/H18_历史交接与证据原包/MineSim_正式交接包_20260918_停工版V1/history/H02_20260910_论文标准对齐原包/MineSim_Handoff_20260910_V1/evidence_inventory.json,.json,20957,9645b7cb6bb22ada9fa4a4d079607964580d41e4bf0efba3a6a0d3cdc290237a
01_当前接手核心与最新证据/MineSim_正式交接配套包_20260919_R1/sources/H18_历史交接与证据原包/MineSim_正式交接包_20260918_停工版V1/history/H02_20260910_论文标准对齐原包/MineSim_Handoff_20260910_V1/experiment_ledger.csv,.csv,4465,36b17a903f864812b894b850911f1ef786594c589ac8d45a9bc78d4eeb212108
01_当前接手核心与最新证据/MineSim_正式交接配套包_20260919_R1/sources/H18_历史交接与证据原包/MineSim_正式交接包_20260918_停工版V1/history/H02_20260910_论文标准对齐原包/MineSim_Handoff_20260910_V1/experiment_ledger.json,.json,9570,0efead330e32f7dd282b461e4cfed86c1c59b87f6c963830dfad682597d89ebb
01_当前接手核心与最新证据/MineSim_正式交接配套包_20260919_R1/sources/H18_历史交接与证据原包/MineSim_正式交接包_20260918_停工版V1/history/H02_20260910_论文标准对齐原包/MineSim_Handoff_20260910_V1/formula_index.json,.json,15994,e4b60284dcf5649b819ea261936bf7ba6fe673bfc9f9b1074cd3d58ebc06be09
01_当前接手核心与最新证据/MineSim_正式交接配套包_20260919_R1/sources/H18_历史交接与证据原包/MineSim_正式交接包_20260918_停工版V1/history/H02_20260910_论文标准对齐原包/MineSim_Handoff_20260910_V1/historical_sources/.assets/E03_MineSim_Dynamic_正式交接文档_20260831/media/image1.png,.png,265704,22a518aedb9218de872c51cd0bc6c8f06caaa571f65860d14f7fff680de5995a
01_当前接手核心与最新证据/MineSim_正式交接配套包_20260919_R1/sources/H18_历史交接与证据原包/MineSim_正式交接包_20260918_停工版V1/history/H02_20260910_论文标准对齐原包/MineSim_Handoff_20260910_V1/historical_sources/.assets/E03_MineSim_Dynamic_正式交接文档_20260831/media/image2.png,.png,283465,dc9ccaee4e80d3f66581aafa1df0338acc52c88a7da2b9da6b9031e3df2dedaa
01_当前接手核心与最新证据/MineSim_正式交接配套包_20260919_R1/sources/H18_历史交接与证据原包/MineSim_正式交接包_20260918_停工版V1/history/H02_20260910_论文标准对齐原包/MineSim_Handoff_20260910_V1/historical_sources/.assets/E03_MineSim_Dynamic_正式交接文档_20260831/media/image3.png,.png,315149,2e79acebb1e5111e7cce69cc8d242b7f945aaf43db71bc25199648b7818a625c
01_当前接手核心与最新证据/MineSim_正式交接配套包_20260919_R1/sources/H18_历史交接与证据原包/MineSim_正式交接包_20260918_停工版V1/history/H02_20260910_论文标准对齐原包/MineSim_Handoff_20260910_V1/historical_sources/E02_MineSim_handoff_summary_V1(4).docx,.docx,38468,24d5392af05f332e182413e589ee50d8226d9b71333325285d6b275740724ba3
01_当前接手核心与最新证据/MineSim_正式交接配套包_20260919_R1/sources/H18_历史交接与证据原包/MineSim_正式交接包_20260918_停工版V1/history/H02_20260910_论文标准对齐原包/MineSim_Handoff_20260910_V1/historical_sources/E02_MineSim_handoff_summary_V1(4).md,.md,2873,ed0ac110b2629f95748ecf2efa732e6a1e553ad804d354c83124d0f8f23a648a
01_当前接手核心与最新证据/MineSim_正式交接配套包_20260919_R1/sources/H18_历史交接与证据原包/MineSim_正式交接包_20260918_停工版V1/history/H02_20260910_论文标准对齐原包/MineSim_Handoff_20260910_V1/historical_sources/E03_MineSim_Dynamic_正式交接文档_20260831.docx,.docx,722666,3e6d2b6ef29a9d2d8758b9fe2ee8ba0ed94e9fe84268c198171264217237bbb1
01_当前接手核心与最新证据/MineSim_正式交接配套包_20260919_R1/sources/H18_历史交接与证据原包/MineSim_正式交接包_20260918_停工版V1/history/H02_20260910_论文标准对齐原包/MineSim_Handoff_20260910_V1/historical_sources/E03_MineSim_Dynamic_正式交接文档_20260831.md,.md,28937,3667f9ccdf2a246a13314921a529d0b68298862b583b67742df76fdacb320caf
01_当前接手核心与最新证据/MineSim_正式交接配套包_20260919_R1/sources/H18_历史交接与证据原包/MineSim_正式交接包_20260918_停工版V1/history/H02_20260910_论文标准对齐原包/MineSim_Handoff_20260910_V1/historical_sources/E04_MineSim_ValueV3_ConfidenceGated_TopKPruning_项目交接文档_K13运行价值评审完成版_V1.docx,.docx,55253,e2e4bc5d7be1969f01925b26012b8c3e2e79bf2d164634eba886fc15d5d89926
01_当前接手核心与最新证据/MineSim_正式交接配套包_20260919_R1/sources/H18_历史交接与证据原包/MineSim_正式交接包_20260918_停工版V1/history/H02_20260910_论文标准对齐原包/MineSim_Handoff_20260910_V1/historical_sources/E04_MineSim_ValueV3_ConfidenceGated_TopKPruning_项目交接文档_K13运行价值评审完成版_V1.md,.md,31967,b9d38b5f361ced1ffe0bec3d70e6d56118b8e6f40cea15b4d85df6b38c4256eb
01_当前接手核心与最新证据/MineSim_正式交接配套包_20260919_R1/sources/H18_历史交接与证据原包/MineSim_正式交接包_20260918_停工版V1/history/H02_20260910_论文标准对齐原包/MineSim_Handoff_20260910_V1/historical_sources/E05_粘贴的文本 (1)(20260824-074313).txt,.txt,922098,11fcf7728649fc9fd42d2eeb64c0b7f4e448c140fdb55c2c6857ff7ac2b68521
01_当前接手核心与最新证据/MineSim_正式交接配套包_20260919_R1/sources/H18_历史交接与证据原包/MineSim_正式交接包_20260918_停工版V1/history/H02_20260910_论文标准对齐原包/MineSim_Handoff_20260910_V1/historical_sources/E06_粘贴的文本 (1)(20260908-031818).txt,.txt,109328,1ef7459887cce3c5124b53541bffdbe6bf47f5a483c95c4361d6c2a259003c53
01_当前接手核心与最新证据/MineSim_正式交接配套包_20260919_R1/sources/H18_历史交接与证据原包/MineSim_正式交接包_20260918_停工版V1/history/H02_20260910_论文标准对齐原包/MineSim_Handoff_20260910_V1/historical_sources/README_历史来源不得作为当前Gate.txt,.txt,393,f15d79e2532d55ee29e180b8310277798d6f88f6550dc9a4b8adeb9f89530440
01_当前接手核心与最新证据/MineSim_正式交接配套包_20260919_R1/sources/H18_历史交接与证据原包/MineSim_正式交接包_20260918_停工版V1/history/H02_20260910_论文标准对齐原包/MineSim_Handoff_20260910_V1/supporting_reports/E07_MineSim_绑定证据复核与原始记录重绑定说明_20260908.txt,.txt,9451,775a5a6eafe1723625dffe97634c7562a840cedf1c8e53ede7c31d59e783dae0
01_当前接手核心与最新证据/MineSim_正式交接配套包_20260919_R1/sources/H18_历史交接与证据原包/MineSim_正式交接包_20260918_停工版V1/history/H02_20260910_论文标准对齐原包/MineSim_Handoff_20260910_V1/supporting_reports/E08_MineSim_原始记录重绑定复核与冻结包漏检说明_20260908.txt,.txt,7643,921f98d6143c85a4d401fbc17d91cd8683bc7f79aacd8996c475f0264028b1ef
01_当前接手核心与最新证据/MineSim_正式交接配套包_20260919_R1/sources/H18_历史交接与证据原包/MineSim_正式交接包_20260918_停工版V1/history/H02_20260910_论文标准对齐原包/MineSim_Handoff_20260910_V1/supporting_reports/E09_MineSim_三项冻结来源补齐复核与运行依赖快照说明_20260908.txt,.txt,8553,95e4ff9ecf2f16eb48f2f8327047984a0d86807568113eeaabbb9df091cea610
01_当前接手核心与最新证据/MineSim_正式交接配套包_20260919_R1/sources/H18_历史交接与证据原包/MineSim_正式交接包_20260918_停工版V1/history/H02_20260910_论文标准对齐原包/MineSim_Handoff_20260910_V1/supporting_reports/E10_MineSim_36root技术验收与576次Pilot执行说明_20260908.txt,.txt,7448,cc438989ca7f86aa604d514226e3da40f550d9f6e7fdcfefae1dae586614f68d
01_当前接手核心与最新证据/MineSim_正式交接配套包_20260919_R1/sources/H18_历史交接与证据原包/MineSim_正式交接包_20260918_停工版V1/history/H02_20260910_论文标准对齐原包/MineSim_Handoff_20260910_V1/supporting_reports/E11_MineSim_576次Pilot复核与独立种子复验说明_20260908.txt,.txt,8777,9cf0b7ef8ecc9dc4316cc2efe3716ae53b148e5defe8094d6efcea968aea3f14
01_当前接手核心与最新证据/MineSim_正式交接配套包_20260919_R1/sources/H18_历史交接与证据原包/MineSim_正式交接包_20260918_停工版V1/history/H02_20260910_论文标准对齐原包/MineSim_Handoff_20260910_V1/supporting_reports/E12_MineSim_独立种子确认复核与训练诊断说明_20260908.txt,.txt,9919,7679b0b4690ac9b9775e17418b88c37468c1ba8de517f533e7cdbee55822e8bd
01_当前接手核心与最新证据/MineSim_正式交接配套包_20260919_R1/sources/H18_历史交接与证据原包/MineSim_正式交接包_20260918_停工版V1/history/H02_20260910_论文标准对齐原包/MineSim_Handoff_20260910_V1/supporting_reports/E13_MineSim_12组训练诊断复核与C11跨episode下一步_20260909.txt,.txt,9761,59409c99a59c7c6fe0f21a3a130c34eb880f1b1d1b4cf3d2bc5c892ecb555d98
01_当前接手核心与最新证据/MineSim_正式交接配套包_20260919_R1/sources/H18_历史交接与证据原包/MineSim_正式交接包_20260918_停工版V1/history/H02_20260910_论文标准对齐原包/MineSim_Handoff_20260910_V1/supporting_reports/E14_MineSim_C11跨episode复核与动作证据审查_20260909.txt,.txt,8690,3829405698340d683c8bcb31902f1db0582f75bfc85f0d94cf9c1e4bb23c2c6a
01_当前接手核心与最新证据/MineSim_正式交接配套包_20260919_R1/sources/H18_历史交接与证据原包/MineSim_正式交接包_20260918_停工版V1/history/H02_20260910_论文标准对齐原包/MineSim_Handoff_20260910_V1/supporting_reports/E15_MineSim_新状态覆盖与动作决策_论文公式协议_V1_20260909.txt,.txt,15649,54ec65f8cadbb06f854f7611821856b8383082486d6b5b68173b037c2f3613e0
01_当前接手核心与最新证据/MineSim_正式交接配套包_20260919_R1/sources/H18_历史交接与证据原包/MineSim_正式交接包_20260918_停工版V1/history/H02_20260910_论文标准对齐原包/MineSim_Handoff_20260910_V1/supporting_reports/E16_MineSim_new24_review_paired_coverage_protocol_20260909.txt,.txt,15566,c38a66364f7d5a1ff1d51d617a7439e9a2ee9f4b7af63bd624f9c4a13473a751
01_当前接手核心与最新证据/MineSim_正式交接配套包_20260919_R1/sources/H18_历史交接与证据原包/MineSim_正式交接包_20260918_停工版V1/history/H02_20260910_论文标准对齐原包/MineSim_Handoff_20260910_V1/supporting_reports/E17_MineSim_覆盖增补复核与来源拆分_论文公式协议_20260909.txt,.txt,11391,ff231f387dcb1bea028d6c9d6a819b24dffbe37c288224444ffcaef40933d8b2
01_当前接手核心与最新证据/MineSim_正式交接配套包_20260919_R1/sources/H18_历史交接与证据原包/MineSim_正式交接包_20260918_停工版V1/history/H02_20260910_论文标准对齐原包/MineSim_Handoff_20260910_V1/supporting_reports/E18_MineSim_来源拆分复核与C06时域诊断_论文公式协议_20260909.txt,.txt,11135,d75e945932b9fa37fdf120ebcc430d47880cd77ce8ac27e4a4522726d243407a
01_当前接手核心与最新证据/MineSim_正式交接配套包_20260919_R1/sources/H18_历史交接与证据原包/MineSim_正式交接包_20260918_停工版V1/history/H02_20260910_论文标准对齐原包/MineSim_Handoff_20260910_V1/supporting_reports/E19_MineSim_C06时域复核与同轨迹回报分解_20260909.txt,.txt,16614,4eadc1ba6d3385aa3dde892b86f189a99772165edbcbe1ff0f83609a7c4fed5f
01_当前接手核心与最新证据/MineSim_正式交接配套包_20260919_R1/sources/H18_历史交接与证据原包/MineSim_正式交接包_20260918_停工版V1/history/H02_20260910_论文标准对齐原包/MineSim_Handoff_20260910_V1/supporting_reports/E19b_MineSim_C06时域结果与同轨迹回报拆分_论文公式复核_20260909.txt,.txt,14812,715433dc30a7a2f4335c641a157c44827ce0e62463f4f272c6d09ec86939cca8
01_当前接手核心与最新证据/MineSim_正式交接配套包_20260919_R1/sources/H18_历史交接与证据原包/MineSim_正式交接包_20260918_停工版V1/history/H02_20260910_论文标准对齐原包/MineSim_Handoff_20260910_V1/supporting_reports/E20_MineSim_叶节点续算契约与技术验证_论文公式协议_20260909.txt,.txt,12329,6f002f41988eae581e84cfd3a51ccea0755f4b373a6a9d7830f072639b2eb012
01_当前接手核心与最新证据/MineSim_正式交接配套包_20260919_R1/sources/H18_历史交接与证据原包/MineSim_正式交接包_20260918_停工版V1/history/H02_20260910_论文标准对齐原包/MineSim_Handoff_20260910_V1/supporting_reports/E21_MineSim_叶节点续算验收与续接策略对照_论文公式协议_20260909.txt,.txt,9394,72c9b18e9ba69c55d3bf0f89ab1fdfbb6e8acb514c72b93b67899cac5a5b60bf
01_当前接手核心与最新证据/MineSim_正式交接配套包_20260919_R1/sources/H18_历史交接与证据原包/MineSim_正式交接包_20260918_停工版V1/history/H02_20260910_论文标准对齐原包/MineSim_Handoff_20260910_V1/supporting_reports/E22_MineSim_续接策略复核与终止续行_论文公式协议_20260909.txt,.txt,12957,f2e0ff6b422b6859cb9dd882224ad1d8a882e0a5401527c95f225363fc83dfa0
01_当前接手核心与最新证据/MineSim_正式交接配套包_20260919_R1/sources/H18_历史交接与证据原包/MineSim_正式交接包_20260918_停工版V1/history/H02_20260910_论文标准对齐原包/MineSim_Handoff_20260910_V1/supporting_reports/E23_MineSim_续行终止复核与根动作策略回报_论文公式协议_V1.txt,.txt,14592,cf11d0d91adbb07455616a69c89a988445d9f772829597c3eff7285ea8168cc6
01_当前接手核心与最新证据/MineSim_正式交接配套包_20260919_R1/sources/H18_历史交接与证据原包/MineSim_正式交接包_20260918_停工版V1/history/H02_20260910_论文标准对齐原包/MineSim_Handoff_20260910_V1/supporting_reports/E24_MineSim_根动作策略回报复核与独立复验_论文公式协议_20260910.txt,.txt,11125,a46fcd6898e4e1334b9142002ded88a5b8fd6fc0830bd1422770578660871279
01_当前接手核心与最新证据/MineSim_正式交接配套包_20260919_R1/sources/H18_历史交接与证据原包/MineSim_正式交接包_20260918_停工版V1/history/H02_20260910_论文标准对齐原包/MineSim_Handoff_20260910_V1/supporting_reports/E25_MineSim_独立复验结果与决策精度审查_20260910.txt,.txt,13129,ba7147fa855d0af25153ad834cd358013adec533373c07bdf28adfdf190a085c
01_当前接手核心与最新证据/MineSim_正式交接配套包_20260919_R1/sources/H18_历史交接与证据原包/MineSim_正式交接包_20260918_停工版V1/history/H02_20260910_论文标准对齐原包/MineSim_Handoff_20260910_V1/supporting_reports/E26_MineSim_决策精度与停止规则_论文公式及离线验证_20260910.txt,.txt,14128,edb179c1e0d157b7da4d75f56b5dbe7c4183ab575b02d48a46b0041707170ca3
01_当前接手核心与最新证据/MineSim_正式交接配套包_20260919_R1/sources/H18_历史交接与证据原包/MineSim_正式交接包_20260918_停工版V1/history/H02_20260910_论文标准对齐原包/MineSim_Handoff_20260910_V1/supporting_reports/E27_MineSim_任务指标与奖励映射审查_论文公式及复核_20260910.txt,.txt,11916,1dac8f162bc284a9936d81544be331439b3b46406ff5441015bc4d1d60a6487f
01_当前接手核心与最新证据/MineSim_正式交接配套包_20260919_R1/sources/H18_历史交接与证据原包/MineSim_正式交接包_20260918_停工版V1/history/H02_20260910_论文标准对齐原包/MineSim_Handoff_20260910_V1/supporting_reports/E28_MineSim_秒制目标与安全约束决策接口_论文公式及离线验证_20260910.txt,.txt,13805,b2b411b4b0555171b91633bf674d014a427b3d1046b92915230a2a6bce3b3b09
01_当前接手核心与最新证据/MineSim_正式交接配套包_20260919_R1/sources/H18_历史交接与证据原包/MineSim_正式交接包_20260918_停工版V1/history/H02_20260910_论文标准对齐原包/MineSim_Handoff_20260910_V1/supporting_reports/E29_MineSim_paper_standards_verified_20260910.txt,.txt,9907,88caf281170dc5740c714e0d94d880a5616d6af940ccd99a07fdb9bd5980c91c
01_当前接手核心与最新证据/MineSim_正式交接配套包_20260919_R1/sources/H18_历史交接与证据原包/MineSim_正式交接包_20260918_停工版V1/history/H03_RADEME_20260813.txt,.txt,41285,6ffd910cbbe9fb6b56af4b37153b96120dd3ea0dbd74d141732e601fc7935ac8
01_当前接手核心与最新证据/MineSim_正式交接配套包_20260919_R1/sources/H18_历史交接与证据原包/MineSim_正式交接包_20260918_停工版V1/history/H04_第一批资料目录.txt,.txt,103484,cd85f6b9843e6622529c5823d460bc90c699f55fad971cb4b61ef8158e11d8ea
01_当前接手核心与最新证据/MineSim_正式交接配套包_20260919_R1/sources/H18_历史交接与证据原包/MineSim_正式交接包_20260918_停工版V1/history/H05_第二批资料目录.txt,.txt,303870,eb34b9ad0025ceb6dee57e6577564c6ed1a43c4098a38a2f0ea1f0befe95aa3d
01_当前接手核心与最新证据/MineSim_正式交接配套包_20260919_R1/sources/H18_历史交接与证据原包/MineSim_正式交接包_20260918_停工版V1/pending_policy4/DO_NOT_RUN_WITHOUT_NEW_AUTHORIZATION.md,.md,500,9969ace565e4d94fec795c96e25af49a6368ad3685d096fa5180ae88e02a881e
01_当前接手核心与最新证据/MineSim_正式交接配套包_20260919_R1/sources/H18_历史交接与证据原包/MineSim_正式交接包_20260918_停工版V1/pending_policy4/release/PROTOCOL.json,.json,3324,1cec368d1b6755c36c8809d172e4109f1819912367f24abe9df6d7b7b505eee0
01_当前接手核心与最新证据/MineSim_正式交接配套包_20260919_R1/sources/H18_历史交接与证据原包/MineSim_正式交接包_20260918_停工版V1/pending_policy4/release/RELEASE_MANIFEST.json,.json,648,d708997e72964e65a65a1461ecdde0b6dd17c2b64fe4269a733731228f24c8b5
01_当前接手核心与最新证据/MineSim_正式交接配套包_20260919_R1/sources/H18_历史交接与证据原包/MineSim_正式交接包_20260918_停工版V1/pending_policy4/release/SOURCE_BINDINGS.json,.json,14589,beaee6de98c2310da943a3b063c2db039149fceb1512289cd6dae58bbb6f5637
01_当前接手核心与最新证据/MineSim_正式交接配套包_20260919_R1/sources/H18_历史交接与证据原包/MineSim_正式交接包_20260918_停工版V1/pending_policy4/release/experiment.py,.py,16886,a59438b0a3337101aecb19d37e0da90561c33cab593585e185d0f02c62dec5ca
01_当前接手核心与最新证据/MineSim_正式交接配套包_20260919_R1/sources/H18_历史交接与证据原包/MineSim_正式交接包_20260918_停工版V1/pending_policy4/release/gate.py,.py,16572,3f3ea7f7a6874782e2252cfad535b5a7099e16d9f68d06ad4b9512d81773e32f
01_当前接手核心与最新证据/MineSim_正式交接配套包_20260919_R1/sources/H18_历史交接与证据原包/MineSim_正式交接包_20260918_停工版V1/pending_policy4/release/verify_audit.py,.py,3366,3c4f00ec3e15f8f04f54cc72b28ccda6c36f0ac55ebcd6049178055efb477659
01_当前接手核心与最新证据/MineSim_正式交接配套包_20260919_R1/sources/H18_历史交接与证据原包/MineSim_正式交接包_20260918_停工版V1/pending_policy4/run_dual_subtree_policy4.sh,.sh,34502,fbdd654772f176a0a5d773139b7ecdb1d35ab951791204d7ed3c3b6c2488c975
01_当前接手核心与最新证据/MineSim_正式交接配套包_20260919_R1/sources/H18_历史交接与证据原包/MineSim_正式交接包_20260918_停工版V1/workflow/SESSION_DECISIONS.txt,.txt,784,3f28e81b11a34e3d8f06e308d23cfd46cfdb3e2ba5496d4e5f0ac352445b8e25
01_当前接手核心与最新证据/MineSim_正式交接配套包_20260919_R1/sources/H18_原实验台账.json,.json,22854,e9cc2fa4dc27efd24f02c536d542dbc98978c84cbe0419981edc89fa2240b227
01_当前接手核心与最新证据/MineSim_正式交接配套包_20260919_R1/sources/R19_上一轮阅读记录.md,.md,9528,e5ebeed0d47e49716f38470e634ea702b05edbecb4c5b577657bc182b3b41257
01_当前接手核心与最新证据/MineSim_正式交接配套包_20260919_R1/sources/S01_用户统一工作流原件.md,.md,24882,0d16a325ff3a79eb81e9c2b65e2a98e7b70002b2b301de36c590c17c896dc64f
01_当前接手核心与最新证据/MineSim_正式交接配套包_20260919_R1/sources/T01_原始完整对话.txt,.txt,271324,76cccf451dd44237879aa6438d4cb82378ac21fac8d7bb6ca68f9c3317a4cab9
01_当前接手核心与最新证据/MineSim_正式交接配套包_20260919_R1/sources/T01_带行号阅读副本.txt,.txt,290684,6573ca108361595841c852cb7721d9fbe827fbbf49b8d2db6127cdadc24c4b50
01_当前接手核心与最新证据/README_整理说明.txt,.txt,333,e674d2cfb6bfbf8a1fdb1a50024db991a9a8affaad118cbb9918b42d700ba819
01_当前接手核心与最新证据/本包_去重索引.csv,.csv,465346,1a959b196a37ce5b98c09bf264df92e7f996da91dd9ba10627544bdd1e2bac1d
02_地图与原项目复现/README_整理说明.txt,.txt,159,1cf2da7e38ad5fe26d3b3b8c8ad1724c35c22d976c494bf805346e1986926d46
02_地图与原项目复现/工程历史与专项/原项目复现(1)/原项目复现/MineSim-Dynamic_论文与项目相关函数详解.docx,.docx,95530,37a1346bc25c0a15719c3f1f6c7369818069cd104379cb44ad949e798cc954c2
02_地图与原项目复现/工程历史与专项/原项目复现(1)/原项目复现/MineSim-Dynamic_论文与项目相关函数详解.md,.md,122510,c01be9dc3d1b9534ef466729d1cf2795119b3d6ce64eccd7766b7ae88da28ea9
02_地图与原项目复现/工程历史与专项/原项目复现(1)/原项目复现/dapai_intersection_1_3_4_IDMPlanner.mp4,.mp4,558214,02a6932bdfbab00bebb4cecb0d7d570157e6de2eb1773b8d9a0193f9a537ba4e
02_地图与原项目复现/工程历史与专项/原项目复现(1)/原项目复现/jiangtong_intersection_9_3_2_IDMPlanner.mp4,.mp4,708451,554888011f27ee649396cb488a9bf7268be0285be7cc02a5af858c7d88f0538d
02_地图与原项目复现/工程历史与专项/原项目复现(1)/原项目复现/矿山项目分析.docx,.docx,21858,66a7001dea88c48eb144455afdd975b04dd37c8e0f50f959b99ffd7d0d920b26
02_地图与原项目复现/工程历史与专项/原项目复现(1)/原项目复现/矿山项目分析.md,.md,4505,663e06a8556b6c82dec3f0f3db8321c6981aac47c92e6b2dc2b122d66da14246
02_地图与原项目复现/工程历史与专项/原项目复现(1)/原项目复现/矿山项目原论文.pdf,.pdf,19716491,135a578c6e1aa1d94093f9e9c3ceb4fcc44bd6ac9b3a4f239c24b8e5303cb093
02_地图与原项目复现/工程历史与专项/原项目复现(1)/原项目复现/项目地址.txt,.txt,56,dd48797e36872f2bba2804951c13782cb2cf166043a1359be0643eaa1e6a9e5f
02_地图与原项目复现/工程历史与专项/地图新建相关文件(1)/地图新建相关文件/1.png,.png,144062,c0bb2ae0efdd27737d8da7602ae35a345101386f4e21a6b68595714c55cedd6a
02_地图与原项目复现/工程历史与专项/地图新建相关文件(1)/地图新建相关文件/junction.geojson,.geojson,3782455,540ce3c5daf8e0de473037ab2479cc4d4a48f8e17addb2b56fdd4080a88c45b3
02_地图与原项目复现/工程历史与专项/地图新建相关文件(1)/地图新建相关文件/lane.geojson,.geojson,33500417,1cccaf5f83c1e478e07a6982bb1360bfa1bd70ebdaa655efff4a09a6ee72058c
02_地图与原项目复现/工程历史与专项/地图新建相关文件(1)/地图新建相关文件/rgn_auxiliary.geojson,.geojson,969029,dcdf0a0c8b78324651522a291c4e608b56f8aa90a648affa5a97dc213f25d0b9
02_地图与原项目复现/工程历史与专项/地图新建相关文件(1)/地图新建相关文件/rgn_boundary.geojson,.geojson,17791925,2c225050c658000f0201c297a08f3ae5eeedf26ac2fb17775d100c32956d10dd
02_地图与原项目复现/工程历史与专项/地图新建相关文件(1)/地图新建相关文件/rgn_unload.geojson,.geojson,2923381,11cdc79fc37c3380523ac47bdbe40e1791b7d67c915e096fcff7bbc33fca3bc1
02_地图与原项目复现/工程历史与专项/地图新建相关文件(1)/地图新建相关文件/rng_load.geojson,.geojson,10324848,ec69af3d209fcd33b770f0d36e6fb47a1f2f3f7d0c2dd9ee93e64deaca3a696d
02_地图与原项目复现/工程历史与专项/地图新建相关文件(1)/地图新建相关文件/road.geojson,.geojson,28047646,8d9a32ddeee18c7524c8e7b2eba6373f358d4f962c5abbe14c9733214942eea7
02_地图与原项目复现/工程历史与专项/地图新建相关文件(1)/地图新建相关文件/road_boundary.geojson,.geojson,28448262,079901afaf3407401a5b8b52314bb70cd23eae62c0145fe32772c2a581cdfa0c
02_地图与原项目复现/本包_去重索引.csv,.csv,2497,0a2d375744589ff1d5da94230bfc5355507781a4de291ddea0447c22c79afc87
03_历史交接文档/AI接手文档(1)/.assets/MineSim-Dynamic_项目全景档案与AI长期接管超级手册_2026-08-06/media/image1.png,.png,77909,12f4fdfe904da94f25fc292318fdaf9c8c5bc5d6a72ae016904d96a618768b47
03_历史交接文档/AI接手文档(1)/.assets/MineSim-Dynamic_项目全景档案与AI长期接管超级手册_2026-08-06/media/image2.png,.png,124551,6fb82256771f566deeb4428e30748d17fe754b8e5c8d6366378185d9b9e3da69
03_历史交接文档/AI接手文档(1)/.assets/MineSim-Dynamic_项目全景档案与AI长期接管超级手册_2026-08-06/media/image3.png,.png,152005,a7a1067c4af925d063971079c2a85a37e51e142c4a32a987ea260d33e838502a
03_历史交接文档/AI接手文档(1)/MineSim-Dynamic_云端项目完整交接与工作流手册_2026-08-09.docx,.docx,78345,695afc7a2e669e36a9ee1de4eb47514b9bc0485d471d065cb2a1b3269c71a5fc
03_历史交接文档/AI接手文档(1)/MineSim-Dynamic_云端项目完整交接与工作流手册_2026-08-09.md,.md,74774,585db4e66ccc09d93c418d7ec8077d828d4e27f1007e1fe744c24eb7670b5438
03_历史交接文档/AI接手文档(1)/MineSim-Dynamic_全项目最新进展_FullMine_VectorV4地图成果与PureMCTS冻结_云端AI长期接管超级手册_2026-08-14.docx,.docx,136563,afeed419f294fad71d7aaf4cfa1852818464b7f01da9dfbc9eeaad7975e78d34
03_历史交接文档/AI接手文档(1)/MineSim-Dynamic_全项目最新进展_FullMine_VectorV4地图成果与PureMCTS冻结_云端AI长期接管超级手册_2026-08-14.md,.md,151815,4259a37b975d7d96ed5a2c41bea033378d111fbc5159e6db1769672312f3ddcb
03_历史交接文档/AI接手文档(1)/MineSim-Dynamic_全项目进展_FullMine_VectorV4冻结_云端AI长期接管超级手册_2026-08-14.docx,.docx,89677,6c07ad83cdfbcbee1e27fdbc521f3c1743c33dd920dff09b5c0799d5bcc94d2e
03_历史交接文档/AI接手文档(1)/MineSim-Dynamic_全项目进展_FullMine_VectorV4冻结_云端AI长期接管超级手册_2026-08-14.md,.md,92818,f356cd2586fb444d7235a0b06c79aaf063d0f79a92275adce53b44a077ff5d17
03_历史交接文档/AI接手文档(1)/MineSim-Dynamic_全项目阶段性总交接与AI无缝接管手册_2026-08-16.docx,.docx,86260,89590d100fefec1514974fa68e2ae3e237c84f7dd18cb4ad442707053f37845b
03_历史交接文档/AI接手文档(1)/MineSim-Dynamic_全项目阶段性总交接与AI无缝接管手册_2026-08-16.md,.md,99761,39095441cbf8a27c0344c0afe8672a3fc5afcadd1ae9745edb98387249021c23
03_历史交接文档/AI接手文档(1)/MineSim-Dynamic_全项目阶段性总交接与AI无缝接管手册_2026-08-17.docx,.docx,97355,7da4b6b4c676cfe60d4c40e312245052a3b3d65d3512fb0b94fe386eb2c07b69
03_历史交接文档/AI接手文档(1)/MineSim-Dynamic_全项目阶段性总交接与AI无缝接管手册_2026-08-17.md,.md,105585,ce64fd7dd6b872cc40aebcb179eb377e14886cedf511839e032bc6a5419c4033
03_历史交接文档/AI接手文档(1)/MineSim-Dynamic_新地图项目云端交接手册_2026-08-11.docx,.docx,66098,a59e6fc0bd3d8310b26562ebbc5b09e159038590f94f4e69d146c7163ece7666
03_历史交接文档/AI接手文档(1)/MineSim-Dynamic_新地图项目云端交接手册_2026-08-11.md,.md,56057,89d6b2c4bfda5bdff48bfcc150a7b9346c9971f2083c619251704c4e3e553c7e
03_历史交接文档/AI接手文档(1)/MineSim-Dynamic_普通AI与AutoDL云端交互及代码调试手册_2026-07-26.docx,.docx,57651,940caf28e215f48ae6313f33163e1b7b1935401ac4ff0a73bbc59ee3320f346d
03_历史交接文档/AI接手文档(1)/MineSim-Dynamic_普通AI与AutoDL云端交互及代码调试手册_2026-07-26.md,.md,39394,b91f447afe2d1804407c9096c16993daf16891f70fde94a6f9ef56658be11807
03_历史交接文档/AI接手文档(1)/MineSim-Dynamic_项目全景档案与AI长期接管超级手册_2026-08-06.docx,.docx,381038,67c041a58f763f07e36526ef31648dcc6ccf4d317d041b6fdcec11d5c8a0fe59
03_历史交接文档/AI接手文档(1)/MineSim-Dynamic_项目全景档案与AI长期接管超级手册_2026-08-06.md,.md,86020,e84e9445bbcf55f041881256a7e9dd53cfecccb9658ed0881275fcb4956e78b8
03_历史交接文档/AI接手文档(1)/MineSim-Dynamic_项目完整进展与云端AI接管超级手册_2026-08-12.docx,.docx,87694,0fa27779250fb4d2b4d395c2fa417e51c3758b23eddd38bd30ff845badf3ee56
03_历史交接文档/AI接手文档(1)/MineSim-Dynamic_项目完整进展与云端AI接管超级手册_2026-08-12.md,.md,94369,ba6bcbfee69798e43f25e1772b9c70100232942d6c427d9294f802fca15a8b9f
03_历史交接文档/AI接手文档(1)/MineSim-Dynamic_项目必备配套资料_风险清单与AI长期交接手册_2026-07-26.docx,.docx,62814,f898d110dccb81590e0c7b842b585417375223172839d0be1ffcd80fa39de573
03_历史交接文档/AI接手文档(1)/MineSim-Dynamic_项目必备配套资料_风险清单与AI长期交接手册_2026-07-26.md,.md,46665,deccb034bd73b616e4fb89c9826bf6f236a0d2ee08ebb31c018969282bf44f9e
03_历史交接文档/AI接手文档(1)/MineSim项目云端接手与技术总览_2026-08-13.docx,.docx,70747,aecc2c77c31282414cbe82ac0a2ebd3588793862e7c2d2d9cb4dc5f39493f547
03_历史交接文档/AI接手文档(1)/MineSim项目云端接手与技术总览_2026-08-13.md,.md,67429,94ffdb8dda54d65a050e4c30c2a740c11f18f8e97cd86539ad549cce1fa5d6dc
03_历史交接文档/AI接手文档2(1)/MineSim-Dynamic_全项目超详细阶段性总总结与AI无缝接管手册_2026-08-24.docx,.docx,82073,30ddfdcf971b9b9b9085c6e1812ca2507962092d4b6101b5bd9f75318ee7ee78
03_历史交接文档/AI接手文档2(1)/MineSim-Dynamic_全项目超详细阶段性总总结与AI无缝接管手册_2026-08-24.md,.md,91532,bd880475b3d95e079c45840d90b0a2d9ef90442d7212b8ea7c39293956cd47c2
03_历史交接文档/AI接手文档2(1)/MineSim-Dynamic_全项目超详细阶段性总总结与AI无缝接管手册_2026-08-24_当前最终更新版.docx,.docx,112065,33e6ca980e11057388390d47c075e2eaa6b599dfc20adddbef7687cfa451de4b
03_历史交接文档/AI接手文档2(1)/MineSim-Dynamic_全项目超详细阶段性总总结与AI无缝接管手册_2026-08-24_当前最终更新版.md,.md,173555,a7bc80000f30a319470d7da2a66980a0909a6811c6bc9850286f4aecc053b75d
03_历史交接文档/AI接手文档2(1)/MineSim-Dynamic_全项目超详细阶段性总总结与AI无缝接管手册_2026-08-24_晚间更新版.docx,.docx,98088,1a1df36f7c262f2a31ed796f68124fff1c776c0649edad6025f424b49c90db23
03_历史交接文档/AI接手文档2(1)/MineSim-Dynamic_全项目超详细阶段性总总结与AI无缝接管手册_2026-08-24_晚间更新版.md,.md,127959,15cbed47534344a4b3bd237d91d16c765e8e387a7951a1625ab8978f6e734b11
03_历史交接文档/AI接手文档2(1)/MineSim-Dynamic_全项目超详细阶段性总总结与AI无缝接管手册_2026-08-25_C06授权停点版.docx,.docx,67904,1c5778737d0fc801600d5122fed384511e1e65d4709093c453f61643b6fdbed8
03_历史交接文档/AI接手文档2(1)/MineSim-Dynamic_全项目超详细阶段性总总结与AI无缝接管手册_2026-08-25_C06授权停点版.md,.md,56638,e062f9dd498ca49b311f8bfc8e4653f6572db043f0c48a39531e15e4d544b63b
03_历史交接文档/AI接手文档2(1)/MineSim-Dynamic_全项目阶段性总总结与AI无缝接管手册_2026-08-18.docx,.docx,85735,47108531428772ae91128bd212ff5bc884c9d9d78fc2bf4667bfc3ec17a619ef
03_历史交接文档/AI接手文档2(1)/MineSim-Dynamic_全项目阶段性总总结与AI无缝接管手册_2026-08-18.md,.md,96897,0bea48275f521ab0cc91dbb3015fc285d73afa24de9232955d624e8897646a65
03_历史交接文档/AI接手文档2(1)/MineSim-Dynamic_全项目阶段性总总结与AI无缝接管手册_2026-08-21.docx,.docx,91471,84d630f961346411fc08bc5a8e7329d6cf4607cc0ae6ad7d4ef040a06a3d1d7d
03_历史交接文档/AI接手文档2(1)/MineSim-Dynamic_全项目阶段性总总结与AI无缝接管手册_2026-08-21.md,.md,111236,483619b9f993cb5048a8b241e969d4972c100fb8771038302eb09c53ce079fef
03_历史交接文档/AI接手文档2(1)/MineSim-Dynamic_全项目阶段性总总结与AI无缝接管手册_2026-08-23.docx,.docx,75243,e260c2414b83e3fa13ea78733c77f2943a063f7d8f6ad6c23123e035fdd5872a
03_历史交接文档/AI接手文档2(1)/MineSim-Dynamic_全项目阶段性总总结与AI无缝接管手册_2026-08-23.md,.md,84494,d0b6f32b2616a3fe13dc2bc1854c9b05521d23921e14dc5405a3281fd3fbfc69
03_历史交接文档/AI接手文档2(1)/MineSim-Dynamic_全项目阶段性总总结与AI无缝接管手册_2026-08-24_协议审计停点版.docx,.docx,131169,59476de4c24c3598b8e27d1be74132d6ba28e7b144cce3409593a17bf829775b
03_历史交接文档/AI接手文档2(1)/MineSim-Dynamic_全项目阶段性总总结与AI无缝接管手册_2026-08-24_协议审计停点版.md,.md,207406,0df7d84eed14cf8c9844b3737b5536a2b69b8e1bca59e52f5ea2884a4903431c
03_历史交接文档/AI接手文档3(1)/.assets/MineSim-Dynamic_ValueV3_2356root_神经网络阶段性交接文档_2026-08-25_训练完成待闭环/media/image1.png,.png,67120,9a7f399efa4c19a84b2985b178790fe862f4020cb23e1dff51683489f8a893be
03_历史交接文档/AI接手文档3(1)/.assets/MineSim-Dynamic_全项目最终交接与AI无缝接管手册_2026-08-30_ValueGuidedMCTS闭环与文件整理终版/media/image1.png,.png,56821,e333519f31dadcca807dc904abb8b797b9a6841ab72ced88f95afd525922cd9d
03_历史交接文档/AI接手文档3(1)/.assets/MineSim-Dynamic_全项目最终交接与AI无缝接管手册_2026-08-30_ValueGuidedMCTS闭环与文件整理终版/media/image2.png,.png,47449,308342b34c1504266aa889fa64072349d8fb5ae14ca21e87b5caa3f7f32c2263
03_历史交接文档/AI接手文档3(1)/.assets/MineSim-Dynamic_全项目最终交接与AI无缝接管手册_2026-08-30_ValueGuidedMCTS闭环与文件整理终版/media/image3.png,.png,50279,4050dee9fc85dbf16ba310991a8a17fe22dd0663878cad766048884fca7e7564
03_历史交接文档/AI接手文档3(1)/MineSim-Dynamic_ValueV3_2356root_神经网络阶段性交接文档_2026-08-25_训练完成待闭环.docx,.docx,109227,d0cac98fc4d699b52d4cf68319026d5a9a96f78c8cfb12e51a62e2c222418a57
03_历史交接文档/AI接手文档3(1)/MineSim-Dynamic_ValueV3_2356root_神经网络阶段性交接文档_2026-08-25_训练完成待闭环.md,.md,33075,c74af476cb81472fa37b09b04111199dab582dc018897d478ee07938cfbc1aa4
03_历史交接文档/AI接手文档3(1)/MineSim-Dynamic_全项目最终交接与AI无缝接管手册_2026-08-30_ValueGuidedMCTS闭环与文件整理终版.docx,.docx,191994,cd4602a4da5e1931a54c8151d2122156b4687392b96fcac1bba1759f476e4864
03_历史交接文档/AI接手文档3(1)/MineSim-Dynamic_全项目最终交接与AI无缝接管手册_2026-08-30_ValueGuidedMCTS闭环与文件整理终版.md,.md,46529,65e1b5c934feaa57c132d566c0140e51c1a2236c974868a4ba627dc5ab9362cd
03_历史交接文档/AI接手文档3(1)/MineSim-Dynamic_全项目阶段性总总结与AI无缝接管手册_2026-08-26_C01评价数据冻结_ExactMetric三参数签名故障停点版.docx,.docx,123855,a23c9b883a1382335875cac79757f419ffc382927e4b02d2b44337c78efdcf14
03_历史交接文档/AI接手文档3(1)/MineSim-Dynamic_全项目阶段性总总结与AI无缝接管手册_2026-08-26_C01评价数据冻结_ExactMetric三参数签名故障停点版.md,.md,61268,ae6515ebc0fa81ccfe6b5e7479460cb30e130ce2c7f4f88252da93db709f17ea
03_历史交接文档/AI接手文档3(1)/MineSim-Dynamic_全项目阶段性总总结与AI无缝接管手册_2026-08-26_C01静态Checker两进程授权前停点版.docx,.docx,124099,d9ea9ed57a70f6c06996b3faf492c88449ff0d9d2717b169fc8451f50e519106
03_历史交接文档/AI接手文档3(1)/MineSim-Dynamic_全项目阶段性总总结与AI无缝接管手册_2026-08-26_C01静态Checker两进程授权前停点版.md,.md,59756,b005b30e583090d5bb371f9b9d76e78bb5dcd6011e9d3dd1669c4fd94030cb2f
03_历史交接文档/AI接手文档3(1)/MineSim-Dynamic_全项目阶段性总总结与AI无缝接管手册_2026-08-27_ValueGuidedMCTS次级B8矩阵1of9停点版.docx,.docx,129050,ed956706be043ab8bde7c4253f2bfb6320fc66b54500d32a6d9bb2b54d1b5241
03_历史交接文档/AI接手文档3(1)/MineSim-Dynamic_全项目阶段性总总结与AI无缝接管手册_2026-08-27_ValueGuidedMCTS次级B8矩阵1of9停点版.md,.md,69066,71cd7c640ffa807cd3052956a8899c1e31aa872b64a891a5a2b0f536cdafd5b6
03_历史交接文档/AI接手文档3(1)/MineSim-Dynamic_全项目阶段性总总结与AI无缝接管手册_2026-08-29_GuidedB16矩阵2of9第二格待Freeze停点版.docx,.docx,125005,9ffaf587c9c41682d9c6edc88a232dbcf4cf4859e14e26ce8908ff89c7eff40a
03_历史交接文档/AI接手文档3(1)/MineSim-Dynamic_全项目阶段性总总结与AI无缝接管手册_2026-08-29_GuidedB16矩阵2of9第二格待Freeze停点版.md,.md,61084,f509624eb92f679f08a6cd07f9bc2af8cab20ff347f8eb0c16a2bdd27280d074
03_历史交接文档/AI接手文档3(1)/MineSim-Dynamic_全项目阶段性总总结与AI无缝接管手册_2026-08-29_ValueGuidedMCTS次级B8矩阵4of9_第5格PrestartLine275停点版.docx,.docx,133901,f9f97d97141bc86ed92fb79958be8349ed0804680b473e28ff23862fb7cc4d30
03_历史交接文档/AI接手文档3(1)/MineSim-Dynamic_全项目阶段性总总结与AI无缝接管手册_2026-08-29_ValueGuidedMCTS次级B8矩阵4of9_第5格PrestartLine275停点版.md,.md,78534,50e14f127b5b153cc68ecb2d93596d5111a384ce40c7e9e2308fdd1103a03c5f
03_历史交接文档/AI接手文档3(1)/MineSim-Dynamic_全项目阶段性总总结与AI无缝接管手册_2026-08-30_ConfidenceGated运行资产恢复Presearch_SIGKILL停点版.docx,.docx,204496,dbe006d717a91bb52abef4fa5a317394a40584ea6b6c50ece1edef81f70a6037
03_历史交接文档/AI接手文档3(1)/MineSim-Dynamic_全项目阶段性总总结与AI无缝接管手册_2026-08-30_ConfidenceGated运行资产恢复Presearch_SIGKILL停点版.md,.md,72835,20d798320d68536f5efdc02dab88ed0d9350de59c68a0e40b09c160fbca8fa9d
03_历史交接文档/AI接手文档4(1)/.assets/MineSim_ValueV3_ConfidenceGated_MCTS_项目交接文档_剪枝分支启动版_V1/media/image1.png,.png,205007,fdb67b325167ef1a1f4f2cf711b95cb6d8eb8c9f8be2560ccad4b362cf373966
03_历史交接文档/AI接手文档4(1)/.assets/MineSim_ValueV3_ConfidenceGated_MCTS_项目交接文档_剪枝分支启动版_V1/media/image2.png,.png,77988,50551fef21d8365a85a481bc16647c304b506b537e60bd2a323beccbb42d0b21
03_历史交接文档/AI接手文档4(1)/MineSim_ValueV3_ConfidenceGated_MCTS_项目交接文档_剪枝分支启动版_V1.docx,.docx,293165,957051688acf5b78a69f83c6bea3e75641172b8d7ac52eaf8b8e3045575cbbdc
03_历史交接文档/AI接手文档4(1)/MineSim_ValueV3_ConfidenceGated_MCTS_项目交接文档_剪枝分支启动版_V1.md,.md,27546,529db70db41078040e40952bd950c8f6bb077e37c8b411bcb850a396cfc89c61
03_历史交接文档/AI接手文档4(1)/MineSim_ValueV3_训练数据审计与MCTS剪枝方法详解_20260906.docx,.docx,71866,35ee1b3d28316311ee762e859b10303e028f2331715c0af410603a0149e5b85f
03_历史交接文档/AI接手文档4(1)/MineSim_ValueV3_训练数据审计与MCTS剪枝方法详解_20260906.md,.md,57731,89216f825fa26b0e780f6a03245d26d7eff60616bd14e4117720c2a8cde6bb23
03_历史交接文档/README_整理说明.txt,.txt,331,f80fbd14949354419d72b607f07ff903de3d3364c2d2c52bb0292ce1c6c37b9f
03_历史交接文档/本包_去重索引.csv,.csv,14245,22de9aacc3c1990fc0a57426a4b2c5e177d677020790097ee56b7fcc2dffa984
04_参考论文/README_整理说明.txt,.txt,159,1cf2da7e38ad5fe26d3b3b8c8ad1724c35c22d976c494bf805346e1986926d46
04_参考论文/本包_去重索引.csv,.csv,153,763360f73e444eea62eecb48a49ce7cc7b0138d6dd0b3dde8e9a40e14acfa2f7
04_参考论文/论文与参考/可参考论文(1)/可参考论文(1).7z,.7z,22895976,79a0707d2dfdd42b04c8622b505b371885ec558af1183db3db67f1e6af5b6f5c
05_接下来方向与效果对比/README_整理说明.txt,.txt,260,9b38f32a5a4a4bf0719f71476b05544b2fb93b13d25ce29b17a6e84685e27ee0
05_接下来方向与效果对比/工程历史与专项/接下来方向(1)/接下来方向(1).7z,.7z,32351216,43b15ae6b089887f99efdd18ff04681793e5f693e0f0592ae76ef2dbdbd60c69
05_接下来方向与效果对比/工程历史与专项/蒙特卡洛效果对比(1)/蒙特卡洛效果对比(1).7z,.7z,1651563,4c719ebbc86304b26e3d598e57aaa557ec2b0d79dd3dcc488620acc4247aa3ee
05_接下来方向与效果对比/本包_去重索引.csv,.csv,314,b73f6039505bdb2ad5cf53f4191240ab906e3a4f656010f9cdb7b293350fe199
06_专项证据与论文资料/01_当前接手核心与最新证据_20260920.DUPLICATE_ARCHIVE_REFERENCE.md,.md,423,000ceba13d21434692be822830962cef1d07728e0b3f35ca2cfc2b0c3f94e883
06_专项证据与论文资料/CROSS_SCENE_DYNAMIC_CONCLUSION_V1(1)/SHA256SUMS.txt,.txt,296,416e56bd6a54e9f15dc494ffdd6cf72d707649592c73c42974f0a37d3b66ccb3
06_专项证据与论文资料/CROSS_SCENE_DYNAMIC_CONCLUSION_V1(1)/cross_scene_dynamic_conclusion_v1.json,.json,8153,6f47be35e533117d82bdf687a37c0c2daa358661241e1ded2c7efba255f7dbe4
06_专项证据与论文资料/CROSS_SCENE_DYNAMIC_CONCLUSION_V1(1)/cross_scene_dynamic_conclusion_v1.md,.md,2015,0084e27b629ab37dfc6be2b966b7af79be268f3fa3cbb9ac6bcc6e21903ca924
06_专项证据与论文资料/CROSS_SCENE_DYNAMIC_CONCLUSION_V1(1)/source_inventory.json,.json,16284,2eddb51786f024324e756d7365054025f10ba4265ffaf3bdde2414ff57daca5d
06_专项证据与论文资料/MineSim_1536条采集记录恢复与当前状态_20260912(1)/CELL377_FINAL_STATE_EXCERPT.json,.json,637,95210b8f9a4984111be473e15d076dd0bf33f6a97fa767d23e6195ff5db166c1
06_专项证据与论文资料/MineSim_1536条采集记录恢复与当前状态_20260912(1)/CURRENT_STATE_RECOVERED.json,.json,3574,bc6ef3fe8e30d5ab69743e96f14a8107af1f8d743be14184c6fa0b5b3cf252d2
06_专项证据与论文资料/MineSim_1536条采集记录恢复与当前状态_20260912(1)/LOCAL_RECORD_REVIEW.json,.json,14194,945a373bdf4e3c2d05ac77c827a7356e19405afe946dfbb443606d4200637869
06_专项证据与论文资料/MineSim_1536条采集记录恢复与当前状态_20260912(1)/PACKAGE_SHA256SUMS.json,.json,24062,5c5f53c2af0b3995ed4842768eda1c0dd4086123441de8108ae047635d9332e5
06_专项证据与论文资料/MineSim_1536条采集记录恢复与当前状态_20260912(1)/REVIEW.md,.md,7909,5f7b015161e3d1a1d78bac481278afd8ab8ae4f79d6b32e30f2008d9279fc11e
06_专项证据与论文资料/MineSim_1536条采集记录恢复与当前状态_20260912(1)/evidence/ARCHIVES_METADATA_ONLY.json,.json,1182,2421787ef605521b59e8a605e2f90fbc8a7dfb9a95f8808ddb33501a24ef7590
06_专项证据与论文资料/MineSim_1536条采集记录恢复与当前状态_20260912(1)/evidence/EXPORT_MANIFEST.json,.json,20838,13b068900e8d0221f0dd0bbb061feaf61ff8621e7c7417ccceb776753a34bfc2
06_专项证据与论文资料/MineSim_1536条采集记录恢复与当前状态_20260912(1)/evidence/EXPORT_PLAN.json,.json,18193,1d4c7367228455996d6e7120f2399167e5affd0dfc19ea55b5ded2b9e97a65ff
06_专项证据与论文资料/MineSim_1536条采集记录恢复与当前状态_20260912(1)/evidence/README.txt,.txt,342,91a0be90c21060b986cd2eda7cd163b09939d936953c8d1137accca55568ba37
06_专项证据与论文资料/MineSim_1536条采集记录恢复与当前状态_20260912(1)/evidence/REQUEST.json,.json,256,cb3cdc551b5ec94d930e77bd5713e4fa482b403d937cd7c2864f984a62b39790
06_专项证据与论文资料/MineSim_1536条采集记录恢复与当前状态_20260912(1)/evidence/RESULT.json,.json,679,5f40749f7adf692f371205419cc0a8bddc0e2b92fcff7c0480c6e8171f8f4810
06_专项证据与论文资料/MineSim_1536条采集记录恢复与当前状态_20260912(1)/evidence/SOURCE_CAPTURE_MANIFEST.json,.json,105725,30bfd6182e6c182256aa5fb99401cf70cdb0ae81e282e7b00ab092ffbe1a29bf
06_专项证据与论文资料/MineSim_1536条采集记录恢复与当前状态_20260912(1)/evidence/exporter_source.py,.py,33083,4fa99b834bd52099871f5e583423f349e07a8b84954c46263448c7db7c3b1cf1
06_专项证据与论文资料/MineSim_1536条采集记录恢复与当前状态_20260912(1)/evidence/sources/data/minesim_confirmation768_parallel_v1/AUTHORIZATION.json,.json,1562,b7fe8ce5aecfc27c34d32f43935798d759a6612a005a9742f4c69f0e90674a1e
06_专项证据与论文资料/MineSim_1536条采集记录恢复与当前状态_20260912(1)/evidence/sources/data/minesim_confirmation768_parallel_v1/CAPTURE.json,.json,156,d28202b746a8adb55d6e7e074943e70e1b36968f182db53b9863ffcbe9b43d58
06_专项证据与论文资料/MineSim_1536条采集记录恢复与当前状态_20260912(1)/evidence/sources/data/minesim_confirmation768_parallel_v1/COLLECTION_AUDIT.json,.json,162994,5fdaf32740702c1e8a563ed26c5daab6838a1a0b4279b1d4637f9f04f80276cc
06_专项证据与论文资料/MineSim_1536条采集记录恢复与当前状态_20260912(1)/evidence/sources/data/minesim_confirmation768_parallel_v1/IMPORT_PROBE.stderr.txt,.txt,0,e3b0c44298fc1c149afbf4c8996fb92427ae41e4649b934ca495991b7852b855
06_专项证据与论文资料/MineSim_1536条采集记录恢复与当前状态_20260912(1)/evidence/sources/data/minesim_confirmation768_parallel_v1/IMPORT_PROBE.stdout.txt,.txt,2977,7191da282c0e32a8c83d88ca12b8dab866d8a1b6c49d84e11b260ae5c7c0696e
06_专项证据与论文资料/MineSim_1536条采集记录恢复与当前状态_20260912(1)/evidence/sources/data/minesim_confirmation768_parallel_v1/MANIFEST.json,.json,845760,6ef869b9e79653b5888ebdd9ddba34510725898682972a9279554b5e040f7da5
06_专项证据与论文资料/MineSim_1536条采集记录恢复与当前状态_20260912(1)/evidence/sources/data/minesim_confirmation768_parallel_v1/POSTCHECK.json,.json,282915,7489f0d25d5eee67c80d3e56e313a768ba1a062a823d53b7766d71d8945898df
06_专项证据与论文资料/MineSim_1536条采集记录恢复与当前状态_20260912(1)/evidence/sources/data/minesim_confirmation768_parallel_v1/PREFLIGHT.json,.json,284791,e7fb2e010db917f2499c08a56f037d3b2cf135e009309190891b76d00bc5b6aa
06_专项证据与论文资料/MineSim_1536条采集记录恢复与当前状态_20260912(1)/evidence/sources/data/minesim_confirmation768_parallel_v1/RESULT.json,.json,1040,56c32fc7520532ae4df6cca0cbd66b56dc9212adae0c52a4a303cb44a4e7bf86
06_专项证据与论文资料/MineSim_1536条采集记录恢复与当前状态_20260912(1)/evidence/sources/data/minesim_confirmation768_parallel_v1/SCHEDULE.json,.json,379572,c46cca0abff73537dfb393c48521ccd7b12c7f6ce5f54485d405c48f256ebb52
06_专项证据与论文资料/MineSim_1536条采集记录恢复与当前状态_20260912(1)/evidence/sources/data/minesim_confirmation768_parallel_v1/SEED_LEASE.json,.json,427,d54760696b0fd2cd232e06bb0ad6c222c0e3df5907c94d8cd0f944f322df2a54
06_专项证据与论文资料/MineSim_1536条采集记录恢复与当前状态_20260912(1)/evidence/sources/data/minesim_confirmation768_parallel_v1/START.json,.json,266,4c0844ed8a9ba0f20c2e1d49110a53f4620dcb2bf0755c90af6c81fec71979d5
06_专项证据与论文资料/MineSim_1536条采集记录恢复与当前状态_20260912(1)/evidence/sources/data/minesim_confirmation768_parallel_v1/bundle/BINDINGS_LIVE_FILES.json,.json,238350,e8f92f8cad7617012773970d2c78cccc5869ff62c1403993c3ab649f7a01a0fd
06_专项证据与论文资料/MineSim_1536条采集记录恢复与当前状态_20260912(1)/evidence/sources/data/minesim_confirmation768_parallel_v1/bundle/CONFIRMATION_SPEC.json,.json,20361,e1e7f5077cbef11fa76e4b9736e77b9693d3203fcf39258ff50c70f21d324296
06_专项证据与论文资料/MineSim_1536条采集记录恢复与当前状态_20260912(1)/evidence/sources/data/minesim_confirmation768_parallel_v1/bundle/EXECUTION_PAYLOAD_MANIFEST.json,.json,16337,fb14ca6faedf7623b58f35e37f4feb7b9da3de3d366d64fa6cdf86a1adcb644b
06_专项证据与论文资料/MineSim_1536条采集记录恢复与当前状态_20260912(1)/evidence/sources/data/minesim_confirmation768_parallel_v1/bundle/PAYLOAD_MANIFEST.json,.json,14483,2023daf5477c712c027a9d559ef73f67073f2915a5db9973c684a0cea900d7e4
06_专项证据与论文资料/MineSim_1536条采集记录恢复与当前状态_20260912(1)/evidence/sources/data/minesim_confirmation768_parallel_v1/bundle/RELEASE_PROTOCOL.json,.json,396512,7663f7080c0a6eb215068dc9a11c98fa95ce71693287ee7dc6a15080ccb49a11
06_专项证据与论文资料/MineSim_1536条采集记录恢复与当前状态_20260912(1)/evidence/sources/data/minesim_confirmation768_parallel_v1/bundle/REVIEWED_COLLECTORS.json,.json,688,4b7495fdd50f0239c58b02c0c23704ee0bf0e1c0a3a667fa6c1a7917207a0610
06_专项证据与论文资料/MineSim_1536条采集记录恢复与当前状态_20260912(1)/evidence/sources/data/minesim_confirmation768_parallel_v1/bundle/SOURCE_BINDINGS.json,.json,19435,69d052671f8fbf09efaa530e95de5c34749792a9ae6a66c126ff0747dcb25ca0
06_专项证据与论文资料/MineSim_1536条采集记录恢复与当前状态_20260912(1)/evidence/sources/data/minesim_confirmation768_parallel_v1/bundle/WORKER_ASSIGNMENTS.json,.json,25370,b7567aad020887a47fdc3dfd9b870eda48927b89b243ce3e260450d5a2ce810d
06_专项证据与论文资料/MineSim_1536条采集记录恢复与当前状态_20260912(1)/evidence/sources/data/minesim_confirmation768_parallel_v1/bundle/frozen/ALL_PAIRS_1440.json,.json,1015182,43bc556321f735c5e4dddaba68c03a979a3a894fe4883dffac94e531f8c7a66a
06_专项证据与论文资料/MineSim_1536条采集记录恢复与当前状态_20260912(1)/evidence/sources/data/minesim_confirmation768_parallel_v1/bundle/frozen/CANDIDATE_FREEZE.json,.json,2034,55f361244034f2cf52458fa24cd17616dc3c0aa6eec38e580978d04f08b18cad
06_专项证据与论文资料/MineSim_1536条采集记录恢复与当前状态_20260912(1)/evidence/sources/data/minesim_confirmation768_parallel_v1/bundle/frozen/CANDIDATE_LIMITATIONS_AND_SPLIT_SUPPORT.json,.json,3527,c613634728bf825f75ed8b67a0dadb848d891821853c67ddfc74366e4cc632c0
06_专项证据与论文资料/MineSim_1536条采集记录恢复与当前状态_20260912(1)/evidence/sources/data/minesim_confirmation768_parallel_v1/bundle/frozen/CONFIRMATION_HANDOFF.json,.json,1331,24f646250edda850e74d86bd87bc46b6e073cba1e1c8ad54c5c593343babfeed
06_专项证据与论文资料/MineSim_1536条采集记录恢复与当前状态_20260912(1)/evidence/sources/data/minesim_confirmation768_parallel_v1/bundle/frozen/DISCOVERY_CANDIDATES.json,.json,193904,8fec4366c6988f2c539534b8b04c55bd9133f05101082190fb77c47fab6c9446
06_专项证据与论文资料/MineSim_1536条采集记录恢复与当前状态_20260912(1)/evidence/sources/data/minesim_confirmation768_parallel_v1/bundle/frozen/EPISODE_SPLITS_DESIGN.json,.json,4382,7edb2ee0dff2666e9f5bc54279de6eb3b627251facdf9773dc5ad886430584c7
06_专项证据与论文资料/MineSim_1536条采集记录恢复与当前状态_20260912(1)/evidence/sources/data/minesim_confirmation768_parallel_v1/bundle/frozen/OBSERVATIONS_768.json,.json,896221,f01471cf9c2609995fa221868df4f0376eda2cca669972e93dc36f6248d76294
06_专项证据与论文资料/MineSim_1536条采集记录恢复与当前状态_20260912(1)/evidence/sources/data/minesim_confirmation768_parallel_v1/bundle/frozen/PLANNED_CELLS_1536.csv,.csv,138116,bdbeddbdbea68dec9980d419b07b7cd0d43a14595ca182a045d3c901be65fa39
06_专项证据与论文资料/MineSim_1536条采集记录恢复与当前状态_20260912(1)/evidence/sources/data/minesim_confirmation768_parallel_v1/bundle/frozen/PROTOCOL.json,.json,15581,6e4d327e3a109e9e6e979ac902f23c0aaaf7bf5317f10085058d3e9383fe397b
06_专项证据与论文资料/MineSim_1536条采集记录恢复与当前状态_20260912(1)/evidence/sources/data/minesim_confirmation768_parallel_v1/bundle/frozen/SELECTED_12_ROOTS_DESIGN.json,.json,11377,52b1294141230f4b927473f22451b0e8e49d615761cb9ed5fcd48b70cb58c5b3
06_专项证据与论文资料/MineSim_1536条采集记录恢复与当前状态_20260912(1)/evidence/sources/data/minesim_confirmation768_parallel_v1/bundle/frozen/prior_DISCOVERY_LEDGER_768.json,.json,853788,efc04e51e2328351f3c7035a94a28baa2852af17004de98ffcea56e1928465f4
06_专项证据与论文资料/MineSim_1536条采集记录恢复与当前状态_20260912(1)/evidence/sources/data/minesim_confirmation768_parallel_v1/bundle/frozen/protocol_reference_frozen.py,.py,8444,9767fa134c7478ae7a48232e8431c32e8cd3bd6be62ae2d19520d9ac32955a49
06_专项证据与论文资料/MineSim_1536条采集记录恢复与当前状态_20260912(1)/evidence/sources/data/minesim_confirmation768_parallel_v1/parallel/PHASE_RESULT.json,.json,189,41168ec26d1c3d858a75f36090bdaa9d6ee5b080e6c768147b71a1a44b92a179
06_专项证据与论文资料/MineSim_1536条采集记录恢复与当前状态_20260912(1)/evidence/sources/data/minesim_confirmation768_parallel_v1/parallel/PROCESSES.json,.json,379684,67e6c3691497022d7adf6387be8079e069212bc1530e235d87139951059150aa
06_专项证据与论文资料/MineSim_1536条采集记录恢复与当前状态_20260912(1)/evidence/sources/data/minesim_confirmation768_parallel_v1/parallel/workers/worker_0/PROGRESS.jsonl,.jsonl,35096,3b7a8c841203d43733c9f9749708fe185e621ce15f8e5b7568911f982bbb3ecb
06_专项证据与论文资料/MineSim_1536条采集记录恢复与当前状态_20260912(1)/evidence/sources/data/minesim_confirmation768_parallel_v1/parallel/workers/worker_0/RESULT.json,.json,6534,da6ef8cdaaa774d81b9fe5f4baecbdecdd12cacd92c5c420f8ea5bc547775103
06_专项证据与论文资料/MineSim_1536条采集记录恢复与当前状态_20260912(1)/evidence/sources/data/minesim_confirmation768_parallel_v1/parallel/workers/worker_0/START.json,.json,95016,6c1291b11d0f02a13878a35867454b334a65f2fa9d14e1039e7a1048f0b5545d
06_专项证据与论文资料/MineSim_1536条采集记录恢复与当前状态_20260912(1)/evidence/sources/data/minesim_confirmation768_parallel_v1/parallel/workers/worker_1/PROGRESS.jsonl,.jsonl,35087,add402e4b52be221cdda3b63773f667ce5ad92631aed761e3b662b22a6525340
06_专项证据与论文资料/MineSim_1536条采集记录恢复与当前状态_20260912(1)/evidence/sources/data/minesim_confirmation768_parallel_v1/parallel/workers/worker_1/RESULT.json,.json,6534,95bdbb12b3a41bf18dfd2b09d1b32ba534255cdfa8cadedaf5e3461fcee310e5
06_专项证据与论文资料/MineSim_1536条采集记录恢复与当前状态_20260912(1)/evidence/sources/data/minesim_confirmation768_parallel_v1/parallel/workers/worker_1/START.json,.json,95016,583686f8dc7411f7ba52b9184c8a05fc4fafa4da94c184f418373ab7f40c05b7
06_专项证据与论文资料/MineSim_1536条采集记录恢复与当前状态_20260912(1)/evidence/sources/data/minesim_confirmation768_parallel_v1/parallel/workers/worker_2/PROGRESS.jsonl,.jsonl,35088,c2fe2c409ac7bee3b1911e19d5d215c6a8d846a8812e3a7c4dba0636810c5273
06_专项证据与论文资料/MineSim_1536条采集记录恢复与当前状态_20260912(1)/evidence/sources/data/minesim_confirmation768_parallel_v1/parallel/workers/worker_2/RESULT.json,.json,6533,81f938b5bd6662ff6df1f78b101de3974d8c25a4c8d380ed6be6aac13093f8d1
06_专项证据与论文资料/MineSim_1536条采集记录恢复与当前状态_20260912(1)/evidence/sources/data/minesim_confirmation768_parallel_v1/parallel/workers/worker_2/START.json,.json,95017,f4df62f62c62c9c357fa724bf949764f11c6654e0f22778cb82ee3aba7693924
06_专项证据与论文资料/MineSim_1536条采集记录恢复与当前状态_20260912(1)/evidence/sources/data/minesim_confirmation768_parallel_v1/parallel/workers/worker_3/PROGRESS.jsonl,.jsonl,35106,a9f19ea67b33b3fdcd2acc3b377a6a7abedf062f2e116a9acbb518cb7c51b68d
06_专项证据与论文资料/MineSim_1536条采集记录恢复与当前状态_20260912(1)/evidence/sources/data/minesim_confirmation768_parallel_v1/parallel/workers/worker_3/RESULT.json,.json,6533,a677a99eb8922d6f391c2268a4737d6df068f7cd547e6517e6e327d329f03ddd
06_专项证据与论文资料/MineSim_1536条采集记录恢复与当前状态_20260912(1)/evidence/sources/data/minesim_confirmation768_parallel_v1/parallel/workers/worker_3/START.json,.json,95017,183c914934db991def1531cd349f26cde08f9105f35674a5a62886dc3d5bebff
06_专项证据与论文资料/MineSim_1536条采集记录恢复与当前状态_20260912(1)/evidence/sources/data/minesim_confirmation768_parallel_v1/runner.py.txt,.txt,1590799,92e95de0558783ab5678687d51aba207f8c4d1cbd4d3850f037243fd4faaa37e
06_专项证据与论文资料/MineSim_1536条采集记录恢复与当前状态_20260912(1)/evidence/sources/data/minesim_confirmation768_parallel_v1.screen.log,.log,19959,36fe82cc38630dddf7e1dd9b25b0c65695e973a742d85db7e04ae3f049245a0a
06_专项证据与论文资料/MineSim_1536条采集记录恢复与当前状态_20260912(1)/evidence/sources/data/minesim_discovery_cell377_tail_continuation_v1/AUTHORIZATION.json,.json,1164,5a384511b4f0e4545f04c17adb396cdfe5d3df736a7267b6dfd118ddbeed39f0
06_专项证据与论文资料/MineSim_1536条采集记录恢复与当前状态_20260912(1)/evidence/sources/data/minesim_discovery_cell377_tail_continuation_v1/CAPTURE.json,.json,290,adee012ddaead53145dbc7a1544fc87743e679ec350dcc8662d94a545db0a199
06_专项证据与论文资料/MineSim_1536条采集记录恢复与当前状态_20260912(1)/evidence/sources/data/minesim_discovery_cell377_tail_continuation_v1/JOIN_VALIDATION.json,.json,661,a8920ffd3aae96d2c28f78a4555f1781ceae45fa7133f0647b1fe08352b6ba13
06_专项证据与论文资料/MineSim_1536条采集记录恢复与当前状态_20260912(1)/evidence/sources/data/minesim_discovery_cell377_tail_continuation_v1/MANIFEST.json,.json,18419,b2e4a0e6eb25f45867ed04d9f7f80175d2b71a4042e3e02d9c8dda664e2229be
06_专项证据与论文资料/MineSim_1536条采集记录恢复与当前状态_20260912(1)/evidence/sources/data/minesim_discovery_cell377_tail_continuation_v1/POSTCHECK.json,.json,199,1ab7ab3a95b8b969d3d361a17733737e8d38370b1f0ebbba0173d6c5f8432a33
06_专项证据与论文资料/MineSim_1536条采集记录恢复与当前状态_20260912(1)/evidence/sources/data/minesim_discovery_cell377_tail_continuation_v1/PREFLIGHT.json,.json,7580,9cdefe319531b2a486509ecc62ec3d24ef131c65c3f970a6644db091bf54f64d
06_专项证据与论文资料/MineSim_1536条采集记录恢复与当前状态_20260912(1)/evidence/sources/data/minesim_discovery_cell377_tail_continuation_v1/PROGRESS.jsonl,.jsonl,5972,bfbcd5c6606b4b9ffb57b0e23864a3921c600eb212e5a7f6a5197ae88b9891fc
06_专项证据与论文资料/MineSim_1536条采集记录恢复与当前状态_20260912(1)/evidence/sources/data/minesim_discovery_cell377_tail_continuation_v1/RECONSTRUCTED_CONTEXT.json,.json,884,4a387771453b8bac21c86efa31867d5d4f0f432e0ad682ff5433a7a21228c140
06_专项证据与论文资料/MineSim_1536条采集记录恢复与当前状态_20260912(1)/evidence/sources/data/minesim_discovery_cell377_tail_continuation_v1/REQUEST.json,.json,253,94c696f2d86ea3f794df3787a59f2dc15f8254a998a483bc4c97ff4e453842f5
06_专项证据与论文资料/MineSim_1536条采集记录恢复与当前状态_20260912(1)/evidence/sources/data/minesim_discovery_cell377_tail_continuation_v1/RESULT.json,.json,881,27ed371824ed5d129e8e03006198d1660d38869128c3d92f962e5ee4a53ec4dc
06_专项证据与论文资料/MineSim_1536条采集记录恢复与当前状态_20260912(1)/evidence/sources/data/minesim_discovery_cell377_tail_continuation_v1/START.json,.json,447,800099f99ccb0b94659bbbe6f7f358534c1ead2b34df572f1f9aaef7faa1310b
06_专项证据与论文资料/MineSim_1536条采集记录恢复与当前状态_20260912(1)/evidence/sources/data/minesim_discovery_cell377_tail_continuation_v1/STATIC_INPUT_CHECK.json,.json,1163,bed31b3ae49ae1a1513410cfedf53f09171203a813ec955e70d896c781267ccb
06_专项证据与论文资料/MineSim_1536条采集记录恢复与当前状态_20260912(1)/evidence/sources/data/minesim_discovery_cell377_tail_continuation_v1/cell/CELL_START.json,.json,565,cdd6c9ca9f39ccccb1f3e2f19ac83389b4904f9621a41d6594d3c170c8d98b4d
06_专项证据与论文资料/MineSim_1536条采集记录恢复与当前状态_20260912(1)/evidence/sources/data/minesim_discovery_cell377_tail_continuation_v1/cell/COMMIT.json,.json,1162,3992732f4201e8327259a220e508d00fce9a5a1421acd049b8cad7c494861a9c
06_专项证据与论文资料/MineSim_1536条采集记录恢复与当前状态_20260912(1)/evidence/sources/data/minesim_discovery_cell377_tail_continuation_v1/cell/RESOLVED_CONTEXT.json,.json,884,4ead99e9617aa1ca66d6eee052de7d36cf737c9b84ca05d14cfda3625d8246d7
06_专项证据与论文资料/MineSim_1536条采集记录恢复与当前状态_20260912(1)/evidence/sources/data/minesim_discovery_cell377_tail_continuation_v1/cell/events.jsonl,.jsonl,263767,4a896f817da9779e4170c9015688baa72518afcee92ff5b0899aa0e5f66650f7
06_专项证据与论文资料/MineSim_1536条采集记录恢复与当前状态_20260912(1)/evidence/sources/data/minesim_discovery_cell377_tail_continuation_v1/cell/metric_view.json,.json,191877,e103f7af5e017ec3939cab0cd6da5118cb7fb4ca574a6853172097f9acce4f16
06_专项证据与论文资料/MineSim_1536条采集记录恢复与当前状态_20260912(1)/evidence/sources/data/minesim_discovery_cell377_tail_continuation_v1/cell/metrics.json,.json,4450,21adf0dfba3952219f5c758c32b87721264c8422c49a58f6e1da8f04c07a38db
06_专项证据与论文资料/MineSim_1536条采集记录恢复与当前状态_20260912(1)/evidence/sources/data/minesim_discovery_cell377_tail_continuation_v1/cell/trace.json,.json,219533,da523d091966f27b60b67866bac79b5271b65ff2f0b067a8880556018e6ada7d
06_专项证据与论文资料/MineSim_1536条采集记录恢复与当前状态_20260912(1)/evidence/sources/data/minesim_discovery_cell377_tail_continuation_v1.screen.log,.log,8232,922ae1407bf6043b80ee5e7bca29912b0720c8c0fcd0d51ca5281635d1d4ca31
06_专项证据与论文资料/MineSim_1536条采集记录恢复与当前状态_20260912(1)/evidence/sources/data/minesim_discovery_remaining390_parallel_v1/AUTHORIZATION.json,.json,1623,1fef964c90d103b19abe69d3841b28222a35f3a48d7aa3670cb9198129197314
06_专项证据与论文资料/MineSim_1536条采集记录恢复与当前状态_20260912(1)/evidence/sources/data/minesim_discovery_remaining390_parallel_v1/CAPTURE.json,.json,166,beb7405b2a101db190a74e3be2c588fb78d8223ee46a77d82b99c2359a3ab3c3
06_专项证据与论文资料/MineSim_1536条采集记录恢复与当前状态_20260912(1)/evidence/sources/data/minesim_discovery_remaining390_parallel_v1/CELL_LEASE.json,.json,12064,496fd9756bfa95427cbcc8ad794072b4ceb836a0eab6b20023f357eb057329c4
06_专项证据与论文资料/MineSim_1536条采集记录恢复与当前状态_20260912(1)/evidence/sources/data/minesim_discovery_remaining390_parallel_v1/COLLECTION_AUDIT.json,.json,82350,70cfc0d08a92faaa6473180f91edee914df310f5096ae6f817b39e120a46b6bb
06_专项证据与论文资料/MineSim_1536条采集记录恢复与当前状态_20260912(1)/evidence/sources/data/minesim_discovery_remaining390_parallel_v1/MANIFEST.json,.json,425224,f2cdbc0fbd1fc663977fa9cdceaa501f73a9a25e36947d02cb239e579848c76e
06_专项证据与论文资料/MineSim_1536条采集记录恢复与当前状态_20260912(1)/evidence/sources/data/minesim_discovery_remaining390_parallel_v1/POSTCHECK.json,.json,3121,635990545c8eed99c7b8fb842db9a3d6e2ab2ec5a45bf2a8563b4ff213986076
06_专项证据与论文资料/MineSim_1536条采集记录恢复与当前状态_20260912(1)/evidence/sources/data/minesim_discovery_remaining390_parallel_v1/PREFLIGHT.json,.json,3416,8930e0766d768bab83b0f10bbebe08ff48fc6d4d67737cd6bfcfc1ea56c267f9
06_专项证据与论文资料/MineSim_1536条采集记录恢复与当前状态_20260912(1)/evidence/sources/data/minesim_discovery_remaining390_parallel_v1/RESULT.json,.json,928,21099e6f846e5a05e904edee79bd264011dd1c8c2931c29accb2ed9e29c19e88
06_专项证据与论文资料/MineSim_1536条采集记录恢复与当前状态_20260912(1)/evidence/sources/data/minesim_discovery_remaining390_parallel_v1/SCHEDULE.json,.json,191368,0aea1f06607d462e08cc80a61d4e644d8c44d608265c26add95558458a61b8a4
06_专项证据与论文资料/MineSim_1536条采集记录恢复与当前状态_20260912(1)/evidence/sources/data/minesim_discovery_remaining390_parallel_v1/START.json,.json,292,0bbec6f7fcf44587c9c2717e7cb8d39fb1bdbe4f2b7e4cd2959201bb13fbcbcc
06_专项证据与论文资料/MineSim_1536条采集记录恢复与当前状态_20260912(1)/evidence/sources/data/minesim_discovery_remaining390_parallel_v1/bundle/BOUNDARY.json,.json,427315,55520800929ab5e6d67aa711f3e5ea6df1f9cecf5871851e2f5717eb51092b13
06_专项证据与论文资料/MineSim_1536条采集记录恢复与当前状态_20260912(1)/evidence/sources/data/minesim_discovery_remaining390_parallel_v1/bundle/MANIFEST.json,.json,10463,fbb54ace5620585b43117be4c1b33f921ddcffa02d3b42bd19f2a50e5ab7de76
06_专项证据与论文资料/MineSim_1536条采集记录恢复与当前状态_20260912(1)/evidence/sources/data/minesim_discovery_remaining390_parallel_v1/bundle/PROTOCOL.json,.json,210021,00434567b3fbe351922300b8ded2f4728cc0b86f9dc2ce8ce7ef6ad6edc216ba
06_专项证据与论文资料/MineSim_1536条采集记录恢复与当前状态_20260912(1)/evidence/sources/data/minesim_discovery_remaining390_parallel_v1/parallel/PHASE_RESULT.json,.json,185,a33ab9637d17826564dbc2f2acec23d80d7f0c22cf103069151e27185c30543f
06_专项证据与论文资料/MineSim_1536条采集记录恢复与当前状态_20260912(1)/evidence/sources/data/minesim_discovery_remaining390_parallel_v1/parallel/PROCESSES.json,.json,191480,4bec9eb8ed81bcab7561bb60aa15a50da33f1c308cd38c62de84870ac1f05377
06_专项证据与论文资料/MineSim_1536条采集记录恢复与当前状态_20260912(1)/evidence/sources/data/minesim_discovery_remaining390_parallel_v1/parallel/workers/worker_0/PROGRESS.jsonl,.jsonl,17599,09f3459a29fcc63572f0324c47fdb3a426cb48bf60120a63de72982a1e2662df
06_专项证据与论文资料/MineSim_1536条采集记录恢复与当前状态_20260912(1)/evidence/sources/data/minesim_discovery_remaining390_parallel_v1/parallel/workers/worker_0/RESULT.json,.json,3103,b7a54e58ab6ce434180cbc818aa5d9b62173fdaae1e6adab4e927230b40014ed
06_专项证据与论文资料/MineSim_1536条采集记录恢复与当前状态_20260912(1)/evidence/sources/data/minesim_discovery_remaining390_parallel_v1/parallel/workers/worker_0/START.json,.json,47718,7054a045b7df5578a88e13749bfb757f87a57748c97569e8bda11e15cb739dc2
06_专项证据与论文资料/MineSim_1536条采集记录恢复与当前状态_20260912(1)/evidence/sources/data/minesim_discovery_remaining390_parallel_v1/parallel/workers/worker_1/PROGRESS.jsonl,.jsonl,17584,7bbed2fad45df116f1e704d461087a3d4e4470cadf7007659bdfbdfca395702e
06_专项证据与论文资料/MineSim_1536条采集记录恢复与当前状态_20260912(1)/evidence/sources/data/minesim_discovery_remaining390_parallel_v1/parallel/workers/worker_1/RESULT.json,.json,3104,4bf7597616487a7932520f2aae47d018b363896fa92f5d765f129776c5195256
06_专项证据与论文资料/MineSim_1536条采集记录恢复与当前状态_20260912(1)/evidence/sources/data/minesim_discovery_remaining390_parallel_v1/parallel/workers/worker_1/START.json,.json,47718,da83898e96d01ab6204058f95047f1ebb1f1b718227e92a7103cc1d161f602f9
06_专项证据与论文资料/MineSim_1536条采集记录恢复与当前状态_20260912(1)/evidence/sources/data/minesim_discovery_remaining390_parallel_v1/parallel/workers/worker_2/PROGRESS.jsonl,.jsonl,17744,86546ac8f79be8059d5e1ce5a83bebae61881815b74441402cb259709bac5af0
06_专项证据与论文资料/MineSim_1536条采集记录恢复与当前状态_20260912(1)/evidence/sources/data/minesim_discovery_remaining390_parallel_v1/parallel/workers/worker_2/RESULT.json,.json,3134,747495ea242070efe65545305621ca5ff4335ebfb2f6104c077ef4a05ab194b2
06_专项证据与论文资料/MineSim_1536条采集记录恢复与当前状态_20260912(1)/evidence/sources/data/minesim_discovery_remaining390_parallel_v1/parallel/workers/worker_2/START.json,.json,48207,fcc700973778ad9eb952337fd7c5c970f291591dcf499ef739a7b7603a7e0fe5
06_专项证据与论文资料/MineSim_1536条采集记录恢复与当前状态_20260912(1)/evidence/sources/data/minesim_discovery_remaining390_parallel_v1/parallel/workers/worker_3/PROGRESS.jsonl,.jsonl,17768,4853044de5020e48ab5434a983534f50bb5444138af188269a643e4ebf77b2ea
06_专项证据与论文资料/MineSim_1536条采集记录恢复与当前状态_20260912(1)/evidence/sources/data/minesim_discovery_remaining390_parallel_v1/parallel/workers/worker_3/RESULT.json,.json,3134,765775dadd46d1f74701fc23838bbfd0324ffdfc460a0029e007f1a563662c26
06_专项证据与论文资料/MineSim_1536条采集记录恢复与当前状态_20260912(1)/evidence/sources/data/minesim_discovery_remaining390_parallel_v1/parallel/workers/worker_3/START.json,.json,48207,ba35024e65f0baf2553c775c5f1bbaa04bd60482a4358a3e78de8bd1d4c9c532
06_专项证据与论文资料/MineSim_1536条采集记录恢复与当前状态_20260912(1)/evidence/sources/data/minesim_discovery_remaining390_parallel_v1/runner.py.txt,.txt,1183244,6b48aee4276f498d611f11cabf1c23ae0e1ee17ec50d9acc2e9a3a8b8c7241b1
06_专项证据与论文资料/MineSim_1536条采集记录恢复与当前状态_20260912(1)/evidence/sources/data/minesim_discovery_remaining390_parallel_v1.screen.log,.log,25131,7f7157a3cb35d42c5390cc5f4dd7daa59a0accdf832f62fe1d43c827a150783e
06_专项证据与论文资料/MineSim_1536条采集记录恢复与当前状态_20260912(1)/later_stage_reference/COPY_PROVENANCE.json,.json,2379,d20cefc045d07eee21ca8c1495703e0e7f0187c0238af5d7b51ee161b6ed746a
06_专项证据与论文资料/MineSim_1536条采集记录恢复与当前状态_20260912(1)/later_stage_reference/candidate_regression_RESULT.json,.json,1138,d3746173e1354deee9f1ff407d009d45ee4483f4e0f7ead3b155a653146cf1e8
06_专项证据与论文资料/MineSim_1536条采集记录恢复与当前状态_20260912(1)/later_stage_reference/dual_stop_contract.json,.json,1696,7eea84e8fc1d3d0a13f9faf7e62b1aea46cb77edc99594b67ce24a796110624f
06_专项证据与论文资料/MineSim_1536条采集记录恢复与当前状态_20260912(1)/later_stage_reference/policy4_ERROR.json,.json,705,feca4e48a5cc02c10ce253cd0dbf74971ff4e39520432dfe2192101b3ec3f8a6
06_专项证据与论文资料/MineSim_1536条采集记录恢复与当前状态_20260912(1)/later_stage_reference/policy4_PREFLIGHT.json,.json,10092,1429531de09cf12043208fd2c60210ad39fffbc61d1afd4407debfd4a4bf37e3
06_专项证据与论文资料/MineSim_1536条采集记录恢复与当前状态_20260912(1)/later_stage_reference/policy4_RC.txt,.txt,2,53c234e5e8472b6ac51c1ae1cab3fe06fad053beb8ebfd8977b010655bfdd3c3
06_专项证据与论文资料/MineSim_1536条采集记录恢复与当前状态_20260912(1)/later_stage_reference/policy4_RESULT.json,.json,326,4417c7f3fbbfec84caa687145ab2a5dcb21029f13842455e2dca952bb4bb7ab2
06_专项证据与论文资料/MineSim_1536条采集记录恢复与当前状态_20260912(1)/later_stage_reference/policy4_finished.json,.json,288,39cfac63f7d9b9c2b8f0f3844c92657ecd0fafddb5874e8d14e89ca8f004f8c9
06_专项证据与论文资料/MineSim_1536条采集记录恢复与当前状态_20260912(1)/later_stage_reference/realroute_smoke_RESULT.json,.json,1363,40cc2339eab00089a851ade65e7cdae09c4b3def9adf394204f379eda4a66f56
06_专项证据与论文资料/MineSim_1536条采集记录恢复与当前状态_20260912(1)/review_saved_records.py,.py,14017,6cebfefc37f745ad54fbb2a07f2b04ba89d1554fdced4c1bf18350537cf12d22
06_专项证据与论文资料/MineSim_云端项目整理最终文档包(1)/MineSim_云端项目文件整理与维护说明.docx,.docx,49015,cfac0a2c0ef9abb4394314136fb5abe0e3d7ba831b608479624e95595a930010
06_专项证据与论文资料/MineSim_云端项目整理最终文档包(1)/MineSim_云端项目文件整理与维护说明.md,.md,16223,bf99168f9e78c13a7bd17480bcd5137d3da848ad0851efede2de16aa4abc29e6
06_专项证据与论文资料/MineSim_云端项目整理最终文档包(1)/MineSim_云端项目文件整理与维护说明_converted.md,.md,24604,fe3bc0df6da02ec10868ed93293f74555bd5aaad3ba592dc4d58beb0bdb464d4
06_专项证据与论文资料/PAPER1_V0_OBSERVATIONAL_FREEZE_V1(1)/SHA256SUMS.txt,.txt,573,acaad5819be192412ce2ace1916007ed78d06ac88e340317e4b5383c9d3ff719
06_专项证据与论文资料/PAPER1_V0_OBSERVATIONAL_FREEZE_V1(1)/paper1_v0_observational_freeze_v1.json,.json,1647,989ad916f7d68dfd04f55e0a90ef8bcad3294752156799162fbdd185e55901db
06_专项证据与论文资料/PAPER1_V0_OBSERVATIONAL_FREEZE_V1(1)/paper1_v0_observational_freeze_v1.md,.md,1069,a8aded7f18866b4c322927a51c83f843b411bb2147dc7fd4ad87fb439be559ac
06_专项证据与论文资料/PAPER1_V0_OBSERVATIONAL_FREEZE_V1(1)/source_final_safety.txt,.txt,104,ea41c68dbb914002be83a416ee6e614c7feeec660cfacf72807f0e9e99e0ea40
06_专项证据与论文资料/PAPER1_V0_OBSERVATIONAL_FREEZE_V1(1)/source_full_parity_gate.json,.json,2468,c3fab18645cc91e72d4afdbf869a44dc256ec661f41b46ec28e9854cb91497b0
06_专项证据与论文资料/PAPER1_V0_OBSERVATIONAL_FREEZE_V1(1)/source_output_sha256.txt,.txt,750,fc8277b2fb96679b5e6b8b8d90e8ea7369025d6253b0c5b880fc412d232f5eaa
06_专项证据与论文资料/PAPER1_V0_OBSERVATIONAL_FREEZE_V1(1)/source_v0_summary.json,.json,1076,514eb243871a9144324277305830e6b9bd72a972e7593565d640eb9c9d851af5
06_专项证据与论文资料/PAPER_METHOD_COMPATIBILITY_DECISION_V1(1)/PAPER_METHOD_COMPATIBILITY_DECISION_V1.json,.json,1231,066c62dfc57b4222ef9d0eda8e928d7bb48ac020b38b9aabd856974da6fb0ce1
06_专项证据与论文资料/PAPER_METHOD_COMPATIBILITY_DECISION_V1(1)/PAPER_METHOD_COMPATIBILITY_DECISION_V1.md,.md,5436,8178801c47a932d8d79df173d5df8105f90cf4e1190e8d2df618b8f5b052176d
06_专项证据与论文资料/PAPER_METHOD_COMPATIBILITY_DECISION_V1(1)/SHA256SUMS.txt,.txt,218,7fabc5d1c5343490820a7c495e9d677b41c9fa47eb4583626a14eadda9f560a9
06_专项证据与论文资料/README_整理说明.txt,.txt,333,f40a0f03896623feb535402a4262fdefa55e76755a0132789067de0bef6b9746
06_专项证据与论文资料/本包_去重索引.csv,.csv,48374,eee85da9dabdeb4c45ac6d2550f44bb49f84bc95729e53bb159547b6312281e5
07_历史损坏大包分片A/README_整理说明.txt,.txt,260,9b38f32a5a4a4bf0719f71476b05544b2fb93b13d25ce29b17a6e84685e27ee0
07_历史损坏大包分片A/本包_去重索引.csv,.csv,178,2d6ca5a09d51acc97f3a4ecc9e836ae99339e784844d5eac8d01e2c46910d60e
07_历史损坏大包分片A/超大原件分片/MineSim_Complete_Handoff_Package_2026-08-24 (1)(1).zip.part001,.part001,46137344,1fdc148fa848f086a6458e5a4cb0e371d92f70c8c08397922559605cc4ee5130
08_历史损坏大包分片B/README_整理说明.txt,.txt,260,9b38f32a5a4a4bf0719f71476b05544b2fb93b13d25ce29b17a6e84685e27ee0
08_历史损坏大包分片B/本包_去重索引.csv,.csv,494,305dfea47ac587f882aca41ba8a968ecd7ff7920fdf703c802bf954f1c1a969e
08_历史损坏大包分片B/超大原件分片/MineSim_Complete_Handoff_Package_2026-08-24 (1)(1).zip.REASSEMBLY.json,.json,981,c5a8a17a2325d95c0b3fbfdf8c9060e68b5ac26168f2f0fe851444c7cbe01746
08_历史损坏大包分片B/超大原件分片/MineSim_Complete_Handoff_Package_2026-08-24 (1)(1).zip.part002,.part002,46137344,1a5d370d45d05e56aa9360224b1c83c4db598442fd1676ec44ae61eb1ffb2395
08_历史损坏大包分片B/超大原件分片/MineSim_Complete_Handoff_Package_2026-08-24 (1)(1).zip.part003,.part003,3260416,d536548adf83d29c7d5d461ab06f9ec8e9e6a389c3183be566b88a8aade3e6d9
09_AI接手文档集合/.assets/MineSim-Dynamic_项目全景档案与AI长期接管超级手册_2026-08-06/media/image1.png,.png,77909,12f4fdfe904da94f25fc292318fdaf9c8c5bc5d6a72ae016904d96a618768b47
09_AI接手文档集合/.assets/MineSim-Dynamic_项目全景档案与AI长期接管超级手册_2026-08-06/media/image2.png,.png,124551,6fb82256771f566deeb4428e30748d17fe754b8e5c8d6366378185d9b9e3da69
09_AI接手文档集合/.assets/MineSim-Dynamic_项目全景档案与AI长期接管超级手册_2026-08-06/media/image3.png,.png,152005,a7a1067c4af925d063971079c2a85a37e51e142c4a32a987ea260d33e838502a
09_AI接手文档集合/AI接手文档2__展开/.assets/MineSim-Dynamic_ValueV3_2356root_神经网络阶段性交接文档_2026-08-25_训练完成待闭环/media/image1.png,.png,67120,9a7f399efa4c19a84b2985b178790fe862f4020cb23e1dff51683489f8a893be
09_AI接手文档集合/AI接手文档2__展开/MineSim-Dynamic_ValueV3_2356root_神经网络阶段性交接文档_2026-08-25_训练完成待闭环.docx,.docx,109227,d0cac98fc4d699b52d4cf68319026d5a9a96f78c8cfb12e51a62e2c222418a57
09_AI接手文档集合/AI接手文档2__展开/MineSim-Dynamic_ValueV3_2356root_神经网络阶段性交接文档_2026-08-25_训练完成待闭环.md,.md,33075,c74af476cb81472fa37b09b04111199dab582dc018897d478ee07938cfbc1aa4
09_AI接手文档集合/AI接手文档2__展开/MineSim-Dynamic_全项目超详细阶段性总总结与AI无缝接管手册_2026-08-24.docx,.docx,82073,30ddfdcf971b9b9b9085c6e1812ca2507962092d4b6101b5bd9f75318ee7ee78
09_AI接手文档集合/AI接手文档2__展开/MineSim-Dynamic_全项目超详细阶段性总总结与AI无缝接管手册_2026-08-24.md,.md,91532,bd880475b3d95e079c45840d90b0a2d9ef90442d7212b8ea7c39293956cd47c2
09_AI接手文档集合/AI接手文档2__展开/MineSim-Dynamic_全项目超详细阶段性总总结与AI无缝接管手册_2026-08-24_当前最终更新版.docx,.docx,112065,33e6ca980e11057388390d47c075e2eaa6b599dfc20adddbef7687cfa451de4b
09_AI接手文档集合/AI接手文档2__展开/MineSim-Dynamic_全项目超详细阶段性总总结与AI无缝接管手册_2026-08-24_当前最终更新版.md,.md,173555,a7bc80000f30a319470d7da2a66980a0909a6811c6bc9850286f4aecc053b75d
09_AI接手文档集合/AI接手文档2__展开/MineSim-Dynamic_全项目超详细阶段性总总结与AI无缝接管手册_2026-08-24_晚间更新版.docx,.docx,98088,1a1df36f7c262f2a31ed796f68124fff1c776c0649edad6025f424b49c90db23
09_AI接手文档集合/AI接手文档2__展开/MineSim-Dynamic_全项目超详细阶段性总总结与AI无缝接管手册_2026-08-24_晚间更新版.md,.md,127959,15cbed47534344a4b3bd237d91d16c765e8e387a7951a1625ab8978f6e734b11
09_AI接手文档集合/AI接手文档2__展开/MineSim-Dynamic_全项目超详细阶段性总总结与AI无缝接管手册_2026-08-25_C06授权停点版.docx,.docx,67904,1c5778737d0fc801600d5122fed384511e1e65d4709093c453f61643b6fdbed8
09_AI接手文档集合/AI接手文档2__展开/MineSim-Dynamic_全项目超详细阶段性总总结与AI无缝接管手册_2026-08-25_C06授权停点版.md,.md,56638,e062f9dd498ca49b311f8bfc8e4653f6572db043f0c48a39531e15e4d544b63b
09_AI接手文档集合/AI接手文档2__展开/MineSim-Dynamic_全项目阶段性总总结与AI无缝接管手册_2026-08-18.docx,.docx,85735,47108531428772ae91128bd212ff5bc884c9d9d78fc2bf4667bfc3ec17a619ef
09_AI接手文档集合/AI接手文档2__展开/MineSim-Dynamic_全项目阶段性总总结与AI无缝接管手册_2026-08-18.md,.md,96897,0bea48275f521ab0cc91dbb3015fc285d73afa24de9232955d624e8897646a65
09_AI接手文档集合/AI接手文档2__展开/MineSim-Dynamic_全项目阶段性总总结与AI无缝接管手册_2026-08-21.docx,.docx,91471,84d630f961346411fc08bc5a8e7329d6cf4607cc0ae6ad7d4ef040a06a3d1d7d
09_AI接手文档集合/AI接手文档2__展开/MineSim-Dynamic_全项目阶段性总总结与AI无缝接管手册_2026-08-21.md,.md,111236,483619b9f993cb5048a8b241e969d4972c100fb8771038302eb09c53ce079fef
09_AI接手文档集合/AI接手文档2__展开/MineSim-Dynamic_全项目阶段性总总结与AI无缝接管手册_2026-08-23.docx,.docx,75243,e260c2414b83e3fa13ea78733c77f2943a063f7d8f6ad6c23123e035fdd5872a
09_AI接手文档集合/AI接手文档2__展开/MineSim-Dynamic_全项目阶段性总总结与AI无缝接管手册_2026-08-23.md,.md,84494,d0b6f32b2616a3fe13dc2bc1854c9b05521d23921e14dc5405a3281fd3fbfc69
09_AI接手文档集合/AI接手文档2__展开/MineSim-Dynamic_全项目阶段性总总结与AI无缝接管手册_2026-08-24_协议审计停点版.docx,.docx,131169,59476de4c24c3598b8e27d1be74132d6ba28e7b144cce3409593a17bf829775b
09_AI接手文档集合/AI接手文档2__展开/MineSim-Dynamic_全项目阶段性总总结与AI无缝接管手册_2026-08-24_协议审计停点版.md,.md,207406,0df7d84eed14cf8c9844b3737b5536a2b69b8e1bca59e52f5ea2884a4903431c
09_AI接手文档集合/AI接手文档3__展开/.assets/MineSim-Dynamic_ValueV3_2356root_神经网络阶段性交接文档_2026-08-25_训练完成待闭环/media/image1.png,.png,67120,9a7f399efa4c19a84b2985b178790fe862f4020cb23e1dff51683489f8a893be
09_AI接手文档集合/AI接手文档3__展开/.assets/MineSim-Dynamic_全项目最终交接与AI无缝接管手册_2026-08-30_ValueGuidedMCTS闭环与文件整理终版/media/image1.png,.png,56821,e333519f31dadcca807dc904abb8b797b9a6841ab72ced88f95afd525922cd9d
09_AI接手文档集合/AI接手文档3__展开/.assets/MineSim-Dynamic_全项目最终交接与AI无缝接管手册_2026-08-30_ValueGuidedMCTS闭环与文件整理终版/media/image2.png,.png,47449,308342b34c1504266aa889fa64072349d8fb5ae14ca21e87b5caa3f7f32c2263
09_AI接手文档集合/AI接手文档3__展开/.assets/MineSim-Dynamic_全项目最终交接与AI无缝接管手册_2026-08-30_ValueGuidedMCTS闭环与文件整理终版/media/image3.png,.png,50279,4050dee9fc85dbf16ba310991a8a17fe22dd0663878cad766048884fca7e7564
09_AI接手文档集合/AI接手文档3__展开/MineSim-Dynamic_ValueV3_2356root_神经网络阶段性交接文档_2026-08-25_训练完成待闭环.docx,.docx,109227,d0cac98fc4d699b52d4cf68319026d5a9a96f78c8cfb12e51a62e2c222418a57
09_AI接手文档集合/AI接手文档3__展开/MineSim-Dynamic_ValueV3_2356root_神经网络阶段性交接文档_2026-08-25_训练完成待闭环.md,.md,33075,c74af476cb81472fa37b09b04111199dab582dc018897d478ee07938cfbc1aa4
09_AI接手文档集合/AI接手文档3__展开/MineSim-Dynamic_全项目最终交接与AI无缝接管手册_2026-08-30_ValueGuidedMCTS闭环与文件整理终版.docx,.docx,191994,cd4602a4da5e1931a54c8151d2122156b4687392b96fcac1bba1759f476e4864
09_AI接手文档集合/AI接手文档3__展开/MineSim-Dynamic_全项目最终交接与AI无缝接管手册_2026-08-30_ValueGuidedMCTS闭环与文件整理终版.md,.md,46529,65e1b5c934feaa57c132d566c0140e51c1a2236c974868a4ba627dc5ab9362cd
09_AI接手文档集合/AI接手文档3__展开/MineSim-Dynamic_全项目阶段性总总结与AI无缝接管手册_2026-08-26_C01评价数据冻结_ExactMetric三参数签名故障停点版.docx,.docx,123855,a23c9b883a1382335875cac79757f419ffc382927e4b02d2b44337c78efdcf14
09_AI接手文档集合/AI接手文档3__展开/MineSim-Dynamic_全项目阶段性总总结与AI无缝接管手册_2026-08-26_C01评价数据冻结_ExactMetric三参数签名故障停点版.md,.md,61268,ae6515ebc0fa81ccfe6b5e7479460cb30e130ce2c7f4f88252da93db709f17ea
09_AI接手文档集合/AI接手文档3__展开/MineSim-Dynamic_全项目阶段性总总结与AI无缝接管手册_2026-08-26_C01静态Checker两进程授权前停点版.docx,.docx,124099,d9ea9ed57a70f6c06996b3faf492c88449ff0d9d2717b169fc8451f50e519106
09_AI接手文档集合/AI接手文档3__展开/MineSim-Dynamic_全项目阶段性总总结与AI无缝接管手册_2026-08-26_C01静态Checker两进程授权前停点版.md,.md,59756,b005b30e583090d5bb371f9b9d76e78bb5dcd6011e9d3dd1669c4fd94030cb2f
09_AI接手文档集合/AI接手文档3__展开/MineSim-Dynamic_全项目阶段性总总结与AI无缝接管手册_2026-08-27_ValueGuidedMCTS次级B8矩阵1of9停点版.docx,.docx,129050,ed956706be043ab8bde7c4253f2bfb6320fc66b54500d32a6d9bb2b54d1b5241
09_AI接手文档集合/AI接手文档3__展开/MineSim-Dynamic_全项目阶段性总总结与AI无缝接管手册_2026-08-27_ValueGuidedMCTS次级B8矩阵1of9停点版.md,.md,69066,71cd7c640ffa807cd3052956a8899c1e31aa872b64a891a5a2b0f536cdafd5b6
09_AI接手文档集合/AI接手文档3__展开/MineSim-Dynamic_全项目阶段性总总结与AI无缝接管手册_2026-08-29_GuidedB16矩阵2of9第二格待Freeze停点版.docx,.docx,125005,9ffaf587c9c41682d9c6edc88a232dbcf4cf4859e14e26ce8908ff89c7eff40a
09_AI接手文档集合/AI接手文档3__展开/MineSim-Dynamic_全项目阶段性总总结与AI无缝接管手册_2026-08-29_GuidedB16矩阵2of9第二格待Freeze停点版.md,.md,61084,f509624eb92f679f08a6cd07f9bc2af8cab20ff347f8eb0c16a2bdd27280d074
09_AI接手文档集合/AI接手文档3__展开/MineSim-Dynamic_全项目阶段性总总结与AI无缝接管手册_2026-08-29_ValueGuidedMCTS次级B8矩阵4of9_第5格PrestartLine275停点版.docx,.docx,133901,f9f97d97141bc86ed92fb79958be8349ed0804680b473e28ff23862fb7cc4d30
09_AI接手文档集合/AI接手文档3__展开/MineSim-Dynamic_全项目阶段性总总结与AI无缝接管手册_2026-08-29_ValueGuidedMCTS次级B8矩阵4of9_第5格PrestartLine275停点版.md,.md,78534,50e14f127b5b153cc68ecb2d93596d5111a384ce40c7e9e2308fdd1103a03c5f
09_AI接手文档集合/AI接手文档3__展开/MineSim-Dynamic_全项目阶段性总总结与AI无缝接管手册_2026-08-30_ConfidenceGated运行资产恢复Presearch_SIGKILL停点版.docx,.docx,204496,dbe006d717a91bb52abef4fa5a317394a40584ea6b6c50ece1edef81f70a6037
09_AI接手文档集合/AI接手文档3__展开/MineSim-Dynamic_全项目阶段性总总结与AI无缝接管手册_2026-08-30_ConfidenceGated运行资产恢复Presearch_SIGKILL停点版.md,.md,72835,20d798320d68536f5efdc02dab88ed0d9350de59c68a0e40b09c160fbca8fa9d
09_AI接手文档集合/AI接手文档4__展开/.assets/MineSim_Dynamic_正式交接文档_20260831/media/image1.png,.png,265704,22a518aedb9218de872c51cd0bc6c8f06caaa571f65860d14f7fff680de5995a
09_AI接手文档集合/AI接手文档4__展开/.assets/MineSim_Dynamic_正式交接文档_20260831/media/image2.png,.png,283465,dc9ccaee4e80d3f66581aafa1df0338acc52c88a7da2b9da6b9031e3df2dedaa
09_AI接手文档集合/AI接手文档4__展开/.assets/MineSim_Dynamic_正式交接文档_20260831/media/image3.png,.png,315149,2e79acebb1e5111e7cce69cc8d242b7f945aaf43db71bc25199648b7818a625c
09_AI接手文档集合/AI接手文档4__展开/.assets/MineSim_ValueV3_ConfidenceGated_MCTS_项目交接文档_剪枝分支启动版_V1/media/image1.png,.png,205007,fdb67b325167ef1a1f4f2cf711b95cb6d8eb8c9f8be2560ccad4b362cf373966
09_AI接手文档集合/AI接手文档4__展开/.assets/MineSim_ValueV3_ConfidenceGated_MCTS_项目交接文档_剪枝分支启动版_V1/media/image2.png,.png,77988,50551fef21d8365a85a481bc16647c304b506b537e60bd2a323beccbb42d0b21
09_AI接手文档集合/AI接手文档4__展开/MineSim_Dynamic_正式交接_论文标准对齐版_V1_20260910.docx,.docx,107022,73a80124be44bf4e7078167591ac17c5753df89b81fd130333498459e1c5f7c5
09_AI接手文档集合/AI接手文档4__展开/MineSim_Dynamic_正式交接_论文标准对齐版_V1_20260910.md,.md,116265,93933c8a4c2bdcd182be61586ae91aeddab231b29832cde1524dd3742f2f77c5
09_AI接手文档集合/AI接手文档4__展开/MineSim_Dynamic_正式交接文档_20260831.docx,.docx,722666,3e6d2b6ef29a9d2d8758b9fe2ee8ba0ed94e9fe84268c198171264217237bbb1
09_AI接手文档集合/AI接手文档4__展开/MineSim_Dynamic_正式交接文档_20260831.md,.md,28925,6c4a194889f6f54a0d094ec3bfbc94f56db0615126909113ed47166a300f13d9
09_AI接手文档集合/AI接手文档4__展开/MineSim_ValueV3_ConfidenceGated_MCTS_项目交接文档_剪枝分支启动版_V1.docx,.docx,293165,957051688acf5b78a69f83c6bea3e75641172b8d7ac52eaf8b8e3045575cbbdc
09_AI接手文档集合/AI接手文档4__展开/MineSim_ValueV3_ConfidenceGated_MCTS_项目交接文档_剪枝分支启动版_V1.md,.md,27546,529db70db41078040e40952bd950c8f6bb077e37c8b411bcb850a396cfc89c61
09_AI接手文档集合/AI接手文档4__展开/MineSim_ValueV3_ConfidenceGated_TopKPruning_项目交接文档_K13运行价值评审完成版_V1.docx,.docx,55253,e2e4bc5d7be1969f01925b26012b8c3e2e79bf2d164634eba886fc15d5d89926
09_AI接手文档集合/AI接手文档4__展开/MineSim_ValueV3_ConfidenceGated_TopKPruning_项目交接文档_K13运行价值评审完成版_V1.md,.md,31967,b9d38b5f361ced1ffe0bec3d70e6d56118b8e6f40cea15b4d85df6b38c4256eb
09_AI接手文档集合/AI接手文档4__展开/MineSim_ValueV3_训练数据审计与MCTS剪枝方法详解_20260906.docx,.docx,71866,35ee1b3d28316311ee762e859b10303e028f2331715c0af410603a0149e5b85f
09_AI接手文档集合/AI接手文档4__展开/MineSim_ValueV3_训练数据审计与MCTS剪枝方法详解_20260906.md,.md,57731,89216f825fa26b0e780f6a03245d26d7eff60616bd14e4117720c2a8cde6bb23
09_AI接手文档集合/AI接手文档__展开/.assets/MineSim-Dynamic_项目全景档案与AI长期接管超级手册_2026-08-06/media/image1.png,.png,77909,12f4fdfe904da94f25fc292318fdaf9c8c5bc5d6a72ae016904d96a618768b47
09_AI接手文档集合/AI接手文档__展开/.assets/MineSim-Dynamic_项目全景档案与AI长期接管超级手册_2026-08-06/media/image2.png,.png,124551,6fb82256771f566deeb4428e30748d17fe754b8e5c8d6366378185d9b9e3da69
09_AI接手文档集合/AI接手文档__展开/.assets/MineSim-Dynamic_项目全景档案与AI长期接管超级手册_2026-08-06/media/image3.png,.png,152005,a7a1067c4af925d063971079c2a85a37e51e142c4a32a987ea260d33e838502a
09_AI接手文档集合/AI接手文档__展开/MineSim-Dynamic_云端项目完整交接与工作流手册_2026-08-09.docx,.docx,78345,695afc7a2e669e36a9ee1de4eb47514b9bc0485d471d065cb2a1b3269c71a5fc
09_AI接手文档集合/AI接手文档__展开/MineSim-Dynamic_云端项目完整交接与工作流手册_2026-08-09.md,.md,74774,585db4e66ccc09d93c418d7ec8077d828d4e27f1007e1fe744c24eb7670b5438
09_AI接手文档集合/AI接手文档__展开/MineSim-Dynamic_全项目最新进展_FullMine_VectorV4地图成果与PureMCTS冻结_云端AI长期接管超级手册_2026-08-14.docx,.docx,136563,afeed419f294fad71d7aaf4cfa1852818464b7f01da9dfbc9eeaad7975e78d34
09_AI接手文档集合/AI接手文档__展开/MineSim-Dynamic_全项目最新进展_FullMine_VectorV4地图成果与PureMCTS冻结_云端AI长期接管超级手册_2026-08-14.md,.md,151815,4259a37b975d7d96ed5a2c41bea033378d111fbc5159e6db1769672312f3ddcb
09_AI接手文档集合/AI接手文档__展开/MineSim-Dynamic_全项目进展_FullMine_VectorV4冻结_云端AI长期接管超级手册_2026-08-14.docx,.docx,89677,6c07ad83cdfbcbee1e27fdbc521f3c1743c33dd920dff09b5c0799d5bcc94d2e
09_AI接手文档集合/AI接手文档__展开/MineSim-Dynamic_全项目进展_FullMine_VectorV4冻结_云端AI长期接管超级手册_2026-08-14.md,.md,92818,f356cd2586fb444d7235a0b06c79aaf063d0f79a92275adce53b44a077ff5d17
09_AI接手文档集合/AI接手文档__展开/MineSim-Dynamic_全项目阶段性总交接与AI无缝接管手册_2026-08-16.docx,.docx,86260,89590d100fefec1514974fa68e2ae3e237c84f7dd18cb4ad442707053f37845b
09_AI接手文档集合/AI接手文档__展开/MineSim-Dynamic_全项目阶段性总交接与AI无缝接管手册_2026-08-16.md,.md,99761,39095441cbf8a27c0344c0afe8672a3fc5afcadd1ae9745edb98387249021c23
09_AI接手文档集合/AI接手文档__展开/MineSim-Dynamic_全项目阶段性总交接与AI无缝接管手册_2026-08-17.docx,.docx,97355,7da4b6b4c676cfe60d4c40e312245052a3b3d65d3512fb0b94fe386eb2c07b69
09_AI接手文档集合/AI接手文档__展开/MineSim-Dynamic_全项目阶段性总交接与AI无缝接管手册_2026-08-17.md,.md,105585,ce64fd7dd6b872cc40aebcb179eb377e14886cedf511839e032bc6a5419c4033
09_AI接手文档集合/AI接手文档__展开/MineSim-Dynamic_新地图项目云端交接手册_2026-08-11.docx,.docx,66098,a59e6fc0bd3d8310b26562ebbc5b09e159038590f94f4e69d146c7163ece7666
09_AI接手文档集合/AI接手文档__展开/MineSim-Dynamic_新地图项目云端交接手册_2026-08-11.md,.md,56057,89d6b2c4bfda5bdff48bfcc150a7b9346c9971f2083c619251704c4e3e553c7e
09_AI接手文档集合/AI接手文档__展开/MineSim-Dynamic_普通AI与AutoDL云端交互及代码调试手册_2026-07-26.docx,.docx,57651,940caf28e215f48ae6313f33163e1b7b1935401ac4ff0a73bbc59ee3320f346d
09_AI接手文档集合/AI接手文档__展开/MineSim-Dynamic_普通AI与AutoDL云端交互及代码调试手册_2026-07-26.md,.md,39394,b91f447afe2d1804407c9096c16993daf16891f70fde94a6f9ef56658be11807
09_AI接手文档集合/AI接手文档__展开/MineSim-Dynamic_项目全景档案与AI长期接管超级手册_2026-08-06.docx,.docx,381038,67c041a58f763f07e36526ef31648dcc6ccf4d317d041b6fdcec11d5c8a0fe59
09_AI接手文档集合/AI接手文档__展开/MineSim-Dynamic_项目全景档案与AI长期接管超级手册_2026-08-06.md,.md,86020,e84e9445bbcf55f041881256a7e9dd53cfecccb9658ed0881275fcb4956e78b8
09_AI接手文档集合/AI接手文档__展开/MineSim-Dynamic_项目完整进展与云端AI接管超级手册_2026-08-12.docx,.docx,87694,0fa27779250fb4d2b4d395c2fa417e51c3758b23eddd38bd30ff845badf3ee56
09_AI接手文档集合/AI接手文档__展开/MineSim-Dynamic_项目完整进展与云端AI接管超级手册_2026-08-12.md,.md,94369,ba6bcbfee69798e43f25e1772b9c70100232942d6c427d9294f802fca15a8b9f
09_AI接手文档集合/AI接手文档__展开/MineSim-Dynamic_项目必备配套资料_风险清单与AI长期交接手册_2026-07-26.docx,.docx,62814,f898d110dccb81590e0c7b842b585417375223172839d0be1ffcd80fa39de573
09_AI接手文档集合/AI接手文档__展开/MineSim-Dynamic_项目必备配套资料_风险清单与AI长期交接手册_2026-07-26.md,.md,46665,deccb034bd73b616e4fb89c9826bf6f236a0d2ee08ebb31c018969282bf44f9e
09_AI接手文档集合/AI接手文档__展开/MineSim项目云端接手与技术总览_2026-08-13.docx,.docx,70747,aecc2c77c31282414cbe82ac0a2ebd3588793862e7c2d2d9cb4dc5f39493f547
09_AI接手文档集合/AI接手文档__展开/MineSim项目云端接手与技术总览_2026-08-13.md,.md,67429,94ffdb8dda54d65a050e4c30c2a740c11f18f8e97cd86539ad549cce1fa5d6dc
09_AI接手文档集合/AI接手文档（截至9月12）__展开/AI接手文档.zip,.zip,1189654,0d84f9cadc2e1250b2f6434edb62c865a4abe3726d9888b75156ef8437a70a13
09_AI接手文档集合/AI接手文档（截至9月12）__展开/AI接手文档2.zip,.zip,834529,08ae0b5c269891ffc7b750354b60b28fe418148d8642111e4c69f67c44baaa0f
09_AI接手文档集合/AI接手文档（截至9月12）__展开/AI接手文档3.zip,.zip,1126908,243f06894ebd3e754ec3794eec9b4f00ba79c6075b0817a462b603c4221c2308
09_AI接手文档集合/AI接手文档（截至9月12）__展开/AI接手文档4.zip,.zip,1240685,c60924eaf0bda8ab5675594c8040a837edb94cef6a649388085fb5b0789d61d2
09_AI接手文档集合/AI接手文档（截至9月12）__展开/CROSS_SCENE_DYNAMIC_CONCLUSION_V1.zip,.zip,6886,2dde3d66652097ab8319ac44693f2c035435f838799e24ff6147facc6565ca0b
09_AI接手文档集合/AI接手文档（截至9月12）__展开/MineSim_云端项目整理最终文档包.zip,.zip,53552,b421fae9b0f36b948b5fda716f874f09256a670846a6e8fa41752b4620240251
09_AI接手文档集合/AI接手文档（截至9月12）__展开/PAPER1_V0_OBSERVATIONAL_FREEZE_V1.zip,.zip,4542,714698023347899f2b3f52e13965d6507eac7c325ad681ee48167b266521460d
09_AI接手文档集合/AI接手文档（截至9月12）__展开/PAPER_METHOD_COMPATIBILITY_DECISION_V1.zip,.zip,3658,2c2f85767b60e139bd9d6b56a6b24d7b3a0afd95c5ca802b81ad882acb67cb41
09_AI接手文档集合/CROSS_SCENE_DYNAMIC_CONCLUSION_V1__展开/SHA256SUMS.txt,.txt,296,416e56bd6a54e9f15dc494ffdd6cf72d707649592c73c42974f0a37d3b66ccb3
09_AI接手文档集合/CROSS_SCENE_DYNAMIC_CONCLUSION_V1__展开/cross_scene_dynamic_conclusion_v1.json,.json,8153,6f47be35e533117d82bdf687a37c0c2daa358661241e1ded2c7efba255f7dbe4
09_AI接手文档集合/CROSS_SCENE_DYNAMIC_CONCLUSION_V1__展开/cross_scene_dynamic_conclusion_v1.md,.md,2015,0084e27b629ab37dfc6be2b966b7af79be268f3fa3cbb9ac6bcc6e21903ca924
09_AI接手文档集合/CROSS_SCENE_DYNAMIC_CONCLUSION_V1__展开/source_inventory.json,.json,16284,2eddb51786f024324e756d7365054025f10ba4265ffaf3bdde2414ff57daca5d
09_AI接手文档集合/MineSim-Dynamic_云端项目完整交接与工作流手册_2026-08-09.docx,.docx,78345,695afc7a2e669e36a9ee1de4eb47514b9bc0485d471d065cb2a1b3269c71a5fc
09_AI接手文档集合/MineSim-Dynamic_云端项目完整交接与工作流手册_2026-08-09.md,.md,74774,585db4e66ccc09d93c418d7ec8077d828d4e27f1007e1fe744c24eb7670b5438
09_AI接手文档集合/MineSim-Dynamic_全项目最新进展_FullMine_VectorV4地图成果与PureMCTS冻结_云端AI长期接管超级手册_2026-08-14.docx,.docx,136563,afeed419f294fad71d7aaf4cfa1852818464b7f01da9dfbc9eeaad7975e78d34
09_AI接手文档集合/MineSim-Dynamic_全项目最新进展_FullMine_VectorV4地图成果与PureMCTS冻结_云端AI长期接管超级手册_2026-08-14.md,.md,151815,4259a37b975d7d96ed5a2c41bea033378d111fbc5159e6db1769672312f3ddcb
09_AI接手文档集合/MineSim-Dynamic_全项目进展_FullMine_VectorV4冻结_云端AI长期接管超级手册_2026-08-14.docx,.docx,89677,6c07ad83cdfbcbee1e27fdbc521f3c1743c33dd920dff09b5c0799d5bcc94d2e
09_AI接手文档集合/MineSim-Dynamic_全项目进展_FullMine_VectorV4冻结_云端AI长期接管超级手册_2026-08-14.md,.md,92818,f356cd2586fb444d7235a0b06c79aaf063d0f79a92275adce53b44a077ff5d17
09_AI接手文档集合/MineSim-Dynamic_全项目阶段性总交接与AI无缝接管手册_2026-08-16.docx,.docx,86260,89590d100fefec1514974fa68e2ae3e237c84f7dd18cb4ad442707053f37845b
09_AI接手文档集合/MineSim-Dynamic_全项目阶段性总交接与AI无缝接管手册_2026-08-16.md,.md,99761,39095441cbf8a27c0344c0afe8672a3fc5afcadd1ae9745edb98387249021c23
09_AI接手文档集合/MineSim-Dynamic_全项目阶段性总交接与AI无缝接管手册_2026-08-17.docx,.docx,97355,7da4b6b4c676cfe60d4c40e312245052a3b3d65d3512fb0b94fe386eb2c07b69
09_AI接手文档集合/MineSim-Dynamic_全项目阶段性总交接与AI无缝接管手册_2026-08-17.md,.md,105585,ce64fd7dd6b872cc40aebcb179eb377e14886cedf511839e032bc6a5419c4033
09_AI接手文档集合/MineSim-Dynamic_新地图项目云端交接手册_2026-08-11.docx,.docx,66098,a59e6fc0bd3d8310b26562ebbc5b09e159038590f94f4e69d146c7163ece7666
09_AI接手文档集合/MineSim-Dynamic_新地图项目云端交接手册_2026-08-11.md,.md,56057,89d6b2c4bfda5bdff48bfcc150a7b9346c9971f2083c619251704c4e3e553c7e
09_AI接手文档集合/MineSim-Dynamic_普通AI与AutoDL云端交互及代码调试手册_2026-07-26.docx,.docx,57651,940caf28e215f48ae6313f33163e1b7b1935401ac4ff0a73bbc59ee3320f346d
09_AI接手文档集合/MineSim-Dynamic_普通AI与AutoDL云端交互及代码调试手册_2026-07-26.md,.md,39394,b91f447afe2d1804407c9096c16993daf16891f70fde94a6f9ef56658be11807
09_AI接手文档集合/MineSim-Dynamic_项目全景档案与AI长期接管超级手册_2026-08-06.docx,.docx,381038,67c041a58f763f07e36526ef31648dcc6ccf4d317d041b6fdcec11d5c8a0fe59
09_AI接手文档集合/MineSim-Dynamic_项目全景档案与AI长期接管超级手册_2026-08-06.md,.md,86020,e84e9445bbcf55f041881256a7e9dd53cfecccb9658ed0881275fcb4956e78b8
09_AI接手文档集合/MineSim-Dynamic_项目完整进展与云端AI接管超级手册_2026-08-12.docx,.docx,87694,0fa27779250fb4d2b4d395c2fa417e51c3758b23eddd38bd30ff845badf3ee56
09_AI接手文档集合/MineSim-Dynamic_项目完整进展与云端AI接管超级手册_2026-08-12.md,.md,94369,ba6bcbfee69798e43f25e1772b9c70100232942d6c427d9294f802fca15a8b9f
09_AI接手文档集合/MineSim-Dynamic_项目必备配套资料_风险清单与AI长期交接手册_2026-07-26.docx,.docx,62814,f898d110dccb81590e0c7b842b585417375223172839d0be1ffcd80fa39de573
09_AI接手文档集合/MineSim-Dynamic_项目必备配套资料_风险清单与AI长期交接手册_2026-07-26.md,.md,46665,deccb034bd73b616e4fb89c9826bf6f236a0d2ee08ebb31c018969282bf44f9e
09_AI接手文档集合/MineSim_1536条采集记录恢复与当前状态_20260912__展开/CELL377_FINAL_STATE_EXCERPT.json,.json,637,95210b8f9a4984111be473e15d076dd0bf33f6a97fa767d23e6195ff5db166c1
09_AI接手文档集合/MineSim_1536条采集记录恢复与当前状态_20260912__展开/CURRENT_STATE_RECOVERED.json,.json,3574,bc6ef3fe8e30d5ab69743e96f14a8107af1f8d743be14184c6fa0b5b3cf252d2
09_AI接手文档集合/MineSim_1536条采集记录恢复与当前状态_20260912__展开/LOCAL_RECORD_REVIEW.json,.json,14194,945a373bdf4e3c2d05ac77c827a7356e19405afe946dfbb443606d4200637869
09_AI接手文档集合/MineSim_1536条采集记录恢复与当前状态_20260912__展开/PACKAGE_SHA256SUMS.json,.json,24062,5c5f53c2af0b3995ed4842768eda1c0dd4086123441de8108ae047635d9332e5
09_AI接手文档集合/MineSim_1536条采集记录恢复与当前状态_20260912__展开/REVIEW.md,.md,7909,5f7b015161e3d1a1d78bac481278afd8ab8ae4f79d6b32e30f2008d9279fc11e
09_AI接手文档集合/MineSim_1536条采集记录恢复与当前状态_20260912__展开/evidence/ARCHIVES_METADATA_ONLY.json,.json,1182,2421787ef605521b59e8a605e2f90fbc8a7dfb9a95f8808ddb33501a24ef7590
09_AI接手文档集合/MineSim_1536条采集记录恢复与当前状态_20260912__展开/evidence/EXPORT_MANIFEST.json,.json,20838,13b068900e8d0221f0dd0bbb061feaf61ff8621e7c7417ccceb776753a34bfc2
09_AI接手文档集合/MineSim_1536条采集记录恢复与当前状态_20260912__展开/evidence/EXPORT_PLAN.json,.json,18193,1d4c7367228455996d6e7120f2399167e5affd0dfc19ea55b5ded2b9e97a65ff
09_AI接手文档集合/MineSim_1536条采集记录恢复与当前状态_20260912__展开/evidence/RC.txt,.txt,2,9a271f2a916b0b6ee6cecb2426f0b3206ef074578be55d9bc94f6f3fe3ab86aa
09_AI接手文档集合/MineSim_1536条采集记录恢复与当前状态_20260912__展开/evidence/README.txt,.txt,342,91a0be90c21060b986cd2eda7cd163b09939d936953c8d1137accca55568ba37
09_AI接手文档集合/MineSim_1536条采集记录恢复与当前状态_20260912__展开/evidence/REQUEST.json,.json,256,cb3cdc551b5ec94d930e77bd5713e4fa482b403d937cd7c2864f984a62b39790
09_AI接手文档集合/MineSim_1536条采集记录恢复与当前状态_20260912__展开/evidence/RESULT.json,.json,679,5f40749f7adf692f371205419cc0a8bddc0e2b92fcff7c0480c6e8171f8f4810
09_AI接手文档集合/MineSim_1536条采集记录恢复与当前状态_20260912__展开/evidence/SOURCE_CAPTURE_MANIFEST.json,.json,105725,30bfd6182e6c182256aa5fb99401cf70cdb0ae81e282e7b00ab092ffbe1a29bf
09_AI接手文档集合/MineSim_1536条采集记录恢复与当前状态_20260912__展开/evidence/exporter_source.py,.py,33083,4fa99b834bd52099871f5e583423f349e07a8b84954c46263448c7db7c3b1cf1
09_AI接手文档集合/MineSim_1536条采集记录恢复与当前状态_20260912__展开/evidence/sources/data/minesim_confirmation768_parallel_v1/AUTHORIZATION.json,.json,1562,b7fe8ce5aecfc27c34d32f43935798d759a6612a005a9742f4c69f0e90674a1e
09_AI接手文档集合/MineSim_1536条采集记录恢复与当前状态_20260912__展开/evidence/sources/data/minesim_confirmation768_parallel_v1/CAPTURE.json,.json,156,d28202b746a8adb55d6e7e074943e70e1b36968f182db53b9863ffcbe9b43d58
09_AI接手文档集合/MineSim_1536条采集记录恢复与当前状态_20260912__展开/evidence/sources/data/minesim_confirmation768_parallel_v1/COLLECTION_AUDIT.json,.json,162994,5fdaf32740702c1e8a563ed26c5daab6838a1a0b4279b1d4637f9f04f80276cc
09_AI接手文档集合/MineSim_1536条采集记录恢复与当前状态_20260912__展开/evidence/sources/data/minesim_confirmation768_parallel_v1/IMPORT_PROBE.stderr.txt,.txt,0,e3b0c44298fc1c149afbf4c8996fb92427ae41e4649b934ca495991b7852b855
09_AI接手文档集合/MineSim_1536条采集记录恢复与当前状态_20260912__展开/evidence/sources/data/minesim_confirmation768_parallel_v1/IMPORT_PROBE.stdout.txt,.txt,2977,7191da282c0e32a8c83d88ca12b8dab866d8a1b6c49d84e11b260ae5c7c0696e
09_AI接手文档集合/MineSim_1536条采集记录恢复与当前状态_20260912__展开/evidence/sources/data/minesim_confirmation768_parallel_v1/MANIFEST.json,.json,845760,6ef869b9e79653b5888ebdd9ddba34510725898682972a9279554b5e040f7da5
09_AI接手文档集合/MineSim_1536条采集记录恢复与当前状态_20260912__展开/evidence/sources/data/minesim_confirmation768_parallel_v1/POSTCHECK.json,.json,282915,7489f0d25d5eee67c80d3e56e313a768ba1a062a823d53b7766d71d8945898df
09_AI接手文档集合/MineSim_1536条采集记录恢复与当前状态_20260912__展开/evidence/sources/data/minesim_confirmation768_parallel_v1/PREFLIGHT.json,.json,284791,e7fb2e010db917f2499c08a56f037d3b2cf135e009309190891b76d00bc5b6aa
09_AI接手文档集合/MineSim_1536条采集记录恢复与当前状态_20260912__展开/evidence/sources/data/minesim_confirmation768_parallel_v1/RC.txt,.txt,2,9a271f2a916b0b6ee6cecb2426f0b3206ef074578be55d9bc94f6f3fe3ab86aa
09_AI接手文档集合/MineSim_1536条采集记录恢复与当前状态_20260912__展开/evidence/sources/data/minesim_confirmation768_parallel_v1/RESULT.json,.json,1040,56c32fc7520532ae4df6cca0cbd66b56dc9212adae0c52a4a303cb44a4e7bf86
09_AI接手文档集合/MineSim_1536条采集记录恢复与当前状态_20260912__展开/evidence/sources/data/minesim_confirmation768_parallel_v1/SCHEDULE.json,.json,379572,c46cca0abff73537dfb393c48521ccd7b12c7f6ce5f54485d405c48f256ebb52
09_AI接手文档集合/MineSim_1536条采集记录恢复与当前状态_20260912__展开/evidence/sources/data/minesim_confirmation768_parallel_v1/SEED_LEASE.json,.json,427,d54760696b0fd2cd232e06bb0ad6c222c0e3df5907c94d8cd0f944f322df2a54
09_AI接手文档集合/MineSim_1536条采集记录恢复与当前状态_20260912__展开/evidence/sources/data/minesim_confirmation768_parallel_v1/START.json,.json,266,4c0844ed8a9ba0f20c2e1d49110a53f4620dcb2bf0755c90af6c81fec71979d5
09_AI接手文档集合/MineSim_1536条采集记录恢复与当前状态_20260912__展开/evidence/sources/data/minesim_confirmation768_parallel_v1/bundle/BINDINGS_LIVE_FILES.json,.json,238350,e8f92f8cad7617012773970d2c78cccc5869ff62c1403993c3ab649f7a01a0fd
09_AI接手文档集合/MineSim_1536条采集记录恢复与当前状态_20260912__展开/evidence/sources/data/minesim_confirmation768_parallel_v1/bundle/CONFIRMATION_SCHEDULE.json,.json,379572,c46cca0abff73537dfb393c48521ccd7b12c7f6ce5f54485d405c48f256ebb52
09_AI接手文档集合/MineSim_1536条采集记录恢复与当前状态_20260912__展开/evidence/sources/data/minesim_confirmation768_parallel_v1/bundle/CONFIRMATION_SPEC.json,.json,20361,e1e7f5077cbef11fa76e4b9736e77b9693d3203fcf39258ff50c70f21d324296
09_AI接手文档集合/MineSim_1536条采集记录恢复与当前状态_20260912__展开/evidence/sources/data/minesim_confirmation768_parallel_v1/bundle/EXECUTION_PAYLOAD_MANIFEST.json,.json,16337,fb14ca6faedf7623b58f35e37f4feb7b9da3de3d366d64fa6cdf86a1adcb644b
09_AI接手文档集合/MineSim_1536条采集记录恢复与当前状态_20260912__展开/evidence/sources/data/minesim_confirmation768_parallel_v1/bundle/PAYLOAD_MANIFEST.json,.json,14483,2023daf5477c712c027a9d559ef73f67073f2915a5db9973c684a0cea900d7e4
09_AI接手文档集合/MineSim_1536条采集记录恢复与当前状态_20260912__展开/evidence/sources/data/minesim_confirmation768_parallel_v1/bundle/RELEASE_PROTOCOL.json,.json,396512,7663f7080c0a6eb215068dc9a11c98fa95ce71693287ee7dc6a15080ccb49a11
09_AI接手文档集合/MineSim_1536条采集记录恢复与当前状态_20260912__展开/evidence/sources/data/minesim_confirmation768_parallel_v1/bundle/REVIEWED_COLLECTORS.json,.json,688,4b7495fdd50f0239c58b02c0c23704ee0bf0e1c0a3a667fa6c1a7917207a0610
09_AI接手文档集合/MineSim_1536条采集记录恢复与当前状态_20260912__展开/evidence/sources/data/minesim_confirmation768_parallel_v1/bundle/SOURCE_BINDINGS.json,.json,19435,69d052671f8fbf09efaa530e95de5c34749792a9ae6a66c126ff0747dcb25ca0
09_AI接手文档集合/MineSim_1536条采集记录恢复与当前状态_20260912__展开/evidence/sources/data/minesim_confirmation768_parallel_v1/bundle/WORKER_ASSIGNMENTS.json,.json,25370,b7567aad020887a47fdc3dfd9b870eda48927b89b243ce3e260450d5a2ce810d
09_AI接手文档集合/MineSim_1536条采集记录恢复与当前状态_20260912__展开/evidence/sources/data/minesim_confirmation768_parallel_v1/bundle/frozen/ALL_PAIRS_1440.json,.json,1015182,43bc556321f735c5e4dddaba68c03a979a3a894fe4883dffac94e531f8c7a66a
09_AI接手文档集合/MineSim_1536条采集记录恢复与当前状态_20260912__展开/evidence/sources/data/minesim_confirmation768_parallel_v1/bundle/frozen/CANDIDATE_FREEZE.json,.json,2034,55f361244034f2cf52458fa24cd17616dc3c0aa6eec38e580978d04f08b18cad
09_AI接手文档集合/MineSim_1536条采集记录恢复与当前状态_20260912__展开/evidence/sources/data/minesim_confirmation768_parallel_v1/bundle/frozen/CANDIDATE_LIMITATIONS_AND_SPLIT_SUPPORT.json,.json,3527,c613634728bf825f75ed8b67a0dadb848d891821853c67ddfc74366e4cc632c0
09_AI接手文档集合/MineSim_1536条采集记录恢复与当前状态_20260912__展开/evidence/sources/data/minesim_confirmation768_parallel_v1/bundle/frozen/CONFIRMATION_HANDOFF.json,.json,1331,24f646250edda850e74d86bd87bc46b6e073cba1e1c8ad54c5c593343babfeed
09_AI接手文档集合/MineSim_1536条采集记录恢复与当前状态_20260912__展开/evidence/sources/data/minesim_confirmation768_parallel_v1/bundle/frozen/DISCOVERY_CANDIDATES.json,.json,193904,8fec4366c6988f2c539534b8b04c55bd9133f05101082190fb77c47fab6c9446
09_AI接手文档集合/MineSim_1536条采集记录恢复与当前状态_20260912__展开/evidence/sources/data/minesim_confirmation768_parallel_v1/bundle/frozen/EPISODE_SPLITS_DESIGN.json,.json,4382,7edb2ee0dff2666e9f5bc54279de6eb3b627251facdf9773dc5ad886430584c7
09_AI接手文档集合/MineSim_1536条采集记录恢复与当前状态_20260912__展开/evidence/sources/data/minesim_confirmation768_parallel_v1/bundle/frozen/OBSERVATIONS_768.json,.json,896221,f01471cf9c2609995fa221868df4f0376eda2cca669972e93dc36f6248d76294
09_AI接手文档集合/MineSim_1536条采集记录恢复与当前状态_20260912__展开/evidence/sources/data/minesim_confirmation768_parallel_v1/bundle/frozen/PLANNED_CELLS_1536.csv,.csv,138116,bdbeddbdbea68dec9980d419b07b7cd0d43a14595ca182a045d3c901be65fa39
09_AI接手文档集合/MineSim_1536条采集记录恢复与当前状态_20260912__展开/evidence/sources/data/minesim_confirmation768_parallel_v1/bundle/frozen/PROTOCOL.json,.json,15581,6e4d327e3a109e9e6e979ac902f23c0aaaf7bf5317f10085058d3e9383fe397b
09_AI接手文档集合/MineSim_1536条采集记录恢复与当前状态_20260912__展开/evidence/sources/data/minesim_confirmation768_parallel_v1/bundle/frozen/SELECTED_12_ROOTS_DESIGN.json,.json,11377,52b1294141230f4b927473f22451b0e8e49d615761cb9ed5fcd48b70cb58c5b3
09_AI接手文档集合/MineSim_1536条采集记录恢复与当前状态_20260912__展开/evidence/sources/data/minesim_confirmation768_parallel_v1/bundle/frozen/prior_DISCOVERY_LEDGER_768.json,.json,853788,efc04e51e2328351f3c7035a94a28baa2852af17004de98ffcea56e1928465f4
09_AI接手文档集合/MineSim_1536条采集记录恢复与当前状态_20260912__展开/evidence/sources/data/minesim_confirmation768_parallel_v1/bundle/frozen/protocol_reference_frozen.py,.py,8444,9767fa134c7478ae7a48232e8431c32e8cd3bd6be62ae2d19520d9ac32955a49
09_AI接手文档集合/MineSim_1536条采集记录恢复与当前状态_20260912__展开/evidence/sources/data/minesim_confirmation768_parallel_v1/parallel/PHASE_RESULT.json,.json,189,41168ec26d1c3d858a75f36090bdaa9d6ee5b080e6c768147b71a1a44b92a179
09_AI接手文档集合/MineSim_1536条采集记录恢复与当前状态_20260912__展开/evidence/sources/data/minesim_confirmation768_parallel_v1/parallel/PROCESSES.json,.json,379684,67e6c3691497022d7adf6387be8079e069212bc1530e235d87139951059150aa
09_AI接手文档集合/MineSim_1536条采集记录恢复与当前状态_20260912__展开/evidence/sources/data/minesim_confirmation768_parallel_v1/parallel/workers/worker_0/PROGRESS.jsonl,.jsonl,35096,3b7a8c841203d43733c9f9749708fe185e621ce15f8e5b7568911f982bbb3ecb
09_AI接手文档集合/MineSim_1536条采集记录恢复与当前状态_20260912__展开/evidence/sources/data/minesim_confirmation768_parallel_v1/parallel/workers/worker_0/RESULT.json,.json,6534,da6ef8cdaaa774d81b9fe5f4baecbdecdd12cacd92c5c420f8ea5bc547775103
09_AI接手文档集合/MineSim_1536条采集记录恢复与当前状态_20260912__展开/evidence/sources/data/minesim_confirmation768_parallel_v1/parallel/workers/worker_0/START.json,.json,95016,6c1291b11d0f02a13878a35867454b334a65f2fa9d14e1039e7a1048f0b5545d
09_AI接手文档集合/MineSim_1536条采集记录恢复与当前状态_20260912__展开/evidence/sources/data/minesim_confirmation768_parallel_v1/parallel/workers/worker_1/PROGRESS.jsonl,.jsonl,35087,add402e4b52be221cdda3b63773f667ce5ad92631aed761e3b662b22a6525340
09_AI接手文档集合/MineSim_1536条采集记录恢复与当前状态_20260912__展开/evidence/sources/data/minesim_confirmation768_parallel_v1/parallel/workers/worker_1/RESULT.json,.json,6534,95bdbb12b3a41bf18dfd2b09d1b32ba534255cdfa8cadedaf5e3461fcee310e5
09_AI接手文档集合/MineSim_1536条采集记录恢复与当前状态_20260912__展开/evidence/sources/data/minesim_confirmation768_parallel_v1/parallel/workers/worker_1/START.json,.json,95016,583686f8dc7411f7ba52b9184c8a05fc4fafa4da94c184f418373ab7f40c05b7
09_AI接手文档集合/MineSim_1536条采集记录恢复与当前状态_20260912__展开/evidence/sources/data/minesim_confirmation768_parallel_v1/parallel/workers/worker_2/PROGRESS.jsonl,.jsonl,35088,c2fe2c409ac7bee3b1911e19d5d215c6a8d846a8812e3a7c4dba0636810c5273
09_AI接手文档集合/MineSim_1536条采集记录恢复与当前状态_20260912__展开/evidence/sources/data/minesim_confirmation768_parallel_v1/parallel/workers/worker_2/RESULT.json,.json,6533,81f938b5bd6662ff6df1f78b101de3974d8c25a4c8d380ed6be6aac13093f8d1
09_AI接手文档集合/MineSim_1536条采集记录恢复与当前状态_20260912__展开/evidence/sources/data/minesim_confirmation768_parallel_v1/parallel/workers/worker_2/START.json,.json,95017,f4df62f62c62c9c357fa724bf949764f11c6654e0f22778cb82ee3aba7693924
09_AI接手文档集合/MineSim_1536条采集记录恢复与当前状态_20260912__展开/evidence/sources/data/minesim_confirmation768_parallel_v1/parallel/workers/worker_3/PROGRESS.jsonl,.jsonl,35106,a9f19ea67b33b3fdcd2acc3b377a6a7abedf062f2e116a9acbb518cb7c51b68d
09_AI接手文档集合/MineSim_1536条采集记录恢复与当前状态_20260912__展开/evidence/sources/data/minesim_confirmation768_parallel_v1/parallel/workers/worker_3/RESULT.json,.json,6533,a677a99eb8922d6f391c2268a4737d6df068f7cd547e6517e6e327d329f03ddd
09_AI接手文档集合/MineSim_1536条采集记录恢复与当前状态_20260912__展开/evidence/sources/data/minesim_confirmation768_parallel_v1/parallel/workers/worker_3/START.json,.json,95017,183c914934db991def1531cd349f26cde08f9105f35674a5a62886dc3d5bebff
09_AI接手文档集合/MineSim_1536条采集记录恢复与当前状态_20260912__展开/evidence/sources/data/minesim_confirmation768_parallel_v1/runner.py.txt,.txt,1590799,92e95de0558783ab5678687d51aba207f8c4d1cbd4d3850f037243fd4faaa37e
09_AI接手文档集合/MineSim_1536条采集记录恢复与当前状态_20260912__展开/evidence/sources/data/minesim_confirmation768_parallel_v1.screen.log,.log,19959,36fe82cc38630dddf7e1dd9b25b0c65695e973a742d85db7e04ae3f049245a0a
09_AI接手文档集合/MineSim_1536条采集记录恢复与当前状态_20260912__展开/evidence/sources/data/minesim_confirmation768_parallel_v1.screen_rc.txt,.txt,2,9a271f2a916b0b6ee6cecb2426f0b3206ef074578be55d9bc94f6f3fe3ab86aa
09_AI接手文档集合/MineSim_1536条采集记录恢复与当前状态_20260912__展开/evidence/sources/data/minesim_discovery_cell377_tail_continuation_v1/AUTHORIZATION.json,.json,1164,5a384511b4f0e4545f04c17adb396cdfe5d3df736a7267b6dfd118ddbeed39f0
09_AI接手文档集合/MineSim_1536条采集记录恢复与当前状态_20260912__展开/evidence/sources/data/minesim_discovery_cell377_tail_continuation_v1/CAPTURE.json,.json,290,adee012ddaead53145dbc7a1544fc87743e679ec350dcc8662d94a545db0a199
09_AI接手文档集合/MineSim_1536条采集记录恢复与当前状态_20260912__展开/evidence/sources/data/minesim_discovery_cell377_tail_continuation_v1/JOIN_VALIDATION.json,.json,661,a8920ffd3aae96d2c28f78a4555f1781ceae45fa7133f0647b1fe08352b6ba13
09_AI接手文档集合/MineSim_1536条采集记录恢复与当前状态_20260912__展开/evidence/sources/data/minesim_discovery_cell377_tail_continuation_v1/MANIFEST.json,.json,18419,b2e4a0e6eb25f45867ed04d9f7f80175d2b71a4042e3e02d9c8dda664e2229be
09_AI接手文档集合/MineSim_1536条采集记录恢复与当前状态_20260912__展开/evidence/sources/data/minesim_discovery_cell377_tail_continuation_v1/POSTCHECK.json,.json,199,1ab7ab3a95b8b969d3d361a17733737e8d38370b1f0ebbba0173d6c5f8432a33
09_AI接手文档集合/MineSim_1536条采集记录恢复与当前状态_20260912__展开/evidence/sources/data/minesim_discovery_cell377_tail_continuation_v1/PREFLIGHT.json,.json,7580,9cdefe319531b2a486509ecc62ec3d24ef131c65c3f970a6644db091bf54f64d
09_AI接手文档集合/MineSim_1536条采集记录恢复与当前状态_20260912__展开/evidence/sources/data/minesim_discovery_cell377_tail_continuation_v1/PROGRESS.jsonl,.jsonl,5972,bfbcd5c6606b4b9ffb57b0e23864a3921c600eb212e5a7f6a5197ae88b9891fc
09_AI接手文档集合/MineSim_1536条采集记录恢复与当前状态_20260912__展开/evidence/sources/data/minesim_discovery_cell377_tail_continuation_v1/RC.txt,.txt,2,9a271f2a916b0b6ee6cecb2426f0b3206ef074578be55d9bc94f6f3fe3ab86aa
09_AI接手文档集合/MineSim_1536条采集记录恢复与当前状态_20260912__展开/evidence/sources/data/minesim_discovery_cell377_tail_continuation_v1/RECONSTRUCTED_CONTEXT.json,.json,884,4a387771453b8bac21c86efa31867d5d4f0f432e0ad682ff5433a7a21228c140
09_AI接手文档集合/MineSim_1536条采集记录恢复与当前状态_20260912__展开/evidence/sources/data/minesim_discovery_cell377_tail_continuation_v1/REQUEST.json,.json,253,94c696f2d86ea3f794df3787a59f2dc15f8254a998a483bc4c97ff4e453842f5
09_AI接手文档集合/MineSim_1536条采集记录恢复与当前状态_20260912__展开/evidence/sources/data/minesim_discovery_cell377_tail_continuation_v1/RESULT.json,.json,881,27ed371824ed5d129e8e03006198d1660d38869128c3d92f962e5ee4a53ec4dc
09_AI接手文档集合/MineSim_1536条采集记录恢复与当前状态_20260912__展开/evidence/sources/data/minesim_discovery_cell377_tail_continuation_v1/START.json,.json,447,800099f99ccb0b94659bbbe6f7f358534c1ead2b34df572f1f9aaef7faa1310b
09_AI接手文档集合/MineSim_1536条采集记录恢复与当前状态_20260912__展开/evidence/sources/data/minesim_discovery_cell377_tail_continuation_v1/STATIC_INPUT_CHECK.json,.json,1163,bed31b3ae49ae1a1513410cfedf53f09171203a813ec955e70d896c781267ccb
09_AI接手文档集合/MineSim_1536条采集记录恢复与当前状态_20260912__展开/evidence/sources/data/minesim_discovery_cell377_tail_continuation_v1/cell/CELL_START.json,.json,565,cdd6c9ca9f39ccccb1f3e2f19ac83389b4904f9621a41d6594d3c170c8d98b4d
09_AI接手文档集合/MineSim_1536条采集记录恢复与当前状态_20260912__展开/evidence/sources/data/minesim_discovery_cell377_tail_continuation_v1/cell/COMMIT.json,.json,1162,3992732f4201e8327259a220e508d00fce9a5a1421acd049b8cad7c494861a9c
09_AI接手文档集合/MineSim_1536条采集记录恢复与当前状态_20260912__展开/evidence/sources/data/minesim_discovery_cell377_tail_continuation_v1/cell/RESOLVED_CONTEXT.json,.json,884,4ead99e9617aa1ca66d6eee052de7d36cf737c9b84ca05d14cfda3625d8246d7
09_AI接手文档集合/MineSim_1536条采集记录恢复与当前状态_20260912__展开/evidence/sources/data/minesim_discovery_cell377_tail_continuation_v1/cell/events.jsonl,.jsonl,263767,4a896f817da9779e4170c9015688baa72518afcee92ff5b0899aa0e5f66650f7
09_AI接手文档集合/MineSim_1536条采集记录恢复与当前状态_20260912__展开/evidence/sources/data/minesim_discovery_cell377_tail_continuation_v1/cell/metric_view.json,.json,191877,e103f7af5e017ec3939cab0cd6da5118cb7fb4ca574a6853172097f9acce4f16
09_AI接手文档集合/MineSim_1536条采集记录恢复与当前状态_20260912__展开/evidence/sources/data/minesim_discovery_cell377_tail_continuation_v1/cell/metrics.json,.json,4450,21adf0dfba3952219f5c758c32b87721264c8422c49a58f6e1da8f04c07a38db
09_AI接手文档集合/MineSim_1536条采集记录恢复与当前状态_20260912__展开/evidence/sources/data/minesim_discovery_cell377_tail_continuation_v1/cell/trace.json,.json,219533,da523d091966f27b60b67866bac79b5271b65ff2f0b067a8880556018e6ada7d
09_AI接手文档集合/MineSim_1536条采集记录恢复与当前状态_20260912__展开/evidence/sources/data/minesim_discovery_cell377_tail_continuation_v1.screen.log,.log,8232,922ae1407bf6043b80ee5e7bca29912b0720c8c0fcd0d51ca5281635d1d4ca31
09_AI接手文档集合/MineSim_1536条采集记录恢复与当前状态_20260912__展开/evidence/sources/data/minesim_discovery_cell377_tail_continuation_v1.screen_rc.txt,.txt,2,9a271f2a916b0b6ee6cecb2426f0b3206ef074578be55d9bc94f6f3fe3ab86aa
09_AI接手文档集合/MineSim_1536条采集记录恢复与当前状态_20260912__展开/evidence/sources/data/minesim_discovery_remaining390_parallel_v1/AUTHORIZATION.json,.json,1623,1fef964c90d103b19abe69d3841b28222a35f3a48d7aa3670cb9198129197314
09_AI接手文档集合/MineSim_1536条采集记录恢复与当前状态_20260912__展开/evidence/sources/data/minesim_discovery_remaining390_parallel_v1/CAPTURE.json,.json,166,beb7405b2a101db190a74e3be2c588fb78d8223ee46a77d82b99c2359a3ab3c3
09_AI接手文档集合/MineSim_1536条采集记录恢复与当前状态_20260912__展开/evidence/sources/data/minesim_discovery_remaining390_parallel_v1/CELL_LEASE.json,.json,12064,496fd9756bfa95427cbcc8ad794072b4ceb836a0eab6b20023f357eb057329c4
09_AI接手文档集合/MineSim_1536条采集记录恢复与当前状态_20260912__展开/evidence/sources/data/minesim_discovery_remaining390_parallel_v1/COLLECTION_AUDIT.json,.json,82350,70cfc0d08a92faaa6473180f91edee914df310f5096ae6f817b39e120a46b6bb
09_AI接手文档集合/MineSim_1536条采集记录恢复与当前状态_20260912__展开/evidence/sources/data/minesim_discovery_remaining390_parallel_v1/MANIFEST.json,.json,425224,f2cdbc0fbd1fc663977fa9cdceaa501f73a9a25e36947d02cb239e579848c76e
09_AI接手文档集合/MineSim_1536条采集记录恢复与当前状态_20260912__展开/evidence/sources/data/minesim_discovery_remaining390_parallel_v1/POSTCHECK.json,.json,3121,635990545c8eed99c7b8fb842db9a3d6e2ab2ec5a45bf2a8563b4ff213986076
09_AI接手文档集合/MineSim_1536条采集记录恢复与当前状态_20260912__展开/evidence/sources/data/minesim_discovery_remaining390_parallel_v1/PREFLIGHT.json,.json,3416,8930e0766d768bab83b0f10bbebe08ff48fc6d4d67737cd6bfcfc1ea56c267f9
09_AI接手文档集合/MineSim_1536条采集记录恢复与当前状态_20260912__展开/evidence/sources/data/minesim_discovery_remaining390_parallel_v1/RC.txt,.txt,2,9a271f2a916b0b6ee6cecb2426f0b3206ef074578be55d9bc94f6f3fe3ab86aa
09_AI接手文档集合/MineSim_1536条采集记录恢复与当前状态_20260912__展开/evidence/sources/data/minesim_discovery_remaining390_parallel_v1/RESULT.json,.json,928,21099e6f846e5a05e904edee79bd264011dd1c8c2931c29accb2ed9e29c19e88
09_AI接手文档集合/MineSim_1536条采集记录恢复与当前状态_20260912__展开/evidence/sources/data/minesim_discovery_remaining390_parallel_v1/SCHEDULE.json,.json,191368,0aea1f06607d462e08cc80a61d4e644d8c44d608265c26add95558458a61b8a4
09_AI接手文档集合/MineSim_1536条采集记录恢复与当前状态_20260912__展开/evidence/sources/data/minesim_discovery_remaining390_parallel_v1/START.json,.json,292,0bbec6f7fcf44587c9c2717e7cb8d39fb1bdbe4f2b7e4cd2959201bb13fbcbcc
09_AI接手文档集合/MineSim_1536条采集记录恢复与当前状态_20260912__展开/evidence/sources/data/minesim_discovery_remaining390_parallel_v1/bundle/BOUNDARY.json,.json,427315,55520800929ab5e6d67aa711f3e5ea6df1f9cecf5871851e2f5717eb51092b13
09_AI接手文档集合/MineSim_1536条采集记录恢复与当前状态_20260912__展开/evidence/sources/data/minesim_discovery_remaining390_parallel_v1/bundle/MANIFEST.json,.json,10463,fbb54ace5620585b43117be4c1b33f921ddcffa02d3b42bd19f2a50e5ab7de76
09_AI接手文档集合/MineSim_1536条采集记录恢复与当前状态_20260912__展开/evidence/sources/data/minesim_discovery_remaining390_parallel_v1/bundle/PROTOCOL.json,.json,210021,00434567b3fbe351922300b8ded2f4728cc0b86f9dc2ce8ce7ef6ad6edc216ba
09_AI接手文档集合/MineSim_1536条采集记录恢复与当前状态_20260912__展开/evidence/sources/data/minesim_discovery_remaining390_parallel_v1/parallel/PHASE_RESULT.json,.json,185,a33ab9637d17826564dbc2f2acec23d80d7f0c22cf103069151e27185c30543f
09_AI接手文档集合/MineSim_1536条采集记录恢复与当前状态_20260912__展开/evidence/sources/data/minesim_discovery_remaining390_parallel_v1/parallel/PROCESSES.json,.json,191480,4bec9eb8ed81bcab7561bb60aa15a50da33f1c308cd38c62de84870ac1f05377
09_AI接手文档集合/MineSim_1536条采集记录恢复与当前状态_20260912__展开/evidence/sources/data/minesim_discovery_remaining390_parallel_v1/parallel/workers/worker_0/PROGRESS.jsonl,.jsonl,17599,09f3459a29fcc63572f0324c47fdb3a426cb48bf60120a63de72982a1e2662df
09_AI接手文档集合/MineSim_1536条采集记录恢复与当前状态_20260912__展开/evidence/sources/data/minesim_discovery_remaining390_parallel_v1/parallel/workers/worker_0/RESULT.json,.json,3103,b7a54e58ab6ce434180cbc818aa5d9b62173fdaae1e6adab4e927230b40014ed
09_AI接手文档集合/MineSim_1536条采集记录恢复与当前状态_20260912__展开/evidence/sources/data/minesim_discovery_remaining390_parallel_v1/parallel/workers/worker_0/START.json,.json,47718,7054a045b7df5578a88e13749bfb757f87a57748c97569e8bda11e15cb739dc2
09_AI接手文档集合/MineSim_1536条采集记录恢复与当前状态_20260912__展开/evidence/sources/data/minesim_discovery_remaining390_parallel_v1/parallel/workers/worker_1/PROGRESS.jsonl,.jsonl,17584,7bbed2fad45df116f1e704d461087a3d4e4470cadf7007659bdfbdfca395702e
09_AI接手文档集合/MineSim_1536条采集记录恢复与当前状态_20260912__展开/evidence/sources/data/minesim_discovery_remaining390_parallel_v1/parallel/workers/worker_1/RESULT.json,.json,3104,4bf7597616487a7932520f2aae47d018b363896fa92f5d765f129776c5195256
09_AI接手文档集合/MineSim_1536条采集记录恢复与当前状态_20260912__展开/evidence/sources/data/minesim_discovery_remaining390_parallel_v1/parallel/workers/worker_1/START.json,.json,47718,da83898e96d01ab6204058f95047f1ebb1f1b718227e92a7103cc1d161f602f9
09_AI接手文档集合/MineSim_1536条采集记录恢复与当前状态_20260912__展开/evidence/sources/data/minesim_discovery_remaining390_parallel_v1/parallel/workers/worker_2/PROGRESS.jsonl,.jsonl,17744,86546ac8f79be8059d5e1ce5a83bebae61881815b74441402cb259709bac5af0
09_AI接手文档集合/MineSim_1536条采集记录恢复与当前状态_20260912__展开/evidence/sources/data/minesim_discovery_remaining390_parallel_v1/parallel/workers/worker_2/RESULT.json,.json,3134,747495ea242070efe65545305621ca5ff4335ebfb2f6104c077ef4a05ab194b2
09_AI接手文档集合/MineSim_1536条采集记录恢复与当前状态_20260912__展开/evidence/sources/data/minesim_discovery_remaining390_parallel_v1/parallel/workers/worker_2/START.json,.json,48207,fcc700973778ad9eb952337fd7c5c970f291591dcf499ef739a7b7603a7e0fe5
09_AI接手文档集合/MineSim_1536条采集记录恢复与当前状态_20260912__展开/evidence/sources/data/minesim_discovery_remaining390_parallel_v1/parallel/workers/worker_3/PROGRESS.jsonl,.jsonl,17768,4853044de5020e48ab5434a983534f50bb5444138af188269a643e4ebf77b2ea
09_AI接手文档集合/MineSim_1536条采集记录恢复与当前状态_20260912__展开/evidence/sources/data/minesim_discovery_remaining390_parallel_v1/parallel/workers/worker_3/RESULT.json,.json,3134,765775dadd46d1f74701fc23838bbfd0324ffdfc460a0029e007f1a563662c26
09_AI接手文档集合/MineSim_1536条采集记录恢复与当前状态_20260912__展开/evidence/sources/data/minesim_discovery_remaining390_parallel_v1/parallel/workers/worker_3/START.json,.json,48207,ba35024e65f0baf2553c775c5f1bbaa04bd60482a4358a3e78de8bd1d4c9c532
09_AI接手文档集合/MineSim_1536条采集记录恢复与当前状态_20260912__展开/evidence/sources/data/minesim_discovery_remaining390_parallel_v1/runner.py.txt,.txt,1183244,6b48aee4276f498d611f11cabf1c23ae0e1ee17ec50d9acc2e9a3a8b8c7241b1
09_AI接手文档集合/MineSim_1536条采集记录恢复与当前状态_20260912__展开/evidence/sources/data/minesim_discovery_remaining390_parallel_v1.screen.log,.log,25131,7f7157a3cb35d42c5390cc5f4dd7daa59a0accdf832f62fe1d43c827a150783e
09_AI接手文档集合/MineSim_1536条采集记录恢复与当前状态_20260912__展开/evidence/sources/data/minesim_discovery_remaining390_parallel_v1.screen_rc.txt,.txt,2,9a271f2a916b0b6ee6cecb2426f0b3206ef074578be55d9bc94f6f3fe3ab86aa
09_AI接手文档集合/MineSim_1536条采集记录恢复与当前状态_20260912__展开/later_stage_reference/COPY_PROVENANCE.json,.json,2379,d20cefc045d07eee21ca8c1495703e0e7f0187c0238af5d7b51ee161b6ed746a
09_AI接手文档集合/MineSim_1536条采集记录恢复与当前状态_20260912__展开/later_stage_reference/candidate_regression_RESULT.json,.json,1138,d3746173e1354deee9f1ff407d009d45ee4483f4e0f7ead3b155a653146cf1e8
09_AI接手文档集合/MineSim_1536条采集记录恢复与当前状态_20260912__展开/later_stage_reference/dual_stop_contract.json,.json,1696,7eea84e8fc1d3d0a13f9faf7e62b1aea46cb77edc99594b67ce24a796110624f
09_AI接手文档集合/MineSim_1536条采集记录恢复与当前状态_20260912__展开/later_stage_reference/policy4_ERROR.json,.json,705,feca4e48a5cc02c10ce253cd0dbf74971ff4e39520432dfe2192101b3ec3f8a6
09_AI接手文档集合/MineSim_1536条采集记录恢复与当前状态_20260912__展开/later_stage_reference/policy4_PREFLIGHT.json,.json,10092,1429531de09cf12043208fd2c60210ad39fffbc61d1afd4407debfd4a4bf37e3
09_AI接手文档集合/MineSim_1536条采集记录恢复与当前状态_20260912__展开/later_stage_reference/policy4_RC.txt,.txt,2,53c234e5e8472b6ac51c1ae1cab3fe06fad053beb8ebfd8977b010655bfdd3c3
09_AI接手文档集合/MineSim_1536条采集记录恢复与当前状态_20260912__展开/later_stage_reference/policy4_RESULT.json,.json,326,4417c7f3fbbfec84caa687145ab2a5dcb21029f13842455e2dca952bb4bb7ab2
09_AI接手文档集合/MineSim_1536条采集记录恢复与当前状态_20260912__展开/later_stage_reference/policy4_finished.json,.json,288,39cfac63f7d9b9c2b8f0f3844c92657ecd0fafddb5874e8d14e89ca8f004f8c9
09_AI接手文档集合/MineSim_1536条采集记录恢复与当前状态_20260912__展开/later_stage_reference/realroute_smoke_RESULT.json,.json,1363,40cc2339eab00089a851ade65e7cdae09c4b3def9adf394204f379eda4a66f56
09_AI接手文档集合/MineSim_1536条采集记录恢复与当前状态_20260912__展开/review_saved_records.py,.py,14017,6cebfefc37f745ad54fbb2a07f2b04ba89d1554fdced4c1bf18350537cf12d22
09_AI接手文档集合/MineSim_Dynamic_正式交接_截至20260918_H8子树小试后停工版V1.docx,.docx,81171,872e70b2635b48d9ae3bcc90ff6a62efac146660b4d7f2e34e35d84b834195a6
09_AI接手文档集合/MineSim_Dynamic_正式交接_截至20260918_H8子树小试后停工版V1.md,.md,67392,a0fcad9e0772ebb6bb14cfe7ce51e0831819bd64c405067f9590ef32342e1e22
09_AI接手文档集合/MineSim_H8四条策略验证_交接补充V1.1_20260918.docx,.docx,41390,5929f8752513de032e8a6c0d87d0e2be8e784b9a5b0e890bce361ef0746a9eb4
09_AI接手文档集合/MineSim_H8四条策略验证_交接补充V1.1_20260918.md,.md,5022,2a84617b99fbbeaf796a10a5354a5c0b340e868e018e52d5af3afbc569339c7f
09_AI接手文档集合/MineSim_云端项目整理最终文档包__展开/MineSim_云端项目文件整理与维护说明.docx,.docx,49015,cfac0a2c0ef9abb4394314136fb5abe0e3d7ba831b608479624e95595a930010
09_AI接手文档集合/MineSim_云端项目整理最终文档包__展开/MineSim_云端项目文件整理与维护说明.md,.md,16223,bf99168f9e78c13a7bd17480bcd5137d3da848ad0851efede2de16aa4abc29e6
09_AI接手文档集合/MineSim_云端项目整理最终文档包__展开/MineSim_云端项目文件整理与维护说明_converted.md,.md,24604,fe3bc0df6da02ec10868ed93293f74555bd5aaad3ba592dc4d58beb0bdb464d4
09_AI接手文档集合/MineSim_正式交接_截至20260913_停工版V1.docx,.docx,78897,76da5790380919b876cf98177cb0e4621e10c1c9144a97cec3cafcaf232c2f47
09_AI接手文档集合/MineSim_正式交接_截至20260913_停工版V1.md,.md,66611,03e7e25e92ca7f73714789f4fa7cc786ed7ee24735f031d9a95cba01d55f72b5
09_AI接手文档集合/MineSim_正式交接配套包_20260919_R1__展开/ALGORITHM_AND_EFFECTS.json,.json,146039,c4f54cae9df324ced23de8557b068e393358a081b516a50d4a40d972335620e9
09_AI接手文档集合/MineSim_正式交接配套包_20260919_R1__展开/ALGORITHM_REGISTRY.json,.json,3859,3222a805113c29877d2e86e7490e834c8f77deda526b246f3367b1de389c0364
09_AI接手文档集合/MineSim_正式交接配套包_20260919_R1__展开/ARTIFACT_SCOPE.json,.json,559,32aa8e1c5b2ed5190b36fe3537cee069a6678197f6b5056950fbb36ddab670db
09_AI接手文档集合/MineSim_正式交接配套包_20260919_R1__展开/CURRENT_STATE.json,.json,6045,4d25d8c7acf4ec33e0fdd1fadd8aafbab573fad2d67236d43ebdc0095bdd13ef
09_AI接手文档集合/MineSim_正式交接配套包_20260919_R1__展开/EVIDENCE_INDEX.json,.json,8293,3c0e3d711c47e03ff2e3d1b77a19b43a635a7a404a11c6206af6169c13149ee9
09_AI接手文档集合/MineSim_正式交接配套包_20260919_R1__展开/EXPERIMENT_LEDGER.json,.json,57159,c821cd5d2a62c0b2985d9d82a49aedcfd8eb59d1515d27c7f88bbbb399855afb
09_AI接手文档集合/MineSim_正式交接配套包_20260919_R1__展开/HANDOFF.md,.md,92158,36c3fb5c2de09954d8e99d6ab9ba688467f2f370201b4305c2117698916ffc99
09_AI接手文档集合/MineSim_正式交接配套包_20260919_R1__展开/LATEST_EVIDENCE_REQUIREMENTS.json,.json,3674,60431094112e144abbef4f6dabaddee8d89acfa7ab89693cf492f146b60873cc
09_AI接手文档集合/MineSim_正式交接配套包_20260919_R1__展开/MineSim_Dynamic_正式交接_算法演进与最新效果_20260919_R1.docx,.docx,108687,3228e740e2f30e5b37f7995168e968ba26120e71891f893b8cd67c2607a10c1d
09_AI接手文档集合/MineSim_正式交接配套包_20260919_R1__展开/MineSim_Dynamic_正式交接_算法演进与最新效果_20260919_R1.md,.md,103741,959e9d142d063e0d6d971e5aa16718fe77e57b80cac03fab4f3414bf4e01d101
09_AI接手文档集合/MineSim_正式交接配套包_20260919_R1__展开/NEXT_GATE_CONTRACT.json,.json,4172,0595aa2dd2a8fe696b8cc75c97f7590f181c1319dc8a883accaac77386216e78
09_AI接手文档集合/MineSim_正式交接配套包_20260919_R1__展开/PACKAGE_MANIFEST.json,.json,6064,f29295cc9513b68bd72b7a22a6aab35f0b45ecf851bf340aa30df068b97208b2
09_AI接手文档集合/MineSim_正式交接配套包_20260919_R1__展开/SHA256SUMS,,3502,e8a7378b4d0aed1c358ef439e62e5f9f5cbbdf711edce513a6aa9e5b6171fb20
09_AI接手文档集合/MineSim_正式交接配套包_20260919_R1__展开/SOURCE_MAP.md,.md,2681,4d2e364a895ceaf5b7009253bb113f5a67df0d676864df651c06dcb19c7a641a
09_AI接手文档集合/MineSim_正式交接配套包_20260919_R1__展开/START_HERE.md,.md,3088,51c969de0bd1beeb6e04866b979ce451cfe3d1573650913359c64ec61593ea26
09_AI接手文档集合/MineSim_正式交接配套包_20260919_R1__展开/audit/ARCHIVE_MEMBER_SCAN.json,.json,11061,6ded7105e293c47ebbc6896d7b352a3c51c96db0afaf86b95195a69cfe8ce88e
09_AI接手文档集合/MineSim_正式交接配套包_20260919_R1__展开/audit/DOCUMENT_QA.json,.json,11869,992f95cd5f662d3cd09b6c98fb368c7ed405331632bdda6c865e1aeaa7424318
09_AI接手文档集合/MineSim_正式交接配套包_20260919_R1__展开/audit/DOCX_ACCESSIBILITY.json,.json,215,ddc10ec93076ce4da8e0f44dd2e56d9033ee2acca08af2832e6a02d4a4c21fcf
09_AI接手文档集合/MineSim_正式交接配套包_20260919_R1__展开/audit/H18_MANIFEST_CHECK.json,.json,5335,d96feb66b8f4a1adcc25ce8ee23ff485b959f865d3de4832435d395bcb7b6a04
09_AI接手文档集合/MineSim_正式交接配套包_20260919_R1__展开/audit/INPUT_FILE_INVENTORY.json,.json,5527,1376481171a116572557650bc72eccbd36ccf9f90b9bfbfc4c5e6dcea34624c7
09_AI接手文档集合/MineSim_正式交接配套包_20260919_R1__展开/frozen_data/DATASET32.json,.json,488232,9abe28a904c3be43d68c0e5973d6bfa6d84e3cf7882c9d74d6b5b4b41471bbc1
09_AI接手文档集合/MineSim_正式交接配套包_20260919_R1__展开/source_code/C01_fleet_search.py,.py,7431,e96c82d60b75c6d2b3311b9fd9d569cab1404c5c2ba4c729cb25c8e605d6ec94
09_AI接手文档集合/MineSim_正式交接配套包_20260919_R1__展开/source_code/C02_dual_stop_motion_v1.py,.py,13473,e9d024a6f56b6279de41b6f0889a188a201eeef07acca425e2ea69c4ef9c0626
09_AI接手文档集合/MineSim_正式交接配套包_20260919_R1__展开/source_code/C03_dual_stop_adapter_v1.py,.py,16614,04710705edeea28bf38560fc4e3ce8ee319fc0b6679dbf00bd4c61d897cd4961
09_AI接手文档集合/MineSim_正式交接配套包_20260919_R1__展开/source_code/C04_fleet_reward.py,.py,3700,bd2cefa0e6eac0980d009882aa5a4a0aa7f0b6701b6534ccb3af18634ad6213c
09_AI接手文档集合/MineSim_正式交接配套包_20260919_R1__展开/source_code/C05_teacher_cell_core.py,.py,16731,58c3e5d217189b5d4f7e108b57f3d3700f3e11216d1eab02d1d25c5e0885cba0
09_AI接手文档集合/MineSim_正式交接配套包_20260919_R1__展开/source_code/C06_reward.py,.py,7651,d225ca754b2e5f6a650a35a946819276d50c027eaf66449667973c45f98ed5a5
09_AI接手文档集合/MineSim_正式交接配套包_20260919_R1__展开/source_code/C07_C11_100M_SEED0_EP1.json,.json,5959,a13f2fc0b735d310d3bcd80fc44d09d366bd3474e284090b247654bc5ba5f911
09_AI接手文档集合/MineSim_正式交接配套包_20260919_R1__展开/source_code/C08_subtree_reuse.py,.py,14097,c9834a305c6db1cf31b0460e31cc67c6b5a78480ea1ba20b1ca9ece6986ab532
09_AI接手文档集合/MineSim_正式交接配套包_20260919_R1__展开/sources/A18_H8策略结果补充原件.docx,.docx,41390,5929f8752513de032e8a6c0d87d0e2be8e784b9a5b0e890bce361ef0746a9eb4
09_AI接手文档集合/MineSim_正式交接配套包_20260919_R1__展开/sources/A18_H8策略结果补充原件.md,.md,5022,2a84617b99fbbeaf796a10a5354a5c0b340e868e018e52d5af3afbc569339c7f
09_AI接手文档集合/MineSim_正式交接配套包_20260919_R1__展开/sources/H10_论文标准对齐历史主文.md,.md,104921,8e0573c20d2f60984f112baa92513da7293cf81aea748f8e06f269f9a73c28a8
09_AI接手文档集合/MineSim_正式交接配套包_20260919_R1__展开/sources/H18_历史主文.md,.md,60550,27222895555782c3cd8960e97a23462dd5db92b673687077daf21850d5b11e57
09_AI接手文档集合/MineSim_正式交接配套包_20260919_R1__展开/sources/H18_历史交接与证据原包.zip,.zip,7886495,52aff4201a1cb612bc36c7a979985048dc36fb12cc4bccdcf723671999732a2a
09_AI接手文档集合/MineSim_正式交接配套包_20260919_R1__展开/sources/H18_原实验台账.json,.json,22854,e9cc2fa4dc27efd24f02c536d542dbc98978c84cbe0419981edc89fa2240b227
09_AI接手文档集合/MineSim_正式交接配套包_20260919_R1__展开/sources/R19_上一轮阅读记录.md,.md,9528,e5ebeed0d47e49716f38470e634ea702b05edbecb4c5b577657bc182b3b41257
09_AI接手文档集合/MineSim_正式交接配套包_20260919_R1__展开/sources/S01_用户统一工作流原件.md,.md,24882,0d16a325ff3a79eb81e9c2b65e2a98e7b70002b2b301de36c590c17c896dc64f
09_AI接手文档集合/MineSim_正式交接配套包_20260919_R1__展开/sources/T01_原始完整对话.txt,.txt,271324,76cccf451dd44237879aa6438d4cb82378ac21fac8d7bb6ca68f9c3317a4cab9
09_AI接手文档集合/MineSim_正式交接配套包_20260919_R1__展开/sources/T01_带行号阅读副本.txt,.txt,290684,6573ca108361595841c852cb7721d9fbe827fbbf49b8d2db6127cdadc24c4b50
09_AI接手文档集合/MineSim项目云端接手与技术总览_2026-08-13.docx,.docx,70747,aecc2c77c31282414cbe82ac0a2ebd3588793862e7c2d2d9cb4dc5f39493f547
09_AI接手文档集合/MineSim项目云端接手与技术总览_2026-08-13.md,.md,67429,94ffdb8dda54d65a050e4c30c2a740c11f18f8e97cd86539ad549cce1fa5d6dc
09_AI接手文档集合/PAPER1_V0_OBSERVATIONAL_FREEZE_V1__展开/SHA256SUMS.txt,.txt,573,acaad5819be192412ce2ace1916007ed78d06ac88e340317e4b5383c9d3ff719
09_AI接手文档集合/PAPER1_V0_OBSERVATIONAL_FREEZE_V1__展开/paper1_v0_observational_freeze_v1.json,.json,1647,989ad916f7d68dfd04f55e0a90ef8bcad3294752156799162fbdd185e55901db
09_AI接手文档集合/PAPER1_V0_OBSERVATIONAL_FREEZE_V1__展开/paper1_v0_observational_freeze_v1.md,.md,1069,a8aded7f18866b4c322927a51c83f843b411bb2147dc7fd4ad87fb439be559ac
09_AI接手文档集合/PAPER1_V0_OBSERVATIONAL_FREEZE_V1__展开/source_final_safety.txt,.txt,104,ea41c68dbb914002be83a416ee6e614c7feeec660cfacf72807f0e9e99e0ea40
09_AI接手文档集合/PAPER1_V0_OBSERVATIONAL_FREEZE_V1__展开/source_full_parity_gate.json,.json,2468,c3fab18645cc91e72d4afdbf869a44dc256ec661f41b46ec28e9854cb91497b0
09_AI接手文档集合/PAPER1_V0_OBSERVATIONAL_FREEZE_V1__展开/source_output_sha256.txt,.txt,750,fc8277b2fb96679b5e6b8b8d90e8ea7369025d6253b0c5b880fc412d232f5eaa
09_AI接手文档集合/PAPER1_V0_OBSERVATIONAL_FREEZE_V1__展开/source_v0_summary.json,.json,1076,514eb243871a9144324277305830e6b9bd72a972e7593565d640eb9c9d851af5
09_AI接手文档集合/PAPER_METHOD_COMPATIBILITY_DECISION_V1__展开/PAPER_METHOD_COMPATIBILITY_DECISION_V1.json,.json,1231,066c62dfc57b4222ef9d0eda8e928d7bb48ac020b38b9aabd856974da6fb0ce1
09_AI接手文档集合/PAPER_METHOD_COMPATIBILITY_DECISION_V1__展开/PAPER_METHOD_COMPATIBILITY_DECISION_V1.md,.md,5436,8178801c47a932d8d79df173d5df8105f90cf4e1190e8d2df618b8f5b052176d
09_AI接手文档集合/PAPER_METHOD_COMPATIBILITY_DECISION_V1__展开/SHA256SUMS.txt,.txt,218,7fabc5d1c5343490820a7c495e9d677b41c9fa47eb4583626a14eadda9f560a9
ARCHIVE_EXPANSION_REPORT.csv,.csv,6294,f0d021cf55724c90514fb5dbae4b6f7e3959d859f92934b7ae0b5fe6af4fb42a
DOCX_CONVERSION_REPORT.csv,.csv,27755,bba0122f99b09bbfe73482a514d561c44a572c6f52bb23caf2339e65d6457f7b
PROJECT_CONTEXT.md,.md,1890,cf013de7867cab49aa1ac65b78c27499d396327160fdea7ab63d1c510c7d7e47
README.md,.md,2621,f1b327026a1792d388b55ac7af6c22e628333ce1db0de541a942e1c529b8e157
UPLOAD_TO_GITHUB.md,.md,717,837f39ee5fbbccf3a81fe14ceb40b64684892d679ab4edb4fe590718345549a0
