stored_path,size_bytes,sha256,copies_found,selected_origin,other_duplicate_origins
MineSim_正式交接配套包_20260919_R1/ALGORITHM_AND_EFFECTS.json,146039,c4f54cae9df324ced23de8557b068e393358a081b516a50d4a40d972335620e9,1,MineSim_正式交接配套包_20260919_R1.zip!ALGORITHM_AND_EFFECTS.json,
MineSim_正式交接配套包_20260919_R1/ALGORITHM_REGISTRY.json,3859,3222a805113c29877d2e86e7490e834c8f77deda526b246f3367b1de389c0364,1,MineSim_正式交接配套包_20260919_R1.zip!ALGORITHM_REGISTRY.json,
MineSim_正式交接配套包_20260919_R1/ARTIFACT_SCOPE.json,559,32aa8e1c5b2ed5190b36fe3537cee069a6678197f6b5056950fbb36ddab670db,1,MineSim_正式交接配套包_20260919_R1.zip!ARTIFACT_SCOPE.json,
MineSim_正式交接配套包_20260919_R1/CURRENT_STATE.json,6045,4d25d8c7acf4ec33e0fdd1fadd8aafbab573fad2d67236d43ebdc0095bdd13ef,1,MineSim_正式交接配套包_20260919_R1.zip!CURRENT_STATE.json,
MineSim_正式交接配套包_20260919_R1/EVIDENCE_INDEX.json,8293,3c0e3d711c47e03ff2e3d1b77a19b43a635a7a404a11c6206af6169c13149ee9,1,MineSim_正式交接配套包_20260919_R1.zip!EVIDENCE_INDEX.json,
MineSim_正式交接配套包_20260919_R1/EXPERIMENT_LEDGER.json,57159,c821cd5d2a62c0b2985d9d82a49aedcfd8eb59d1515d27c7f88bbbb399855afb,1,MineSim_正式交接配套包_20260919_R1.zip!EXPERIMENT_LEDGER.json,
MineSim_正式交接配套包_20260919_R1/HANDOFF.md,92158,36c3fb5c2de09954d8e99d6ab9ba688467f2f370201b4305c2117698916ffc99,1,MineSim_正式交接配套包_20260919_R1.zip!HANDOFF.md,
MineSim_正式交接配套包_20260919_R1/LATEST_EVIDENCE_REQUIREMENTS.json,3674,60431094112e144abbef4f6dabaddee8d89acfa7ab89693cf492f146b60873cc,1,MineSim_正式交接配套包_20260919_R1.zip!LATEST_EVIDENCE_REQUIREMENTS.json,
MineSim_正式交接配套包_20260919_R1/MineSim_Dynamic_正式交接_算法演进与最新效果_20260919_R1.docx,108687,3228e740e2f30e5b37f7995168e968ba26120e71891f893b8cd67c2607a10c1d,1,MineSim_正式交接配套包_20260919_R1.zip!MineSim_Dynamic_正式交接_算法演进与最新效果_20260919_R1.docx,
MineSim_正式交接配套包_20260919_R1/NEXT_GATE_CONTRACT.json,4172,0595aa2dd2a8fe696b8cc75c97f7590f181c1319dc8a883accaac77386216e78,1,MineSim_正式交接配套包_20260919_R1.zip!NEXT_GATE_CONTRACT.json,
MineSim_正式交接配套包_20260919_R1/PACKAGE_MANIFEST.json,6064,f29295cc9513b68bd72b7a22a6aab35f0b45ecf851bf340aa30df068b97208b2,1,MineSim_正式交接配套包_20260919_R1.zip!PACKAGE_MANIFEST.json,
MineSim_正式交接配套包_20260919_R1/SHA256SUMS,3502,e8a7378b4d0aed1c358ef439e62e5f9f5cbbdf711edce513a6aa9e5b6171fb20,1,MineSim_正式交接配套包_20260919_R1.zip!SHA256SUMS,
MineSim_正式交接配套包_20260919_R1/SOURCE_MAP.md,2681,4d2e364a895ceaf5b7009253bb113f5a67df0d676864df651c06dcb19c7a641a,1,MineSim_正式交接配套包_20260919_R1.zip!SOURCE_MAP.md,
MineSim_正式交接配套包_20260919_R1/START_HERE.md,3088,51c969de0bd1beeb6e04866b979ce451cfe3d1573650913359c64ec61593ea26,1,MineSim_正式交接配套包_20260919_R1.zip!START_HERE.md,
MineSim_正式交接配套包_20260919_R1/audit/ARCHIVE_MEMBER_SCAN.json,11061,6ded7105e293c47ebbc6896d7b352a3c51c96db0afaf86b95195a69cfe8ce88e,1,MineSim_正式交接配套包_20260919_R1.zip!audit/ARCHIVE_MEMBER_SCAN.json,
MineSim_正式交接配套包_20260919_R1/audit/DOCUMENT_QA.json,11869,992f95cd5f662d3cd09b6c98fb368c7ed405331632bdda6c865e1aeaa7424318,1,MineSim_正式交接配套包_20260919_R1.zip!audit/DOCUMENT_QA.json,
MineSim_正式交接配套包_20260919_R1/audit/DOCX_ACCESSIBILITY.json,215,ddc10ec93076ce4da8e0f44dd2e56d9033ee2acca08af2832e6a02d4a4c21fcf,1,MineSim_正式交接配套包_20260919_R1.zip!audit/DOCX_ACCESSIBILITY.json,
MineSim_正式交接配套包_20260919_R1/audit/H18_MANIFEST_CHECK.json,5335,d96feb66b8f4a1adcc25ce8ee23ff485b959f865d3de4832435d395bcb7b6a04,1,MineSim_正式交接配套包_20260919_R1.zip!audit/H18_MANIFEST_CHECK.json,
MineSim_正式交接配套包_20260919_R1/audit/INPUT_FILE_INVENTORY.json,5527,1376481171a116572557650bc72eccbd36ccf9f90b9bfbfc4c5e6dcea34624c7,1,MineSim_正式交接配套包_20260919_R1.zip!audit/INPUT_FILE_INVENTORY.json,
MineSim_正式交接配套包_20260919_R1/frozen_data/DATASET32.json,488232,9abe28a904c3be43d68c0e5973d6bfa6d84e3cf7882c9d74d6b5b4b41471bbc1,7,MineSim_正式交接配套包_20260919_R1.zip!frozen_data/DATASET32.json,MineSim_正式交接配套包_20260919_R1.zip!sources/H18_历史交接与证据原包.zip!MineSim_正式交接包_20260918_停工版V1/frozen_data/DATASET32.json || MineSim_正式交接配套包_20260919_R1.zip!sources/H18_历史交接与证据原包.zip!MineSim_正式交接包_20260918_停工版V1/evidence/E02/Coverage32_数据封存复核.zip!original/DATASET32.json || MineSim_正式交接配套包_20260919_R1.zip!sources/H18_历史交接与证据原包.zip!MineSim_正式交接包_20260918_停工版V1/evidence/E03/Coverage32_无正则拟合复核.zip!original/sources/DATASET32.json || MineSim_正式交接配套包_20260919_R1.zip!sources/H18_历史交接与证据原包.zip!MineSim_正式交接包_20260918_停工版V1/evidence/E04/双车26维正则复核.zip!MineSim_dual32_regularized_review/original/sources/sources/DATASET32.json || MineSim_正式交接配套包_20260919_R1.zip!sources/H18_历史交接与证据原包.zip!MineSim_正式交接包_20260918_停工版V1/evidence/E05/双车输入监督信号诊断.zip!MineSim_dual32_input_signal_diagnostic/inputs/DATASET32.json || MineSim_正式交接配套包_20260919_R1.zip!sources/H18_历史交接与证据原包.zip!MineSim_正式交接包_20260918_停工版V1/evidence/E07/双车标准化岭回归复核.zip!MineSim_双车标准化8折结果与决策诊断/original/sources/sources/parent/sources/sources/DATASET32.json
MineSim_正式交接配套包_20260919_R1/source_code/C01_fleet_search.py,7431,e96c82d60b75c6d2b3311b9fd9d569cab1404c5c2ba4c729cb25c8e605d6ec94,9,MineSim_正式交接配套包_20260919_R1.zip!source_code/C01_fleet_search.py,MineSim_正式交接配套包_20260919_R1.zip!sources/H18_历史交接与证据原包.zip!MineSim_正式交接包_20260918_停工版V1/evidence/E10/动作报告缓存复核.zip!raw/minesim_dual_reportcache_v1/parent_sources/parent_sources/runtime/candidate_mcts/fleet_search.py || MineSim_正式交接配套包_20260919_R1.zip!sources/H18_历史交接与证据原包.zip!MineSim_正式交接包_20260918_停工版V1/evidence/E10/动作报告缓存复核.zip!raw/minesim_dual_reportcache_v1/parent_sources/parent_sources/runtime/engine/devkit/sim_engine/planning/planner/mcts/fleet_search.py || MineSim_正式交接配套包_20260919_R1.zip!sources/H18_历史交接与证据原包.zip!MineSim_正式交接包_20260918_停工版V1/evidence/E13/minesim_dual_subtree_h8_smoke_v1.zip!minesim_dual_subtree_h8_smoke_v1/parent_sources/parent_sources/parent_sources/parent_sources/parent_sources/runtime/candidate_mcts/fleet_search.py || MineSim_正式交接配套包_20260919_R1.zip!sources/H18_历史交接与证据原包.zip!MineSim_正式交接包_20260918_停工版V1/evidence/E13/minesim_dual_subtree_h8_smoke_v1.zip!minesim_dual_subtree_h8_smoke_v1/parent_sources/parent_sources/parent_sources/parent_sources/parent_sources/runtime/engine/devkit/sim_engine/planning/planner/mcts/fleet_search.py || MineSim_正式交接配套包_20260919_R1.zip!sources/H18_历史交接与证据原包.zip!MineSim_正式交接包_20260918_停工版V1/evidence/E12/轻量缓存固定计时复核.zip!evidence/minesim_dual_cachetiming_v1.zip!minesim_dual_cachetiming_v1/parent_sources/parent_sources/parent_sources/parent_sources/runtime/candidate_mcts/fleet_search.py || MineSim_正式交接配套包_20260919_R1.zip!sources/H18_历史交接与证据原包.zip!MineSim_正式交接包_20260918_停工版V1/evidence/E12/轻量缓存固定计时复核.zip!evidence/minesim_dual_cachetiming_v1.zip!minesim_dual_cachetiming_v1/parent_sources/parent_sources/parent_sources/parent_sources/runtime/engine/devkit/sim_engine/planning/planner/mcts/fleet_search.py || MineSim_正式交接配套包_20260919_R1.zip!sources/H18_历史交接与证据原包.zip!MineSim_正式交接包_20260918_停工版V1/evidence/P01/H8_policy4_已交付准备原包.zip!submitted_smoke_original.zip!minesim_dual_subtree_h8_smoke_v1/parent_sources/parent_sources/parent_sources/parent_sources/parent_sources/runtime/candidate_mcts/fleet_search.py || MineSim_正式交接配套包_20260919_R1.zip!sources/H18_历史交接与证据原包.zip!MineSim_正式交接包_20260918_停工版V1/evidence/P01/H8_policy4_已交付准备原包.zip!submitted_smoke_original.zip!minesim_dual_subtree_h8_smoke_v1/parent_sources/parent_sources/parent_sources/parent_sources/parent_sources/runtime/engine/devkit/sim_engine/planning/planner/mcts/fleet_search.py
MineSim_正式交接配套包_20260919_R1/source_code/C02_dual_stop_motion_v1.py,13473,e9d024a6f56b6279de41b6f0889a188a201eeef07acca425e2ea69c4ef9c0626,5,MineSim_正式交接配套包_20260919_R1.zip!source_code/C02_dual_stop_motion_v1.py,MineSim_正式交接配套包_20260919_R1.zip!sources/H18_历史交接与证据原包.zip!MineSim_正式交接包_20260918_停工版V1/evidence/E10/动作报告缓存复核.zip!raw/minesim_dual_reportcache_v1/parent_sources/parent_sources/runtime/candidate_mcts/dual_stop_motion_v1.py || MineSim_正式交接配套包_20260919_R1.zip!sources/H18_历史交接与证据原包.zip!MineSim_正式交接包_20260918_停工版V1/evidence/E13/minesim_dual_subtree_h8_smoke_v1.zip!minesim_dual_subtree_h8_smoke_v1/parent_sources/parent_sources/parent_sources/parent_sources/parent_sources/runtime/candidate_mcts/dual_stop_motion_v1.py || MineSim_正式交接配套包_20260919_R1.zip!sources/H18_历史交接与证据原包.zip!MineSim_正式交接包_20260918_停工版V1/evidence/E12/轻量缓存固定计时复核.zip!evidence/minesim_dual_cachetiming_v1.zip!minesim_dual_cachetiming_v1/parent_sources/parent_sources/parent_sources/parent_sources/runtime/candidate_mcts/dual_stop_motion_v1.py || MineSim_正式交接配套包_20260919_R1.zip!sources/H18_历史交接与证据原包.zip!MineSim_正式交接包_20260918_停工版V1/evidence/P01/H8_policy4_已交付准备原包.zip!submitted_smoke_original.zip!minesim_dual_subtree_h8_smoke_v1/parent_sources/parent_sources/parent_sources/parent_sources/parent_sources/runtime/candidate_mcts/dual_stop_motion_v1.py
MineSim_正式交接配套包_20260919_R1/source_code/C03_dual_stop_adapter_v1.py,16614,04710705edeea28bf38560fc4e3ce8ee319fc0b6679dbf00bd4c61d897cd4961,6,MineSim_正式交接配套包_20260919_R1.zip!source_code/C03_dual_stop_adapter_v1.py,MineSim_正式交接配套包_20260919_R1.zip!sources/H18_历史交接与证据原包.zip!MineSim_正式交接包_20260918_停工版V1/evidence/E05/双车输入监督信号诊断.zip!MineSim_dual32_input_signal_diagnostic/inputs/dual_stop_adapter_v1.py || MineSim_正式交接配套包_20260919_R1.zip!sources/H18_历史交接与证据原包.zip!MineSim_正式交接包_20260918_停工版V1/evidence/E10/动作报告缓存复核.zip!raw/minesim_dual_reportcache_v1/parent_sources/parent_sources/runtime/candidate_mcts/dual_stop_adapter_v1.py || MineSim_正式交接配套包_20260919_R1.zip!sources/H18_历史交接与证据原包.zip!MineSim_正式交接包_20260918_停工版V1/evidence/E13/minesim_dual_subtree_h8_smoke_v1.zip!minesim_dual_subtree_h8_smoke_v1/parent_sources/parent_sources/parent_sources/parent_sources/parent_sources/runtime/candidate_mcts/dual_stop_adapter_v1.py || MineSim_正式交接配套包_20260919_R1.zip!sources/H18_历史交接与证据原包.zip!MineSim_正式交接包_20260918_停工版V1/evidence/E12/轻量缓存固定计时复核.zip!evidence/minesim_dual_cachetiming_v1.zip!minesim_dual_cachetiming_v1/parent_sources/parent_sources/parent_sources/parent_sources/runtime/candidate_mcts/dual_stop_adapter_v1.py || MineSim_正式交接配套包_20260919_R1.zip!sources/H18_历史交接与证据原包.zip!MineSim_正式交接包_20260918_停工版V1/evidence/P01/H8_policy4_已交付准备原包.zip!submitted_smoke_original.zip!minesim_dual_subtree_h8_smoke_v1/parent_sources/parent_sources/parent_sources/parent_sources/parent_sources/runtime/candidate_mcts/dual_stop_adapter_v1.py
MineSim_正式交接配套包_20260919_R1/source_code/C04_fleet_reward.py,3700,bd2cefa0e6eac0980d009882aa5a4a0aa7f0b6701b6534ccb3af18634ad6213c,9,MineSim_正式交接配套包_20260919_R1.zip!source_code/C04_fleet_reward.py,MineSim_正式交接配套包_20260919_R1.zip!sources/H18_历史交接与证据原包.zip!MineSim_正式交接包_20260918_停工版V1/evidence/E10/动作报告缓存复核.zip!raw/minesim_dual_reportcache_v1/parent_sources/parent_sources/runtime/candidate_mcts/fleet_reward.py || MineSim_正式交接配套包_20260919_R1.zip!sources/H18_历史交接与证据原包.zip!MineSim_正式交接包_20260918_停工版V1/evidence/E10/动作报告缓存复核.zip!raw/minesim_dual_reportcache_v1/parent_sources/parent_sources/runtime/engine/devkit/sim_engine/planning/planner/mcts/fleet_reward.py || MineSim_正式交接配套包_20260919_R1.zip!sources/H18_历史交接与证据原包.zip!MineSim_正式交接包_20260918_停工版V1/evidence/E13/minesim_dual_subtree_h8_smoke_v1.zip!minesim_dual_subtree_h8_smoke_v1/parent_sources/parent_sources/parent_sources/parent_sources/parent_sources/runtime/candidate_mcts/fleet_reward.py || MineSim_正式交接配套包_20260919_R1.zip!sources/H18_历史交接与证据原包.zip!MineSim_正式交接包_20260918_停工版V1/evidence/E13/minesim_dual_subtree_h8_smoke_v1.zip!minesim_dual_subtree_h8_smoke_v1/parent_sources/parent_sources/parent_sources/parent_sources/parent_sources/runtime/engine/devkit/sim_engine/planning/planner/mcts/fleet_reward.py || MineSim_正式交接配套包_20260919_R1.zip!sources/H18_历史交接与证据原包.zip!MineSim_正式交接包_20260918_停工版V1/evidence/E12/轻量缓存固定计时复核.zip!evidence/minesim_dual_cachetiming_v1.zip!minesim_dual_cachetiming_v1/parent_sources/parent_sources/parent_sources/parent_sources/runtime/candidate_mcts/fleet_reward.py || MineSim_正式交接配套包_20260919_R1.zip!sources/H18_历史交接与证据原包.zip!MineSim_正式交接包_20260918_停工版V1/evidence/E12/轻量缓存固定计时复核.zip!evidence/minesim_dual_cachetiming_v1.zip!minesim_dual_cachetiming_v1/parent_sources/parent_sources/parent_sources/parent_sources/runtime/engine/devkit/sim_engine/planning/planner/mcts/fleet_reward.py || MineSim_正式交接配套包_20260919_R1.zip!sources/H18_历史交接与证据原包.zip!MineSim_正式交接包_20260918_停工版V1/evidence/P01/H8_policy4_已交付准备原包.zip!submitted_smoke_original.zip!minesim_dual_subtree_h8_smoke_v1/parent_sources/parent_sources/parent_sources/parent_sources/parent_sources/runtime/candidate_mcts/fleet_reward.py || MineSim_正式交接配套包_20260919_R1.zip!sources/H18_历史交接与证据原包.zip!MineSim_正式交接包_20260918_停工版V1/evidence/P01/H8_policy4_已交付准备原包.zip!submitted_smoke_original.zip!minesim_dual_subtree_h8_smoke_v1/parent_sources/parent_sources/parent_sources/parent_sources/parent_sources/runtime/engine/devkit/sim_engine/planning/planner/mcts/fleet_reward.py
MineSim_正式交接配套包_20260919_R1/source_code/C05_teacher_cell_core.py,16731,58c3e5d217189b5d4f7e108b57f3d3700f3e11216d1eab02d1d25c5e0885cba0,5,MineSim_正式交接配套包_20260919_R1.zip!source_code/C05_teacher_cell_core.py,MineSim_正式交接配套包_20260919_R1.zip!sources/H18_历史交接与证据原包.zip!MineSim_正式交接包_20260918_停工版V1/evidence/E10/动作报告缓存复核.zip!raw/minesim_dual_reportcache_v1/parent_sources/parent_sources/runtime/teacher_cell_core.py || MineSim_正式交接配套包_20260919_R1.zip!sources/H18_历史交接与证据原包.zip!MineSim_正式交接包_20260918_停工版V1/evidence/E13/minesim_dual_subtree_h8_smoke_v1.zip!minesim_dual_subtree_h8_smoke_v1/parent_sources/parent_sources/parent_sources/parent_sources/parent_sources/runtime/teacher_cell_core.py || MineSim_正式交接配套包_20260919_R1.zip!sources/H18_历史交接与证据原包.zip!MineSim_正式交接包_20260918_停工版V1/evidence/E12/轻量缓存固定计时复核.zip!evidence/minesim_dual_cachetiming_v1.zip!minesim_dual_cachetiming_v1/parent_sources/parent_sources/parent_sources/parent_sources/runtime/teacher_cell_core.py || MineSim_正式交接配套包_20260919_R1.zip!sources/H18_历史交接与证据原包.zip!MineSim_正式交接包_20260918_停工版V1/evidence/P01/H8_policy4_已交付准备原包.zip!submitted_smoke_original.zip!minesim_dual_subtree_h8_smoke_v1/parent_sources/parent_sources/parent_sources/parent_sources/parent_sources/runtime/teacher_cell_core.py
MineSim_正式交接配套包_20260919_R1/source_code/C06_reward.py,7651,d225ca754b2e5f6a650a35a946819276d50c027eaf66449667973c45f98ed5a5,9,MineSim_正式交接配套包_20260919_R1.zip!source_code/C06_reward.py,MineSim_正式交接配套包_20260919_R1.zip!sources/H18_历史交接与证据原包.zip!MineSim_正式交接包_20260918_停工版V1/evidence/E10/动作报告缓存复核.zip!raw/minesim_dual_reportcache_v1/parent_sources/parent_sources/runtime/candidate_mcts/reward.py || MineSim_正式交接配套包_20260919_R1.zip!sources/H18_历史交接与证据原包.zip!MineSim_正式交接包_20260918_停工版V1/evidence/E10/动作报告缓存复核.zip!raw/minesim_dual_reportcache_v1/parent_sources/parent_sources/runtime/engine/devkit/sim_engine/planning/planner/mcts/reward.py || MineSim_正式交接配套包_20260919_R1.zip!sources/H18_历史交接与证据原包.zip!MineSim_正式交接包_20260918_停工版V1/evidence/E13/minesim_dual_subtree_h8_smoke_v1.zip!minesim_dual_subtree_h8_smoke_v1/parent_sources/parent_sources/parent_sources/parent_sources/parent_sources/runtime/candidate_mcts/reward.py || MineSim_正式交接配套包_20260919_R1.zip!sources/H18_历史交接与证据原包.zip!MineSim_正式交接包_20260918_停工版V1/evidence/E13/minesim_dual_subtree_h8_smoke_v1.zip!minesim_dual_subtree_h8_smoke_v1/parent_sources/parent_sources/parent_sources/parent_sources/parent_sources/runtime/engine/devkit/sim_engine/planning/planner/mcts/reward.py || MineSim_正式交接配套包_20260919_R1.zip!sources/H18_历史交接与证据原包.zip!MineSim_正式交接包_20260918_停工版V1/evidence/E12/轻量缓存固定计时复核.zip!evidence/minesim_dual_cachetiming_v1.zip!minesim_dual_cachetiming_v1/parent_sources/parent_sources/parent_sources/parent_sources/runtime/candidate_mcts/reward.py || MineSim_正式交接配套包_20260919_R1.zip!sources/H18_历史交接与证据原包.zip!MineSim_正式交接包_20260918_停工版V1/evidence/E12/轻量缓存固定计时复核.zip!evidence/minesim_dual_cachetiming_v1.zip!minesim_dual_cachetiming_v1/parent_sources/parent_sources/parent_sources/parent_sources/runtime/engine/devkit/sim_engine/planning/planner/mcts/reward.py || MineSim_正式交接配套包_20260919_R1.zip!sources/H18_历史交接与证据原包.zip!MineSim_正式交接包_20260918_停工版V1/evidence/P01/H8_policy4_已交付准备原包.zip!submitted_smoke_original.zip!minesim_dual_subtree_h8_smoke_v1/parent_sources/parent_sources/parent_sources/parent_sources/parent_sources/runtime/candidate_mcts/reward.py || MineSim_正式交接配套包_20260919_R1.zip!sources/H18_历史交接与证据原包.zip!MineSim_正式交接包_20260918_停工版V1/evidence/P01/H8_policy4_已交付准备原包.zip!submitted_smoke_original.zip!minesim_dual_subtree_h8_smoke_v1/parent_sources/parent_sources/parent_sources/parent_sources/parent_sources/runtime/engine/devkit/sim_engine/planning/planner/mcts/reward.py
MineSim_正式交接配套包_20260919_R1/source_code/C07_C11_100M_SEED0_EP1.json,5959,a13f2fc0b735d310d3bcd80fc44d09d366bd3474e284090b247654bc5ba5f911,6,MineSim_正式交接配套包_20260919_R1.zip!source_code/C07_C11_100M_SEED0_EP1.json,MineSim_正式交接配套包_20260919_R1.zip!sources/H18_历史交接与证据原包.zip!MineSim_正式交接包_20260918_停工版V1/evidence/E05/双车输入监督信号诊断.zip!MineSim_dual32_input_signal_diagnostic/inputs/C11_100M_SEED0_EP1.json || MineSim_正式交接配套包_20260919_R1.zip!sources/H18_历史交接与证据原包.zip!MineSim_正式交接包_20260918_停工版V1/evidence/E10/动作报告缓存复核.zip!raw/minesim_dual_reportcache_v1/parent_sources/parent_sources/runtime/inputs/contexts/C11_100M_SEED0_EP1.json || MineSim_正式交接配套包_20260919_R1.zip!sources/H18_历史交接与证据原包.zip!MineSim_正式交接包_20260918_停工版V1/evidence/E13/minesim_dual_subtree_h8_smoke_v1.zip!minesim_dual_subtree_h8_smoke_v1/parent_sources/parent_sources/parent_sources/parent_sources/parent_sources/runtime/inputs/contexts/C11_100M_SEED0_EP1.json || MineSim_正式交接配套包_20260919_R1.zip!sources/H18_历史交接与证据原包.zip!MineSim_正式交接包_20260918_停工版V1/evidence/E12/轻量缓存固定计时复核.zip!evidence/minesim_dual_cachetiming_v1.zip!minesim_dual_cachetiming_v1/parent_sources/parent_sources/parent_sources/parent_sources/runtime/inputs/contexts/C11_100M_SEED0_EP1.json || MineSim_正式交接配套包_20260919_R1.zip!sources/H18_历史交接与证据原包.zip!MineSim_正式交接包_20260918_停工版V1/evidence/P01/H8_policy4_已交付准备原包.zip!submitted_smoke_original.zip!minesim_dual_subtree_h8_smoke_v1/parent_sources/parent_sources/parent_sources/parent_sources/parent_sources/runtime/inputs/contexts/C11_100M_SEED0_EP1.json
MineSim_正式交接配套包_20260919_R1/source_code/C08_subtree_reuse.py,14097,c9834a305c6db1cf31b0460e31cc67c6b5a78480ea1ba20b1ca9ece6986ab532,6,MineSim_正式交接配套包_20260919_R1.zip!source_code/C08_subtree_reuse.py,MineSim_正式交接配套包_20260919_R1.zip!sources/H18_历史交接与证据原包.zip!MineSim_正式交接包_20260918_停工版V1/pending_policy4/release/subtree_reuse.py || MineSim_正式交接配套包_20260919_R1.zip!sources/H18_历史交接与证据原包.zip!MineSim_正式交接包_20260918_停工版V1/evidence/E13/minesim_dual_subtree_h8_smoke_v1.zip!minesim_dual_subtree_h8_smoke_v1/release/subtree_reuse.py || MineSim_正式交接配套包_20260919_R1.zip!sources/H18_历史交接与证据原包.zip!MineSim_正式交接包_20260918_停工版V1/evidence/P01/H8_policy4_已交付准备原包.zip!review/original/release/subtree_reuse.py || MineSim_正式交接配套包_20260919_R1.zip!sources/H18_历史交接与证据原包.zip!MineSim_正式交接包_20260918_停工版V1/evidence/P01/H8_policy4_已交付准备原包.zip!release/subtree_reuse.py || MineSim_正式交接配套包_20260919_R1.zip!sources/H18_历史交接与证据原包.zip!MineSim_正式交接包_20260918_停工版V1/evidence/P01/H8_policy4_已交付准备原包.zip!submitted_smoke_original.zip!minesim_dual_subtree_h8_smoke_v1/release/subtree_reuse.py
MineSim_正式交接配套包_20260919_R1/sources/A18_H8策略结果补充原件.docx,41390,5929f8752513de032e8a6c0d87d0e2be8e784b9a5b0e890bce361ef0746a9eb4,2,MineSim_正式交接配套包_20260919_R1.zip!sources/A18_H8策略结果补充原件.docx,MineSim_H8四条策略验证_交接补充V1.1_20260918.docx!MineSim_H8四条策略验证_交接补充V1.1_20260918.docx
MineSim_正式交接配套包_20260919_R1/sources/H10_论文标准对齐历史主文.md,104921,8e0573c20d2f60984f112baa92513da7293cf81aea748f8e06f269f9a73c28a8,2,MineSim_正式交接配套包_20260919_R1.zip!sources/H10_论文标准对齐历史主文.md,MineSim_正式交接配套包_20260919_R1.zip!sources/H18_历史交接与证据原包.zip!MineSim_正式交接包_20260918_停工版V1/history/H02_20260910_论文标准对齐原包.zip!MineSim_Handoff_20260910_V1/MineSim_Dynamic_正式交接_论文标准对齐版_V1_20260910.md
MineSim_正式交接配套包_20260919_R1/sources/H18_历史主文.md,60550,27222895555782c3cd8960e97a23462dd5db92b673687077daf21850d5b11e57,2,MineSim_正式交接配套包_20260919_R1.zip!sources/H18_历史主文.md,MineSim_正式交接配套包_20260919_R1.zip!sources/H18_历史交接与证据原包.zip!MineSim_正式交接包_20260918_停工版V1/HANDOFF.md
MineSim_正式交接配套包_20260919_R1/sources/H18_历史交接与证据原包/MineSim_正式交接包_20260918_停工版V1/ARTIFACT_SCOPE.json,767,0483b97af9948e449eab4bc97815da685a5e43fbd364468d9f33bf1e237ec356,1,MineSim_正式交接配套包_20260919_R1.zip!sources/H18_历史交接与证据原包.zip!MineSim_正式交接包_20260918_停工版V1/ARTIFACT_SCOPE.json,
MineSim_正式交接配套包_20260919_R1/sources/H18_历史交接与证据原包/MineSim_正式交接包_20260918_停工版V1/CURRENT_STATE.json,4265,c50320a42ab7d3355a49fcce8ba25fd42c3df51eecfa919badb357fcccd47ade,1,MineSim_正式交接配套包_20260919_R1.zip!sources/H18_历史交接与证据原包.zip!MineSim_正式交接包_20260918_停工版V1/CURRENT_STATE.json,
MineSim_正式交接配套包_20260919_R1/sources/H18_历史交接与证据原包/MineSim_正式交接包_20260918_停工版V1/DOCUMENT_QA.json,1125,8d7c2180f5c7db88a129f67924852ce9f64363a39d1781e55992d160dfd3185f,1,MineSim_正式交接配套包_20260919_R1.zip!sources/H18_历史交接与证据原包.zip!MineSim_正式交接包_20260918_停工版V1/DOCUMENT_QA.json,
MineSim_正式交接配套包_20260919_R1/sources/H18_历史交接与证据原包/MineSim_正式交接包_20260918_停工版V1/EVIDENCE_INDEX.json,10027,5a9830e1a69002d06a1a39c9091b507829a99cca2696ea62abbaea006f2ec2be,1,MineSim_正式交接配套包_20260919_R1.zip!sources/H18_历史交接与证据原包.zip!MineSim_正式交接包_20260918_停工版V1/EVIDENCE_INDEX.json,
MineSim_正式交接配套包_20260919_R1/sources/H18_历史交接与证据原包/MineSim_正式交接包_20260918_停工版V1/HANDOFF_LOCAL_VERIFICATION.json,1016,7c895720a5117dad94d29a381a8be0048987b1ba13f26d21758fddc3415f34e2,1,MineSim_正式交接配套包_20260919_R1.zip!sources/H18_历史交接与证据原包.zip!MineSim_正式交接包_20260918_停工版V1/HANDOFF_LOCAL_VERIFICATION.json,
MineSim_正式交接配套包_20260919_R1/sources/H18_历史交接与证据原包/MineSim_正式交接包_20260918_停工版V1/HISTORY_ASSET_INDEX.json,9852,a9a12330862803074a39e1e7d422d499223230afd4ed18016d2263a2f83e2b5e,1,MineSim_正式交接配套包_20260919_R1.zip!sources/H18_历史交接与证据原包.zip!MineSim_正式交接包_20260918_停工版V1/HISTORY_ASSET_INDEX.json,
MineSim_正式交接配套包_20260919_R1/sources/H18_历史交接与证据原包/MineSim_正式交接包_20260918_停工版V1/KEY_CODE_MAP.json,19555,481daaa0d6017c93da88651c1e517d798ea68dfb11d41cbd24389ebb6b4d5874,1,MineSim_正式交接配套包_20260919_R1.zip!sources/H18_历史交接与证据原包.zip!MineSim_正式交接包_20260918_停工版V1/KEY_CODE_MAP.json,
MineSim_正式交接配套包_20260919_R1/sources/H18_历史交接与证据原包/MineSim_正式交接包_20260918_停工版V1/MineSim_Dynamic_正式交接_截至20260918_H8子树小试后停工版V1.docx,81171,872e70b2635b48d9ae3bcc90ff6a62efac146660b4d7f2e34e35d84b834195a6,2,MineSim_正式交接配套包_20260919_R1.zip!sources/H18_历史交接与证据原包.zip!MineSim_正式交接包_20260918_停工版V1/MineSim_Dynamic_正式交接_截至20260918_H8子树小试后停工版V1.docx,MineSim_Dynamic_正式交接_截至20260918_H8子树小试后停工版V1.docx!MineSim_Dynamic_正式交接_截至20260918_H8子树小试后停工版V1.docx
MineSim_正式交接配套包_20260919_R1/sources/H18_历史交接与证据原包/MineSim_正式交接包_20260918_停工版V1/NEXT_GATE_CONTRACT.json,4215,336f4cb21eb262c5d0d222cf4476530c57f605f0f8368817ac8e735c2f337fc5,1,MineSim_正式交接配套包_20260919_R1.zip!sources/H18_历史交接与证据原包.zip!MineSim_正式交接包_20260918_停工版V1/NEXT_GATE_CONTRACT.json,
MineSim_正式交接配套包_20260919_R1/sources/H18_历史交接与证据原包/MineSim_正式交接包_20260918_停工版V1/PACKAGE_MANIFEST.json,8010,f48a91926e9b34670335c79df800632a6e023577cc90e9bdbe77fab8e488215a,1,MineSim_正式交接配套包_20260919_R1.zip!sources/H18_历史交接与证据原包.zip!MineSim_正式交接包_20260918_停工版V1/PACKAGE_MANIFEST.json,
MineSim_正式交接配套包_20260919_R1/sources/H18_历史交接与证据原包/MineSim_正式交接包_20260918_停工版V1/SHA256SUMS,4642,a8368d1e4553a9a79e9a11de941a3524a299dea3d65ade9e6216a851b6c06ab5,1,MineSim_正式交接配套包_20260919_R1.zip!sources/H18_历史交接与证据原包.zip!MineSim_正式交接包_20260918_停工版V1/SHA256SUMS,
MineSim_正式交接配套包_20260919_R1/sources/H18_历史交接与证据原包/MineSim_正式交接包_20260918_停工版V1/START_HERE.md,1872,cebbae64a16c6a63108411a64ae168ac2ea59db5c7b2cfd86b8af2017b308e19,1,MineSim_正式交接配套包_20260919_R1.zip!sources/H18_历史交接与证据原包.zip!MineSim_正式交接包_20260918_停工版V1/START_HERE.md,
MineSim_正式交接配套包_20260919_R1/sources/H18_历史交接与证据原包/MineSim_正式交接包_20260918_停工版V1/evidence/E01/Window16_复核/MineSim_Window16_结果复核_20260917/BEHAVIOR_POOL_COVERAGE.json,10437,888247aa995f6a85e763e063f9ec5d3a8ddc1a71db30660ac80fd4acb955d835,1,MineSim_正式交接配套包_20260919_R1.zip!sources/H18_历史交接与证据原包.zip!MineSim_正式交接包_20260918_停工版V1/evidence/E01/Window16_复核.zip!MineSim_Window16_结果复核_20260917/BEHAVIOR_POOL_COVERAGE.json,
MineSim_正式交接配套包_20260919_R1/sources/H18_历史交接与证据原包/MineSim_正式交接包_20260918_停工版V1/evidence/E01/Window16_复核/MineSim_Window16_结果复核_20260917/CURRENT_STATE.json,2111,8cf3a46ad9e8661dbb5cf07ae474dcce8f1743a3dabb0886a49150998018ed15,1,MineSim_正式交接配套包_20260919_R1.zip!sources/H18_历史交接与证据原包.zip!MineSim_正式交接包_20260918_停工版V1/evidence/E01/Window16_复核.zip!MineSim_Window16_结果复核_20260917/CURRENT_STATE.json,
MineSim_正式交接配套包_20260919_R1/sources/H18_历史交接与证据原包/MineSim_正式交接包_20260918_停工版V1/evidence/E01/Window16_复核/MineSim_Window16_结果复核_20260917/ERROR_DIAGNOSTIC.json,12015,fe42ffe60b1f27ffac3b2286aa8d094c7e9c0b488755be28f6cf21b517bc78c5,1,MineSim_正式交接配套包_20260919_R1.zip!sources/H18_历史交接与证据原包.zip!MineSim_正式交接包_20260918_停工版V1/evidence/E01/Window16_复核.zip!MineSim_Window16_结果复核_20260917/ERROR_DIAGNOSTIC.json,
MineSim_正式交接配套包_20260919_R1/sources/H18_历史交接与证据原包/MineSim_正式交接包_20260918_停工版V1/evidence/E01/Window16_复核/MineSim_Window16_结果复核_20260917/MANIFEST.json,1314,a0b5b5586e81770e5448719436f37b37346a20e4975f1c3d233038c5cf503bb5,1,MineSim_正式交接配套包_20260919_R1.zip!sources/H18_历史交接与证据原包.zip!MineSim_正式交接包_20260918_停工版V1/evidence/E01/Window16_复核.zip!MineSim_Window16_结果复核_20260917/MANIFEST.json,
MineSim_正式交接配套包_20260919_R1/sources/H18_历史交接与证据原包/MineSim_正式交接包_20260918_停工版V1/evidence/E01/Window16_复核/MineSim_Window16_结果复核_20260917/NEXT_GATE_PROPOSAL.json,2406,a44d437e1b6ee14d86b200fa1048d1f0d7dabeafff372b78e489bd707f9fab3a,1,MineSim_正式交接配套包_20260919_R1.zip!sources/H18_历史交接与证据原包.zip!MineSim_正式交接包_20260918_停工版V1/evidence/E01/Window16_复核.zip!MineSim_Window16_结果复核_20260917/NEXT_GATE_PROPOSAL.json,
MineSim_正式交接配套包_20260919_R1/sources/H18_历史交接与证据原包/MineSim_正式交接包_20260918_停工版V1/evidence/E01/Window16_复核/MineSim_Window16_结果复核_20260917/PER_STATE_ERRORS.csv,3259,ea969a228b80a9387b347654a30155cdf65d725280038a6e0e68f67b3aa86b96,1,MineSim_正式交接配套包_20260919_R1.zip!sources/H18_历史交接与证据原包.zip!MineSim_正式交接包_20260918_停工版V1/evidence/E01/Window16_复核.zip!MineSim_Window16_结果复核_20260917/PER_STATE_ERRORS.csv,
MineSim_正式交接配套包_20260919_R1/sources/H18_历史交接与证据原包/MineSim_正式交接包_20260918_停工版V1/evidence/E01/Window16_复核/MineSim_Window16_结果复核_20260917/README.md,4651,15ccfea1f03834fdb7542e83e52bf7a494ed49095cc680f72a449981354255a5,1,MineSim_正式交接配套包_20260919_R1.zip!sources/H18_历史交接与证据原包.zip!MineSim_正式交接包_20260918_停工版V1/evidence/E01/Window16_复核.zip!MineSim_Window16_结果复核_20260917/README.md,
MineSim_正式交接配套包_20260919_R1/sources/H18_历史交接与证据原包/MineSim_正式交接包_20260918_停工版V1/evidence/E01/Window16_复核/MineSim_Window16_结果复核_20260917/REVIEW.json,7314,382e7e228eb305e9e512061d3fdd8e80e71d1d9339b794623dd1eb7f86e78671,1,MineSim_正式交接配套包_20260919_R1.zip!sources/H18_历史交接与证据原包.zip!MineSim_正式交接包_20260918_停工版V1/evidence/E01/Window16_复核.zip!MineSim_Window16_结果复核_20260917/REVIEW.json,
MineSim_正式交接配套包_20260919_R1/sources/H18_历史交接与证据原包/MineSim_正式交接包_20260918_停工版V1/evidence/E01/Window16_复核/MineSim_Window16_结果复核_20260917/original/FOLDS.json,762,b8716e913894087ba56da2832522ef54bd09f0a1406040edb7850040bdd9d57e,1,MineSim_正式交接配套包_20260919_R1.zip!sources/H18_历史交接与证据原包.zip!MineSim_正式交接包_20260918_停工版V1/evidence/E01/Window16_复核.zip!MineSim_Window16_结果复核_20260917/original/FOLDS.json,
MineSim_正式交接配套包_20260919_R1/sources/H18_历史交接与证据原包/MineSim_正式交接包_20260918_停工版V1/evidence/E01/Window16_复核/MineSim_Window16_结果复核_20260917/original/PROTOCOL.json,2175,bbea7a2991b93bf7349e1f83de15142109d0b4a998d1b2b656651ea8baf00d19,1,MineSim_正式交接配套包_20260919_R1.zip!sources/H18_历史交接与证据原包.zip!MineSim_正式交接包_20260918_停工版V1/evidence/E01/Window16_复核.zip!MineSim_Window16_结果复核_20260917/original/PROTOCOL.json,
MineSim_正式交接配套包_20260919_R1/sources/H18_历史交接与证据原包/MineSim_正式交接包_20260918_停工版V1/evidence/E01/Window16_复核/MineSim_Window16_结果复核_20260917/original/RESULT.json,2099,92bc7b82ad2dea9a3ea4d6b16e35225943633f697228f822934fd6693e7c839a,1,MineSim_正式交接配套包_20260919_R1.zip!sources/H18_历史交接与证据原包.zip!MineSim_正式交接包_20260918_停工版V1/evidence/E01/Window16_复核.zip!MineSim_Window16_结果复核_20260917/original/RESULT.json,
MineSim_正式交接配套包_20260919_R1/sources/H18_历史交接与证据原包/MineSim_正式交接包_20260918_停工版V1/evidence/E02/Coverage32_数据封存复核/CELL_REVIEW.json,81740,61aa26f23e35999effec8ec60bf1644c2aeeda9c0afd0ecf46363e9704cba9c3,1,MineSim_正式交接配套包_20260919_R1.zip!sources/H18_历史交接与证据原包.zip!MineSim_正式交接包_20260918_停工版V1/evidence/E02/Coverage32_数据封存复核.zip!CELL_REVIEW.json,
MineSim_正式交接配套包_20260919_R1/sources/H18_历史交接与证据原包/MineSim_正式交接包_20260918_停工版V1/evidence/E02/Coverage32_数据封存复核/CURRENT_STATE.json,2764,8aad1bb2f23b46d8b17a7387321ed9347f1c2ae2b8cbe4c767044032139fbe99,1,MineSim_正式交接配套包_20260919_R1.zip!sources/H18_历史交接与证据原包.zip!MineSim_正式交接包_20260918_停工版V1/evidence/E02/Coverage32_数据封存复核.zip!CURRENT_STATE.json,
MineSim_正式交接配套包_20260919_R1/sources/H18_历史交接与证据原包/MineSim_正式交接包_20260918_停工版V1/evidence/E02/Coverage32_数据封存复核/MANIFEST_REVIEW.json,400,43e6df94536bbf5a1b1d422337d44cfa403aa51b2879f3a86844845952e5390c,1,MineSim_正式交接配套包_20260919_R1.zip!sources/H18_历史交接与证据原包.zip!MineSim_正式交接包_20260918_停工版V1/evidence/E02/Coverage32_数据封存复核.zip!MANIFEST_REVIEW.json,
MineSim_正式交接配套包_20260919_R1/sources/H18_历史交接与证据原包/MineSim_正式交接包_20260918_停工版V1/evidence/E02/Coverage32_数据封存复核/PACKAGE_MANIFEST.json,4571,bbb20fa79a13faafaf409641329a3db208b7de3ed730ee850fa9631d1e30d63c,1,MineSim_正式交接配套包_20260919_R1.zip!sources/H18_历史交接与证据原包.zip!MineSim_正式交接包_20260918_停工版V1/evidence/E02/Coverage32_数据封存复核.zip!PACKAGE_MANIFEST.json,
MineSim_正式交接配套包_20260919_R1/sources/H18_历史交接与证据原包/MineSim_正式交接包_20260918_停工版V1/evidence/E02/Coverage32_数据封存复核/README.md,2015,e95c1c05f952da9f12787ecb4fe229bb7e1c622c0705c75108e80fc9c4ede466,1,MineSim_正式交接配套包_20260919_R1.zip!sources/H18_历史交接与证据原包.zip!MineSim_正式交接包_20260918_停工版V1/evidence/E02/Coverage32_数据封存复核.zip!README.md,
MineSim_正式交接配套包_20260919_R1/sources/H18_历史交接与证据原包/MineSim_正式交接包_20260918_停工版V1/evidence/E02/Coverage32_数据封存复核/REASSEMBLY.json,1055,db7f97f31747cd869ff6c4555480a2fed26164e09a68c439418d34164d02a2ae,1,MineSim_正式交接配套包_20260919_R1.zip!sources/H18_历史交接与证据原包.zip!MineSim_正式交接包_20260918_停工版V1/evidence/E02/Coverage32_数据封存复核.zip!REASSEMBLY.json,
MineSim_正式交接配套包_20260919_R1/sources/H18_历史交接与证据原包/MineSim_正式交接包_20260918_停工版V1/evidence/E02/Coverage32_数据封存复核/REVIEW.json,2250,4f218ea3a26f004a8f8896d2198bbd37de36fe5a7d99f40e92be0c163fd51d42,1,MineSim_正式交接配套包_20260919_R1.zip!sources/H18_历史交接与证据原包.zip!MineSim_正式交接包_20260918_停工版V1/evidence/E02/Coverage32_数据封存复核.zip!REVIEW.json,
MineSim_正式交接配套包_20260919_R1/sources/H18_历史交接与证据原包/MineSim_正式交接包_20260918_停工版V1/evidence/E02/Coverage32_数据封存复核/original/CAPTURE.json,95,0b37e5e5376a2eaffdc28591c7124698937f7a0514dc59b26d971e7ca47ed4c3,1,MineSim_正式交接配套包_20260919_R1.zip!sources/H18_历史交接与证据原包.zip!MineSim_正式交接包_20260918_停工版V1/evidence/E02/Coverage32_数据封存复核.zip!original/CAPTURE.json,
MineSim_正式交接配套包_20260919_R1/sources/H18_历史交接与证据原包/MineSim_正式交接包_20260918_停工版V1/evidence/E02/Coverage32_数据封存复核/original/COLLECTION_AUDIT.json,220275,3f0c4e721113ae3f00850093058bc4d00d764b7aff62c5700589d7a6e1711040,1,MineSim_正式交接配套包_20260919_R1.zip!sources/H18_历史交接与证据原包.zip!MineSim_正式交接包_20260918_停工版V1/evidence/E02/Coverage32_数据封存复核.zip!original/COLLECTION_AUDIT.json,
MineSim_正式交接配套包_20260919_R1/sources/H18_历史交接与证据原包/MineSim_正式交接包_20260918_停工版V1/evidence/E02/Coverage32_数据封存复核/original/COLLECTION_TIMING.json,368,87267a75cae12cc4b2bc1f20f42a169f86807194fbc9628c3556bda80f0d8ed0,1,MineSim_正式交接配套包_20260919_R1.zip!sources/H18_历史交接与证据原包.zip!MineSim_正式交接包_20260918_停工版V1/evidence/E02/Coverage32_数据封存复核.zip!original/COLLECTION_TIMING.json,
MineSim_正式交接配套包_20260919_R1/sources/H18_历史交接与证据原包/MineSim_正式交接包_20260918_停工版V1/evidence/E02/Coverage32_数据封存复核/original/COMBINED32_INPUTS.json,81407,3c7bd73410f1a48b1adfb135cbecab036edb7f43cbd3cc5758b53960aa127b72,2,MineSim_正式交接配套包_20260919_R1.zip!sources/H18_历史交接与证据原包.zip!MineSim_正式交接包_20260918_停工版V1/evidence/E02/Coverage32_数据封存复核.zip!original/COMBINED32_INPUTS.json,MineSim_正式交接配套包_20260919_R1.zip!sources/H18_历史交接与证据原包.zip!MineSim_正式交接包_20260918_停工版V1/evidence/E05/双车输入监督信号诊断.zip!MineSim_dual32_input_signal_diagnostic/inputs/COMBINED32_INPUTS.json
MineSim_正式交接配套包_20260919_R1/sources/H18_历史交接与证据原包/MineSim_正式交接包_20260918_停工版V1/evidence/E02/Coverage32_数据封存复核/original/EFFECTIVE_COLLECTION_PROTOCOL.json,3744,8dc400a36b35df044f73d0b7c56f3a8906c88d4d85fd9ae12878b169dd43af79,1,MineSim_正式交接配套包_20260919_R1.zip!sources/H18_历史交接与证据原包.zip!MineSim_正式交接包_20260918_停工版V1/evidence/E02/Coverage32_数据封存复核.zip!original/EFFECTIVE_COLLECTION_PROTOCOL.json,
MineSim_正式交接配套包_20260919_R1/sources/H18_历史交接与证据原包/MineSim_正式交接包_20260918_停工版V1/evidence/E02/Coverage32_数据封存复核/original/ENVIRONMENT.json,186,4f9aba7698efd6a13d86fcfe8ca0823cc58ef5d60292095d16f3c38368e16281,1,MineSim_正式交接配套包_20260919_R1.zip!sources/H18_历史交接与证据原包.zip!MineSim_正式交接包_20260918_停工版V1/evidence/E02/Coverage32_数据封存复核.zip!original/ENVIRONMENT.json,
MineSim_正式交接配套包_20260919_R1/sources/H18_历史交接与证据原包/MineSim_正式交接包_20260918_停工版V1/evidence/E02/Coverage32_数据封存复核/original/EXECUTION_LAYOUT.json,970,6375d6d5760db12fa7d525b8b4bc172d511ee688c61211d89a6e379da12b3531,1,MineSim_正式交接配套包_20260919_R1.zip!sources/H18_历史交接与证据原包.zip!MineSim_正式交接包_20260918_停工版V1/evidence/E02/Coverage32_数据封存复核.zip!original/EXECUTION_LAYOUT.json,
MineSim_正式交接配套包_20260919_R1/sources/H18_历史交接与证据原包/MineSim_正式交接包_20260918_停工版V1/evidence/E02/Coverage32_数据封存复核/original/FUTURE_256_TASKS_NOT_AUTHORIZED.json,181736,3fceeecbca058abe457cbac25da6e5051a0fa352ba8abe6165f6535b15de0b49,1,MineSim_正式交接配套包_20260919_R1.zip!sources/H18_历史交接与证据原包.zip!MineSim_正式交接包_20260918_停工版V1/evidence/E02/Coverage32_数据封存复核.zip!original/FUTURE_256_TASKS_NOT_AUTHORIZED.json,
MineSim_正式交接配套包_20260919_R1/sources/H18_历史交接与证据原包/MineSim_正式交接包_20260918_停工版V1/evidence/E02/Coverage32_数据封存复核/original/FUTURE_FITTING_CONTRACT_NOT_AUTHORIZED.json,1580,392ffb8c2e0678c1236ddd4bbb4b4040968140323fb8dc09c0239b4f747f2e8f,2,MineSim_正式交接配套包_20260919_R1.zip!sources/H18_历史交接与证据原包.zip!MineSim_正式交接包_20260918_停工版V1/evidence/E02/Coverage32_数据封存复核.zip!original/FUTURE_FITTING_CONTRACT_NOT_AUTHORIZED.json,MineSim_正式交接配套包_20260919_R1.zip!sources/H18_历史交接与证据原包.zip!MineSim_正式交接包_20260918_停工版V1/evidence/E03/Coverage32_无正则拟合复核.zip!original/release/PREREGISTERED_FITTING_CONTRACT.json
MineSim_正式交接配套包_20260919_R1/sources/H18_历史交接与证据原包/MineSim_正式交接包_20260918_停工版V1/evidence/E02/Coverage32_数据封存复核/original/FUTURE_TEACHER_PROTOCOL.json,5150,9a29c64df4f31bd1375f9658c0c51b2f11dcf745f2481cbe06152cace3fb93b2,1,MineSim_正式交接配套包_20260919_R1.zip!sources/H18_历史交接与证据原包.zip!MineSim_正式交接包_20260918_停工版V1/evidence/E02/Coverage32_数据封存复核.zip!original/FUTURE_TEACHER_PROTOCOL.json,
MineSim_正式交接配套包_20260919_R1/sources/H18_历史交接与证据原包/MineSim_正式交接包_20260918_停工版V1/evidence/E02/Coverage32_数据封存复核/original/GIT_AFTER.json,152,b22efa6b0c704fc588cc1cf4ffc79af727222b8d4e83e22061b92b70bbb09b31,9,MineSim_正式交接配套包_20260919_R1.zip!sources/H18_历史交接与证据原包.zip!MineSim_正式交接包_20260918_停工版V1/evidence/E02/Coverage32_数据封存复核.zip!original/GIT_AFTER.json,MineSim_正式交接配套包_20260919_R1.zip!sources/H18_历史交接与证据原包.zip!MineSim_正式交接包_20260918_停工版V1/evidence/E02/Coverage32_数据封存复核.zip!original/GIT_BEFORE.json || MineSim_正式交接配套包_20260919_R1.zip!sources/H18_历史交接与证据原包.zip!MineSim_正式交接包_20260918_停工版V1/evidence/E03/Coverage32_无正则拟合复核.zip!original/POSTCHECK_GIT.json || MineSim_正式交接配套包_20260919_R1.zip!sources/H18_历史交接与证据原包.zip!MineSim_正式交接包_20260918_停工版V1/evidence/E04/双车26维正则复核.zip!MineSim_dual32_regularized_review/original/GIT_BEFORE.json || MineSim_正式交接配套包_20260919_R1.zip!sources/H18_历史交接与证据原包.zip!MineSim_正式交接包_20260918_停工版V1/evidence/E04/双车26维正则复核.zip!MineSim_dual32_regularized_review/original/POSTCHECK_GIT.json || MineSim_正式交接配套包_20260919_R1.zip!sources/H18_历史交接与证据原包.zip!MineSim_正式交接包_20260918_停工版V1/evidence/E07/双车标准化岭回归复核.zip!MineSim_双车标准化8折结果与决策诊断/original/GIT_BEFORE.json || MineSim_正式交接配套包_20260919_R1.zip!sources/H18_历史交接与证据原包.zip!MineSim_正式交接包_20260918_停工版V1/evidence/E07/双车标准化岭回归复核.zip!MineSim_双车标准化8折结果与决策诊断/original/POSTCHECK_GIT.json || MineSim_正式交接配套包_20260919_R1.zip!sources/H18_历史交接与证据原包.zip!MineSim_正式交接包_20260918_停工版V1/evidence/E07/双车标准化岭回归复核.zip!MineSim_双车标准化8折结果与决策诊断/original/sources/GIT_BEFORE.json || MineSim_正式交接配套包_20260919_R1.zip!sources/H18_历史交接与证据原包.zip!MineSim_正式交接包_20260918_停工版V1/evidence/E07/双车标准化岭回归复核.zip!MineSim_双车标准化8折结果与决策诊断/original/sources/POSTCHECK_GIT.json
MineSim_正式交接配套包_20260919_R1/sources/H18_历史交接与证据原包/MineSim_正式交接包_20260918_停工版V1/evidence/E02/Coverage32_数据封存复核/original/MANIFEST.json,2092768,56381839fad83298895c824b1861d1a2af35a3522bbd9d7de29c44ca3e2285ea,1,MineSim_正式交接配套包_20260919_R1.zip!sources/H18_历史交接与证据原包.zip!MineSim_正式交接包_20260918_停工版V1/evidence/E02/Coverage32_数据封存复核.zip!original/MANIFEST.json,
MineSim_正式交接配套包_20260919_R1/sources/H18_历史交接与证据原包/MineSim_正式交接包_20260918_停工版V1/evidence/E02/Coverage32_数据封存复核/original/NEW16_REPEAT_DIAGNOSTIC.json,8785,995a0b11f756ae03e43204c06d671feb3487bf8f4849e5791d34024c6c9f0050,1,MineSim_正式交接配套包_20260919_R1.zip!sources/H18_历史交接与证据原包.zip!MineSim_正式交接包_20260918_停工版V1/evidence/E02/Coverage32_数据封存复核.zip!original/NEW16_REPEAT_DIAGNOSTIC.json,
MineSim_正式交接配套包_20260919_R1/sources/H18_历史交接与证据原包/MineSim_正式交接包_20260918_停工版V1/evidence/E02/Coverage32_数据封存复核/original/NEW256_OBSERVATIONS.json,220096,9054e38957c8ac846cebab4a2e27e5f13f716b7a103e011a239649707327f1a3,1,MineSim_正式交接配套包_20260919_R1.zip!sources/H18_历史交接与证据原包.zip!MineSim_正式交接包_20260918_停工版V1/evidence/E02/Coverage32_数据封存复核.zip!original/NEW256_OBSERVATIONS.json,
MineSim_正式交接配套包_20260919_R1/sources/H18_历史交接与证据原包/MineSim_正式交接包_20260918_停工版V1/evidence/E02/Coverage32_数据封存复核/original/OLD_DATASET16.json,226469,44a7567bec8c55a2c321e898de01455166a09769514987069cc0894f954176ff,2,MineSim_正式交接配套包_20260919_R1.zip!sources/H18_历史交接与证据原包.zip!MineSim_正式交接包_20260918_停工版V1/evidence/E02/Coverage32_数据封存复核.zip!original/OLD_DATASET16.json,MineSim_正式交接配套包_20260919_R1.zip!sources/H18_历史交接与证据原包.zip!MineSim_正式交接包_20260918_停工版V1/evidence/E03/Coverage32_无正则拟合复核.zip!original/sources/runtime/inputs/OLD_DATASET16.json
MineSim_正式交接配套包_20260919_R1/sources/H18_历史交接与证据原包/MineSim_正式交接包_20260918_停工版V1/evidence/E02/Coverage32_数据封存复核/original/PARENT_BINDINGS.json,311,d684a8a8571ca264e9c63b0d6a05cfc26db35bfdcd99e55b097d9b2ffff8d924,1,MineSim_正式交接配套包_20260919_R1.zip!sources/H18_历史交接与证据原包.zip!MineSim_正式交接包_20260918_停工版V1/evidence/E02/Coverage32_数据封存复核.zip!original/PARENT_BINDINGS.json,
MineSim_正式交接配套包_20260919_R1/sources/H18_历史交接与证据原包/MineSim_正式交接包_20260918_停工版V1/evidence/E02/Coverage32_数据封存复核/original/RC.txt,2,9a271f2a916b0b6ee6cecb2426f0b3206ef074578be55d9bc94f6f3fe3ab86aa,22,MineSim_正式交接配套包_20260919_R1.zip!sources/H18_历史交接与证据原包.zip!MineSim_正式交接包_20260918_停工版V1/evidence/E02/Coverage32_数据封存复核.zip!original/RC.txt,MineSim_正式交接配套包_20260919_R1.zip!sources/H18_历史交接与证据原包.zip!MineSim_正式交接包_20260918_停工版V1/evidence/E04/双车26维正则复核.zip!MineSim_dual32_regularized_review/original/RC.txt || MineSim_正式交接配套包_20260919_R1.zip!sources/H18_历史交接与证据原包.zip!MineSim_正式交接包_20260918_停工版V1/evidence/E07/双车标准化岭回归复核.zip!MineSim_双车标准化8折结果与决策诊断/original/RC.txt || MineSim_正式交接配套包_20260919_R1.zip!sources/H18_历史交接与证据原包.zip!MineSim_正式交接包_20260918_停工版V1/evidence/E07/双车标准化岭回归复核.zip!MineSim_双车标准化8折结果与决策诊断/original/sources/RC.txt || MineSim_正式交接配套包_20260919_R1.zip!sources/H18_历史交接与证据原包.zip!MineSim_正式交接包_20260918_停工版V1/evidence/E10/动作报告缓存复核.zip!raw/minesim_dual_reportcache_v1/RC.txt || MineSim_正式交接配套包_20260919_R1.zip!sources/H18_历史交接与证据原包.zip!MineSim_正式交接包_20260918_停工版V1/evidence/E10/动作报告缓存复核.zip!raw/minesim_dual_reportcache_v1/parent_sources/RC.txt || MineSim_正式交接配套包_20260919_R1.zip!sources/H18_历史交接与证据原包.zip!MineSim_正式交接包_20260918_停工版V1/evidence/E10/动作报告缓存复核.zip!raw/minesim_dual_reportcache_v1/parent_sources/parent_sources/RC.txt || MineSim_正式交接配套包_20260919_R1.zip!sources/H18_历史交接与证据原包.zip!MineSim_正式交接包_20260918_停工版V1/evidence/E12/轻量缓存固定计时复核.zip!original/RC.txt || MineSim_正式交接配套包_20260919_R1.zip!sources/H18_历史交接与证据原包.zip!MineSim_正式交接包_20260918_停工版V1/evidence/E13/minesim_dual_subtree_h8_smoke_v1.zip!minesim_dual_subtree_h8_smoke_v1/RC.txt || MineSim_正式交接配套包_20260919_R1.zip!sources/H18_历史交接与证据原包.zip!MineSim_正式交接包_20260918_停工版V1/evidence/E13/minesim_dual_subtree_h8_smoke_v1.zip!minesim_dual_subtree_h8_smoke_v1/parent_sources/RC.txt || MineSim_正式交接配套包_20260919_R1.zip!sources/H18_历史交接与证据原包.zip!MineSim_正式交接包_20260918_停工版V1/evidence/P01/H8_policy4_已交付准备原包.zip!review/original/RC.txt || MineSim_正式交接配套包_20260919_R1.zip!sources/H18_历史交接与证据原包.zip!MineSim_正式交接包_20260918_停工版V1/evidence/E12/轻量缓存固定计时复核.zip!evidence/minesim_dual_cachetiming_v1.zip!minesim_dual_cachetiming_v1/RC.txt || MineSim_正式交接配套包_20260919_R1.zip!sources/H18_历史交接与证据原包.zip!MineSim_正式交接包_20260918_停工版V1/evidence/E12/轻量缓存固定计时复核.zip!evidence/minesim_dual_cachetiming_v1.zip!minesim_dual_cachetiming_v1/parent_sources/RC.txt || MineSim_正式交接配套包_20260919_R1.zip!sources/H18_历史交接与证据原包.zip!MineSim_正式交接包_20260918_停工版V1/evidence/P01/H8_policy4_已交付准备原包.zip!submitted_smoke_original.zip!minesim_dual_subtree_h8_smoke_v1/RC.txt || MineSim_正式交接配套包_20260919_R1.zip!sources/H18_历史交接与证据原包.zip!MineSim_正式交接包_20260918_停工版V1/evidence/P01/H8_policy4_已交付准备原包.zip!submitted_smoke_original.zip!minesim_dual_subtree_h8_smoke_v1/parent_sources/RC.txt || MineSim_1536条采集记录恢复与当前状态_20260912(1).zip!evidence/RC.txt || MineSim_1536条采集记录恢复与当前状态_20260912(1).zip!evidence/sources/data/minesim_confirmation768_parallel_v1/RC.txt || MineSim_1536条采集记录恢复与当前状态_20260912(1).zip!evidence/sources/data/minesim_confirmation768_parallel_v1.screen_rc.txt || MineSim_1536条采集记录恢复与当前状态_20260912(1).zip!evidence/sources/data/minesim_discovery_cell377_tail_continuation_v1/RC.txt || MineSim_1536条采集记录恢复与当前状态_20260912(1).zip!evidence/sources/data/minesim_discovery_cell377_tail_continuation_v1.screen_rc.txt || MineSim_1536条采集记录恢复与当前状态_20260912(1).zip!evidence/sources/data/minesim_discovery_remaining390_parallel_v1/RC.txt || MineSim_1536条采集记录恢复与当前状态_20260912(1).zip!evidence/sources/data/minesim_discovery_remaining390_parallel_v1.screen_rc.txt
MineSim_正式交接配套包_20260919_R1/sources/H18_历史交接与证据原包/MineSim_正式交接包_20260918_停工版V1/evidence/E02/Coverage32_数据封存复核/original/RESOURCES.json,275,9e4a2864f8d8a1332e9e4cd86bca3db436f5626d5cbfe4f48148f26956ff2c3a,1,MineSim_正式交接配套包_20260919_R1.zip!sources/H18_历史交接与证据原包.zip!MineSim_正式交接包_20260918_停工版V1/evidence/E02/Coverage32_数据封存复核.zip!original/RESOURCES.json,
MineSim_正式交接配套包_20260919_R1/sources/H18_历史交接与证据原包/MineSim_正式交接包_20260918_停工版V1/evidence/E02/Coverage32_数据封存复核/original/RESULT.json,1218,e212ae036b1051f375325e0e6ae44b9c74f34dd49f3198ead7f02f6834d045d7,1,MineSim_正式交接配套包_20260919_R1.zip!sources/H18_历史交接与证据原包.zip!MineSim_正式交接包_20260918_停工版V1/evidence/E02/Coverage32_数据封存复核.zip!original/RESULT.json,
MineSim_正式交接配套包_20260919_R1/sources/H18_历史交接与证据原包/MineSim_正式交接包_20260918_停工版V1/evidence/E02/Coverage32_数据封存复核/original/SELECTED_NEW16.json,43654,bea017514307e503a88d115113402e614d4ce66425f298f7477ce1ab6bfb5667,5,MineSim_正式交接配套包_20260919_R1.zip!sources/H18_历史交接与证据原包.zip!MineSim_正式交接包_20260918_停工版V1/evidence/E02/Coverage32_数据封存复核.zip!original/SELECTED_NEW16.json,MineSim_正式交接配套包_20260919_R1.zip!sources/H18_历史交接与证据原包.zip!MineSim_正式交接包_20260918_停工版V1/evidence/E10/动作报告缓存复核.zip!raw/minesim_dual_reportcache_v1/parent_sources/parent_sources/runtime/inputs/SELECTED_NEW16.json || MineSim_正式交接配套包_20260919_R1.zip!sources/H18_历史交接与证据原包.zip!MineSim_正式交接包_20260918_停工版V1/evidence/E13/minesim_dual_subtree_h8_smoke_v1.zip!minesim_dual_subtree_h8_smoke_v1/parent_sources/parent_sources/parent_sources/parent_sources/parent_sources/runtime/inputs/SELECTED_NEW16.json || MineSim_正式交接配套包_20260919_R1.zip!sources/H18_历史交接与证据原包.zip!MineSim_正式交接包_20260918_停工版V1/evidence/E12/轻量缓存固定计时复核.zip!evidence/minesim_dual_cachetiming_v1.zip!minesim_dual_cachetiming_v1/parent_sources/parent_sources/parent_sources/parent_sources/runtime/inputs/SELECTED_NEW16.json || MineSim_正式交接配套包_20260919_R1.zip!sources/H18_历史交接与证据原包.zip!MineSim_正式交接包_20260918_停工版V1/evidence/P01/H8_policy4_已交付准备原包.zip!submitted_smoke_original.zip!minesim_dual_subtree_h8_smoke_v1/parent_sources/parent_sources/parent_sources/parent_sources/parent_sources/runtime/inputs/SELECTED_NEW16.json
MineSim_正式交接配套包_20260919_R1/sources/H18_历史交接与证据原包/MineSim_正式交接包_20260918_停工版V1/evidence/E02/Coverage32_数据封存复核/original/START.json,587,328ae46bcefe51411f400292061d9b83b0d4f60943155d305bce370cfc271e17,1,MineSim_正式交接配套包_20260919_R1.zip!sources/H18_历史交接与证据原包.zip!MineSim_正式交接包_20260918_停工版V1/evidence/E02/Coverage32_数据封存复核.zip!original/START.json,
MineSim_正式交接配套包_20260919_R1/sources/H18_历史交接与证据原包/MineSim_正式交接包_20260918_停工版V1/evidence/E02/Coverage32_数据封存复核/original/SUPERVISOR_FINAL.json,477,acb4ab26ff70be54c01ee9e1db300d8fda3769eb529393dca7d806b78498a2d7,1,MineSim_正式交接配套包_20260919_R1.zip!sources/H18_历史交接与证据原包.zip!MineSim_正式交接包_20260918_停工版V1/evidence/E02/Coverage32_数据封存复核.zip!original/SUPERVISOR_FINAL.json,
MineSim_正式交接配套包_20260919_R1/sources/H18_历史交接与证据原包/MineSim_正式交接包_20260918_停工版V1/evidence/E02/Coverage32_数据封存复核/original/coverage32_cell_core.py,16219,f01f279783db821a8585260080d9cde780af35aea3f9eadb922b3de98c683f4f,1,MineSim_正式交接配套包_20260919_R1.zip!sources/H18_历史交接与证据原包.zip!MineSim_正式交接包_20260918_停工版V1/evidence/E02/Coverage32_数据封存复核.zip!original/coverage32_cell_core.py,
MineSim_正式交接配套包_20260919_R1/sources/H18_历史交接与证据原包/MineSim_正式交接包_20260918_停工版V1/evidence/E02/Coverage32_数据封存复核/original/release_source.py,39513,5a5f2adbcd6c440a1b813e5cd4d532675c1026355fecd7d22f18028b2dc56ed2,1,MineSim_正式交接配套包_20260919_R1.zip!sources/H18_历史交接与证据原包.zip!MineSim_正式交接包_20260918_停工版V1/evidence/E02/Coverage32_数据封存复核.zip!original/release_source.py,
MineSim_正式交接配套包_20260919_R1/sources/H18_历史交接与证据原包/MineSim_正式交接包_20260918_停工版V1/evidence/E02/Coverage32_数据封存复核/review_saved_records.py,16850,7210eae920d76adba8a7bd3ce88d8f7bc702ea7b0a1e575ea17ecc2be5181232,1,MineSim_正式交接配套包_20260919_R1.zip!sources/H18_历史交接与证据原包.zip!MineSim_正式交接包_20260918_停工版V1/evidence/E02/Coverage32_数据封存复核.zip!review_saved_records.py,
MineSim_正式交接配套包_20260919_R1/sources/H18_历史交接与证据原包/MineSim_正式交接包_20260918_停工版V1/evidence/E03/Coverage32_无正则拟合复核/CURRENT_STATE.json,1541,59ca778924fbe78faccf4b2e8b779c73c9e9e269a9dd164123d6a2eda87c3624,1,MineSim_正式交接配套包_20260919_R1.zip!sources/H18_历史交接与证据原包.zip!MineSim_正式交接包_20260918_停工版V1/evidence/E03/Coverage32_无正则拟合复核.zip!CURRENT_STATE.json,
MineSim_正式交接配套包_20260919_R1/sources/H18_历史交接与证据原包/MineSim_正式交接包_20260918_停工版V1/evidence/E03/Coverage32_无正则拟合复核/DESCRIPTIVE_DIAGNOSTIC.json,26362,ccc5a3672ee86b3501433c7ddb3e6510e955d3031df147f99aac755c85bd08ae,1,MineSim_正式交接配套包_20260919_R1.zip!sources/H18_历史交接与证据原包.zip!MineSim_正式交接包_20260918_停工版V1/evidence/E03/Coverage32_无正则拟合复核.zip!DESCRIPTIVE_DIAGNOSTIC.json,
MineSim_正式交接配套包_20260919_R1/sources/H18_历史交接与证据原包/MineSim_正式交接包_20260918_停工版V1/evidence/E03/Coverage32_无正则拟合复核/HELD_PREDICTIONS_RECOMPUTED.json,57922,c5ab91524cdd34ac585c66076fda4da171ab724ef6544bd288b5b4d5b526dc19,1,MineSim_正式交接配套包_20260919_R1.zip!sources/H18_历史交接与证据原包.zip!MineSim_正式交接包_20260918_停工版V1/evidence/E03/Coverage32_无正则拟合复核.zip!HELD_PREDICTIONS_RECOMPUTED.json,
MineSim_正式交接配套包_20260919_R1/sources/H18_历史交接与证据原包/MineSim_正式交接包_20260918_停工版V1/evidence/E03/Coverage32_无正则拟合复核/METRICS_SUMMARY.csv,245,0104a54980fc4fda87371fedbdfe3284f7dff4fe2ad3a47afc5f19ef66c5a0fc,1,MineSim_正式交接配套包_20260919_R1.zip!sources/H18_历史交接与证据原包.zip!MineSim_正式交接包_20260918_停工版V1/evidence/E03/Coverage32_无正则拟合复核.zip!METRICS_SUMMARY.csv,
MineSim_正式交接配套包_20260919_R1/sources/H18_历史交接与证据原包/MineSim_正式交接包_20260918_停工版V1/evidence/E03/Coverage32_无正则拟合复核/NEXT_METHOD_PROPOSAL.json,1515,7781a8c78567ca889d9f8c2cb208a09582e885e1b46b78630207c3103810c770,1,MineSim_正式交接配套包_20260919_R1.zip!sources/H18_历史交接与证据原包.zip!MineSim_正式交接包_20260918_停工版V1/evidence/E03/Coverage32_无正则拟合复核.zip!NEXT_METHOD_PROPOSAL.json,
MineSim_正式交接配套包_20260919_R1/sources/H18_历史交接与证据原包/MineSim_正式交接包_20260918_停工版V1/evidence/E03/Coverage32_无正则拟合复核/PACKAGE_MANIFEST.json,2884,61c84c53a3604ce56548804e5df0385b704208d05d4e47ad3d0ab14f554f2a32,1,MineSim_正式交接配套包_20260919_R1.zip!sources/H18_历史交接与证据原包.zip!MineSim_正式交接包_20260918_停工版V1/evidence/E03/Coverage32_无正则拟合复核.zip!PACKAGE_MANIFEST.json,
MineSim_正式交接配套包_20260919_R1/sources/H18_历史交接与证据原包/MineSim_正式交接包_20260918_停工版V1/evidence/E03/Coverage32_无正则拟合复核/README.md,4153,3f0203a8c3b72e199569849017dbada99dc9754e7eeb81db50301dbb3821e686,1,MineSim_正式交接配套包_20260919_R1.zip!sources/H18_历史交接与证据原包.zip!MineSim_正式交接包_20260918_停工版V1/evidence/E03/Coverage32_无正则拟合复核.zip!README.md,
MineSim_正式交接配套包_20260919_R1/sources/H18_历史交接与证据原包/MineSim_正式交接包_20260918_停工版V1/evidence/E03/Coverage32_无正则拟合复核/RECOMPUTED_METRICS.json,5819,2a59249a532812bb6624e59a449e1a1b31ad38f2e76f8c36bad8f1f11fb21d71,1,MineSim_正式交接配套包_20260919_R1.zip!sources/H18_历史交接与证据原包.zip!MineSim_正式交接包_20260918_停工版V1/evidence/E03/Coverage32_无正则拟合复核.zip!RECOMPUTED_METRICS.json,
MineSim_正式交接配套包_20260919_R1/sources/H18_历史交接与证据原包/MineSim_正式交接包_20260918_停工版V1/evidence/E03/Coverage32_无正则拟合复核/REVIEW.json,8130,1aed9a078a98afd570236b0a2b437dad559e947f8113c6bdc8be95bcc1152344,1,MineSim_正式交接配套包_20260919_R1.zip!sources/H18_历史交接与证据原包.zip!MineSim_正式交接包_20260918_停工版V1/evidence/E03/Coverage32_无正则拟合复核.zip!REVIEW.json,
MineSim_正式交接配套包_20260919_R1/sources/H18_历史交接与证据原包/MineSim_正式交接包_20260918_停工版V1/evidence/E03/Coverage32_无正则拟合复核/TRAIN_FIT_SUMMARY.json,3588,124bf461b4d1ecffbee6f7185e3454353b3d257e6023f54b852708f83dbf1dcc,1,MineSim_正式交接配套包_20260919_R1.zip!sources/H18_历史交接与证据原包.zip!MineSim_正式交接包_20260918_停工版V1/evidence/E03/Coverage32_无正则拟合复核.zip!TRAIN_FIT_SUMMARY.json,
MineSim_正式交接配套包_20260919_R1/sources/H18_历史交接与证据原包/MineSim_正式交接包_20260918_停工版V1/evidence/E03/Coverage32_无正则拟合复核/original/EXECUTION_PROTOCOL.json,2655,750073738e8d4bbe0c21fbc6e23b168235b042cbdece554470bdb1ae3a9b7dfe,1,MineSim_正式交接配套包_20260919_R1.zip!sources/H18_历史交接与证据原包.zip!MineSim_正式交接包_20260918_停工版V1/evidence/E03/Coverage32_无正则拟合复核.zip!original/EXECUTION_PROTOCOL.json,
MineSim_正式交接配套包_20260919_R1/sources/H18_历史交接与证据原包/MineSim_正式交接包_20260918_停工版V1/evidence/E03/Coverage32_无正则拟合复核/original/FOLDS.json,8186,61f1e114397d50261f03af0ac8f586c55ec98c4f009712b891758726790aa3c3,2,MineSim_正式交接配套包_20260919_R1.zip!sources/H18_历史交接与证据原包.zip!MineSim_正式交接包_20260918_停工版V1/evidence/E03/Coverage32_无正则拟合复核.zip!original/FOLDS.json,MineSim_正式交接配套包_20260919_R1.zip!sources/H18_历史交接与证据原包.zip!MineSim_正式交接包_20260918_停工版V1/evidence/E04/双车26维正则复核.zip!MineSim_dual32_regularized_review/original/sources/FOLDS.json
MineSim_正式交接配套包_20260919_R1/sources/H18_历史交接与证据原包/MineSim_正式交接包_20260918_停工版V1/evidence/E03/Coverage32_无正则拟合复核/original/INPUT_VALIDATION.json,471,9ff2b8b6c05c99b605bfc019c779207deb30f7b679ca5b43b2d60e8e82aec8d1,2,MineSim_正式交接配套包_20260919_R1.zip!sources/H18_历史交接与证据原包.zip!MineSim_正式交接包_20260918_停工版V1/evidence/E03/Coverage32_无正则拟合复核.zip!original/INPUT_VALIDATION.json,MineSim_正式交接配套包_20260919_R1.zip!sources/H18_历史交接与证据原包.zip!MineSim_正式交接包_20260918_停工版V1/evidence/E04/双车26维正则复核.zip!MineSim_dual32_regularized_review/original/INPUT_VALIDATION.json
MineSim_正式交接配套包_20260919_R1/sources/H18_历史交接与证据原包/MineSim_正式交接包_20260918_停工版V1/evidence/E03/Coverage32_无正则拟合复核/original/MANIFEST.json,18965,2a15f84011dc1468ca7af8f289b91219241ad214d6c15f76c9f59c00446a8d68,1,MineSim_正式交接配套包_20260919_R1.zip!sources/H18_历史交接与证据原包.zip!MineSim_正式交接包_20260918_停工版V1/evidence/E03/Coverage32_无正则拟合复核.zip!original/MANIFEST.json,
MineSim_正式交接配套包_20260919_R1/sources/H18_历史交接与证据原包/MineSim_正式交接包_20260918_停工版V1/evidence/E03/Coverage32_无正则拟合复核/original/METRICS.json,4498,3a0c1fcbdb178a7b8e8ca65eb52450ffa49eacd545bc8e60d638025344bca687,1,MineSim_正式交接配套包_20260919_R1.zip!sources/H18_历史交接与证据原包.zip!MineSim_正式交接包_20260918_停工版V1/evidence/E03/Coverage32_无正则拟合复核.zip!original/METRICS.json,
MineSim_正式交接配套包_20260919_R1/sources/H18_历史交接与证据原包/MineSim_正式交接包_20260918_停工版V1/evidence/E03/Coverage32_无正则拟合复核/original/RESULT.json,5578,bbb7a232640944d3fa6cd2e600c9a3a80856dba8cef19f2404160b0077338dff,1,MineSim_正式交接配套包_20260919_R1.zip!sources/H18_历史交接与证据原包.zip!MineSim_正式交接包_20260918_停工版V1/evidence/E03/Coverage32_无正则拟合复核.zip!original/RESULT.json,
MineSim_正式交接配套包_20260919_R1/sources/H18_历史交接与证据原包/MineSim_正式交接包_20260918_停工版V1/evidence/E03/Coverage32_无正则拟合复核/original/TIMING.json,132,d0314dbc459b3aa17b6af9319b616cb40b61c93330fb807dc325ac81f00c5fa4,1,MineSim_正式交接配套包_20260919_R1.zip!sources/H18_历史交接与证据原包.zip!MineSim_正式交接包_20260918_停工版V1/evidence/E03/Coverage32_无正则拟合复核.zip!original/TIMING.json,
MineSim_正式交接配套包_20260919_R1/sources/H18_历史交接与证据原包/MineSim_正式交接包_20260918_停工版V1/evidence/E03/Coverage32_无正则拟合复核/review_fit16.py,19939,27f496aad2038743379603c1b3744b94c731cd0cc83e8decc31d941d0fc315e7,1,MineSim_正式交接配套包_20260919_R1.zip!sources/H18_历史交接与证据原包.zip!MineSim_正式交接包_20260918_停工版V1/evidence/E03/Coverage32_无正则拟合复核.zip!review_fit16.py,
MineSim_正式交接配套包_20260919_R1/sources/H18_历史交接与证据原包/MineSim_正式交接包_20260918_停工版V1/evidence/E04/双车26维正则复核/MineSim_dual32_regularized_review/CURRENT_STATE.json,2188,4706079a76da1a7a0cba29c6c65e5855b7f364f1cffc72622854319425dd735f,1,MineSim_正式交接配套包_20260919_R1.zip!sources/H18_历史交接与证据原包.zip!MineSim_正式交接包_20260918_停工版V1/evidence/E04/双车26维正则复核.zip!MineSim_dual32_regularized_review/CURRENT_STATE.json,
MineSim_正式交接配套包_20260919_R1/sources/H18_历史交接与证据原包/MineSim_正式交接包_20260918_停工版V1/evidence/E04/双车26维正则复核/MineSim_dual32_regularized_review/DESCRIPTIVE_DIAGNOSTIC.json,19872,fe36474d833ca8632317a0ae4caced58477ecabad414e6250cbf04cf3c99f2f2,1,MineSim_正式交接配套包_20260919_R1.zip!sources/H18_历史交接与证据原包.zip!MineSim_正式交接包_20260918_停工版V1/evidence/E04/双车26维正则复核.zip!MineSim_dual32_regularized_review/DESCRIPTIVE_DIAGNOSTIC.json,
MineSim_正式交接配套包_20260919_R1/sources/H18_历史交接与证据原包/MineSim_正式交接包_20260918_停工版V1/evidence/E04/双车26维正则复核/MineSim_dual32_regularized_review/RECOMPUTED_METRICS.json,333,bb0244070a151f3a97686a3f09aaec63de4a23305a76d41929badb93bbe084bb,1,MineSim_正式交接配套包_20260919_R1.zip!sources/H18_历史交接与证据原包.zip!MineSim_正式交接包_20260918_停工版V1/evidence/E04/双车26维正则复核.zip!MineSim_dual32_regularized_review/RECOMPUTED_METRICS.json,
MineSim_正式交接配套包_20260919_R1/sources/H18_历史交接与证据原包/MineSim_正式交接包_20260918_停工版V1/evidence/E04/双车26维正则复核/MineSim_dual32_regularized_review/REVIEW.json,2169,88bfe4847a933bbef9818501fb8dc0f31dc7b3f58a2ba8cd9dcf0b8ab722cb15,1,MineSim_正式交接配套包_20260919_R1.zip!sources/H18_历史交接与证据原包.zip!MineSim_正式交接包_20260918_停工版V1/evidence/E04/双车26维正则复核.zip!MineSim_dual32_regularized_review/REVIEW.json,
MineSim_正式交接配套包_20260919_R1/sources/H18_历史交接与证据原包/MineSim_正式交接包_20260918_停工版V1/evidence/E04/双车26维正则复核/MineSim_dual32_regularized_review/REVIEW_PACKAGE_MANIFEST.json,16594,09eab673aaab84e1ff39fd6cd247e5959ea21bc2e9aabd93fa49e109fb8093cb,1,MineSim_正式交接配套包_20260919_R1.zip!sources/H18_历史交接与证据原包.zip!MineSim_正式交接包_20260918_停工版V1/evidence/E04/双车26维正则复核.zip!MineSim_dual32_regularized_review/REVIEW_PACKAGE_MANIFEST.json,
MineSim_正式交接配套包_20260919_R1/sources/H18_历史交接与证据原包/MineSim_正式交接包_20260918_停工版V1/evidence/E04/双车26维正则复核/MineSim_dual32_regularized_review/SUMMARY.md,3048,55cdd02c1058d11a8f553016ea8cfc23b746c86ced615c1cfc26ab1106975f3d,1,MineSim_正式交接配套包_20260919_R1.zip!sources/H18_历史交接与证据原包.zip!MineSim_正式交接包_20260918_停工版V1/evidence/E04/双车26维正则复核.zip!MineSim_dual32_regularized_review/SUMMARY.md,
MineSim_正式交接配套包_20260919_R1/sources/H18_历史交接与证据原包/MineSim_正式交接包_20260918_停工版V1/evidence/E04/双车26维正则复核/MineSim_dual32_regularized_review/audit_saved_results.py,14926,67f49e20a52a7691cf53264286315f7182307e9849dca46fff11ae88d2a078c0,1,MineSim_正式交接配套包_20260919_R1.zip!sources/H18_历史交接与证据原包.zip!MineSim_正式交接包_20260918_停工版V1/evidence/E04/双车26维正则复核.zip!MineSim_dual32_regularized_review/audit_saved_results.py,
MineSim_正式交接配套包_20260919_R1/sources/H18_历史交接与证据原包/MineSim_正式交接包_20260918_停工版V1/evidence/E04/双车26维正则复核/MineSim_dual32_regularized_review/original/CAPTURE.json,257,01750465d5a35eb2267d884a082c78dfef303338f04096235dd7d041dafa7ba7,1,MineSim_正式交接配套包_20260919_R1.zip!sources/H18_历史交接与证据原包.zip!MineSim_正式交接包_20260918_停工版V1/evidence/E04/双车26维正则复核.zip!MineSim_dual32_regularized_review/original/CAPTURE.json,
MineSim_正式交接配套包_20260919_R1/sources/H18_历史交接与证据原包/MineSim_正式交接包_20260918_停工版V1/evidence/E04/双车26维正则复核/MineSim_dual32_regularized_review/original/EXECUTION_PROTOCOL.json,3943,6d50a269277fea6e31beaa318983b01998b913a7c8bda2247c4a37b54ae4017b,1,MineSim_正式交接配套包_20260919_R1.zip!sources/H18_历史交接与证据原包.zip!MineSim_正式交接包_20260918_停工版V1/evidence/E04/双车26维正则复核.zip!MineSim_dual32_regularized_review/original/EXECUTION_PROTOCOL.json,
MineSim_正式交接配套包_20260919_R1/sources/H18_历史交接与证据原包/MineSim_正式交接包_20260918_停工版V1/evidence/E04/双车26维正则复核/MineSim_dual32_regularized_review/original/METRICS.json,5094,8bd9ebf2057fe200873bcd3e9bb4aee2f9e44a52f7de182c4f8a6a5957f3ecac,1,MineSim_正式交接配套包_20260919_R1.zip!sources/H18_历史交接与证据原包.zip!MineSim_正式交接包_20260918_停工版V1/evidence/E04/双车26维正则复核.zip!MineSim_dual32_regularized_review/original/METRICS.json,
MineSim_正式交接配套包_20260919_R1/sources/H18_历史交接与证据原包/MineSim_正式交接包_20260918_停工版V1/evidence/E04/双车26维正则复核/MineSim_dual32_regularized_review/original/PARENT_METRICS_REFERENCE.json,4640,354ce71c81a5f88e76ac38210f47be01952e623f9df4af2110b6add6fe68c04b,1,MineSim_正式交接配套包_20260919_R1.zip!sources/H18_历史交接与证据原包.zip!MineSim_正式交接包_20260918_停工版V1/evidence/E04/双车26维正则复核.zip!MineSim_dual32_regularized_review/original/PARENT_METRICS_REFERENCE.json,
MineSim_正式交接配套包_20260919_R1/sources/H18_历史交接与证据原包/MineSim_正式交接包_20260918_停工版V1/evidence/E04/双车26维正则复核/MineSim_dual32_regularized_review/original/POSTCHECK_PARENT.json,45,3642b2904930fcb3b8d212e9abf72ce1e69669e1d9f61d5cce9b77712920abb7,1,MineSim_正式交接配套包_20260919_R1.zip!sources/H18_历史交接与证据原包.zip!MineSim_正式交接包_20260918_停工版V1/evidence/E04/双车26维正则复核.zip!MineSim_dual32_regularized_review/original/POSTCHECK_PARENT.json,
MineSim_正式交接配套包_20260919_R1/sources/H18_历史交接与证据原包/MineSim_正式交接包_20260918_停工版V1/evidence/E04/双车26维正则复核/MineSim_dual32_regularized_review/original/RELEASE_BINDING.json,91,fb607bf5f56ad4c2144f04ba9abd994c2309384b2ba05d0088e2bf3cd1926f16,1,MineSim_正式交接配套包_20260919_R1.zip!sources/H18_历史交接与证据原包.zip!MineSim_正式交接包_20260918_停工版V1/evidence/E04/双车26维正则复核.zip!MineSim_dual32_regularized_review/original/RELEASE_BINDING.json,
MineSim_正式交接配套包_20260919_R1/sources/H18_历史交接与证据原包/MineSim_正式交接包_20260918_停工版V1/evidence/E04/双车26维正则复核/MineSim_dual32_regularized_review/original/RESULT.json,6245,4bb113b6d5ab878c7d434f242b33e212c2f1943d12406336303379b5b900371f,2,MineSim_正式交接配套包_20260919_R1.zip!sources/H18_历史交接与证据原包.zip!MineSim_正式交接包_20260918_停工版V1/evidence/E04/双车26维正则复核.zip!MineSim_dual32_regularized_review/original/RESULT.json,MineSim_正式交接配套包_20260919_R1.zip!sources/H18_历史交接与证据原包.zip!MineSim_正式交接包_20260918_停工版V1/evidence/E05/双车输入监督信号诊断.zip!MineSim_dual32_input_signal_diagnostic/inputs/ORIGINAL_FIT_RESULT.json
MineSim_正式交接配套包_20260919_R1/sources/H18_历史交接与证据原包/MineSim_正式交接包_20260918_停工版V1/evidence/E04/双车26维正则复核/MineSim_dual32_regularized_review/original/START.json,423,d314fcd7301b47dde9f2f4e6eeaec5690af60d73bfd9ffe86cada7341490b325,1,MineSim_正式交接配套包_20260919_R1.zip!sources/H18_历史交接与证据原包.zip!MineSim_正式交接包_20260918_停工版V1/evidence/E04/双车26维正则复核.zip!MineSim_dual32_regularized_review/original/START.json,
MineSim_正式交接配套包_20260919_R1/sources/H18_历史交接与证据原包/MineSim_正式交接包_20260918_停工版V1/evidence/E04/双车26维正则复核/MineSim_dual32_regularized_review/original/TIMING.json,135,1b0515cd0f7dc57ca6bf030c84256b2a5ddac1828cd23812d74eef57ffe347e3,1,MineSim_正式交接配套包_20260919_R1.zip!sources/H18_历史交接与证据原包.zip!MineSim_正式交接包_20260918_停工版V1/evidence/E04/双车26维正则复核.zip!MineSim_dual32_regularized_review/original/TIMING.json,
MineSim_正式交接配套包_20260919_R1/sources/H18_历史交接与证据原包/MineSim_正式交接包_20260918_停工版V1/evidence/E04/双车26维正则复核/MineSim_dual32_regularized_review/original/outer/fold00_mlp26_8_1_l2/OUTER_SELECTION_LOCK.json,184,d9eb8ae88dc9742c654d29a6d38058ea4680ed8a72c6610a65116de8215d6544,1,MineSim_正式交接配套包_20260919_R1.zip!sources/H18_历史交接与证据原包.zip!MineSim_正式交接包_20260918_停工版V1/evidence/E04/双车26维正则复核.zip!MineSim_dual32_regularized_review/original/outer/fold00_mlp26_8_1_l2/OUTER_SELECTION_LOCK.json,
MineSim_正式交接配套包_20260919_R1/sources/H18_历史交接与证据原包/MineSim_正式交接包_20260918_停工版V1/evidence/E04/双车26维正则复核/MineSim_dual32_regularized_review/original/outer/fold00_mlp26_8_1_l2/RESULT.json,8597,8d8cf5071b5b117b95444c1cbe0c0a772ada1186e7ed98a7bb5d81b9aa6817b6,1,MineSim_正式交接配套包_20260919_R1.zip!sources/H18_历史交接与证据原包.zip!MineSim_正式交接包_20260918_停工版V1/evidence/E04/双车26维正则复核.zip!MineSim_dual32_regularized_review/original/outer/fold00_mlp26_8_1_l2/RESULT.json,
MineSim_正式交接配套包_20260919_R1/sources/H18_历史交接与证据原包/MineSim_正式交接包_20260918_停工版V1/evidence/E04/双车26维正则复核/MineSim_dual32_regularized_review/original/outer/fold00_mlp26_8_1_l2/final/FIT_RESULT.json,5748,ef4f1e2e4a9c37ca992ea070b9e31aa1d9be291f4c76b9952755d16bf634495e,1,MineSim_正式交接配套包_20260919_R1.zip!sources/H18_历史交接与证据原包.zip!MineSim_正式交接包_20260918_停工版V1/evidence/E04/双车26维正则复核.zip!MineSim_dual32_regularized_review/original/outer/fold00_mlp26_8_1_l2/final/FIT_RESULT.json,
MineSim_正式交接配套包_20260919_R1/sources/H18_历史交接与证据原包/MineSim_正式交接包_20260918_停工版V1/evidence/E04/双车26维正则复核/MineSim_dual32_regularized_review/original/outer/fold00_mlp26_8_1_l2/final/MODEL.json,5645,0c16a516439f03e3d9612b4e38d041055a966cf9af390e2454c5ee7feeb9754c,1,MineSim_正式交接配套包_20260919_R1.zip!sources/H18_历史交接与证据原包.zip!MineSim_正式交接包_20260918_停工版V1/evidence/E04/双车26维正则复核.zip!MineSim_dual32_regularized_review/original/outer/fold00_mlp26_8_1_l2/final/MODEL.json,
MineSim_正式交接配套包_20260919_R1/sources/H18_历史交接与证据原包/MineSim_正式交接包_20260918_停工版V1/evidence/E04/双车26维正则复核/MineSim_dual32_regularized_review/original/outer/fold00_mlp26_8_1_l2/inner/SELECTION.json,6638,2ef90877da5f3fb0bcf0031fba170fcb0bad70221b0ee5e9b498de16f284b924,1,MineSim_正式交接配套包_20260919_R1.zip!sources/H18_历史交接与证据原包.zip!MineSim_正式交接包_20260918_停工版V1/evidence/E04/双车26维正则复核.zip!MineSim_dual32_regularized_review/original/outer/fold00_mlp26_8_1_l2/inner/SELECTION.json,
MineSim_正式交接配套包_20260919_R1/sources/H18_历史交接与证据原包/MineSim_正式交接包_20260918_停工版V1/evidence/E04/双车26维正则复核/MineSim_dual32_regularized_review/original/outer/fold00_ridge26/OUTER_SELECTION_LOCK.json,184,65900b88c2580ccb4ae50c61e3a812f9b266ad6310eeaacb5a01930dee08e090,1,MineSim_正式交接配套包_20260919_R1.zip!sources/H18_历史交接与证据原包.zip!MineSim_正式交接包_20260918_停工版V1/evidence/E04/双车26维正则复核.zip!MineSim_dual32_regularized_review/original/outer/fold00_ridge26/OUTER_SELECTION_LOCK.json,
MineSim_正式交接配套包_20260919_R1/sources/H18_历史交接与证据原包/MineSim_正式交接包_20260918_停工版V1/evidence/E04/双车26维正则复核/MineSim_dual32_regularized_review/original/outer/fold00_ridge26/RESULT.json,4712,7838d6f3a9901d7451a77432199361329f0f81f96c74ddc5b7cd880bd62db7a8,1,MineSim_正式交接配套包_20260919_R1.zip!sources/H18_历史交接与证据原包.zip!MineSim_正式交接包_20260918_停工版V1/evidence/E04/双车26维正则复核.zip!MineSim_dual32_regularized_review/original/outer/fold00_ridge26/RESULT.json,
MineSim_正式交接配套包_20260919_R1/sources/H18_历史交接与证据原包/MineSim_正式交接包_20260918_停工版V1/evidence/E04/双车26维正则复核/MineSim_dual32_regularized_review/original/outer/fold00_ridge26/final/FIT_RESULT.json,1858,f880504ab1f867c7e8c7b933b6130438fdf4a04926a2649c5f4a7fbbaab6d2da,1,MineSim_正式交接配套包_20260919_R1.zip!sources/H18_历史交接与证据原包.zip!MineSim_正式交接包_20260918_停工版V1/evidence/E04/双车26维正则复核.zip!MineSim_dual32_regularized_review/original/outer/fold00_ridge26/final/FIT_RESULT.json,
MineSim_正式交接配套包_20260919_R1/sources/H18_历史交接与证据原包/MineSim_正式交接包_20260918_停工版V1/evidence/E04/双车26维正则复核/MineSim_dual32_regularized_review/original/outer/fold00_ridge26/final/MODEL.json,1063,4f5e077535c2b7150a1b06464c41aafe0efc877cfee0d4dd791e1e0820ed748d,1,MineSim_正式交接配套包_20260919_R1.zip!sources/H18_历史交接与证据原包.zip!MineSim_正式交接包_20260918_停工版V1/evidence/E04/双车26维正则复核.zip!MineSim_dual32_regularized_review/original/outer/fold00_ridge26/final/MODEL.json,
MineSim_正式交接配套包_20260919_R1/sources/H18_历史交接与证据原包/MineSim_正式交接包_20260918_停工版V1/evidence/E04/双车26维正则复核/MineSim_dual32_regularized_review/original/outer/fold00_ridge26/inner/SELECTION.json,6537,c8d724a6832aa675d97f755a090820feaddbab8b32cf33ddaee40300adfd580e,1,MineSim_正式交接配套包_20260919_R1.zip!sources/H18_历史交接与证据原包.zip!MineSim_正式交接包_20260918_停工版V1/evidence/E04/双车26维正则复核.zip!MineSim_dual32_regularized_review/original/outer/fold00_ridge26/inner/SELECTION.json,
MineSim_正式交接配套包_20260919_R1/sources/H18_历史交接与证据原包/MineSim_正式交接包_20260918_停工版V1/evidence/E04/双车26维正则复核/MineSim_dual32_regularized_review/original/outer/fold01_mlp26_8_1_l2/OUTER_SELECTION_LOCK.json,184,8d57ff811d44f426dac89fd61b3408ea0f9a6740d53e56b12fce47ddb88da00c,1,MineSim_正式交接配套包_20260919_R1.zip!sources/H18_历史交接与证据原包.zip!MineSim_正式交接包_20260918_停工版V1/evidence/E04/双车26维正则复核.zip!MineSim_dual32_regularized_review/original/outer/fold01_mlp26_8_1_l2/OUTER_SELECTION_LOCK.json,
MineSim_正式交接配套包_20260919_R1/sources/H18_历史交接与证据原包/MineSim_正式交接包_20260918_停工版V1/evidence/E04/双车26维正则复核/MineSim_dual32_regularized_review/original/outer/fold01_mlp26_8_1_l2/RESULT.json,8567,729b44bff57dd9a2beeea13fc88511b666078c6dfc4a7cf54f0e1d21fb3764c6,1,MineSim_正式交接配套包_20260919_R1.zip!sources/H18_历史交接与证据原包.zip!MineSim_正式交接包_20260918_停工版V1/evidence/E04/双车26维正则复核.zip!MineSim_dual32_regularized_review/original/outer/fold01_mlp26_8_1_l2/RESULT.json,
MineSim_正式交接配套包_20260919_R1/sources/H18_历史交接与证据原包/MineSim_正式交接包_20260918_停工版V1/evidence/E04/双车26维正则复核/MineSim_dual32_regularized_review/original/outer/fold01_mlp26_8_1_l2/final/FIT_RESULT.json,5722,f9d860dc351a645d370fcf55c14251090a54fc23760cb333d1baca7c0f48a13b,1,MineSim_正式交接配套包_20260919_R1.zip!sources/H18_历史交接与证据原包.zip!MineSim_正式交接包_20260918_停工版V1/evidence/E04/双车26维正则复核.zip!MineSim_dual32_regularized_review/original/outer/fold01_mlp26_8_1_l2/final/FIT_RESULT.json,
MineSim_正式交接配套包_20260919_R1/sources/H18_历史交接与证据原包/MineSim_正式交接包_20260918_停工版V1/evidence/E04/双车26维正则复核/MineSim_dual32_regularized_review/original/outer/fold01_mlp26_8_1_l2/final/MODEL.json,5742,ffdd7b1217a9dbebac559e10817b6ad831cc60cbed9401cd32dff88023e8f6d6,1,MineSim_正式交接配套包_20260919_R1.zip!sources/H18_历史交接与证据原包.zip!MineSim_正式交接包_20260918_停工版V1/evidence/E04/双车26维正则复核.zip!MineSim_dual32_regularized_review/original/outer/fold01_mlp26_8_1_l2/final/MODEL.json,
MineSim_正式交接配套包_20260919_R1/sources/H18_历史交接与证据原包/MineSim_正式交接包_20260918_停工版V1/evidence/E04/双车26维正则复核/MineSim_dual32_regularized_review/original/outer/fold01_mlp26_8_1_l2/inner/SELECTION.json,6637,bc19aab38b6ecdcb6fbaa0329b9e5f573d2a32a188845c1d3430d4e39a60082d,1,MineSim_正式交接配套包_20260919_R1.zip!sources/H18_历史交接与证据原包.zip!MineSim_正式交接包_20260918_停工版V1/evidence/E04/双车26维正则复核.zip!MineSim_dual32_regularized_review/original/outer/fold01_mlp26_8_1_l2/inner/SELECTION.json,
MineSim_正式交接配套包_20260919_R1/sources/H18_历史交接与证据原包/MineSim_正式交接包_20260918_停工版V1/evidence/E04/双车26维正则复核/MineSim_dual32_regularized_review/original/outer/fold01_ridge26/OUTER_SELECTION_LOCK.json,184,845918d95a30e8228d37e301f1856a3ed86c36ce62436aad69194e2f1943cd17,1,MineSim_正式交接配套包_20260919_R1.zip!sources/H18_历史交接与证据原包.zip!MineSim_正式交接包_20260918_停工版V1/evidence/E04/双车26维正则复核.zip!MineSim_dual32_regularized_review/original/outer/fold01_ridge26/OUTER_SELECTION_LOCK.json,
MineSim_正式交接配套包_20260919_R1/sources/H18_历史交接与证据原包/MineSim_正式交接包_20260918_停工版V1/evidence/E04/双车26维正则复核/MineSim_dual32_regularized_review/original/outer/fold01_ridge26/RESULT.json,4705,021945f90ecf48e966ab556c65b9ca76145609298aee9b835ea2aff22a47a790,1,MineSim_正式交接配套包_20260919_R1.zip!sources/H18_历史交接与证据原包.zip!MineSim_正式交接包_20260918_停工版V1/evidence/E04/双车26维正则复核.zip!MineSim_dual32_regularized_review/original/outer/fold01_ridge26/RESULT.json,
MineSim_正式交接配套包_20260919_R1/sources/H18_历史交接与证据原包/MineSim_正式交接包_20260918_停工版V1/evidence/E04/双车26维正则复核/MineSim_dual32_regularized_review/original/outer/fold01_ridge26/final/FIT_RESULT.json,1855,d7a75a815d7a94b1943769526480a0e345e213884fff19b0343d1be90c2eb9bd,1,MineSim_正式交接配套包_20260919_R1.zip!sources/H18_历史交接与证据原包.zip!MineSim_正式交接包_20260918_停工版V1/evidence/E04/双车26维正则复核.zip!MineSim_dual32_regularized_review/original/outer/fold01_ridge26/final/FIT_RESULT.json,
MineSim_正式交接配套包_20260919_R1/sources/H18_历史交接与证据原包/MineSim_正式交接包_20260918_停工版V1/evidence/E04/双车26维正则复核/MineSim_dual32_regularized_review/original/outer/fold01_ridge26/final/MODEL.json,1067,b46dc9a035d2c391b97d8e6d446e32d96b99f3d652b329b3b9f1eb90600605c8,1,MineSim_正式交接配套包_20260919_R1.zip!sources/H18_历史交接与证据原包.zip!MineSim_正式交接包_20260918_停工版V1/evidence/E04/双车26维正则复核.zip!MineSim_dual32_regularized_review/original/outer/fold01_ridge26/final/MODEL.json,
MineSim_正式交接配套包_20260919_R1/sources/H18_历史交接与证据原包/MineSim_正式交接包_20260918_停工版V1/evidence/E04/双车26维正则复核/MineSim_dual32_regularized_review/original/outer/fold01_ridge26/inner/SELECTION.json,6527,ebb0f24b60f8729258b4130b3e39f1358a0a6f62dbdf0f6a41bdbcd2df673d09,1,MineSim_正式交接配套包_20260919_R1.zip!sources/H18_历史交接与证据原包.zip!MineSim_正式交接包_20260918_停工版V1/evidence/E04/双车26维正则复核.zip!MineSim_dual32_regularized_review/original/outer/fold01_ridge26/inner/SELECTION.json,
MineSim_正式交接配套包_20260919_R1/sources/H18_历史交接与证据原包/MineSim_正式交接包_20260918_停工版V1/evidence/E04/双车26维正则复核/MineSim_dual32_regularized_review/original/outer/fold02_mlp26_8_1_l2/OUTER_SELECTION_LOCK.json,184,d96907225c21b93d86b3a27eb1b459552b36a4f30baafe3db1a3d8cbb01a2f6a,1,MineSim_正式交接配套包_20260919_R1.zip!sources/H18_历史交接与证据原包.zip!MineSim_正式交接包_20260918_停工版V1/evidence/E04/双车26维正则复核.zip!MineSim_dual32_regularized_review/original/outer/fold02_mlp26_8_1_l2/OUTER_SELECTION_LOCK.json,
MineSim_正式交接配套包_20260919_R1/sources/H18_历史交接与证据原包/MineSim_正式交接包_20260918_停工版V1/evidence/E04/双车26维正则复核/MineSim_dual32_regularized_review/original/outer/fold02_mlp26_8_1_l2/RESULT.json,8511,42ca69b38b58b4caffb30c3705f1c226e9a9f8f689a7a575c49a3f9cd7604e5b,1,MineSim_正式交接配套包_20260919_R1.zip!sources/H18_历史交接与证据原包.zip!MineSim_正式交接包_20260918_停工版V1/evidence/E04/双车26维正则复核.zip!MineSim_dual32_regularized_review/original/outer/fold02_mlp26_8_1_l2/RESULT.json,
MineSim_正式交接配套包_20260919_R1/sources/H18_历史交接与证据原包/MineSim_正式交接包_20260918_停工版V1/evidence/E04/双车26维正则复核/MineSim_dual32_regularized_review/original/outer/fold02_mlp26_8_1_l2/final/FIT_RESULT.json,5708,e710278e59dbfdc742195941cb79e8a59ff551b2f56cc03b4bebb645c9daf21f,1,MineSim_正式交接配套包_20260919_R1.zip!sources/H18_历史交接与证据原包.zip!MineSim_正式交接包_20260918_停工版V1/evidence/E04/双车26维正则复核.zip!MineSim_dual32_regularized_review/original/outer/fold02_mlp26_8_1_l2/final/FIT_RESULT.json,
MineSim_正式交接配套包_20260919_R1/sources/H18_历史交接与证据原包/MineSim_正式交接包_20260918_停工版V1/evidence/E04/双车26维正则复核/MineSim_dual32_regularized_review/original/outer/fold02_mlp26_8_1_l2/final/MODEL.json,5733,c39f4fedc12820ca132693262aa396fa4914bb1d5ea205a93ed3654a2795b8da,1,MineSim_正式交接配套包_20260919_R1.zip!sources/H18_历史交接与证据原包.zip!MineSim_正式交接包_20260918_停工版V1/evidence/E04/双车26维正则复核.zip!MineSim_dual32_regularized_review/original/outer/fold02_mlp26_8_1_l2/final/MODEL.json,
MineSim_正式交接配套包_20260919_R1/sources/H18_历史交接与证据原包/MineSim_正式交接包_20260918_停工版V1/evidence/E04/双车26维正则复核/MineSim_dual32_regularized_review/original/outer/fold02_mlp26_8_1_l2/inner/SELECTION.json,6747,0fc9cfaf8709ef2e80db4c56d83be96644d77f14dea14bf2511999c48e606a73,1,MineSim_正式交接配套包_20260919_R1.zip!sources/H18_历史交接与证据原包.zip!MineSim_正式交接包_20260918_停工版V1/evidence/E04/双车26维正则复核.zip!MineSim_dual32_regularized_review/original/outer/fold02_mlp26_8_1_l2/inner/SELECTION.json,
MineSim_正式交接配套包_20260919_R1/sources/H18_历史交接与证据原包/MineSim_正式交接包_20260918_停工版V1/evidence/E04/双车26维正则复核/MineSim_dual32_regularized_review/original/outer/fold02_ridge26/OUTER_SELECTION_LOCK.json,184,dda7b6c6c2e5adbc646a99127fed564bb150547145804b243792987cb1a1fe40,1,MineSim_正式交接配套包_20260919_R1.zip!sources/H18_历史交接与证据原包.zip!MineSim_正式交接包_20260918_停工版V1/evidence/E04/双车26维正则复核.zip!MineSim_dual32_regularized_review/original/outer/fold02_ridge26/OUTER_SELECTION_LOCK.json,
MineSim_正式交接配套包_20260919_R1/sources/H18_历史交接与证据原包/MineSim_正式交接包_20260918_停工版V1/evidence/E04/双车26维正则复核/MineSim_dual32_regularized_review/original/outer/fold02_ridge26/RESULT.json,4667,f0dd9e329c443b8c618a567973a7a99c4cde9a1ee25f2d66d2a339ab636f9749,1,MineSim_正式交接配套包_20260919_R1.zip!sources/H18_历史交接与证据原包.zip!MineSim_正式交接包_20260918_停工版V1/evidence/E04/双车26维正则复核.zip!MineSim_dual32_regularized_review/original/outer/fold02_ridge26/RESULT.json,
MineSim_正式交接配套包_20260919_R1/sources/H18_历史交接与证据原包/MineSim_正式交接包_20260918_停工版V1/evidence/E04/双车26维正则复核/MineSim_dual32_regularized_review/original/outer/fold02_ridge26/final/FIT_RESULT.json,1859,9f117347c69c9bdda971c9320b77dcce6c740c6d0bb491bd74598d07cbb25d78,1,MineSim_正式交接配套包_20260919_R1.zip!sources/H18_历史交接与证据原包.zip!MineSim_正式交接包_20260918_停工版V1/evidence/E04/双车26维正则复核.zip!MineSim_dual32_regularized_review/original/outer/fold02_ridge26/final/FIT_RESULT.json,
MineSim_正式交接配套包_20260919_R1/sources/H18_历史交接与证据原包/MineSim_正式交接包_20260918_停工版V1/evidence/E04/双车26维正则复核/MineSim_dual32_regularized_review/original/outer/fold02_ridge26/final/MODEL.json,1046,22c2fb312bcd24c8465ed09c2d230bf31240235831434eacd581565a7507236b,1,MineSim_正式交接配套包_20260919_R1.zip!sources/H18_历史交接与证据原包.zip!MineSim_正式交接包_20260918_停工版V1/evidence/E04/双车26维正则复核.zip!MineSim_dual32_regularized_review/original/outer/fold02_ridge26/final/MODEL.json,
MineSim_正式交接配套包_20260919_R1/sources/H18_历史交接与证据原包/MineSim_正式交接包_20260918_停工版V1/evidence/E04/双车26维正则复核/MineSim_dual32_regularized_review/original/outer/fold02_ridge26/inner/SELECTION.json,6638,6de6f77726a2e8155419b1cd0c85bbe443bdc40e3db55cb3110f7ed286fead4d,1,MineSim_正式交接配套包_20260919_R1.zip!sources/H18_历史交接与证据原包.zip!MineSim_正式交接包_20260918_停工版V1/evidence/E04/双车26维正则复核.zip!MineSim_dual32_regularized_review/original/outer/fold02_ridge26/inner/SELECTION.json,
MineSim_正式交接配套包_20260919_R1/sources/H18_历史交接与证据原包/MineSim_正式交接包_20260918_停工版V1/evidence/E04/双车26维正则复核/MineSim_dual32_regularized_review/original/outer/fold03_mlp26_8_1_l2/OUTER_SELECTION_LOCK.json,184,6be729bef91e0e24a191a61b72174dfa14a2545a94dccc99ddf3608c10cb11fc,1,MineSim_正式交接配套包_20260919_R1.zip!sources/H18_历史交接与证据原包.zip!MineSim_正式交接包_20260918_停工版V1/evidence/E04/双车26维正则复核.zip!MineSim_dual32_regularized_review/original/outer/fold03_mlp26_8_1_l2/OUTER_SELECTION_LOCK.json,
MineSim_正式交接配套包_20260919_R1/sources/H18_历史交接与证据原包/MineSim_正式交接包_20260918_停工版V1/evidence/E04/双车26维正则复核/MineSim_dual32_regularized_review/original/outer/fold03_mlp26_8_1_l2/RESULT.json,8528,b9326dfe5cc27217b8e50b71c49e2d0f8aeab710957d747aab9b274dbc6ddade,1,MineSim_正式交接配套包_20260919_R1.zip!sources/H18_历史交接与证据原包.zip!MineSim_正式交接包_20260918_停工版V1/evidence/E04/双车26维正则复核.zip!MineSim_dual32_regularized_review/original/outer/fold03_mlp26_8_1_l2/RESULT.json,
MineSim_正式交接配套包_20260919_R1/sources/H18_历史交接与证据原包/MineSim_正式交接包_20260918_停工版V1/evidence/E04/双车26维正则复核/MineSim_dual32_regularized_review/original/outer/fold03_mlp26_8_1_l2/final/FIT_RESULT.json,5721,52bb7a6c563d014e23f86eefc1b0b2465d9174b757d1d22e1ad456280d1f982a,1,MineSim_正式交接配套包_20260919_R1.zip!sources/H18_历史交接与证据原包.zip!MineSim_正式交接包_20260918_停工版V1/evidence/E04/双车26维正则复核.zip!MineSim_dual32_regularized_review/original/outer/fold03_mlp26_8_1_l2/final/FIT_RESULT.json,
MineSim_正式交接配套包_20260919_R1/sources/H18_历史交接与证据原包/MineSim_正式交接包_20260918_停工版V1/evidence/E04/双车26维正则复核/MineSim_dual32_regularized_review/original/outer/fold03_mlp26_8_1_l2/final/MODEL.json,5760,6409926b6674e9d059da985e4154b081e66d6f400b9e67c6233da07c8212580d,1,MineSim_正式交接配套包_20260919_R1.zip!sources/H18_历史交接与证据原包.zip!MineSim_正式交接包_20260918_停工版V1/evidence/E04/双车26维正则复核.zip!MineSim_dual32_regularized_review/original/outer/fold03_mlp26_8_1_l2/final/MODEL.json,
MineSim_正式交接配套包_20260919_R1/sources/H18_历史交接与证据原包/MineSim_正式交接包_20260918_停工版V1/evidence/E04/双车26维正则复核/MineSim_dual32_regularized_review/original/outer/fold03_mlp26_8_1_l2/inner/SELECTION.json,6742,620a0f7137c2183bb1c1087f1d4b153525243f3a2ddd235387a8b3e00631c0df,1,MineSim_正式交接配套包_20260919_R1.zip!sources/H18_历史交接与证据原包.zip!MineSim_正式交接包_20260918_停工版V1/evidence/E04/双车26维正则复核.zip!MineSim_dual32_regularized_review/original/outer/fold03_mlp26_8_1_l2/inner/SELECTION.json,
MineSim_正式交接配套包_20260919_R1/sources/H18_历史交接与证据原包/MineSim_正式交接包_20260918_停工版V1/evidence/E04/双车26维正则复核/MineSim_dual32_regularized_review/original/outer/fold03_ridge26/OUTER_SELECTION_LOCK.json,184,493600eb43df7dab3ca8f29da164489a0a81ce9e5cfe044f8e0e08bf5dda3cc8,1,MineSim_正式交接配套包_20260919_R1.zip!sources/H18_历史交接与证据原包.zip!MineSim_正式交接包_20260918_停工版V1/evidence/E04/双车26维正则复核.zip!MineSim_dual32_regularized_review/original/outer/fold03_ridge26/OUTER_SELECTION_LOCK.json,
MineSim_正式交接配套包_20260919_R1/sources/H18_历史交接与证据原包/MineSim_正式交接包_20260918_停工版V1/evidence/E04/双车26维正则复核/MineSim_dual32_regularized_review/original/outer/fold03_ridge26/RESULT.json,4646,90ed49a831b850fb4aa8570f69885e5356d799861582d3b8912cc43bfcbc17fc,1,MineSim_正式交接配套包_20260919_R1.zip!sources/H18_历史交接与证据原包.zip!MineSim_正式交接包_20260918_停工版V1/evidence/E04/双车26维正则复核.zip!MineSim_dual32_regularized_review/original/outer/fold03_ridge26/RESULT.json,
MineSim_正式交接配套包_20260919_R1/sources/H18_历史交接与证据原包/MineSim_正式交接包_20260918_停工版V1/evidence/E04/双车26维正则复核/MineSim_dual32_regularized_review/original/outer/fold03_ridge26/final/FIT_RESULT.json,1848,4b6780bca898a6982ff0a22c1815848a77cccc609f4f8f68d071ddff184f2bd6,1,MineSim_正式交接配套包_20260919_R1.zip!sources/H18_历史交接与证据原包.zip!MineSim_正式交接包_20260918_停工版V1/evidence/E04/双车26维正则复核.zip!MineSim_dual32_regularized_review/original/outer/fold03_ridge26/final/FIT_RESULT.json,
MineSim_正式交接配套包_20260919_R1/sources/H18_历史交接与证据原包/MineSim_正式交接包_20260918_停工版V1/evidence/E04/双车26维正则复核/MineSim_dual32_regularized_review/original/outer/fold03_ridge26/final/MODEL.json,1066,6e44123200aebd809dec5c32372ad6fa660ebf5ec46b317a3cf8a608ad91584d,1,MineSim_正式交接配套包_20260919_R1.zip!sources/H18_历史交接与证据原包.zip!MineSim_正式交接包_20260918_停工版V1/evidence/E04/双车26维正则复核.zip!MineSim_dual32_regularized_review/original/outer/fold03_ridge26/final/MODEL.json,
MineSim_正式交接配套包_20260919_R1/sources/H18_历史交接与证据原包/MineSim_正式交接包_20260918_停工版V1/evidence/E04/双车26维正则复核/MineSim_dual32_regularized_review/original/outer/fold03_ridge26/inner/SELECTION.json,6638,27dc7c8d4e4b9bde208350c31a46137cd3baf67b524bdac66cdc88f97e7b91ed,1,MineSim_正式交接配套包_20260919_R1.zip!sources/H18_历史交接与证据原包.zip!MineSim_正式交接包_20260918_停工版V1/evidence/E04/双车26维正则复核.zip!MineSim_dual32_regularized_review/original/outer/fold03_ridge26/inner/SELECTION.json,
MineSim_正式交接配套包_20260919_R1/sources/H18_历史交接与证据原包/MineSim_正式交接包_20260918_停工版V1/evidence/E04/双车26维正则复核/MineSim_dual32_regularized_review/original/outer/fold04_mlp26_8_1_l2/OUTER_SELECTION_LOCK.json,184,e68e0479e62258ab6d75779f0a843f1c28f2bad5ae1ab97052f5cbdb9c3402c8,1,MineSim_正式交接配套包_20260919_R1.zip!sources/H18_历史交接与证据原包.zip!MineSim_正式交接包_20260918_停工版V1/evidence/E04/双车26维正则复核.zip!MineSim_dual32_regularized_review/original/outer/fold04_mlp26_8_1_l2/OUTER_SELECTION_LOCK.json,
MineSim_正式交接配套包_20260919_R1/sources/H18_历史交接与证据原包/MineSim_正式交接包_20260918_停工版V1/evidence/E04/双车26维正则复核/MineSim_dual32_regularized_review/original/outer/fold04_mlp26_8_1_l2/RESULT.json,8606,ec4da6e376d236f98c277f73c9ecc02458aa74f9a336a76dde498bd6e956de2c,1,MineSim_正式交接配套包_20260919_R1.zip!sources/H18_历史交接与证据原包.zip!MineSim_正式交接包_20260918_停工版V1/evidence/E04/双车26维正则复核.zip!MineSim_dual32_regularized_review/original/outer/fold04_mlp26_8_1_l2/RESULT.json,
MineSim_正式交接配套包_20260919_R1/sources/H18_历史交接与证据原包/MineSim_正式交接包_20260918_停工版V1/evidence/E04/双车26维正则复核/MineSim_dual32_regularized_review/original/outer/fold04_mlp26_8_1_l2/final/FIT_RESULT.json,5746,d16ddbcdde4fe641f2236d4558940775a2a91235a97b6616580c8276035f61ff,1,MineSim_正式交接配套包_20260919_R1.zip!sources/H18_历史交接与证据原包.zip!MineSim_正式交接包_20260918_停工版V1/evidence/E04/双车26维正则复核.zip!MineSim_dual32_regularized_review/original/outer/fold04_mlp26_8_1_l2/final/FIT_RESULT.json,
MineSim_正式交接配套包_20260919_R1/sources/H18_历史交接与证据原包/MineSim_正式交接包_20260918_停工版V1/evidence/E04/双车26维正则复核/MineSim_dual32_regularized_review/original/outer/fold04_mlp26_8_1_l2/final/MODEL.json,5699,e9fff86816f2c3ee26df52265487cc87a4a49fa4df32efb046b4af5cf3669668,1,MineSim_正式交接配套包_20260919_R1.zip!sources/H18_历史交接与证据原包.zip!MineSim_正式交接包_20260918_停工版V1/evidence/E04/双车26维正则复核.zip!MineSim_dual32_regularized_review/original/outer/fold04_mlp26_8_1_l2/final/MODEL.json,
MineSim_正式交接配套包_20260919_R1/sources/H18_历史交接与证据原包/MineSim_正式交接包_20260918_停工版V1/evidence/E04/双车26维正则复核/MineSim_dual32_regularized_review/original/outer/fold04_mlp26_8_1_l2/inner/SELECTION.json,6638,83b27f045622966c0c064e3ed701411134c679a67a034b3203d99a2e6948271c,1,MineSim_正式交接配套包_20260919_R1.zip!sources/H18_历史交接与证据原包.zip!MineSim_正式交接包_20260918_停工版V1/evidence/E04/双车26维正则复核.zip!MineSim_dual32_regularized_review/original/outer/fold04_mlp26_8_1_l2/inner/SELECTION.json,
MineSim_正式交接配套包_20260919_R1/sources/H18_历史交接与证据原包/MineSim_正式交接包_20260918_停工版V1/evidence/E04/双车26维正则复核/MineSim_dual32_regularized_review/original/outer/fold04_ridge26/OUTER_SELECTION_LOCK.json,184,a0521a855c153967761a09fc7baca2e69d1ad6326721c29d45fb6d00f51abd0c,1,MineSim_正式交接配套包_20260919_R1.zip!sources/H18_历史交接与证据原包.zip!MineSim_正式交接包_20260918_停工版V1/evidence/E04/双车26维正则复核.zip!MineSim_dual32_regularized_review/original/outer/fold04_ridge26/OUTER_SELECTION_LOCK.json,
MineSim_正式交接配套包_20260919_R1/sources/H18_历史交接与证据原包/MineSim_正式交接包_20260918_停工版V1/evidence/E04/双车26维正则复核/MineSim_dual32_regularized_review/original/outer/fold04_ridge26/RESULT.json,4722,b1a6656a0855cae7e647a94bcd3740fd77080146b94447d910a7002a872618bb,1,MineSim_正式交接配套包_20260919_R1.zip!sources/H18_历史交接与证据原包.zip!MineSim_正式交接包_20260918_停工版V1/evidence/E04/双车26维正则复核.zip!MineSim_dual32_regularized_review/original/outer/fold04_ridge26/RESULT.json,
MineSim_正式交接配套包_20260919_R1/sources/H18_历史交接与证据原包/MineSim_正式交接包_20260918_停工版V1/evidence/E04/双车26维正则复核/MineSim_dual32_regularized_review/original/outer/fold04_ridge26/final/FIT_RESULT.json,1860,de21862f33a76bcc4e61e3a64be5c262c0dc882b817934f353f6d956f5e25255,1,MineSim_正式交接配套包_20260919_R1.zip!sources/H18_历史交接与证据原包.zip!MineSim_正式交接包_20260918_停工版V1/evidence/E04/双车26维正则复核.zip!MineSim_dual32_regularized_review/original/outer/fold04_ridge26/final/FIT_RESULT.json,
MineSim_正式交接配套包_20260919_R1/sources/H18_历史交接与证据原包/MineSim_正式交接包_20260918_停工版V1/evidence/E04/双车26维正则复核/MineSim_dual32_regularized_review/original/outer/fold04_ridge26/final/MODEL.json,1064,362438be05c807835ec84cb388cb44314982fe237eb87e688e6a26b59aa0539e,1,MineSim_正式交接配套包_20260919_R1.zip!sources/H18_历史交接与证据原包.zip!MineSim_正式交接包_20260918_停工版V1/evidence/E04/双车26维正则复核.zip!MineSim_dual32_regularized_review/original/outer/fold04_ridge26/final/MODEL.json,
MineSim_正式交接配套包_20260919_R1/sources/H18_历史交接与证据原包/MineSim_正式交接包_20260918_停工版V1/evidence/E04/双车26维正则复核/MineSim_dual32_regularized_review/original/outer/fold04_ridge26/inner/SELECTION.json,6533,e26150cb9bc9e0df7e2476fc79a2f315319ebfe350ff3753d9241194721d2f63,1,MineSim_正式交接配套包_20260919_R1.zip!sources/H18_历史交接与证据原包.zip!MineSim_正式交接包_20260918_停工版V1/evidence/E04/双车26维正则复核.zip!MineSim_dual32_regularized_review/original/outer/fold04_ridge26/inner/SELECTION.json,
MineSim_正式交接配套包_20260919_R1/sources/H18_历史交接与证据原包/MineSim_正式交接包_20260918_停工版V1/evidence/E04/双车26维正则复核/MineSim_dual32_regularized_review/original/outer/fold05_mlp26_8_1_l2/OUTER_SELECTION_LOCK.json,184,9b9f3ec0dd6d9d53696a691fb3abaab29844763923fb470433a9f49c50b52bfd,1,MineSim_正式交接配套包_20260919_R1.zip!sources/H18_历史交接与证据原包.zip!MineSim_正式交接包_20260918_停工版V1/evidence/E04/双车26维正则复核.zip!MineSim_dual32_regularized_review/original/outer/fold05_mlp26_8_1_l2/OUTER_SELECTION_LOCK.json,
MineSim_正式交接配套包_20260919_R1/sources/H18_历史交接与证据原包/MineSim_正式交接包_20260918_停工版V1/evidence/E04/双车26维正则复核/MineSim_dual32_regularized_review/original/outer/fold05_mlp26_8_1_l2/RESULT.json,8596,b2ae9edf7c8151d3cf02417076947a5674bf82478508de028bc8a1e426c63d0b,1,MineSim_正式交接配套包_20260919_R1.zip!sources/H18_历史交接与证据原包.zip!MineSim_正式交接包_20260918_停工版V1/evidence/E04/双车26维正则复核.zip!MineSim_dual32_regularized_review/original/outer/fold05_mlp26_8_1_l2/RESULT.json,
MineSim_正式交接配套包_20260919_R1/sources/H18_历史交接与证据原包/MineSim_正式交接包_20260918_停工版V1/evidence/E04/双车26维正则复核/MineSim_dual32_regularized_review/original/outer/fold05_mlp26_8_1_l2/final/FIT_RESULT.json,5740,1fa1a89f30640e9c60939611c39cdf2d8ce69f81158fb3bbbfbdb4ea7bb4ea58,1,MineSim_正式交接配套包_20260919_R1.zip!sources/H18_历史交接与证据原包.zip!MineSim_正式交接包_20260918_停工版V1/evidence/E04/双车26维正则复核.zip!MineSim_dual32_regularized_review/original/outer/fold05_mlp26_8_1_l2/final/FIT_RESULT.json,
MineSim_正式交接配套包_20260919_R1/sources/H18_历史交接与证据原包/MineSim_正式交接包_20260918_停工版V1/evidence/E04/双车26维正则复核/MineSim_dual32_regularized_review/original/outer/fold05_mlp26_8_1_l2/final/MODEL.json,5659,88e44c1376127c9907e3ef16d4e23f29180f2612c1fef407e0a37a83b0e7d793,1,MineSim_正式交接配套包_20260919_R1.zip!sources/H18_历史交接与证据原包.zip!MineSim_正式交接包_20260918_停工版V1/evidence/E04/双车26维正则复核.zip!MineSim_dual32_regularized_review/original/outer/fold05_mlp26_8_1_l2/final/MODEL.json,
MineSim_正式交接配套包_20260919_R1/sources/H18_历史交接与证据原包/MineSim_正式交接包_20260918_停工版V1/evidence/E04/双车26维正则复核/MineSim_dual32_regularized_review/original/outer/fold05_mlp26_8_1_l2/inner/SELECTION.json,6640,5275e211b777fcc8664129cb81571caa146e043a228dd0729868e994cf1dd069,1,MineSim_正式交接配套包_20260919_R1.zip!sources/H18_历史交接与证据原包.zip!MineSim_正式交接包_20260918_停工版V1/evidence/E04/双车26维正则复核.zip!MineSim_dual32_regularized_review/original/outer/fold05_mlp26_8_1_l2/inner/SELECTION.json,
MineSim_正式交接配套包_20260919_R1/sources/H18_历史交接与证据原包/MineSim_正式交接包_20260918_停工版V1/evidence/E04/双车26维正则复核/MineSim_dual32_regularized_review/original/outer/fold05_ridge26/OUTER_SELECTION_LOCK.json,184,16f202dc796a882c0ae59af30218ce92d0360a412422acd30c2d422b3c26ef93,1,MineSim_正式交接配套包_20260919_R1.zip!sources/H18_历史交接与证据原包.zip!MineSim_正式交接包_20260918_停工版V1/evidence/E04/双车26维正则复核.zip!MineSim_dual32_regularized_review/original/outer/fold05_ridge26/OUTER_SELECTION_LOCK.json,
MineSim_正式交接配套包_20260919_R1/sources/H18_历史交接与证据原包/MineSim_正式交接包_20260918_停工版V1/evidence/E04/双车26维正则复核/MineSim_dual32_regularized_review/original/outer/fold05_ridge26/RESULT.json,4719,339bd5ac5d7f4033d1ef8ade9005c9e7ac02cc83f6a42df2106220948a177a32,1,MineSim_正式交接配套包_20260919_R1.zip!sources/H18_历史交接与证据原包.zip!MineSim_正式交接包_20260918_停工版V1/evidence/E04/双车26维正则复核.zip!MineSim_dual32_regularized_review/original/outer/fold05_ridge26/RESULT.json,
MineSim_正式交接配套包_20260919_R1/sources/H18_历史交接与证据原包/MineSim_正式交接包_20260918_停工版V1/evidence/E04/双车26维正则复核/MineSim_dual32_regularized_review/original/outer/fold05_ridge26/final/FIT_RESULT.json,1857,f9315e0e168a2352fa8585cae122d85e93b00191c9d6d667ae4c3262681c9b6c,1,MineSim_正式交接配套包_20260919_R1.zip!sources/H18_历史交接与证据原包.zip!MineSim_正式交接包_20260918_停工版V1/evidence/E04/双车26维正则复核.zip!MineSim_dual32_regularized_review/original/outer/fold05_ridge26/final/FIT_RESULT.json,
MineSim_正式交接配套包_20260919_R1/sources/H18_历史交接与证据原包/MineSim_正式交接包_20260918_停工版V1/evidence/E04/双车26维正则复核/MineSim_dual32_regularized_review/original/outer/fold05_ridge26/final/MODEL.json,1064,f57bb30c9f69a0b46aa9abe81bb56bc7a8cdccd78ca76dd76087cf364ee6702c,1,MineSim_正式交接配套包_20260919_R1.zip!sources/H18_历史交接与证据原包.zip!MineSim_正式交接包_20260918_停工版V1/evidence/E04/双车26维正则复核.zip!MineSim_dual32_regularized_review/original/outer/fold05_ridge26/final/MODEL.json,
MineSim_正式交接配套包_20260919_R1/sources/H18_历史交接与证据原包/MineSim_正式交接包_20260918_停工版V1/evidence/E04/双车26维正则复核/MineSim_dual32_regularized_review/original/outer/fold05_ridge26/inner/SELECTION.json,6531,52bcc1bf602e1bbb4ba52788e173453f54dc714fd0c5c41ca35d90f72b05efc0,1,MineSim_正式交接配套包_20260919_R1.zip!sources/H18_历史交接与证据原包.zip!MineSim_正式交接包_20260918_停工版V1/evidence/E04/双车26维正则复核.zip!MineSim_dual32_regularized_review/original/outer/fold05_ridge26/inner/SELECTION.json,
MineSim_正式交接配套包_20260919_R1/sources/H18_历史交接与证据原包/MineSim_正式交接包_20260918_停工版V1/evidence/E04/双车26维正则复核/MineSim_dual32_regularized_review/original/outer/fold06_mlp26_8_1_l2/OUTER_SELECTION_LOCK.json,184,e8c67b299e54cb95c33938d1f0714c8600c163a9c0407bb7c7b61fecb317f88b,1,MineSim_正式交接配套包_20260919_R1.zip!sources/H18_历史交接与证据原包.zip!MineSim_正式交接包_20260918_停工版V1/evidence/E04/双车26维正则复核.zip!MineSim_dual32_regularized_review/original/outer/fold06_mlp26_8_1_l2/OUTER_SELECTION_LOCK.json,
MineSim_正式交接配套包_20260919_R1/sources/H18_历史交接与证据原包/MineSim_正式交接包_20260918_停工版V1/evidence/E04/双车26维正则复核/MineSim_dual32_regularized_review/original/outer/fold06_mlp26_8_1_l2/RESULT.json,8521,6d0d53c637e65b902215e153020cbc0014f47ebb4f7b429bf34d18b4d1c95a66,1,MineSim_正式交接配套包_20260919_R1.zip!sources/H18_历史交接与证据原包.zip!MineSim_正式交接包_20260918_停工版V1/evidence/E04/双车26维正则复核.zip!MineSim_dual32_regularized_review/original/outer/fold06_mlp26_8_1_l2/RESULT.json,
MineSim_正式交接配套包_20260919_R1/sources/H18_历史交接与证据原包/MineSim_正式交接包_20260918_停工版V1/evidence/E04/双车26维正则复核/MineSim_dual32_regularized_review/original/outer/fold06_mlp26_8_1_l2/final/FIT_RESULT.json,5718,632027ac4af629fec7d5a9d2f3a87a5c2958998653476337010f4f87fafd386a,1,MineSim_正式交接配套包_20260919_R1.zip!sources/H18_历史交接与证据原包.zip!MineSim_正式交接包_20260918_停工版V1/evidence/E04/双车26维正则复核.zip!MineSim_dual32_regularized_review/original/outer/fold06_mlp26_8_1_l2/final/FIT_RESULT.json,
MineSim_正式交接配套包_20260919_R1/sources/H18_历史交接与证据原包/MineSim_正式交接包_20260918_停工版V1/evidence/E04/双车26维正则复核/MineSim_dual32_regularized_review/original/outer/fold06_mlp26_8_1_l2/final/MODEL.json,5758,bf16e428aebe6fd1f4198dd6e99189a975f04d757c625c824561e133dec75501,1,MineSim_正式交接配套包_20260919_R1.zip!sources/H18_历史交接与证据原包.zip!MineSim_正式交接包_20260918_停工版V1/evidence/E04/双车26维正则复核.zip!MineSim_dual32_regularized_review/original/outer/fold06_mlp26_8_1_l2/final/MODEL.json,
MineSim_正式交接配套包_20260919_R1/sources/H18_历史交接与证据原包/MineSim_正式交接包_20260918_停工版V1/evidence/E04/双车26维正则复核/MineSim_dual32_regularized_review/original/outer/fold06_mlp26_8_1_l2/inner/SELECTION.json,6743,1e84b732f49c1994aad216c97b2eaa1abf179f8d713a35ad7d7736011161fe30,1,MineSim_正式交接配套包_20260919_R1.zip!sources/H18_历史交接与证据原包.zip!MineSim_正式交接包_20260918_停工版V1/evidence/E04/双车26维正则复核.zip!MineSim_dual32_regularized_review/original/outer/fold06_mlp26_8_1_l2/inner/SELECTION.json,
MineSim_正式交接配套包_20260919_R1/sources/H18_历史交接与证据原包/MineSim_正式交接包_20260918_停工版V1/evidence/E04/双车26维正则复核/MineSim_dual32_regularized_review/original/outer/fold06_ridge26/OUTER_SELECTION_LOCK.json,184,d2e0071e63d0fdd0b041386b5cfceeb515aa408b03151cf7f1b0d71cbc08c709,1,MineSim_正式交接配套包_20260919_R1.zip!sources/H18_历史交接与证据原包.zip!MineSim_正式交接包_20260918_停工版V1/evidence/E04/双车26维正则复核.zip!MineSim_dual32_regularized_review/original/outer/fold06_ridge26/OUTER_SELECTION_LOCK.json,
MineSim_正式交接配套包_20260919_R1/sources/H18_历史交接与证据原包/MineSim_正式交接包_20260918_停工版V1/evidence/E04/双车26维正则复核/MineSim_dual32_regularized_review/original/outer/fold06_ridge26/RESULT.json,4658,e688f5f425e592af20dc32b987e4cff26c13b33515b161f23f6bbe8dffd32b7b,1,MineSim_正式交接配套包_20260919_R1.zip!sources/H18_历史交接与证据原包.zip!MineSim_正式交接包_20260918_停工版V1/evidence/E04/双车26维正则复核.zip!MineSim_dual32_regularized_review/original/outer/fold06_ridge26/RESULT.json,
MineSim_正式交接配套包_20260919_R1/sources/H18_历史交接与证据原包/MineSim_正式交接包_20260918_停工版V1/evidence/E04/双车26维正则复核/MineSim_dual32_regularized_review/original/outer/fold06_ridge26/final/FIT_RESULT.json,1856,ea414b2be15e28eb5d778704b1dd90ac02f8314d6384a9174df8b511b59b08fd,1,MineSim_正式交接配套包_20260919_R1.zip!sources/H18_历史交接与证据原包.zip!MineSim_正式交接包_20260918_停工版V1/evidence/E04/双车26维正则复核.zip!MineSim_dual32_regularized_review/original/outer/fold06_ridge26/final/FIT_RESULT.json,
MineSim_正式交接配套包_20260919_R1/sources/H18_历史交接与证据原包/MineSim_正式交接包_20260918_停工版V1/evidence/E04/双车26维正则复核/MineSim_dual32_regularized_review/original/outer/fold06_ridge26/final/MODEL.json,1060,1ff18c8a564e215345b86ed2b6b7d0da5c802c3a07c2583f9832d1cfa22dc19a,1,MineSim_正式交接配套包_20260919_R1.zip!sources/H18_历史交接与证据原包.zip!MineSim_正式交接包_20260918_停工版V1/evidence/E04/双车26维正则复核.zip!MineSim_dual32_regularized_review/original/outer/fold06_ridge26/final/MODEL.json,
MineSim_正式交接配套包_20260919_R1/sources/H18_历史交接与证据原包/MineSim_正式交接包_20260918_停工版V1/evidence/E04/双车26维正则复核/MineSim_dual32_regularized_review/original/outer/fold06_ridge26/inner/SELECTION.json,6644,21d1acd1b2c64cb0f442e3d5304282db42585d736fc758dc2e9204e2465a848e,1,MineSim_正式交接配套包_20260919_R1.zip!sources/H18_历史交接与证据原包.zip!MineSim_正式交接包_20260918_停工版V1/evidence/E04/双车26维正则复核.zip!MineSim_dual32_regularized_review/original/outer/fold06_ridge26/inner/SELECTION.json,
MineSim_正式交接配套包_20260919_R1/sources/H18_历史交接与证据原包/MineSim_正式交接包_20260918_停工版V1/evidence/E04/双车26维正则复核/MineSim_dual32_regularized_review/original/outer/fold07_mlp26_8_1_l2/OUTER_SELECTION_LOCK.json,184,c04f47a973755afbc6a10e7fd8476047aa873f3e17d79452082cc45000586e9a,1,MineSim_正式交接配套包_20260919_R1.zip!sources/H18_历史交接与证据原包.zip!MineSim_正式交接包_20260918_停工版V1/evidence/E04/双车26维正则复核.zip!MineSim_dual32_regularized_review/original/outer/fold07_mlp26_8_1_l2/OUTER_SELECTION_LOCK.json,
MineSim_正式交接配套包_20260919_R1/sources/H18_历史交接与证据原包/MineSim_正式交接包_20260918_停工版V1/evidence/E04/双车26维正则复核/MineSim_dual32_regularized_review/original/outer/fold07_mlp26_8_1_l2/RESULT.json,8507,c91ba07a8a39427c4c61b1f78ff16f514985baf5ed3f224e3e81ef05d1dee42b,1,MineSim_正式交接配套包_20260919_R1.zip!sources/H18_历史交接与证据原包.zip!MineSim_正式交接包_20260918_停工版V1/evidence/E04/双车26维正则复核.zip!MineSim_dual32_regularized_review/original/outer/fold07_mlp26_8_1_l2/RESULT.json,
MineSim_正式交接配套包_20260919_R1/sources/H18_历史交接与证据原包/MineSim_正式交接包_20260918_停工版V1/evidence/E04/双车26维正则复核/MineSim_dual32_regularized_review/original/outer/fold07_mlp26_8_1_l2/final/FIT_RESULT.json,5706,68700caa164afb11f6559f044711f68fad44b5dcf0b5b334d367d2f024a658aa,1,MineSim_正式交接配套包_20260919_R1.zip!sources/H18_历史交接与证据原包.zip!MineSim_正式交接包_20260918_停工版V1/evidence/E04/双车26维正则复核.zip!MineSim_dual32_regularized_review/original/outer/fold07_mlp26_8_1_l2/final/FIT_RESULT.json,
MineSim_正式交接配套包_20260919_R1/sources/H18_历史交接与证据原包/MineSim_正式交接包_20260918_停工版V1/evidence/E04/双车26维正则复核/MineSim_dual32_regularized_review/original/outer/fold07_mlp26_8_1_l2/final/MODEL.json,5744,a895c788a38e1bcef400a7e142e00d0bd7ad067bd49b842f960d61b66fd17d16,1,MineSim_正式交接配套包_20260919_R1.zip!sources/H18_历史交接与证据原包.zip!MineSim_正式交接包_20260918_停工版V1/evidence/E04/双车26维正则复核.zip!MineSim_dual32_regularized_review/original/outer/fold07_mlp26_8_1_l2/final/MODEL.json,
MineSim_正式交接配套包_20260919_R1/sources/H18_历史交接与证据原包/MineSim_正式交接包_20260918_停工版V1/evidence/E04/双车26维正则复核/MineSim_dual32_regularized_review/original/outer/fold07_mlp26_8_1_l2/inner/SELECTION.json,6744,7412d6c687f2d8e4db5557b5f69763150ae7c9feec01c1b6ceb6082ec1f00bfb,1,MineSim_正式交接配套包_20260919_R1.zip!sources/H18_历史交接与证据原包.zip!MineSim_正式交接包_20260918_停工版V1/evidence/E04/双车26维正则复核.zip!MineSim_dual32_regularized_review/original/outer/fold07_mlp26_8_1_l2/inner/SELECTION.json,
MineSim_正式交接配套包_20260919_R1/sources/H18_历史交接与证据原包/MineSim_正式交接包_20260918_停工版V1/evidence/E04/双车26维正则复核/MineSim_dual32_regularized_review/original/outer/fold07_ridge26/OUTER_SELECTION_LOCK.json,184,e6302ed4fa052124ff01954eb65147c3495ab1a4f9f49c3e9ce373e9802d7e3b,1,MineSim_正式交接配套包_20260919_R1.zip!sources/H18_历史交接与证据原包.zip!MineSim_正式交接包_20260918_停工版V1/evidence/E04/双车26维正则复核.zip!MineSim_dual32_regularized_review/original/outer/fold07_ridge26/OUTER_SELECTION_LOCK.json,
MineSim_正式交接配套包_20260919_R1/sources/H18_历史交接与证据原包/MineSim_正式交接包_20260918_停工版V1/evidence/E04/双车26维正则复核/MineSim_dual32_regularized_review/original/outer/fold07_ridge26/RESULT.json,4658,b59ea22f003171ff9c5114afb7f56df07df73994dcdf264ec787a54358025b89,1,MineSim_正式交接配套包_20260919_R1.zip!sources/H18_历史交接与证据原包.zip!MineSim_正式交接包_20260918_停工版V1/evidence/E04/双车26维正则复核.zip!MineSim_dual32_regularized_review/original/outer/fold07_ridge26/RESULT.json,
MineSim_正式交接配套包_20260919_R1/sources/H18_历史交接与证据原包/MineSim_正式交接包_20260918_停工版V1/evidence/E04/双车26维正则复核/MineSim_dual32_regularized_review/original/outer/fold07_ridge26/final/FIT_RESULT.json,1852,09897e395624cb1f2ff4dd1fa5dee159ffd637d77c7400a403e02cb7b4c984b7,1,MineSim_正式交接配套包_20260919_R1.zip!sources/H18_历史交接与证据原包.zip!MineSim_正式交接包_20260918_停工版V1/evidence/E04/双车26维正则复核.zip!MineSim_dual32_regularized_review/original/outer/fold07_ridge26/final/FIT_RESULT.json,
MineSim_正式交接配套包_20260919_R1/sources/H18_历史交接与证据原包/MineSim_正式交接包_20260918_停工版V1/evidence/E04/双车26维正则复核/MineSim_dual32_regularized_review/original/outer/fold07_ridge26/final/MODEL.json,1069,7ac25fba42d910ae0f338e8f4390476d5fb6fddc55ed787e67148f815a80517e,1,MineSim_正式交接配套包_20260919_R1.zip!sources/H18_历史交接与证据原包.zip!MineSim_正式交接包_20260918_停工版V1/evidence/E04/双车26维正则复核.zip!MineSim_dual32_regularized_review/original/outer/fold07_ridge26/final/MODEL.json,
MineSim_正式交接配套包_20260919_R1/sources/H18_历史交接与证据原包/MineSim_正式交接包_20260918_停工版V1/evidence/E04/双车26维正则复核/MineSim_dual32_regularized_review/original/outer/fold07_ridge26/inner/SELECTION.json,6640,f0dfb9cba762fdf27f82ff7de5ddeaa4e12bb74e08798b03b3b7fdd7e7fce2ea,1,MineSim_正式交接配套包_20260919_R1.zip!sources/H18_历史交接与证据原包.zip!MineSim_正式交接包_20260918_停工版V1/evidence/E04/双车26维正则复核.zip!MineSim_dual32_regularized_review/original/outer/fold07_ridge26/inner/SELECTION.json,
MineSim_正式交接配套包_20260919_R1/sources/H18_历史交接与证据原包/MineSim_正式交接包_20260918_停工版V1/evidence/E04/双车26维正则复核/MineSim_dual32_regularized_review/original/release/PROTOCOL.json,4641,6c27ed868371095cd1136126a647dbc2f63a70e72882662d27c106b4c6ac6c58,2,MineSim_正式交接配套包_20260919_R1.zip!sources/H18_历史交接与证据原包.zip!MineSim_正式交接包_20260918_停工版V1/evidence/E04/双车26维正则复核.zip!MineSim_dual32_regularized_review/original/release/PROTOCOL.json,MineSim_正式交接配套包_20260919_R1.zip!sources/H18_历史交接与证据原包.zip!MineSim_正式交接包_20260918_停工版V1/evidence/E05/双车输入监督信号诊断.zip!MineSim_dual32_input_signal_diagnostic/inputs/ORIGINAL_FIT_PROTOCOL.json
MineSim_正式交接配套包_20260919_R1/sources/H18_历史交接与证据原包/MineSim_正式交接包_20260918_停工版V1/evidence/E04/双车26维正则复核/MineSim_dual32_regularized_review/original/release/SOURCE_BINDINGS.json,2134,7e7ef73595124c08cc1c493c858b828f4efa34c60d872cde94b68284367c305a,1,MineSim_正式交接配套包_20260919_R1.zip!sources/H18_历史交接与证据原包.zip!MineSim_正式交接包_20260918_停工版V1/evidence/E04/双车26维正则复核.zip!MineSim_dual32_regularized_review/original/release/SOURCE_BINDINGS.json,
MineSim_正式交接配套包_20260919_R1/sources/H18_历史交接与证据原包/MineSim_正式交接包_20260918_停工版V1/evidence/E04/双车26维正则复核/MineSim_dual32_regularized_review/original/release/parent_core.py,5141,789f34e4277ef89ceb8de852fa37e283323fc5de22e44ac6cae27750d2d554f0,2,MineSim_正式交接配套包_20260919_R1.zip!sources/H18_历史交接与证据原包.zip!MineSim_正式交接包_20260918_停工版V1/evidence/E04/双车26维正则复核.zip!MineSim_dual32_regularized_review/original/release/parent_core.py,MineSim_正式交接配套包_20260919_R1.zip!sources/H18_历史交接与证据原包.zip!MineSim_正式交接包_20260918_停工版V1/evidence/E05/双车输入监督信号诊断.zip!MineSim_dual32_input_signal_diagnostic/inputs/parent_core.py
MineSim_正式交接配套包_20260919_R1/sources/H18_历史交接与证据原包/MineSim_正式交接包_20260918_停工版V1/evidence/E04/双车26维正则复核/MineSim_dual32_regularized_review/original/release/reg_models.py,7584,c456f440b710de73a9de20ed65839affdd7d1eb956a6e19456b448b6d4c5cfa7,1,MineSim_正式交接配套包_20260919_R1.zip!sources/H18_历史交接与证据原包.zip!MineSim_正式交接包_20260918_停工版V1/evidence/E04/双车26维正则复核.zip!MineSim_dual32_regularized_review/original/release/reg_models.py,
MineSim_正式交接配套包_20260919_R1/sources/H18_历史交接与证据原包/MineSim_正式交接包_20260918_停工版V1/evidence/E04/双车26维正则复核/MineSim_dual32_regularized_review/original/release/runner.py,30978,1d09c8ea1f8c6a1c7392cc89efbef3d4a47c3f182b96c5570f8462f2367b10d7,1,MineSim_正式交接配套包_20260919_R1.zip!sources/H18_历史交接与证据原包.zip!MineSim_正式交接包_20260918_停工版V1/evidence/E04/双车26维正则复核.zip!MineSim_dual32_regularized_review/original/release/runner.py,
MineSim_正式交接配套包_20260919_R1/sources/H18_历史交接与证据原包/MineSim_正式交接包_20260918_停工版V1/evidence/E05/双车输入监督信号诊断/MineSim_dual32_input_signal_diagnostic/CURRENT_STATE.json,1502,e5c8ef747276901729e6938cc359c7e09fcd360df18f2cbe66654c6120978167,1,MineSim_正式交接配套包_20260919_R1.zip!sources/H18_历史交接与证据原包.zip!MineSim_正式交接包_20260918_停工版V1/evidence/E05/双车输入监督信号诊断.zip!MineSim_dual32_input_signal_diagnostic/CURRENT_STATE.json,
MineSim_正式交接配套包_20260919_R1/sources/H18_历史交接与证据原包/MineSim_正式交接包_20260918_停工版V1/evidence/E05/双车输入监督信号诊断/MineSim_dual32_input_signal_diagnostic/INDEPENDENT_CHECKS.json,458,7f9978aad2c461ee02cdda38bb81549bf8ae0759e6e548312a48314f9af6ad4a,1,MineSim_正式交接配套包_20260919_R1.zip!sources/H18_历史交接与证据原包.zip!MineSim_正式交接包_20260918_停工版V1/evidence/E05/双车输入监督信号诊断.zip!MineSim_dual32_input_signal_diagnostic/INDEPENDENT_CHECKS.json,
MineSim_正式交接配套包_20260919_R1/sources/H18_历史交接与证据原包/MineSim_正式交接包_20260918_停工版V1/evidence/E05/双车输入监督信号诊断/MineSim_dual32_input_signal_diagnostic/NEXT_FEATURE_PROPOSAL.json,2492,8084d68500f4f76909940b60f640791cdf30f435b06f936b206b1c453b96785a,1,MineSim_正式交接配套包_20260919_R1.zip!sources/H18_历史交接与证据原包.zip!MineSim_正式交接包_20260918_停工版V1/evidence/E05/双车输入监督信号诊断.zip!MineSim_dual32_input_signal_diagnostic/NEXT_FEATURE_PROPOSAL.json,
MineSim_正式交接配套包_20260919_R1/sources/H18_历史交接与证据原包/MineSim_正式交接包_20260918_停工版V1/evidence/E05/双车输入监督信号诊断/MineSim_dual32_input_signal_diagnostic/PACKAGE_MANIFEST.json,3052,da15279fd23b3d36b6353b63b7a7e801b8746ebf0860b3ea5967f15593f43994,1,MineSim_正式交接配套包_20260919_R1.zip!sources/H18_历史交接与证据原包.zip!MineSim_正式交接包_20260918_停工版V1/evidence/E05/双车输入监督信号诊断.zip!MineSim_dual32_input_signal_diagnostic/PACKAGE_MANIFEST.json,
MineSim_正式交接配套包_20260919_R1/sources/H18_历史交接与证据原包/MineSim_正式交接包_20260918_停工版V1/evidence/E05/双车输入监督信号诊断/MineSim_dual32_input_signal_diagnostic/REPORT.md,7855,306768d43afb9dc08960843240443171cee51acacadad0e89e4ddc4970f2ea12,1,MineSim_正式交接配套包_20260919_R1.zip!sources/H18_历史交接与证据原包.zip!MineSim_正式交接包_20260918_停工版V1/evidence/E05/双车输入监督信号诊断.zip!MineSim_dual32_input_signal_diagnostic/REPORT.md,
MineSim_正式交接配套包_20260919_R1/sources/H18_历史交接与证据原包/MineSim_正式交接包_20260918_停工版V1/evidence/E05/双车输入监督信号诊断/MineSim_dual32_input_signal_diagnostic/SOURCE_NOTES.md,5428,bbe9b2ea7881603085937697b5e0f6dd9e1aa074f1016a11bf6ad7bfa627c839,1,MineSim_正式交接配套包_20260919_R1.zip!sources/H18_历史交接与证据原包.zip!MineSim_正式交接包_20260918_停工版V1/evidence/E05/双车输入监督信号诊断.zip!MineSim_dual32_input_signal_diagnostic/SOURCE_NOTES.md,
MineSim_正式交接配套包_20260919_R1/sources/H18_历史交接与证据原包/MineSim_正式交接包_20260918_停工版V1/evidence/E05/双车输入监督信号诊断/MineSim_dual32_input_signal_diagnostic/analysis/FEATURE_COLUMNS.json,4365,a6555a7382846034395f05fc0bcee23b9b92fab54ab306a8bbf2bfdf7e37d31d,1,MineSim_正式交接配套包_20260919_R1.zip!sources/H18_历史交接与证据原包.zip!MineSim_正式交接包_20260918_停工版V1/evidence/E05/双车输入监督信号诊断.zip!MineSim_dual32_input_signal_diagnostic/analysis/FEATURE_COLUMNS.json,
MineSim_正式交接配套包_20260919_R1/sources/H18_历史交接与证据原包/MineSim_正式交接包_20260918_停工版V1/evidence/E05/双车输入监督信号诊断/MineSim_dual32_input_signal_diagnostic/analysis/NEAREST_OTHER_SOURCE.json,11359,2fa1451fd8ddbf60f87be481aa31fa1b8a6fda8d1db74abc891077ceab51a46d,1,MineSim_正式交接配套包_20260919_R1.zip!sources/H18_历史交接与证据原包.zip!MineSim_正式交接包_20260918_停工版V1/evidence/E05/双车输入监督信号诊断.zip!MineSim_dual32_input_signal_diagnostic/analysis/NEAREST_OTHER_SOURCE.json,
MineSim_正式交接配套包_20260919_R1/sources/H18_历史交接与证据原包/MineSim_正式交接包_20260918_停工版V1/evidence/E05/双车输入监督信号诊断/MineSim_dual32_input_signal_diagnostic/analysis/PER_STATE_SIGNAL.json,90828,420a4b272f7e5ceb7149639671d69dbfc72a0a386fbfc9f703e2fc2ca6c7cd9a,1,MineSim_正式交接配套包_20260919_R1.zip!sources/H18_历史交接与证据原包.zip!MineSim_正式交接包_20260918_停工版V1/evidence/E05/双车输入监督信号诊断.zip!MineSim_dual32_input_signal_diagnostic/analysis/PER_STATE_SIGNAL.json,
MineSim_正式交接配套包_20260919_R1/sources/H18_历史交接与证据原包/MineSim_正式交接包_20260918_停工版V1/evidence/E05/双车输入监督信号诊断/MineSim_dual32_input_signal_diagnostic/analysis/STATE_TABLE.md,2540,44e602845acf548ce842708fbdab34e9e9c9ea0dedb2d1f0fe2dda39653ead1c,1,MineSim_正式交接配套包_20260919_R1.zip!sources/H18_历史交接与证据原包.zip!MineSim_正式交接包_20260918_停工版V1/evidence/E05/双车输入监督信号诊断.zip!MineSim_dual32_input_signal_diagnostic/analysis/STATE_TABLE.md,
MineSim_正式交接配套包_20260919_R1/sources/H18_历史交接与证据原包/MineSim_正式交接包_20260918_停工版V1/evidence/E05/双车输入监督信号诊断/MineSim_dual32_input_signal_diagnostic/analysis/SUMMARY.json,5692,9101ee36a3a864f2b569fc75b625d319cdb3a371ac0442eb5e330523c158b189,1,MineSim_正式交接配套包_20260919_R1.zip!sources/H18_历史交接与证据原包.zip!MineSim_正式交接包_20260918_停工版V1/evidence/E05/双车输入监督信号诊断.zip!MineSim_dual32_input_signal_diagnostic/analysis/SUMMARY.json,
MineSim_正式交接配套包_20260919_R1/sources/H18_历史交接与证据原包/MineSim_正式交接包_20260918_停工版V1/evidence/E05/双车输入监督信号诊断/MineSim_dual32_input_signal_diagnostic/analyze_saved_inputs.py,14244,e9ceb9197419d92fa03862d34726e56a34692f191dfaf6deff87a47963ea4957,1,MineSim_正式交接配套包_20260919_R1.zip!sources/H18_历史交接与证据原包.zip!MineSim_正式交接包_20260918_停工版V1/evidence/E05/双车输入监督信号诊断.zip!MineSim_dual32_input_signal_diagnostic/analyze_saved_inputs.py,
MineSim_正式交接配套包_20260919_R1/sources/H18_历史交接与证据原包/MineSim_正式交接包_20260918_停工版V1/evidence/E05/双车输入监督信号诊断/MineSim_dual32_input_signal_diagnostic/inputs/C11_80M_SEED0_EP0.json,5957,9298558b84b0dd19e13396a0fcc6eeeb033b7a080f4b2a76ca708ae2dba21878,5,MineSim_正式交接配套包_20260919_R1.zip!sources/H18_历史交接与证据原包.zip!MineSim_正式交接包_20260918_停工版V1/evidence/E05/双车输入监督信号诊断.zip!MineSim_dual32_input_signal_diagnostic/inputs/C11_80M_SEED0_EP0.json,MineSim_正式交接配套包_20260919_R1.zip!sources/H18_历史交接与证据原包.zip!MineSim_正式交接包_20260918_停工版V1/evidence/E10/动作报告缓存复核.zip!raw/minesim_dual_reportcache_v1/parent_sources/parent_sources/runtime/inputs/contexts/C11_80M_SEED0_EP0.json || MineSim_正式交接配套包_20260919_R1.zip!sources/H18_历史交接与证据原包.zip!MineSim_正式交接包_20260918_停工版V1/evidence/E13/minesim_dual_subtree_h8_smoke_v1.zip!minesim_dual_subtree_h8_smoke_v1/parent_sources/parent_sources/parent_sources/parent_sources/parent_sources/runtime/inputs/contexts/C11_80M_SEED0_EP0.json || MineSim_正式交接配套包_20260919_R1.zip!sources/H18_历史交接与证据原包.zip!MineSim_正式交接包_20260918_停工版V1/evidence/E12/轻量缓存固定计时复核.zip!evidence/minesim_dual_cachetiming_v1.zip!minesim_dual_cachetiming_v1/parent_sources/parent_sources/parent_sources/parent_sources/runtime/inputs/contexts/C11_80M_SEED0_EP0.json || MineSim_正式交接配套包_20260919_R1.zip!sources/H18_历史交接与证据原包.zip!MineSim_正式交接包_20260918_停工版V1/evidence/P01/H8_policy4_已交付准备原包.zip!submitted_smoke_original.zip!minesim_dual_subtree_h8_smoke_v1/parent_sources/parent_sources/parent_sources/parent_sources/parent_sources/runtime/inputs/contexts/C11_80M_SEED0_EP0.json
MineSim_正式交接配套包_20260919_R1/sources/H18_历史交接与证据原包/MineSim_正式交接包_20260918_停工版V1/evidence/E05/双车输入监督信号诊断/MineSim_dual32_input_signal_diagnostic/inputs/RESOLVED_C11_100M_SEED0_EP1.json,1141,75670bbb98485dbed32e6ecf97e6f0846f02fd67a6263bc8626c70cfb0669f66,1,MineSim_正式交接配套包_20260919_R1.zip!sources/H18_历史交接与证据原包.zip!MineSim_正式交接包_20260918_停工版V1/evidence/E05/双车输入监督信号诊断.zip!MineSim_dual32_input_signal_diagnostic/inputs/RESOLVED_C11_100M_SEED0_EP1.json,
MineSim_正式交接配套包_20260919_R1/sources/H18_历史交接与证据原包/MineSim_正式交接包_20260918_停工版V1/evidence/E05/双车输入监督信号诊断/MineSim_dual32_input_signal_diagnostic/inputs/RESOLVED_C11_80M_SEED0_EP0.json,1140,8e4f422d7ceb4ac4beb30d20f7141f41969fc13dbbc09641aa979403894da069,1,MineSim_正式交接配套包_20260919_R1.zip!sources/H18_历史交接与证据原包.zip!MineSim_正式交接包_20260918_停工版V1/evidence/E05/双车输入监督信号诊断.zip!MineSim_dual32_input_signal_diagnostic/inputs/RESOLVED_C11_80M_SEED0_EP0.json,
MineSim_正式交接配套包_20260919_R1/sources/H18_历史交接与证据原包/MineSim_正式交接包_20260918_停工版V1/evidence/E05/双车输入监督信号诊断/MineSim_dual32_input_signal_diagnostic/inputs/SOURCE_IDENTITY.json,5477,53ac0417121e1b06764941875922fd9ac6041740183c9a0c5ec8c296890792dd,1,MineSim_正式交接配套包_20260919_R1.zip!sources/H18_历史交接与证据原包.zip!MineSim_正式交接包_20260918_停工版V1/evidence/E05/双车输入监督信号诊断.zip!MineSim_dual32_input_signal_diagnostic/inputs/SOURCE_IDENTITY.json,
MineSim_正式交接配套包_20260919_R1/sources/H18_历史交接与证据原包/MineSim_正式交接包_20260918_停工版V1/evidence/E06/双车36维交互复核/PACKAGE_MANIFEST.json,3610,c665d3509b6cfaea1a0db67f793fc24e37f8a3f0dac976b3601e5439cbf4e675,1,MineSim_正式交接配套包_20260919_R1.zip!sources/H18_历史交接与证据原包.zip!MineSim_正式交接包_20260918_停工版V1/evidence/E06/双车36维交互复核.zip!PACKAGE_MANIFEST.json,
MineSim_正式交接配套包_20260919_R1/sources/H18_历史交接与证据原包/MineSim_正式交接包_20260918_停工版V1/evidence/E06/双车36维交互复核/next_unexecuted/LAUNCHER_TESTS.json,521,1f5fe8532814a96ceb9ce70786e01b0e8f7a72297b8f2fda3154511e5323a00c,1,MineSim_正式交接配套包_20260919_R1.zip!sources/H18_历史交接与证据原包.zip!MineSim_正式交接包_20260918_停工版V1/evidence/E06/双车36维交互复核.zip!next_unexecuted/LAUNCHER_TESTS.json,
MineSim_正式交接配套包_20260919_R1/sources/H18_历史交接与证据原包/MineSim_正式交接包_20260918_停工版V1/evidence/E06/双车36维交互复核/next_unexecuted/METHOD_PROVENANCE.json,630,77515fa45a4866fe4457f3ef7dc66bc88d5a28f7eca38ebae03134ace661c77c,3,MineSim_正式交接配套包_20260919_R1.zip!sources/H18_历史交接与证据原包.zip!MineSim_正式交接包_20260918_停工版V1/evidence/E06/双车36维交互复核.zip!next_unexecuted/METHOD_PROVENANCE.json,MineSim_正式交接配套包_20260919_R1.zip!sources/H18_历史交接与证据原包.zip!MineSim_正式交接包_20260918_停工版V1/evidence/E07/双车标准化岭回归复核.zip!MineSim_双车标准化8折结果与决策诊断/original/release/METHOD_PROVENANCE.json || MineSim_正式交接配套包_20260919_R1.zip!sources/H18_历史交接与证据原包.zip!MineSim_正式交接包_20260918_停工版V1/evidence/E06/双车36维交互复核.zip!next_unexecuted/minesim_dual32_scaledridge_release_v1.zip!METHOD_PROVENANCE.json
MineSim_正式交接配套包_20260919_R1/sources/H18_历史交接与证据原包/MineSim_正式交接包_20260918_停工版V1/evidence/E06/双车36维交互复核/next_unexecuted/PROTOCOL.json,2407,f316742cf8081da393d9df04b156c83c3b5bb6710a05aa7a4b92b099acde980d,3,MineSim_正式交接配套包_20260919_R1.zip!sources/H18_历史交接与证据原包.zip!MineSim_正式交接包_20260918_停工版V1/evidence/E06/双车36维交互复核.zip!next_unexecuted/PROTOCOL.json,MineSim_正式交接配套包_20260919_R1.zip!sources/H18_历史交接与证据原包.zip!MineSim_正式交接包_20260918_停工版V1/evidence/E07/双车标准化岭回归复核.zip!MineSim_双车标准化8折结果与决策诊断/original/release/PROTOCOL.json || MineSim_正式交接配套包_20260919_R1.zip!sources/H18_历史交接与证据原包.zip!MineSim_正式交接包_20260918_停工版V1/evidence/E06/双车36维交互复核.zip!next_unexecuted/minesim_dual32_scaledridge_release_v1.zip!PROTOCOL.json
MineSim_正式交接配套包_20260919_R1/sources/H18_历史交接与证据原包/MineSim_正式交接包_20260918_停工版V1/evidence/E06/双车36维交互复核/next_unexecuted/README.md,1642,473049c748fe8561da39dbb10c5d2b831da382bc842ab58efe17467796ec051a,3,MineSim_正式交接配套包_20260919_R1.zip!sources/H18_历史交接与证据原包.zip!MineSim_正式交接包_20260918_停工版V1/evidence/E06/双车36维交互复核.zip!next_unexecuted/README.md,MineSim_正式交接配套包_20260919_R1.zip!sources/H18_历史交接与证据原包.zip!MineSim_正式交接包_20260918_停工版V1/evidence/E07/双车标准化岭回归复核.zip!MineSim_双车标准化8折结果与决策诊断/original/release/README.md || MineSim_正式交接配套包_20260919_R1.zip!sources/H18_历史交接与证据原包.zip!MineSim_正式交接包_20260918_停工版V1/evidence/E06/双车36维交互复核.zip!next_unexecuted/minesim_dual32_scaledridge_release_v1.zip!README.md
MineSim_正式交接配套包_20260919_R1/sources/H18_历史交接与证据原包/MineSim_正式交接包_20260918_停工版V1/evidence/E06/双车36维交互复核/next_unexecuted/SOURCE_BINDINGS.json,1523,2127a88bdd1907f7a2c288b39034731a70634648ce7b497626eb7efe93bca5ae,3,MineSim_正式交接配套包_20260919_R1.zip!sources/H18_历史交接与证据原包.zip!MineSim_正式交接包_20260918_停工版V1/evidence/E06/双车36维交互复核.zip!next_unexecuted/SOURCE_BINDINGS.json,MineSim_正式交接配套包_20260919_R1.zip!sources/H18_历史交接与证据原包.zip!MineSim_正式交接包_20260918_停工版V1/evidence/E07/双车标准化岭回归复核.zip!MineSim_双车标准化8折结果与决策诊断/original/release/SOURCE_BINDINGS.json || MineSim_正式交接配套包_20260919_R1.zip!sources/H18_历史交接与证据原包.zip!MineSim_正式交接包_20260918_停工版V1/evidence/E06/双车36维交互复核.zip!next_unexecuted/minesim_dual32_scaledridge_release_v1.zip!SOURCE_BINDINGS.json
MineSim_正式交接配套包_20260919_R1/sources/H18_历史交接与证据原包/MineSim_正式交接包_20260918_停工版V1/evidence/E06/双车36维交互复核/next_unexecuted/TEST_RUN.log,4488,cc6dc9e508ac8b93b76350350756cc4e0aba25e3dcb8c3c0d81f52590672bf02,1,MineSim_正式交接配套包_20260919_R1.zip!sources/H18_历史交接与证据原包.zip!MineSim_正式交接包_20260918_停工版V1/evidence/E06/双车36维交互复核.zip!next_unexecuted/TEST_RUN.log,
MineSim_正式交接配套包_20260919_R1/sources/H18_历史交接与证据原包/MineSim_正式交接包_20260918_停工版V1/evidence/E06/双车36维交互复核/next_unexecuted/TEST_SUMMARY.json,687,4538a95c4c3390b3ecd73e2ad121c3ad84dc8da3ff2500b185fa654bfc246692,3,MineSim_正式交接配套包_20260919_R1.zip!sources/H18_历史交接与证据原包.zip!MineSim_正式交接包_20260918_停工版V1/evidence/E06/双车36维交互复核.zip!next_unexecuted/TEST_SUMMARY.json,MineSim_正式交接配套包_20260919_R1.zip!sources/H18_历史交接与证据原包.zip!MineSim_正式交接包_20260918_停工版V1/evidence/E07/双车标准化岭回归复核.zip!MineSim_双车标准化8折结果与决策诊断/original/release/TEST_SUMMARY.json || MineSim_正式交接配套包_20260919_R1.zip!sources/H18_历史交接与证据原包.zip!MineSim_正式交接包_20260918_停工版V1/evidence/E06/双车36维交互复核.zip!next_unexecuted/minesim_dual32_scaledridge_release_v1.zip!TEST_SUMMARY.json
MineSim_正式交接配套包_20260919_R1/sources/H18_历史交接与证据原包/MineSim_正式交接包_20260918_停工版V1/evidence/E06/双车36维交互复核/next_unexecuted/io_helpers.py,40168,6fcf7e669fb4a9b716f40d34f9070fdd19f37bce34a65c20e0cac7129e3573d5,3,MineSim_正式交接配套包_20260919_R1.zip!sources/H18_历史交接与证据原包.zip!MineSim_正式交接包_20260918_停工版V1/evidence/E06/双车36维交互复核.zip!next_unexecuted/io_helpers.py,MineSim_正式交接配套包_20260919_R1.zip!sources/H18_历史交接与证据原包.zip!MineSim_正式交接包_20260918_停工版V1/evidence/E07/双车标准化岭回归复核.zip!MineSim_双车标准化8折结果与决策诊断/original/release/io_helpers.py || MineSim_正式交接配套包_20260919_R1.zip!sources/H18_历史交接与证据原包.zip!MineSim_正式交接包_20260918_停工版V1/evidence/E06/双车36维交互复核.zip!next_unexecuted/minesim_dual32_scaledridge_release_v1.zip!io_helpers.py
MineSim_正式交接配套包_20260919_R1/sources/H18_历史交接与证据原包/MineSim_正式交接包_20260918_停工版V1/evidence/E06/双车36维交互复核/next_unexecuted/minesim_dual32_scaledridge_release_v1/MANIFEST.json,974,ae7ea452b684f4fd14cd9e150867dfc1013c91f1b6de991f33b093553277d610,1,MineSim_正式交接配套包_20260919_R1.zip!sources/H18_历史交接与证据原包.zip!MineSim_正式交接包_20260918_停工版V1/evidence/E06/双车36维交互复核.zip!next_unexecuted/minesim_dual32_scaledridge_release_v1.zip!MANIFEST.json,
MineSim_正式交接配套包_20260919_R1/sources/H18_历史交接与证据原包/MineSim_正式交接包_20260918_停工版V1/evidence/E06/双车36维交互复核/next_unexecuted/process_checks.py,2553,5ba911f894485db6051934ce0be419f008cce009c30176ec979c101dd39b4ee3,3,MineSim_正式交接配套包_20260919_R1.zip!sources/H18_历史交接与证据原包.zip!MineSim_正式交接包_20260918_停工版V1/evidence/E06/双车36维交互复核.zip!next_unexecuted/process_checks.py,MineSim_正式交接配套包_20260919_R1.zip!sources/H18_历史交接与证据原包.zip!MineSim_正式交接包_20260918_停工版V1/evidence/E07/双车标准化岭回归复核.zip!MineSim_双车标准化8折结果与决策诊断/original/release/process_checks.py || MineSim_正式交接配套包_20260919_R1.zip!sources/H18_历史交接与证据原包.zip!MineSim_正式交接包_20260918_停工版V1/evidence/E06/双车36维交互复核.zip!next_unexecuted/minesim_dual32_scaledridge_release_v1.zip!process_checks.py
MineSim_正式交接配套包_20260919_R1/sources/H18_历史交接与证据原包/MineSim_正式交接包_20260918_停工版V1/evidence/E06/双车36维交互复核/next_unexecuted/run_dual32_scaledridge.sh,43513,eb8d38891ef76a9a9e467b5acbd47746e2190b5a90ec8ed230a2cec51ca27497,1,MineSim_正式交接配套包_20260919_R1.zip!sources/H18_历史交接与证据原包.zip!MineSim_正式交接包_20260918_停工版V1/evidence/E06/双车36维交互复核.zip!next_unexecuted/run_dual32_scaledridge.sh,
MineSim_正式交接配套包_20260919_R1/sources/H18_历史交接与证据原包/MineSim_正式交接包_20260918_停工版V1/evidence/E06/双车36维交互复核/next_unexecuted/runner.py,17307,bb038280b282d8ac0cc3835ac56581b89efcf1a1029f0c47876987432cea9953,3,MineSim_正式交接配套包_20260919_R1.zip!sources/H18_历史交接与证据原包.zip!MineSim_正式交接包_20260918_停工版V1/evidence/E06/双车36维交互复核.zip!next_unexecuted/runner.py,MineSim_正式交接配套包_20260919_R1.zip!sources/H18_历史交接与证据原包.zip!MineSim_正式交接包_20260918_停工版V1/evidence/E07/双车标准化岭回归复核.zip!MineSim_双车标准化8折结果与决策诊断/original/release/runner.py || MineSim_正式交接配套包_20260919_R1.zip!sources/H18_历史交接与证据原包.zip!MineSim_正式交接包_20260918_停工版V1/evidence/E06/双车36维交互复核.zip!next_unexecuted/minesim_dual32_scaledridge_release_v1.zip!runner.py
MineSim_正式交接配套包_20260919_R1/sources/H18_历史交接与证据原包/MineSim_正式交接包_20260918_停工版V1/evidence/E06/双车36维交互复核/next_unexecuted/scaled_ridge.py,2427,12087b8025bdcbaf62c2175c905377cfab411bfa9c1526abc3add2d22ecbf2a0,3,MineSim_正式交接配套包_20260919_R1.zip!sources/H18_历史交接与证据原包.zip!MineSim_正式交接包_20260918_停工版V1/evidence/E06/双车36维交互复核.zip!next_unexecuted/scaled_ridge.py,MineSim_正式交接配套包_20260919_R1.zip!sources/H18_历史交接与证据原包.zip!MineSim_正式交接包_20260918_停工版V1/evidence/E07/双车标准化岭回归复核.zip!MineSim_双车标准化8折结果与决策诊断/original/release/scaled_ridge.py || MineSim_正式交接配套包_20260919_R1.zip!sources/H18_历史交接与证据原包.zip!MineSim_正式交接包_20260918_停工版V1/evidence/E06/双车36维交互复核.zip!next_unexecuted/minesim_dual32_scaledridge_release_v1.zip!scaled_ridge.py
MineSim_正式交接配套包_20260919_R1/sources/H18_历史交接与证据原包/MineSim_正式交接包_20260918_停工版V1/evidence/E06/双车36维交互复核/next_unexecuted/test_scaled_ridge.py,10471,e1db1c89a525552599eb33e0145ff2eb030eb04673a23f603869e358fddc9abd,1,MineSim_正式交接配套包_20260919_R1.zip!sources/H18_历史交接与证据原包.zip!MineSim_正式交接包_20260918_停工版V1/evidence/E06/双车36维交互复核.zip!next_unexecuted/test_scaled_ridge.py,
MineSim_正式交接配套包_20260919_R1/sources/H18_历史交接与证据原包/MineSim_正式交接包_20260918_停工版V1/evidence/E06/双车36维交互复核/review/CURRENT_STATE.json,923,9169764b09bc41255120e56b02a34ab1f3b6f3a1e711e104c68a9c663b18a5d7,1,MineSim_正式交接配套包_20260919_R1.zip!sources/H18_历史交接与证据原包.zip!MineSim_正式交接包_20260918_停工版V1/evidence/E06/双车36维交互复核.zip!review/CURRENT_STATE.json,
MineSim_正式交接配套包_20260919_R1/sources/H18_历史交接与证据原包/MineSim_正式交接包_20260918_停工版V1/evidence/E06/双车36维交互复核/review/REPORT.md,3137,79e3aa47fe8d2888f7d414cf5d1f62a4ef9decb71352afd709dafa0c1729e5f8,1,MineSim_正式交接配套包_20260919_R1.zip!sources/H18_历史交接与证据原包.zip!MineSim_正式交接包_20260918_停工版V1/evidence/E06/双车36维交互复核.zip!review/REPORT.md,
MineSim_正式交接配套包_20260919_R1/sources/H18_历史交接与证据原包/MineSim_正式交接包_20260918_停工版V1/evidence/E06/双车36维交互复核/review/analysis/FEATURE_SCALES.json,7266,6037a3ee3625ede4d2cd3fd58d0ba4b29213450b9c323647d8aebeb5761e3673,1,MineSim_正式交接配套包_20260919_R1.zip!sources/H18_历史交接与证据原包.zip!MineSim_正式交接包_20260918_停工版V1/evidence/E06/双车36维交互复核.zip!review/analysis/FEATURE_SCALES.json,
MineSim_正式交接配套包_20260919_R1/sources/H18_历史交接与证据原包/MineSim_正式交接包_20260918_停工版V1/evidence/E06/双车36维交互复核/review/analysis/FOLD_MECHANISM.json,27969,93c3c9687ca11f2005ee82990c423ef3ea5886e61e7c7c94aa5abc970dcb27c2,1,MineSim_正式交接配套包_20260919_R1.zip!sources/H18_历史交接与证据原包.zip!MineSim_正式交接包_20260918_停工版V1/evidence/E06/双车36维交互复核.zip!review/analysis/FOLD_MECHANISM.json,
MineSim_正式交接配套包_20260919_R1/sources/H18_历史交接与证据原包/MineSim_正式交接包_20260918_停工版V1/evidence/E06/双车36维交互复核/review/analysis/REVIEW.json,989,fb04220099781bc65e7c24c3daea13b1daba2adea41f762602146316fdfcb464,1,MineSim_正式交接配套包_20260919_R1.zip!sources/H18_历史交接与证据原包.zip!MineSim_正式交接包_20260918_停工版V1/evidence/E06/双车36维交互复核.zip!review/analysis/REVIEW.json,
MineSim_正式交接配套包_20260919_R1/sources/H18_历史交接与证据原包/MineSim_正式交接包_20260918_停工版V1/evidence/E06/双车36维交互复核/review/original/EXECUTION_PROTOCOL.json,6021,aa7bf9110a4b555ce2a675bd56fcb1ff26c6be7cf78bbe017e3d64c169643fdb,2,MineSim_正式交接配套包_20260919_R1.zip!sources/H18_历史交接与证据原包.zip!MineSim_正式交接包_20260918_停工版V1/evidence/E06/双车36维交互复核.zip!review/original/EXECUTION_PROTOCOL.json,MineSim_正式交接配套包_20260919_R1.zip!sources/H18_历史交接与证据原包.zip!MineSim_正式交接包_20260918_停工版V1/evidence/E07/双车标准化岭回归复核.zip!MineSim_双车标准化8折结果与决策诊断/original/sources/EXECUTION_PROTOCOL.json
MineSim_正式交接配套包_20260919_R1/sources/H18_历史交接与证据原包/MineSim_正式交接包_20260918_停工版V1/evidence/E06/双车36维交互复核/review/original/METRICS.json,6144,561ac74cea67ac2e6b79eef797d4d82d61d506a83305bfea9189f1694895aaab,1,MineSim_正式交接配套包_20260919_R1.zip!sources/H18_历史交接与证据原包.zip!MineSim_正式交接包_20260918_停工版V1/evidence/E06/双车36维交互复核.zip!review/original/METRICS.json,
MineSim_正式交接配套包_20260919_R1/sources/H18_历史交接与证据原包/MineSim_正式交接包_20260918_停工版V1/evidence/E06/双车36维交互复核/review/original/PAIRED_FEATURE_COMPARISON.json,20821,8b6194b89afbeb7bbcba1c2d475ce967c70bf78906a32b7ba515703d11b15d34,2,MineSim_正式交接配套包_20260919_R1.zip!sources/H18_历史交接与证据原包.zip!MineSim_正式交接包_20260918_停工版V1/evidence/E06/双车36维交互复核.zip!review/original/PAIRED_FEATURE_COMPARISON.json,MineSim_正式交接配套包_20260919_R1.zip!sources/H18_历史交接与证据原包.zip!MineSim_正式交接包_20260918_停工版V1/evidence/E07/双车标准化岭回归复核.zip!MineSim_双车标准化8折结果与决策诊断/original/sources/PAIRED_FEATURE_COMPARISON.json
MineSim_正式交接配套包_20260919_R1/sources/H18_历史交接与证据原包/MineSim_正式交接包_20260918_停工版V1/evidence/E06/双车36维交互复核/review/original/RESULT.json,28219,88ba32261844856f479b964bee41734b484dece8ed6c55960a28c721a08a826e,2,MineSim_正式交接配套包_20260919_R1.zip!sources/H18_历史交接与证据原包.zip!MineSim_正式交接包_20260918_停工版V1/evidence/E06/双车36维交互复核.zip!review/original/RESULT.json,MineSim_正式交接配套包_20260919_R1.zip!sources/H18_历史交接与证据原包.zip!MineSim_正式交接包_20260918_停工版V1/evidence/E07/双车标准化岭回归复核.zip!MineSim_双车标准化8折结果与决策诊断/original/sources/RESULT.json
MineSim_正式交接配套包_20260919_R1/sources/H18_历史交接与证据原包/MineSim_正式交接包_20260918_停工版V1/evidence/E06/双车36维交互复核/review/original/TIMING.json,136,55547dca8d850f1a0914caf9465d9e9f25056d18d601a11fa80b13bd4d2c5e3a,1,MineSim_正式交接配套包_20260919_R1.zip!sources/H18_历史交接与证据原包.zip!MineSim_正式交接包_20260918_停工版V1/evidence/E06/双车36维交互复核.zip!review/original/TIMING.json,
MineSim_正式交接配套包_20260919_R1/sources/H18_历史交接与证据原包/MineSim_正式交接包_20260918_停工版V1/evidence/E06/双车36维交互复核/review/review_current.py,9671,1c30924e487729680741bd6db73f7318f4975dceeeb2faebacb3e26f2e1a8c6a,1,MineSim_正式交接配套包_20260919_R1.zip!sources/H18_历史交接与证据原包.zip!MineSim_正式交接包_20260918_停工版V1/evidence/E06/双车36维交互复核.zip!review/review_current.py,
MineSim_正式交接配套包_20260919_R1/sources/H18_历史交接与证据原包/MineSim_正式交接包_20260918_停工版V1/evidence/E07/双车标准化岭回归复核/MineSim_双车标准化8折结果与决策诊断/CURRENT_STATE.json,1033,eaf382e30cb5d5ff69bf007c1fa13dd4a1f324aa374eccc303338b9f208b72b0,1,MineSim_正式交接配套包_20260919_R1.zip!sources/H18_历史交接与证据原包.zip!MineSim_正式交接包_20260918_停工版V1/evidence/E07/双车标准化岭回归复核.zip!MineSim_双车标准化8折结果与决策诊断/CURRENT_STATE.json,
MineSim_正式交接配套包_20260919_R1/sources/H18_历史交接与证据原包/MineSim_正式交接包_20260918_停工版V1/evidence/E07/双车标准化岭回归复核/MineSim_双车标准化8折结果与决策诊断/NEXT_GATE_PROPOSAL.json,1483,82d3f2629b005ed1c20a4a603898007e0256c5f7212e2a419c3768fd67d776f3,1,MineSim_正式交接配套包_20260919_R1.zip!sources/H18_历史交接与证据原包.zip!MineSim_正式交接包_20260918_停工版V1/evidence/E07/双车标准化岭回归复核.zip!MineSim_双车标准化8折结果与决策诊断/NEXT_GATE_PROPOSAL.json,
MineSim_正式交接配套包_20260919_R1/sources/H18_历史交接与证据原包/MineSim_正式交接包_20260918_停工版V1/evidence/E07/双车标准化岭回归复核/MineSim_双车标准化8折结果与决策诊断/PACKAGE_MANIFEST.json,9799,3af0c979d49565f6114b8bc1fd4d6097e24856ada61a2f213f935d0391adb336,1,MineSim_正式交接配套包_20260919_R1.zip!sources/H18_历史交接与证据原包.zip!MineSim_正式交接包_20260918_停工版V1/evidence/E07/双车标准化岭回归复核.zip!MineSim_双车标准化8折结果与决策诊断/PACKAGE_MANIFEST.json,
MineSim_正式交接配套包_20260919_R1/sources/H18_历史交接与证据原包/MineSim_正式交接包_20260918_停工版V1/evidence/E07/双车标准化岭回归复核/MineSim_双车标准化8折结果与决策诊断/REPORT.md,5421,60b02e72446008a9751d01b6fe72a58ef11aea81b5e34ba08c4259488ccebcd3,1,MineSim_正式交接配套包_20260919_R1.zip!sources/H18_历史交接与证据原包.zip!MineSim_正式交接包_20260918_停工版V1/evidence/E07/双车标准化岭回归复核.zip!MineSim_双车标准化8折结果与决策诊断/REPORT.md,
MineSim_正式交接配套包_20260919_R1/sources/H18_历史交接与证据原包/MineSim_正式交接包_20260918_停工版V1/evidence/E07/双车标准化岭回归复核/MineSim_双车标准化8折结果与决策诊断/analysis/DESCRIPTIVE_CHOICE_DIAGNOSTIC.json,90357,4fd6865893e0d80d18cbb9bace0641fa0d9961b98b3d249fbc503dbad9e4e931,1,MineSim_正式交接配套包_20260919_R1.zip!sources/H18_历史交接与证据原包.zip!MineSim_正式交接包_20260918_停工版V1/evidence/E07/双车标准化岭回归复核.zip!MineSim_双车标准化8折结果与决策诊断/analysis/DESCRIPTIVE_CHOICE_DIAGNOSTIC.json,
MineSim_正式交接配套包_20260919_R1/sources/H18_历史交接与证据原包/MineSim_正式交接包_20260918_停工版V1/evidence/E07/双车标准化岭回归复核/MineSim_双车标准化8折结果与决策诊断/analysis/REVIEW.json,5602,05de965dafc64918485e78af9e74c19ece92f08f9b508acf3e8d98a11baea067,1,MineSim_正式交接配套包_20260919_R1.zip!sources/H18_历史交接与证据原包.zip!MineSim_正式交接包_20260918_停工版V1/evidence/E07/双车标准化岭回归复核.zip!MineSim_双车标准化8折结果与决策诊断/analysis/REVIEW.json,
MineSim_正式交接配套包_20260919_R1/sources/H18_历史交接与证据原包/MineSim_正式交接包_20260918_停工版V1/evidence/E07/双车标准化岭回归复核/MineSim_双车标准化8折结果与决策诊断/audit_scaledridge.py,12795,8a01c875344939b8f3c6b1b3980114e07227d4d93f321ba7068c315f3c465d3b,1,MineSim_正式交接配套包_20260919_R1.zip!sources/H18_历史交接与证据原包.zip!MineSim_正式交接包_20260918_停工版V1/evidence/E07/双车标准化岭回归复核.zip!MineSim_双车标准化8折结果与决策诊断/audit_scaledridge.py,
MineSim_正式交接配套包_20260919_R1/sources/H18_历史交接与证据原包/MineSim_正式交接包_20260918_停工版V1/evidence/E07/双车标准化岭回归复核/MineSim_双车标准化8折结果与决策诊断/original/CAPTURE.json,117,322b759805f234192ed1019d58df91236cf14ff8e2b18130e807d5a0882c115e,1,MineSim_正式交接配套包_20260919_R1.zip!sources/H18_历史交接与证据原包.zip!MineSim_正式交接包_20260918_停工版V1/evidence/E07/双车标准化岭回归复核.zip!MineSim_双车标准化8折结果与决策诊断/original/CAPTURE.json,
MineSim_正式交接配套包_20260919_R1/sources/H18_历史交接与证据原包/MineSim_正式交接包_20260918_停工版V1/evidence/E07/双车标准化岭回归复核/MineSim_双车标准化8折结果与决策诊断/original/ENVIRONMENT.json,1782,ecde944ff8d7d223a0822defab9a7ebe85c080a96039beda78afcbe387713fca,1,MineSim_正式交接配套包_20260919_R1.zip!sources/H18_历史交接与证据原包.zip!MineSim_正式交接包_20260918_停工版V1/evidence/E07/双车标准化岭回归复核.zip!MineSim_双车标准化8折结果与决策诊断/original/ENVIRONMENT.json,
MineSim_正式交接配套包_20260919_R1/sources/H18_历史交接与证据原包/MineSim_正式交接包_20260918_停工版V1/evidence/E07/双车标准化岭回归复核/MineSim_双车标准化8折结果与决策诊断/original/EXECUTION_PROTOCOL.json,2151,9f9969408490aecdc6983c61dccd071a7efbfba711b74c4446e4751fe9bce1d0,1,MineSim_正式交接配套包_20260919_R1.zip!sources/H18_历史交接与证据原包.zip!MineSim_正式交接包_20260918_停工版V1/evidence/E07/双车标准化岭回归复核.zip!MineSim_双车标准化8折结果与决策诊断/original/EXECUTION_PROTOCOL.json,
MineSim_正式交接配套包_20260919_R1/sources/H18_历史交接与证据原包/MineSim_正式交接包_20260918_停工版V1/evidence/E07/双车标准化岭回归复核/MineSim_双车标准化8折结果与决策诊断/original/INPUT_AUDIT.jsonl,3643,0b24f152c7e934f42858e2c0fd9b85fad8925a20c6d31b86f1f3fc5b7ee933d5,1,MineSim_正式交接配套包_20260919_R1.zip!sources/H18_历史交接与证据原包.zip!MineSim_正式交接包_20260918_停工版V1/evidence/E07/双车标准化岭回归复核.zip!MineSim_双车标准化8折结果与决策诊断/original/INPUT_AUDIT.jsonl,
MineSim_正式交接配套包_20260919_R1/sources/H18_历史交接与证据原包/MineSim_正式交接包_20260918_停工版V1/evidence/E07/双车标准化岭回归复核/MineSim_双车标准化8折结果与决策诊断/original/INPUT_VALIDATION.json,129,2cd96cc277f481394f2c9533f8e7cbdf6c90d34444a4c41a82f608f1d78f8465,1,MineSim_正式交接配套包_20260919_R1.zip!sources/H18_历史交接与证据原包.zip!MineSim_正式交接包_20260918_停工版V1/evidence/E07/双车标准化岭回归复核.zip!MineSim_双车标准化8折结果与决策诊断/original/INPUT_VALIDATION.json,
MineSim_正式交接配套包_20260919_R1/sources/H18_历史交接与证据原包/MineSim_正式交接包_20260918_停工版V1/evidence/E07/双车标准化岭回归复核/MineSim_双车标准化8折结果与决策诊断/original/MANIFEST.json,7121,b7df4bf4f699e469fe7542b266dd2a247b354aa2523003e3cf07e711256b3f36,1,MineSim_正式交接配套包_20260919_R1.zip!sources/H18_历史交接与证据原包.zip!MineSim_正式交接包_20260918_停工版V1/evidence/E07/双车标准化岭回归复核.zip!MineSim_双车标准化8折结果与决策诊断/original/MANIFEST.json,
MineSim_正式交接配套包_20260919_R1/sources/H18_历史交接与证据原包/MineSim_正式交接包_20260918_停工版V1/evidence/E07/双车标准化岭回归复核/MineSim_双车标准化8折结果与决策诊断/original/METRICS.json,675,3452cc08d09fc5ebb1791934fa7f6c1ed9bae923f2594014a4f80dffd1897c79,1,MineSim_正式交接配套包_20260919_R1.zip!sources/H18_历史交接与证据原包.zip!MineSim_正式交接包_20260918_停工版V1/evidence/E07/双车标准化岭回归复核.zip!MineSim_双车标准化8折结果与决策诊断/original/METRICS.json,
MineSim_正式交接配套包_20260919_R1/sources/H18_历史交接与证据原包/MineSim_正式交接包_20260918_停工版V1/evidence/E07/双车标准化岭回归复核/MineSim_双车标准化8折结果与决策诊断/original/POSTCHECK_PARENT.json,45,5ba801a0fc179561f918d8b9449e26236c2ddd00f217baa8fbbe2d4be7cabee1,1,MineSim_正式交接配套包_20260919_R1.zip!sources/H18_历史交接与证据原包.zip!MineSim_正式交接包_20260918_停工版V1/evidence/E07/双车标准化岭回归复核.zip!MineSim_双车标准化8折结果与决策诊断/original/POSTCHECK_PARENT.json,
MineSim_正式交接配套包_20260919_R1/sources/H18_历史交接与证据原包/MineSim_正式交接包_20260918_停工版V1/evidence/E07/双车标准化岭回归复核/MineSim_双车标准化8折结果与决策诊断/original/POSTCHECK_PROCESS.json,1057,75997582b0e63baa9fba81e851d0a884cc97f2c44d0a597ed850197469809955,2,MineSim_正式交接配套包_20260919_R1.zip!sources/H18_历史交接与证据原包.zip!MineSim_正式交接包_20260918_停工版V1/evidence/E07/双车标准化岭回归复核.zip!MineSim_双车标准化8折结果与决策诊断/original/POSTCHECK_PROCESS.json,MineSim_正式交接配套包_20260919_R1.zip!sources/H18_历史交接与证据原包.zip!MineSim_正式交接包_20260918_停工版V1/evidence/E07/双车标准化岭回归复核.zip!MineSim_双车标准化8折结果与决策诊断/original/PROCESSES_BEFORE.json
MineSim_正式交接配套包_20260919_R1/sources/H18_历史交接与证据原包/MineSim_正式交接包_20260918_停工版V1/evidence/E07/双车标准化岭回归复核/MineSim_双车标准化8折结果与决策诊断/original/PREDICTIONS.json,9950,7faf7f160f11037f023aff28337bf213ba13e94e82f6bf6f1cf0ef1d03a1575f,1,MineSim_正式交接配套包_20260919_R1.zip!sources/H18_历史交接与证据原包.zip!MineSim_正式交接包_20260918_停工版V1/evidence/E07/双车标准化岭回归复核.zip!MineSim_双车标准化8折结果与决策诊断/original/PREDICTIONS.json,
MineSim_正式交接配套包_20260919_R1/sources/H18_历史交接与证据原包/MineSim_正式交接包_20260918_停工版V1/evidence/E07/双车标准化岭回归复核/MineSim_双车标准化8折结果与决策诊断/original/PROGRESS.jsonl,624,be9dae040c48c5c7fe4b9872144af386536bcc611eab07edee76d5348a5635f3,1,MineSim_正式交接配套包_20260919_R1.zip!sources/H18_历史交接与证据原包.zip!MineSim_正式交接包_20260918_停工版V1/evidence/E07/双车标准化岭回归复核.zip!MineSim_双车标准化8折结果与决策诊断/original/PROGRESS.jsonl,
MineSim_正式交接配套包_20260919_R1/sources/H18_历史交接与证据原包/MineSim_正式交接包_20260918_停工版V1/evidence/E07/双车标准化岭回归复核/MineSim_双车标准化8折结果与决策诊断/original/RELEASE_BINDING.json,91,8cb7e63c03b796cc7fa84be489361c2de3143cecd3eb66d2106cfd46b439961f,1,MineSim_正式交接配套包_20260919_R1.zip!sources/H18_历史交接与证据原包.zip!MineSim_正式交接包_20260918_停工版V1/evidence/E07/双车标准化岭回归复核.zip!MineSim_双车标准化8折结果与决策诊断/original/RELEASE_BINDING.json,
MineSim_正式交接配套包_20260919_R1/sources/H18_历史交接与证据原包/MineSim_正式交接包_20260918_停工版V1/evidence/E07/双车标准化岭回归复核/MineSim_双车标准化8折结果与决策诊断/original/RESOURCES.json,336,3989dc53bd01f3ee3144594965392112a2fb8cb1908c752bd70029bec6e66d8f,1,MineSim_正式交接配套包_20260919_R1.zip!sources/H18_历史交接与证据原包.zip!MineSim_正式交接包_20260918_停工版V1/evidence/E07/双车标准化岭回归复核.zip!MineSim_双车标准化8折结果与决策诊断/original/RESOURCES.json,
MineSim_正式交接配套包_20260919_R1/sources/H18_历史交接与证据原包/MineSim_正式交接包_20260918_停工版V1/evidence/E07/双车标准化岭回归复核/MineSim_双车标准化8折结果与决策诊断/original/RESULT.json,1384,9960c193fa1e56afdafca2a12e63097d5987ed15b971a7da9d84bd8e57124c06,1,MineSim_正式交接配套包_20260919_R1.zip!sources/H18_历史交接与证据原包.zip!MineSim_正式交接包_20260918_停工版V1/evidence/E07/双车标准化岭回归复核.zip!MineSim_双车标准化8折结果与决策诊断/original/RESULT.json,
MineSim_正式交接配套包_20260919_R1/sources/H18_历史交接与证据原包/MineSim_正式交接包_20260918_停工版V1/evidence/E07/双车标准化岭回归复核/MineSim_双车标准化8折结果与决策诊断/original/START.json,214,1a12f510e804954cd31b7e06f40df17d95479bfc233329e803b02fdfebcd78c5,1,MineSim_正式交接配套包_20260919_R1.zip!sources/H18_历史交接与证据原包.zip!MineSim_正式交接包_20260918_停工版V1/evidence/E07/双车标准化岭回归复核.zip!MineSim_双车标准化8折结果与决策诊断/original/START.json,
MineSim_正式交接配套包_20260919_R1/sources/H18_历史交接与证据原包/MineSim_正式交接包_20260918_停工版V1/evidence/E07/双车标准化岭回归复核/MineSim_双车标准化8折结果与决策诊断/original/TIMING.json,100,9b5aa92ed3e568ba0dd0ecf112706856d80eb76c8d6660240be1b3ddf1d1d166,1,MineSim_正式交接配套包_20260919_R1.zip!sources/H18_历史交接与证据原包.zip!MineSim_正式交接包_20260918_停工版V1/evidence/E07/双车标准化岭回归复核.zip!MineSim_双车标准化8折结果与决策诊断/original/TIMING.json,
MineSim_正式交接配套包_20260919_R1/sources/H18_历史交接与证据原包/MineSim_正式交接包_20260918_停工版V1/evidence/E07/双车标准化岭回归复核/MineSim_双车标准化8折结果与决策诊断/original/fits/fold00/FIT_START.json,859,7833fbec2405ef231d1910a903a3cefddb1c4e8247ea3bb70c06780996a78b05,1,MineSim_正式交接配套包_20260919_R1.zip!sources/H18_历史交接与证据原包.zip!MineSim_正式交接包_20260918_停工版V1/evidence/E07/双车标准化岭回归复核.zip!MineSim_双车标准化8折结果与决策诊断/original/fits/fold00/FIT_START.json,
MineSim_正式交接配套包_20260919_R1/sources/H18_历史交接与证据原包/MineSim_正式交接包_20260918_停工版V1/evidence/E07/双车标准化岭回归复核/MineSim_双车标准化8折结果与决策诊断/original/fits/fold00/MODEL.json,4155,0381fa29fc6612adbb9ec8118fbb818c52fffffd9a8675777f03846e56242171,1,MineSim_正式交接配套包_20260919_R1.zip!sources/H18_历史交接与证据原包.zip!MineSim_正式交接包_20260918_停工版V1/evidence/E07/双车标准化岭回归复核.zip!MineSim_双车标准化8折结果与决策诊断/original/fits/fold00/MODEL.json,
MineSim_正式交接配套包_20260919_R1/sources/H18_历史交接与证据原包/MineSim_正式交接包_20260918_停工版V1/evidence/E07/双车标准化岭回归复核/MineSim_双车标准化8折结果与决策诊断/original/fits/fold00/RESULT.json,1447,7750fddd36d2d7cb09ef41ad7b8beade7ab484c2f1f20e4363457c5fbf89461c,1,MineSim_正式交接配套包_20260919_R1.zip!sources/H18_历史交接与证据原包.zip!MineSim_正式交接包_20260918_停工版V1/evidence/E07/双车标准化岭回归复核.zip!MineSim_双车标准化8折结果与决策诊断/original/fits/fold00/RESULT.json,
MineSim_正式交接配套包_20260919_R1/sources/H18_历史交接与证据原包/MineSim_正式交接包_20260918_停工版V1/evidence/E07/双车标准化岭回归复核/MineSim_双车标准化8折结果与决策诊断/original/fits/fold01/FIT_START.json,859,e2b7b94ea7bbb4ca0590506f53a875e3c3ed3e1b6542eafa5ad566f3a70199ea,1,MineSim_正式交接配套包_20260919_R1.zip!sources/H18_历史交接与证据原包.zip!MineSim_正式交接包_20260918_停工版V1/evidence/E07/双车标准化岭回归复核.zip!MineSim_双车标准化8折结果与决策诊断/original/fits/fold01/FIT_START.json,
MineSim_正式交接配套包_20260919_R1/sources/H18_历史交接与证据原包/MineSim_正式交接包_20260918_停工版V1/evidence/E07/双车标准化岭回归复核/MineSim_双车标准化8折结果与决策诊断/original/fits/fold01/MODEL.json,4163,515b2af813689457151a6745ff399ff1804903e9070eef8f04c8f2358c35f1b5,1,MineSim_正式交接配套包_20260919_R1.zip!sources/H18_历史交接与证据原包.zip!MineSim_正式交接包_20260918_停工版V1/evidence/E07/双车标准化岭回归复核.zip!MineSim_双车标准化8折结果与决策诊断/original/fits/fold01/MODEL.json,
MineSim_正式交接配套包_20260919_R1/sources/H18_历史交接与证据原包/MineSim_正式交接包_20260918_停工版V1/evidence/E07/双车标准化岭回归复核/MineSim_双车标准化8折结果与决策诊断/original/fits/fold01/RESULT.json,1431,7f54f14481a1b8d89e18f0116d14fcffb8b49965af13be8e288ba4b838189069,1,MineSim_正式交接配套包_20260919_R1.zip!sources/H18_历史交接与证据原包.zip!MineSim_正式交接包_20260918_停工版V1/evidence/E07/双车标准化岭回归复核.zip!MineSim_双车标准化8折结果与决策诊断/original/fits/fold01/RESULT.json,
MineSim_正式交接配套包_20260919_R1/sources/H18_历史交接与证据原包/MineSim_正式交接包_20260918_停工版V1/evidence/E07/双车标准化岭回归复核/MineSim_双车标准化8折结果与决策诊断/original/fits/fold02/FIT_START.json,859,c8164d3cf069b5ddcffaada8a0acf80bc38559fdece96732d63780e65c02b44f,1,MineSim_正式交接配套包_20260919_R1.zip!sources/H18_历史交接与证据原包.zip!MineSim_正式交接包_20260918_停工版V1/evidence/E07/双车标准化岭回归复核.zip!MineSim_双车标准化8折结果与决策诊断/original/fits/fold02/FIT_START.json,
MineSim_正式交接配套包_20260919_R1/sources/H18_历史交接与证据原包/MineSim_正式交接包_20260918_停工版V1/evidence/E07/双车标准化岭回归复核/MineSim_双车标准化8折结果与决策诊断/original/fits/fold02/MODEL.json,3997,3e817e874a1cb1e64d7ec49d4c9f92a49219adfb999481ab4267dc332b0a6595,1,MineSim_正式交接配套包_20260919_R1.zip!sources/H18_历史交接与证据原包.zip!MineSim_正式交接包_20260918_停工版V1/evidence/E07/双车标准化岭回归复核.zip!MineSim_双车标准化8折结果与决策诊断/original/fits/fold02/MODEL.json,
MineSim_正式交接配套包_20260919_R1/sources/H18_历史交接与证据原包/MineSim_正式交接包_20260918_停工版V1/evidence/E07/双车标准化岭回归复核/MineSim_双车标准化8折结果与决策诊断/original/fits/fold02/RESULT.json,1414,f26946991673e3241e4df4e7419e80e4be61176e546ceee9a7aac6b19ad02508,1,MineSim_正式交接配套包_20260919_R1.zip!sources/H18_历史交接与证据原包.zip!MineSim_正式交接包_20260918_停工版V1/evidence/E07/双车标准化岭回归复核.zip!MineSim_双车标准化8折结果与决策诊断/original/fits/fold02/RESULT.json,
MineSim_正式交接配套包_20260919_R1/sources/H18_历史交接与证据原包/MineSim_正式交接包_20260918_停工版V1/evidence/E07/双车标准化岭回归复核/MineSim_双车标准化8折结果与决策诊断/original/fits/fold03/FIT_START.json,859,66d8d17a108ba8cb67251b4f80a1deefb8872143ab325439cd94fb9345612226,1,MineSim_正式交接配套包_20260919_R1.zip!sources/H18_历史交接与证据原包.zip!MineSim_正式交接包_20260918_停工版V1/evidence/E07/双车标准化岭回归复核.zip!MineSim_双车标准化8折结果与决策诊断/original/fits/fold03/FIT_START.json,
MineSim_正式交接配套包_20260919_R1/sources/H18_历史交接与证据原包/MineSim_正式交接包_20260918_停工版V1/evidence/E07/双车标准化岭回归复核/MineSim_双车标准化8折结果与决策诊断/original/fits/fold03/MODEL.json,4145,85289522288669c9ad39deab6f0da03e67aa64081025b11eb4c41d67202d4179,1,MineSim_正式交接配套包_20260919_R1.zip!sources/H18_历史交接与证据原包.zip!MineSim_正式交接包_20260918_停工版V1/evidence/E07/双车标准化岭回归复核.zip!MineSim_双车标准化8折结果与决策诊断/original/fits/fold03/MODEL.json,
MineSim_正式交接配套包_20260919_R1/sources/H18_历史交接与证据原包/MineSim_正式交接包_20260918_停工版V1/evidence/E07/双车标准化岭回归复核/MineSim_双车标准化8折结果与决策诊断/original/fits/fold03/RESULT.json,1388,642f0a67aeed0e18f9ba4f44fddc63f7df4768a49ccc356e7e47d27dae1f9d4d,1,MineSim_正式交接配套包_20260919_R1.zip!sources/H18_历史交接与证据原包.zip!MineSim_正式交接包_20260918_停工版V1/evidence/E07/双车标准化岭回归复核.zip!MineSim_双车标准化8折结果与决策诊断/original/fits/fold03/RESULT.json,
MineSim_正式交接配套包_20260919_R1/sources/H18_历史交接与证据原包/MineSim_正式交接包_20260918_停工版V1/evidence/E07/双车标准化岭回归复核/MineSim_双车标准化8折结果与决策诊断/original/fits/fold04/FIT_START.json,859,367d12859f7073f1aa47251f6af05acbaf0be5fe58de6c90b7930c6f09d2dbb7,1,MineSim_正式交接配套包_20260919_R1.zip!sources/H18_历史交接与证据原包.zip!MineSim_正式交接包_20260918_停工版V1/evidence/E07/双车标准化岭回归复核.zip!MineSim_双车标准化8折结果与决策诊断/original/fits/fold04/FIT_START.json,
MineSim_正式交接配套包_20260919_R1/sources/H18_历史交接与证据原包/MineSim_正式交接包_20260918_停工版V1/evidence/E07/双车标准化岭回归复核/MineSim_双车标准化8折结果与决策诊断/original/fits/fold04/MODEL.json,4134,cbd7eb8217a96d61a7833770fc8c23bc63263e203cdf86b74297db216891fde2,1,MineSim_正式交接配套包_20260919_R1.zip!sources/H18_历史交接与证据原包.zip!MineSim_正式交接包_20260918_停工版V1/evidence/E07/双车标准化岭回归复核.zip!MineSim_双车标准化8折结果与决策诊断/original/fits/fold04/MODEL.json,
MineSim_正式交接配套包_20260919_R1/sources/H18_历史交接与证据原包/MineSim_正式交接包_20260918_停工版V1/evidence/E07/双车标准化岭回归复核/MineSim_双车标准化8折结果与决策诊断/original/fits/fold04/RESULT.json,1443,6291b60bcaeb70fbb20e641a5bd7f01dbce2659a3085d56f18ee24f21ee00789,1,MineSim_正式交接配套包_20260919_R1.zip!sources/H18_历史交接与证据原包.zip!MineSim_正式交接包_20260918_停工版V1/evidence/E07/双车标准化岭回归复核.zip!MineSim_双车标准化8折结果与决策诊断/original/fits/fold04/RESULT.json,
MineSim_正式交接配套包_20260919_R1/sources/H18_历史交接与证据原包/MineSim_正式交接包_20260918_停工版V1/evidence/E07/双车标准化岭回归复核/MineSim_双车标准化8折结果与决策诊断/original/fits/fold05/FIT_START.json,859,4d6cf536b01718d955839b27a6e5ea63a12e0e29e8458aa7491e03287f303dfd,1,MineSim_正式交接配套包_20260919_R1.zip!sources/H18_历史交接与证据原包.zip!MineSim_正式交接包_20260918_停工版V1/evidence/E07/双车标准化岭回归复核.zip!MineSim_双车标准化8折结果与决策诊断/original/fits/fold05/FIT_START.json,
MineSim_正式交接配套包_20260919_R1/sources/H18_历史交接与证据原包/MineSim_正式交接包_20260918_停工版V1/evidence/E07/双车标准化岭回归复核/MineSim_双车标准化8折结果与决策诊断/original/fits/fold05/MODEL.json,4135,5b1fe5ad0428b86861237fa88e2b8e8945a23f76757cf4e3ed4f6651a790ca47,1,MineSim_正式交接配套包_20260919_R1.zip!sources/H18_历史交接与证据原包.zip!MineSim_正式交接包_20260918_停工版V1/evidence/E07/双车标准化岭回归复核.zip!MineSim_双车标准化8折结果与决策诊断/original/fits/fold05/MODEL.json,
MineSim_正式交接配套包_20260919_R1/sources/H18_历史交接与证据原包/MineSim_正式交接包_20260918_停工版V1/evidence/E07/双车标准化岭回归复核/MineSim_双车标准化8折结果与决策诊断/original/fits/fold05/RESULT.json,1443,34e237dd92fcd8d7f8c4fd434cef4b4a9832990421d71ed08af6ff2c0673194f,1,MineSim_正式交接配套包_20260919_R1.zip!sources/H18_历史交接与证据原包.zip!MineSim_正式交接包_20260918_停工版V1/evidence/E07/双车标准化岭回归复核.zip!MineSim_双车标准化8折结果与决策诊断/original/fits/fold05/RESULT.json,
MineSim_正式交接配套包_20260919_R1/sources/H18_历史交接与证据原包/MineSim_正式交接包_20260918_停工版V1/evidence/E07/双车标准化岭回归复核/MineSim_双车标准化8折结果与决策诊断/original/fits/fold06/FIT_START.json,859,733db2455040ba0360566e09b64963f2461525f3cab2de6a8584d3893d59b6c4,1,MineSim_正式交接配套包_20260919_R1.zip!sources/H18_历史交接与证据原包.zip!MineSim_正式交接包_20260918_停工版V1/evidence/E07/双车标准化岭回归复核.zip!MineSim_双车标准化8折结果与决策诊断/original/fits/fold06/FIT_START.json,
MineSim_正式交接配套包_20260919_R1/sources/H18_历史交接与证据原包/MineSim_正式交接包_20260918_停工版V1/evidence/E07/双车标准化岭回归复核/MineSim_双车标准化8折结果与决策诊断/original/fits/fold06/MODEL.json,4123,289a7379eb7749c94a7bc55965d26e916dafbd4ae3eb2cb8bc34efcdc0929534,1,MineSim_正式交接配套包_20260919_R1.zip!sources/H18_历史交接与证据原包.zip!MineSim_正式交接包_20260918_停工版V1/evidence/E07/双车标准化岭回归复核.zip!MineSim_双车标准化8折结果与决策诊断/original/fits/fold06/MODEL.json,
MineSim_正式交接配套包_20260919_R1/sources/H18_历史交接与证据原包/MineSim_正式交接包_20260918_停工版V1/evidence/E07/双车标准化岭回归复核/MineSim_双车标准化8折结果与决策诊断/original/fits/fold06/RESULT.json,1405,1f7e21aea90f1ce8e635698b6dc1bb2d714f22abdbbc7ebb53928b8054f04b3c,1,MineSim_正式交接配套包_20260919_R1.zip!sources/H18_历史交接与证据原包.zip!MineSim_正式交接包_20260918_停工版V1/evidence/E07/双车标准化岭回归复核.zip!MineSim_双车标准化8折结果与决策诊断/original/fits/fold06/RESULT.json,
MineSim_正式交接配套包_20260919_R1/sources/H18_历史交接与证据原包/MineSim_正式交接包_20260918_停工版V1/evidence/E07/双车标准化岭回归复核/MineSim_双车标准化8折结果与决策诊断/original/fits/fold07/FIT_START.json,859,91951960b4c03418da0fd8e0f9c3eb6a3966c7516fdaebcab1f63ec1634e6c9d,1,MineSim_正式交接配套包_20260919_R1.zip!sources/H18_历史交接与证据原包.zip!MineSim_正式交接包_20260918_停工版V1/evidence/E07/双车标准化岭回归复核.zip!MineSim_双车标准化8折结果与决策诊断/original/fits/fold07/FIT_START.json,
MineSim_正式交接配套包_20260919_R1/sources/H18_历史交接与证据原包/MineSim_正式交接包_20260918_停工版V1/evidence/E07/双车标准化岭回归复核/MineSim_双车标准化8折结果与决策诊断/original/fits/fold07/MODEL.json,4151,12c48a60d210a9c28f9929a5eaa1e711b4f248775f7beb8e4f5d7f6c2d3905c2,1,MineSim_正式交接配套包_20260919_R1.zip!sources/H18_历史交接与证据原包.zip!MineSim_正式交接包_20260918_停工版V1/evidence/E07/双车标准化岭回归复核.zip!MineSim_双车标准化8折结果与决策诊断/original/fits/fold07/MODEL.json,
MineSim_正式交接配套包_20260919_R1/sources/H18_历史交接与证据原包/MineSim_正式交接包_20260918_停工版V1/evidence/E07/双车标准化岭回归复核/MineSim_双车标准化8折结果与决策诊断/original/fits/fold07/RESULT.json,1408,2b2877e962052579e2636a488448685aadd119bebe1484e6f5ada4656b08b330,1,MineSim_正式交接配套包_20260919_R1.zip!sources/H18_历史交接与证据原包.zip!MineSim_正式交接包_20260918_停工版V1/evidence/E07/双车标准化岭回归复核.zip!MineSim_双车标准化8折结果与决策诊断/original/fits/fold07/RESULT.json,
MineSim_正式交接配套包_20260919_R1/sources/H18_历史交接与证据原包/MineSim_正式交接包_20260918_停工版V1/evidence/E07/双车标准化岭回归复核/MineSim_双车标准化8折结果与决策诊断/original/sources/FEATURE36_MATRIX_AND_AUDIT.json,61115,270f86a2a41f187162c077f42c85b8114d6a8cfdc338cdad7e81c5b3363b09ef,1,MineSim_正式交接配套包_20260919_R1.zip!sources/H18_历史交接与证据原包.zip!MineSim_正式交接包_20260918_停工版V1/evidence/E07/双车标准化岭回归复核.zip!MineSim_双车标准化8折结果与决策诊断/original/sources/FEATURE36_MATRIX_AND_AUDIT.json,
MineSim_正式交接配套包_20260919_R1/sources/H18_历史交接与证据原包/MineSim_正式交接包_20260918_停工版V1/evidence/E07/双车标准化岭回归复核/MineSim_双车标准化8折结果与决策诊断/original/sources/MANIFEST.json,434870,db740be6f83f862d4f6d52f332d2adca21ed12a14f8ffe30656db042d6fa5f3b,1,MineSim_正式交接配套包_20260919_R1.zip!sources/H18_历史交接与证据原包.zip!MineSim_正式交接包_20260918_停工版V1/evidence/E07/双车标准化岭回归复核.zip!MineSim_双车标准化8折结果与决策诊断/original/sources/MANIFEST.json,
MineSim_正式交接配套包_20260919_R1/sources/H18_历史交接与证据原包/MineSim_正式交接包_20260918_停工版V1/evidence/E07/双车标准化岭回归复核/MineSim_双车标准化8折结果与决策诊断/original/sources/OUTER_INNER_SPLIT_PLAN.json,53304,5d726f4314ef2b163ef81ccf47cca4538ead38e5d1e16eeb8d392a2012a24ba6,1,MineSim_正式交接配套包_20260919_R1.zip!sources/H18_历史交接与证据原包.zip!MineSim_正式交接包_20260918_停工版V1/evidence/E07/双车标准化岭回归复核.zip!MineSim_双车标准化8折结果与决策诊断/original/sources/OUTER_INNER_SPLIT_PLAN.json,
MineSim_正式交接配套包_20260919_R1/sources/H18_历史交接与证据原包/MineSim_正式交接包_20260918_停工版V1/evidence/E08/双动作偏好与论文机制对照/original/EXECUTION_PROTOCOL.json,5449,27349094a34ad713132930ad083ee684c0ac12ec9faa06b111bc6f823163048b,1,MineSim_正式交接配套包_20260919_R1.zip!sources/H18_历史交接与证据原包.zip!MineSim_正式交接包_20260918_停工版V1/evidence/E08/双动作偏好与论文机制对照.zip!original/EXECUTION_PROTOCOL.json,
MineSim_正式交接配套包_20260919_R1/sources/H18_历史交接与证据原包/MineSim_正式交接包_20260918_停工版V1/evidence/E08/双动作偏好与论文机制对照/original/METRICS.json,2992,2071dbf6e454225ff7010f5cf17a67f19f82cda6de9b7bf6267ac7bae4d914e9,1,MineSim_正式交接配套包_20260919_R1.zip!sources/H18_历史交接与证据原包.zip!MineSim_正式交接包_20260918_停工版V1/evidence/E08/双动作偏好与论文机制对照.zip!original/METRICS.json,
MineSim_正式交接配套包_20260919_R1/sources/H18_历史交接与证据原包/MineSim_正式交接包_20260918_停工版V1/evidence/E08/双动作偏好与论文机制对照/original/PREDICTIONS.json,22672,1d7638815dd53625c563e334319174e934e6e3249d7f2d71e6979d55747b3066,1,MineSim_正式交接配套包_20260919_R1.zip!sources/H18_历史交接与证据原包.zip!MineSim_正式交接包_20260918_停工版V1/evidence/E08/双动作偏好与论文机制对照.zip!original/PREDICTIONS.json,
MineSim_正式交接配套包_20260919_R1/sources/H18_历史交接与证据原包/MineSim_正式交接包_20260918_停工版V1/evidence/E08/双动作偏好与论文机制对照/original/READBACK.json,129,f9d0f716c6ac71987f322c1a3cbcaff730be86bc2596b51374f90810fdc97425,1,MineSim_正式交接配套包_20260919_R1.zip!sources/H18_历史交接与证据原包.zip!MineSim_正式交接包_20260918_停工版V1/evidence/E08/双动作偏好与论文机制对照.zip!original/READBACK.json,
MineSim_正式交接配套包_20260919_R1/sources/H18_历史交接与证据原包/MineSim_正式交接包_20260918_停工版V1/evidence/E08/双动作偏好与论文机制对照/original/RESULT.json,3752,588d3b745963276d939c596f467e28ca8b762974019af520fc25d2c68a155692,1,MineSim_正式交接配套包_20260919_R1.zip!sources/H18_历史交接与证据原包.zip!MineSim_正式交接包_20260918_停工版V1/evidence/E08/双动作偏好与论文机制对照.zip!original/RESULT.json,
MineSim_正式交接配套包_20260919_R1/sources/H18_历史交接与证据原包/MineSim_正式交接包_20260918_停工版V1/evidence/E08/双动作偏好与论文机制对照/original/TIMING.json,98,18160d0325010611beb3f19f017a5b9b6b2cabf0dca249a2893da233ee5ed65e,1,MineSim_正式交接配套包_20260919_R1.zip!sources/H18_历史交接与证据原包.zip!MineSim_正式交接包_20260918_停工版V1/evidence/E08/双动作偏好与论文机制对照.zip!original/TIMING.json,
MineSim_正式交接配套包_20260919_R1/sources/H18_历史交接与证据原包/MineSim_正式交接包_20260918_停工版V1/evidence/E08/双动作偏好与论文机制对照/original/release/preference_core.py,7401,c4588a69b77d8166c7914f8a7190fa5186d8f87cbf68ccd2b66378019181bde7,1,MineSim_正式交接配套包_20260919_R1.zip!sources/H18_历史交接与证据原包.zip!MineSim_正式交接包_20260918_停工版V1/evidence/E08/双动作偏好与论文机制对照.zip!original/release/preference_core.py,
MineSim_正式交接配套包_20260919_R1/sources/H18_历史交接与证据原包/MineSim_正式交接包_20260918_停工版V1/evidence/E08/双动作偏好与论文机制对照/review/REPORT.md,9473,4dd3dcbaadf170bf45888a4f90b0e32a910ad58c11b7d76b95e5c2f3f4b0f903,1,MineSim_正式交接配套包_20260919_R1.zip!sources/H18_历史交接与证据原包.zip!MineSim_正式交接包_20260918_停工版V1/evidence/E08/双动作偏好与论文机制对照.zip!review/REPORT.md,
MineSim_正式交接配套包_20260919_R1/sources/H18_历史交接与证据原包/MineSim_正式交接包_20260918_停工版V1/evidence/E08/双动作偏好与论文机制对照/review/analysis/CURRENT_REVIEW_STATE.json,467,4500ea1009cdaf02a31e8e4e05a96e7436d06911ba66631aa87fc0c609e217eb,1,MineSim_正式交接配套包_20260919_R1.zip!sources/H18_历史交接与证据原包.zip!MineSim_正式交接包_20260918_停工版V1/evidence/E08/双动作偏好与论文机制对照.zip!review/analysis/CURRENT_REVIEW_STATE.json,
MineSim_正式交接配套包_20260919_R1/sources/H18_历史交接与证据原包/MineSim_正式交接包_20260918_停工版V1/evidence/E08/双动作偏好与论文机制对照/review/analysis/HELD_STATE_DETAIL.tsv,2996,7c689acb97b9a5f68c038222e9d7e9d4be0ca61412a28c7385f6de8b607232bf,1,MineSim_正式交接配套包_20260919_R1.zip!sources/H18_历史交接与证据原包.zip!MineSim_正式交接包_20260918_停工版V1/evidence/E08/双动作偏好与论文机制对照.zip!review/analysis/HELD_STATE_DETAIL.tsv,
MineSim_正式交接配套包_20260919_R1/sources/H18_历史交接与证据原包/MineSim_正式交接包_20260918_停工版V1/evidence/E08/双动作偏好与论文机制对照/review/analysis/PAPER_SOURCE_INVENTORY.json,1400,ac4499d0c7c6f9e0fae078d1a7246d5767053d5f570d22b30897ef5cb4b5dc3e,1,MineSim_正式交接配套包_20260919_R1.zip!sources/H18_历史交接与证据原包.zip!MineSim_正式交接包_20260918_停工版V1/evidence/E08/双动作偏好与论文机制对照.zip!review/analysis/PAPER_SOURCE_INVENTORY.json,
MineSim_正式交接配套包_20260919_R1/sources/H18_历史交接与证据原包/MineSim_正式交接包_20260918_停工版V1/evidence/E08/双动作偏好与论文机制对照/review/analysis/REVIEW.json,7458,eaf53c9afdb3f0e941a3f58f5f5adb82d8dcd4a6b76019d5a9077f0e185c9f32,1,MineSim_正式交接配套包_20260919_R1.zip!sources/H18_历史交接与证据原包.zip!MineSim_正式交接包_20260918_停工版V1/evidence/E08/双动作偏好与论文机制对照.zip!review/analysis/REVIEW.json,
MineSim_正式交接配套包_20260919_R1/sources/H18_历史交接与证据原包/MineSim_正式交接包_20260918_停工版V1/evidence/E09/树观察复核及旧缓存提案/PACKAGE_MANIFEST.json,3567,91d340c0e13decbbaf34412c5a18b2e4916c8ed09cce61be15e1b0c33d5124aa,1,MineSim_正式交接配套包_20260919_R1.zip!sources/H18_历史交接与证据原包.zip!MineSim_正式交接包_20260918_停工版V1/evidence/E09/树观察复核及旧缓存提案.zip!PACKAGE_MANIFEST.json,
MineSim_正式交接配套包_20260919_R1/sources/H18_历史交接与证据原包/MineSim_正式交接包_20260918_停工版V1/evidence/E09/树观察复核及旧缓存提案/next_proposal/CURRENT_STATE.json,563,8a518c882d59d879bcc77d703c3279063f0536794aef3ee8741b312d9a0756a2,1,MineSim_正式交接配套包_20260919_R1.zip!sources/H18_历史交接与证据原包.zip!MineSim_正式交接包_20260918_停工版V1/evidence/E09/树观察复核及旧缓存提案.zip!next_proposal/CURRENT_STATE.json,
MineSim_正式交接配套包_20260919_R1/sources/H18_历史交接与证据原包/MineSim_正式交接包_20260918_停工版V1/evidence/E09/树观察复核及旧缓存提案/next_proposal/GATE_FLOW_TEST_RESULT.json,567,9e482235002ee71f639418f20577f578680f3e04a05dc1c069f8cf06755ab016,1,MineSim_正式交接配套包_20260919_R1.zip!sources/H18_历史交接与证据原包.zip!MineSim_正式交接包_20260918_停工版V1/evidence/E09/树观察复核及旧缓存提案.zip!next_proposal/GATE_FLOW_TEST_RESULT.json,
MineSim_正式交接配套包_20260919_R1/sources/H18_历史交接与证据原包/MineSim_正式交接包_20260918_停工版V1/evidence/E09/树观察复核及旧缓存提案/next_proposal/LAUNCHER_TESTS.json,327,34373541a7dea70013ea00cf44733c784a6ac52eefaa8c79adf4e767dd520d8c,1,MineSim_正式交接配套包_20260919_R1.zip!sources/H18_历史交接与证据原包.zip!MineSim_正式交接包_20260918_停工版V1/evidence/E09/树观察复核及旧缓存提案.zip!next_proposal/LAUNCHER_TESTS.json,
MineSim_正式交接配套包_20260919_R1/sources/H18_历史交接与证据原包/MineSim_正式交接包_20260918_停工版V1/evidence/E09/树观察复核及旧缓存提案/next_proposal/README.md,2534,4729f8d529054f0800b86bff764bbeb85e5e132dd80b7a6d8de90e6ed93c8638,1,MineSim_正式交接配套包_20260919_R1.zip!sources/H18_历史交接与证据原包.zip!MineSim_正式交接包_20260918_停工版V1/evidence/E09/树观察复核及旧缓存提案.zip!next_proposal/README.md,
MineSim_正式交接配套包_20260919_R1/sources/H18_历史交接与证据原包/MineSim_正式交接包_20260918_停工版V1/evidence/E09/树观察复核及旧缓存提案/next_proposal/SAVED_STATE_REPORT_TEST.json,1902,8fbb3d142309d5bb50590d54fe677183023cc71eddacb852fff324902ae4052b,1,MineSim_正式交接配套包_20260919_R1.zip!sources/H18_历史交接与证据原包.zip!MineSim_正式交接包_20260918_停工版V1/evidence/E09/树观察复核及旧缓存提案.zip!next_proposal/SAVED_STATE_REPORT_TEST.json,
MineSim_正式交接配套包_20260919_R1/sources/H18_历史交接与证据原包/MineSim_正式交接包_20260918_停工版V1/evidence/E09/树观察复核及旧缓存提案/next_proposal/UNIT_TEST_LOG.txt,2071,05aca0bffe5e62c26736345d2db6c0ec7d23ce74d1fd017ad48a5d77d4c04e66,1,MineSim_正式交接配套包_20260919_R1.zip!sources/H18_历史交接与证据原包.zip!MineSim_正式交接包_20260918_停工版V1/evidence/E09/树观察复核及旧缓存提案.zip!next_proposal/UNIT_TEST_LOG.txt,
MineSim_正式交接配套包_20260919_R1/sources/H18_历史交接与证据原包/MineSim_正式交接包_20260918_停工版V1/evidence/E09/树观察复核及旧缓存提案/next_proposal/UNIT_TEST_RESULT.json,124,3629db620ec94e24b6860d12035e247503235420bee1e40c37c2c37aa86f83a1,1,MineSim_正式交接配套包_20260919_R1.zip!sources/H18_历史交接与证据原包.zip!MineSim_正式交接包_20260918_停工版V1/evidence/E09/树观察复核及旧缓存提案.zip!next_proposal/UNIT_TEST_RESULT.json,
MineSim_正式交接配套包_20260919_R1/sources/H18_历史交接与证据原包/MineSim_正式交接包_20260918_停工版V1/evidence/E09/树观察复核及旧缓存提案/next_proposal/gate_changes.diff,4989,e63afcdae944672f5bb6b4cf10b2270c4f49e10ae17e2935bf961800a940c6b1,1,MineSim_正式交接配套包_20260919_R1.zip!sources/H18_历史交接与证据原包.zip!MineSim_正式交接包_20260918_停工版V1/evidence/E09/树观察复核及旧缓存提案.zip!next_proposal/gate_changes.diff,
MineSim_正式交接配套包_20260919_R1/sources/H18_历史交接与证据原包/MineSim_正式交接包_20260918_停工版V1/evidence/E09/树观察复核及旧缓存提案/next_proposal/release/PROTOCOL.json,1539,402a5ab5818e4059e065072408080d1284047f4a2efe5d48e9474ff02db2cec5,3,MineSim_正式交接配套包_20260919_R1.zip!sources/H18_历史交接与证据原包.zip!MineSim_正式交接包_20260918_停工版V1/evidence/E09/树观察复核及旧缓存提案.zip!next_proposal/release/PROTOCOL.json,MineSim_正式交接配套包_20260919_R1.zip!sources/H18_历史交接与证据原包.zip!MineSim_正式交接包_20260918_停工版V1/evidence/E10/动作报告缓存复核.zip!raw/minesim_dual_reportcache_v1/release/PROTOCOL.json || MineSim_正式交接配套包_20260919_R1.zip!sources/H18_历史交接与证据原包.zip!MineSim_正式交接包_20260918_停工版V1/evidence/E09/树观察复核及旧缓存提案.zip!next_proposal/release_payload.zip!PROTOCOL.json
MineSim_正式交接配套包_20260919_R1/sources/H18_历史交接与证据原包/MineSim_正式交接包_20260918_停工版V1/evidence/E09/树观察复核及旧缓存提案/next_proposal/release/RELEASE_MANIFEST.json,633,c62928be58969467e5d794a7a4501c447b9697ee8b8f80f75396b848be0ac0eb,3,MineSim_正式交接配套包_20260919_R1.zip!sources/H18_历史交接与证据原包.zip!MineSim_正式交接包_20260918_停工版V1/evidence/E09/树观察复核及旧缓存提案.zip!next_proposal/release/RELEASE_MANIFEST.json,MineSim_正式交接配套包_20260919_R1.zip!sources/H18_历史交接与证据原包.zip!MineSim_正式交接包_20260918_停工版V1/evidence/E10/动作报告缓存复核.zip!raw/minesim_dual_reportcache_v1/release/RELEASE_MANIFEST.json || MineSim_正式交接配套包_20260919_R1.zip!sources/H18_历史交接与证据原包.zip!MineSim_正式交接包_20260918_停工版V1/evidence/E09/树观察复核及旧缓存提案.zip!next_proposal/release_payload.zip!RELEASE_MANIFEST.json
MineSim_正式交接配套包_20260919_R1/sources/H18_历史交接与证据原包/MineSim_正式交接包_20260918_停工版V1/evidence/E09/树观察复核及旧缓存提案/next_proposal/release/SOURCE_BINDINGS.json,11733,3a0bd4ad60ed1a9ca2a79be394e0831475443bd3a42fbd36bbd174ed8c64f208,3,MineSim_正式交接配套包_20260919_R1.zip!sources/H18_历史交接与证据原包.zip!MineSim_正式交接包_20260918_停工版V1/evidence/E09/树观察复核及旧缓存提案.zip!next_proposal/release/SOURCE_BINDINGS.json,MineSim_正式交接配套包_20260919_R1.zip!sources/H18_历史交接与证据原包.zip!MineSim_正式交接包_20260918_停工版V1/evidence/E10/动作报告缓存复核.zip!raw/minesim_dual_reportcache_v1/release/SOURCE_BINDINGS.json || MineSim_正式交接配套包_20260919_R1.zip!sources/H18_历史交接与证据原包.zip!MineSim_正式交接包_20260918_停工版V1/evidence/E09/树观察复核及旧缓存提案.zip!next_proposal/release_payload.zip!SOURCE_BINDINGS.json
MineSim_正式交接配套包_20260919_R1/sources/H18_历史交接与证据原包/MineSim_正式交接包_20260918_停工版V1/evidence/E09/树观察复核及旧缓存提案/next_proposal/release/action_cache.py,4139,5e6da3af15306c4e38b4124a0ce1acfb0db4568140ce04ad7c2ad610da5be2b7,3,MineSim_正式交接配套包_20260919_R1.zip!sources/H18_历史交接与证据原包.zip!MineSim_正式交接包_20260918_停工版V1/evidence/E09/树观察复核及旧缓存提案.zip!next_proposal/release/action_cache.py,MineSim_正式交接配套包_20260919_R1.zip!sources/H18_历史交接与证据原包.zip!MineSim_正式交接包_20260918_停工版V1/evidence/E10/动作报告缓存复核.zip!raw/minesim_dual_reportcache_v1/release/action_cache.py || MineSim_正式交接配套包_20260919_R1.zip!sources/H18_历史交接与证据原包.zip!MineSim_正式交接包_20260918_停工版V1/evidence/E09/树观察复核及旧缓存提案.zip!next_proposal/release_payload.zip!action_cache.py
MineSim_正式交接配套包_20260919_R1/sources/H18_历史交接与证据原包/MineSim_正式交接包_20260918_停工版V1/evidence/E09/树观察复核及旧缓存提案/next_proposal/release/experiment.py,9400,dea3dfc5c244befe257afeccf9e420edc4eca09e11a1d83c41388e8219a8e923,3,MineSim_正式交接配套包_20260919_R1.zip!sources/H18_历史交接与证据原包.zip!MineSim_正式交接包_20260918_停工版V1/evidence/E09/树观察复核及旧缓存提案.zip!next_proposal/release/experiment.py,MineSim_正式交接配套包_20260919_R1.zip!sources/H18_历史交接与证据原包.zip!MineSim_正式交接包_20260918_停工版V1/evidence/E10/动作报告缓存复核.zip!raw/minesim_dual_reportcache_v1/release/experiment.py || MineSim_正式交接配套包_20260919_R1.zip!sources/H18_历史交接与证据原包.zip!MineSim_正式交接包_20260918_停工版V1/evidence/E09/树观察复核及旧缓存提案.zip!next_proposal/release_payload.zip!experiment.py
MineSim_正式交接配套包_20260919_R1/sources/H18_历史交接与证据原包/MineSim_正式交接包_20260918_停工版V1/evidence/E09/树观察复核及旧缓存提案/next_proposal/release/gate.py,15315,db5ebbc18264ff3a3c03518d03cfe61508e074b87b07d87dcebb779ca8f95621,3,MineSim_正式交接配套包_20260919_R1.zip!sources/H18_历史交接与证据原包.zip!MineSim_正式交接包_20260918_停工版V1/evidence/E09/树观察复核及旧缓存提案.zip!next_proposal/release/gate.py,MineSim_正式交接配套包_20260919_R1.zip!sources/H18_历史交接与证据原包.zip!MineSim_正式交接包_20260918_停工版V1/evidence/E10/动作报告缓存复核.zip!raw/minesim_dual_reportcache_v1/release/gate.py || MineSim_正式交接配套包_20260919_R1.zip!sources/H18_历史交接与证据原包.zip!MineSim_正式交接包_20260918_停工版V1/evidence/E09/树观察复核及旧缓存提案.zip!next_proposal/release_payload.zip!gate.py
MineSim_正式交接配套包_20260919_R1/sources/H18_历史交接与证据原包/MineSim_正式交接包_20260918_停工版V1/evidence/E09/树观察复核及旧缓存提案/next_proposal/test_cache.py,7349,3ad9f1efaf9381e838f15f1a412eb0ee3bd0febdb50e06de130ba0cca03c1f73,1,MineSim_正式交接配套包_20260919_R1.zip!sources/H18_历史交接与证据原包.zip!MineSim_正式交接包_20260918_停工版V1/evidence/E09/树观察复核及旧缓存提案.zip!next_proposal/test_cache.py,
MineSim_正式交接配套包_20260919_R1/sources/H18_历史交接与证据原包/MineSim_正式交接包_20260918_停工版V1/evidence/E09/树观察复核及旧缓存提案/next_proposal/test_gate_flow.py,3270,3e55f4f3e8011855d64c4ba5e1de35eb76d7bdb93af27ab856154188ab8c7091,1,MineSim_正式交接配套包_20260919_R1.zip!sources/H18_历史交接与证据原包.zip!MineSim_正式交接包_20260918_停工版V1/evidence/E09/树观察复核及旧缓存提案.zip!next_proposal/test_gate_flow.py,
MineSim_正式交接配套包_20260919_R1/sources/H18_历史交接与证据原包/MineSim_正式交接包_20260918_停工版V1/evidence/E09/树观察复核及旧缓存提案/next_proposal/test_saved_state_reports.py,2689,57cec2b37a1e7f9a493813d22a4bab070017a1ed2de0fa213a8843ba06ff271d,1,MineSim_正式交接配套包_20260919_R1.zip!sources/H18_历史交接与证据原包.zip!MineSim_正式交接包_20260918_停工版V1/evidence/E09/树观察复核及旧缓存提案.zip!next_proposal/test_saved_state_reports.py,
MineSim_正式交接配套包_20260919_R1/sources/H18_历史交接与证据原包/MineSim_正式交接包_20260918_停工版V1/evidence/E09/树观察复核及旧缓存提案/original/RESOURCES.json,168,c53d2635784162c5481b5b760ae553ef24999d0edbad80aa01f68798e32e992c,1,MineSim_正式交接配套包_20260919_R1.zip!sources/H18_历史交接与证据原包.zip!MineSim_正式交接包_20260918_停工版V1/evidence/E09/树观察复核及旧缓存提案.zip!original/RESOURCES.json,
MineSim_正式交接配套包_20260919_R1/sources/H18_历史交接与证据原包/MineSim_正式交接包_20260918_停工版V1/evidence/E09/树观察复核及旧缓存提案/original/RESULT.json,1860,612b884bf0fe46cbde3e972e6e170b02c7311e5395e46b2e9353c8655f7308f0,2,MineSim_正式交接配套包_20260919_R1.zip!sources/H18_历史交接与证据原包.zip!MineSim_正式交接包_20260918_停工版V1/evidence/E09/树观察复核及旧缓存提案.zip!original/RESULT.json,MineSim_正式交接配套包_20260919_R1.zip!sources/H18_历史交接与证据原包.zip!MineSim_正式交接包_20260918_停工版V1/evidence/E10/动作报告缓存复核.zip!raw/minesim_dual_reportcache_v1/parent_sources/RESULT.json
MineSim_正式交接配套包_20260919_R1/sources/H18_历史交接与证据原包/MineSim_正式交接包_20260918_停工版V1/evidence/E09/树观察复核及旧缓存提案/original/release/PROTOCOL.json,1353,b0765c6162c3aba6a3dfc6977fb00144cd04d5ed8f95eb1e71f5a15ba42bcc52,2,MineSim_正式交接配套包_20260919_R1.zip!sources/H18_历史交接与证据原包.zip!MineSim_正式交接包_20260918_停工版V1/evidence/E09/树观察复核及旧缓存提案.zip!original/release/PROTOCOL.json,MineSim_正式交接配套包_20260919_R1.zip!sources/H18_历史交接与证据原包.zip!MineSim_正式交接包_20260918_停工版V1/evidence/E10/动作报告缓存复核.zip!raw/minesim_dual_reportcache_v1/parent_sources/release/PROTOCOL.json
MineSim_正式交接配套包_20260919_R1/sources/H18_历史交接与证据原包/MineSim_正式交接包_20260918_停工版V1/evidence/E09/树观察复核及旧缓存提案/review/REPORT.md,3423,7dc7b9e5523278ff7b1e72a3c1df9f80f4b995643cf0396a06d1a6bf145f1fa8,1,MineSim_正式交接配套包_20260919_R1.zip!sources/H18_历史交接与证据原包.zip!MineSim_正式交接包_20260918_停工版V1/evidence/E09/树观察复核及旧缓存提案.zip!review/REPORT.md,
MineSim_正式交接配套包_20260919_R1/sources/H18_历史交接与证据原包/MineSim_正式交接包_20260918_停工版V1/evidence/E09/树观察复核及旧缓存提案/review/REVIEW.json,4722,284574cb64aba671da7412d6a5928589886433dab553ac5653d96f3f69d44199,1,MineSim_正式交接配套包_20260919_R1.zip!sources/H18_历史交接与证据原包.zip!MineSim_正式交接包_20260918_停工版V1/evidence/E09/树观察复核及旧缓存提案.zip!review/REVIEW.json,
MineSim_正式交接配套包_20260919_R1/sources/H18_历史交接与证据原包/MineSim_正式交接包_20260918_停工版V1/evidence/E09/树观察复核及旧缓存提案/review/review.py,7221,cd393d7d813d6379d70b4ccccbe61d88f5a195edd479d81f92ec877d81007226,1,MineSim_正式交接配套包_20260919_R1.zip!sources/H18_历史交接与证据原包.zip!MineSim_正式交接包_20260918_停工版V1/evidence/E09/树观察复核及旧缓存提案.zip!review/review.py,
MineSim_正式交接配套包_20260919_R1/sources/H18_历史交接与证据原包/MineSim_正式交接包_20260918_停工版V1/evidence/E09/树观察复核及旧缓存提案/run_dual_reportcache.sh,23526,837b98b31bc660c6e4ab71cfbe2a46e490d3b1ff2d9dc506ebdff2868196bc73,1,MineSim_正式交接配套包_20260919_R1.zip!sources/H18_历史交接与证据原包.zip!MineSim_正式交接包_20260918_停工版V1/evidence/E09/树观察复核及旧缓存提案.zip!run_dual_reportcache.sh,
MineSim_正式交接配套包_20260919_R1/sources/H18_历史交接与证据原包/MineSim_正式交接包_20260918_停工版V1/evidence/E10/动作报告缓存复核/PACKAGE_MANIFEST.json,22886,dd4851445816441ee5a553ad58b31625aac33b8a20acd78153cb249116a98e2b,1,MineSim_正式交接配套包_20260919_R1.zip!sources/H18_历史交接与证据原包.zip!MineSim_正式交接包_20260918_停工版V1/evidence/E10/动作报告缓存复核.zip!PACKAGE_MANIFEST.json,
MineSim_正式交接配套包_20260919_R1/sources/H18_历史交接与证据原包/MineSim_正式交接包_20260918_停工版V1/evidence/E10/动作报告缓存复核/REPORT.md,4457,91ebad565cdb922e3d7ebdeeb0f1e475c82984f3c8be756c6d95ebec18acd16c,1,MineSim_正式交接配套包_20260919_R1.zip!sources/H18_历史交接与证据原包.zip!MineSim_正式交接包_20260918_停工版V1/evidence/E10/动作报告缓存复核.zip!REPORT.md,
MineSim_正式交接配套包_20260919_R1/sources/H18_历史交接与证据原包/MineSim_正式交接包_20260918_停工版V1/evidence/E10/动作报告缓存复核/SOURCE_NOTES.md,350,5d6ff19369aa02bfc214c41163fac649ab974d2cf6f34dd7567339223f24d7af,1,MineSim_正式交接配套包_20260919_R1.zip!sources/H18_历史交接与证据原包.zip!MineSim_正式交接包_20260918_停工版V1/evidence/E10/动作报告缓存复核.zip!SOURCE_NOTES.md,
MineSim_正式交接配套包_20260919_R1/sources/H18_历史交接与证据原包/MineSim_正式交接包_20260918_停工版V1/evidence/E10/动作报告缓存复核/analysis/REVIEW.json,3920,102707df27454e6627e6596d18b9fdf2edf736aa9d38d8c693a2251bd31b6be6,1,MineSim_正式交接配套包_20260919_R1.zip!sources/H18_历史交接与证据原包.zip!MineSim_正式交接包_20260918_停工版V1/evidence/E10/动作报告缓存复核.zip!analysis/REVIEW.json,
MineSim_正式交接配套包_20260919_R1/sources/H18_历史交接与证据原包/MineSim_正式交接包_20260918_停工版V1/evidence/E10/动作报告缓存复核/next_proposal/CURRENT_STATE.json,1118,29d9f6b82f7ff7251c2f6a30a42b1674303152227d15d86cb2bb2574f184f2bc,1,MineSim_正式交接配套包_20260919_R1.zip!sources/H18_历史交接与证据原包.zip!MineSim_正式交接包_20260918_停工版V1/evidence/E10/动作报告缓存复核.zip!next_proposal/CURRENT_STATE.json,
MineSim_正式交接配套包_20260919_R1/sources/H18_历史交接与证据原包/MineSim_正式交接包_20260918_停工版V1/evidence/E10/动作报告缓存复核/next_proposal/LAUNCHER_IDENTITY.json,378,f4b80f0605443d82b66e944f093ec3680798535bd3a0d8bf356f46608daef28d,1,MineSim_正式交接配套包_20260919_R1.zip!sources/H18_历史交接与证据原包.zip!MineSim_正式交接包_20260918_停工版V1/evidence/E10/动作报告缓存复核.zip!next_proposal/LAUNCHER_IDENTITY.json,
MineSim_正式交接配套包_20260919_R1/sources/H18_历史交接与证据原包/MineSim_正式交接包_20260918_停工版V1/evidence/E10/动作报告缓存复核/next_proposal/changes_action_cache.py.diff,9663,a32982359f06172a8987f23b198404283a6adbef2841322c7931116a0bf48da8,1,MineSim_正式交接配套包_20260919_R1.zip!sources/H18_历史交接与证据原包.zip!MineSim_正式交接包_20260918_停工版V1/evidence/E10/动作报告缓存复核.zip!next_proposal/changes_action_cache.py.diff,
MineSim_正式交接配套包_20260919_R1/sources/H18_历史交接与证据原包/MineSim_正式交接包_20260918_停工版V1/evidence/E10/动作报告缓存复核/next_proposal/changes_experiment.py.diff,2935,f9f67fee9b5aca1bdf007471944e7cfe6faa2e47c8f35f7d38a0feefd3ce9a92,1,MineSim_正式交接配套包_20260919_R1.zip!sources/H18_历史交接与证据原包.zip!MineSim_正式交接包_20260918_停工版V1/evidence/E10/动作报告缓存复核.zip!next_proposal/changes_experiment.py.diff,
MineSim_正式交接配套包_20260919_R1/sources/H18_历史交接与证据原包/MineSim_正式交接包_20260918_停工版V1/evidence/E10/动作报告缓存复核/next_proposal/changes_gate.py.diff,3614,1d37957ac652681c3429851327ee355a9c7fc33ffc6f33439a0e11ed9820c539,1,MineSim_正式交接配套包_20260919_R1.zip!sources/H18_历史交接与证据原包.zip!MineSim_正式交接包_20260918_停工版V1/evidence/E10/动作报告缓存复核.zip!next_proposal/changes_gate.py.diff,
MineSim_正式交接配套包_20260919_R1/sources/H18_历史交接与证据原包/MineSim_正式交接包_20260918_停工版V1/evidence/E10/动作报告缓存复核/next_proposal/release/PROTOCOL.json,2380,4cfbbc67f447ff41a4d99038103ca4aad9206ef11eeb26b0f7b5a771f7f16bea,4,MineSim_正式交接配套包_20260919_R1.zip!sources/H18_历史交接与证据原包.zip!MineSim_正式交接包_20260918_停工版V1/evidence/E10/动作报告缓存复核.zip!next_proposal/release/PROTOCOL.json,MineSim_正式交接配套包_20260919_R1.zip!sources/H18_历史交接与证据原包.zip!MineSim_正式交接包_20260918_停工版V1/evidence/E11/轻量缓存小试复核.zip!original/release/PROTOCOL.json || MineSim_正式交接配套包_20260919_R1.zip!sources/H18_历史交接与证据原包.zip!MineSim_正式交接包_20260918_停工版V1/evidence/E10/动作报告缓存复核.zip!next_proposal/release_payload.zip!PROTOCOL.json || MineSim_正式交接配套包_20260919_R1.zip!sources/H18_历史交接与证据原包.zip!MineSim_正式交接包_20260918_停工版V1/evidence/E12/轻量缓存固定计时复核.zip!evidence/minesim_dual_cachetiming_v1.zip!minesim_dual_cachetiming_v1/parent_sources/release/PROTOCOL.json
MineSim_正式交接配套包_20260919_R1/sources/H18_历史交接与证据原包/MineSim_正式交接包_20260918_停工版V1/evidence/E10/动作报告缓存复核/next_proposal/release/RELEASE_MANIFEST.json,633,19e9800a0d59244e87c9a598239bd1885c839345321ff437c5f3713ad4e43f28,2,MineSim_正式交接配套包_20260919_R1.zip!sources/H18_历史交接与证据原包.zip!MineSim_正式交接包_20260918_停工版V1/evidence/E10/动作报告缓存复核.zip!next_proposal/release/RELEASE_MANIFEST.json,MineSim_正式交接配套包_20260919_R1.zip!sources/H18_历史交接与证据原包.zip!MineSim_正式交接包_20260918_停工版V1/evidence/E10/动作报告缓存复核.zip!next_proposal/release_payload.zip!RELEASE_MANIFEST.json
MineSim_正式交接配套包_20260919_R1/sources/H18_历史交接与证据原包/MineSim_正式交接包_20260918_停工版V1/evidence/E10/动作报告缓存复核/next_proposal/release/SOURCE_BINDINGS.json,12388,2d5c989659c6a01090d53f06f6949a15c84247132a3c4b34c89ce64789ae2769,2,MineSim_正式交接配套包_20260919_R1.zip!sources/H18_历史交接与证据原包.zip!MineSim_正式交接包_20260918_停工版V1/evidence/E10/动作报告缓存复核.zip!next_proposal/release/SOURCE_BINDINGS.json,MineSim_正式交接配套包_20260919_R1.zip!sources/H18_历史交接与证据原包.zip!MineSim_正式交接包_20260918_停工版V1/evidence/E10/动作报告缓存复核.zip!next_proposal/release_payload.zip!SOURCE_BINDINGS.json
MineSim_正式交接配套包_20260919_R1/sources/H18_历史交接与证据原包/MineSim_正式交接包_20260918_停工版V1/evidence/E10/动作报告缓存复核/next_proposal/release/action_cache.py,5642,69b68b346ad6ae9e275f2b5b3f781e431f3dcb7fcb25b1a573c557519ef38933,7,MineSim_正式交接配套包_20260919_R1.zip!sources/H18_历史交接与证据原包.zip!MineSim_正式交接包_20260918_停工版V1/evidence/E10/动作报告缓存复核.zip!next_proposal/release/action_cache.py,MineSim_正式交接配套包_20260919_R1.zip!sources/H18_历史交接与证据原包.zip!MineSim_正式交接包_20260918_停工版V1/evidence/E11/轻量缓存小试复核.zip!next_release/action_cache.py || MineSim_正式交接配套包_20260919_R1.zip!sources/H18_历史交接与证据原包.zip!MineSim_正式交接包_20260918_停工版V1/evidence/E12/轻量缓存固定计时复核.zip!original/release/action_cache.py || MineSim_正式交接配套包_20260919_R1.zip!sources/H18_历史交接与证据原包.zip!MineSim_正式交接包_20260918_停工版V1/evidence/E10/动作报告缓存复核.zip!next_proposal/release_payload.zip!action_cache.py || MineSim_正式交接配套包_20260919_R1.zip!sources/H18_历史交接与证据原包.zip!MineSim_正式交接包_20260918_停工版V1/evidence/E11/轻量缓存小试复核.zip!analysis/TIMING_RELEASE.zip!action_cache.py || MineSim_正式交接配套包_20260919_R1.zip!sources/H18_历史交接与证据原包.zip!MineSim_正式交接包_20260918_停工版V1/evidence/E12/轻量缓存固定计时复核.zip!evidence/minesim_dual_cachetiming_v1.zip!minesim_dual_cachetiming_v1/parent_sources/release/action_cache.py || MineSim_正式交接配套包_20260919_R1.zip!sources/H18_历史交接与证据原包.zip!MineSim_正式交接包_20260918_停工版V1/evidence/E12/轻量缓存固定计时复核.zip!evidence/minesim_dual_cachetiming_v1.zip!minesim_dual_cachetiming_v1/release/action_cache.py
MineSim_正式交接配套包_20260919_R1/sources/H18_历史交接与证据原包/MineSim_正式交接包_20260918_停工版V1/evidence/E10/动作报告缓存复核/next_proposal/release/experiment.py,9523,a7bf7d2bde675df863a083f763ca6c969e9e60e543fdc6d0314aed41565502df,7,MineSim_正式交接配套包_20260919_R1.zip!sources/H18_历史交接与证据原包.zip!MineSim_正式交接包_20260918_停工版V1/evidence/E10/动作报告缓存复核.zip!next_proposal/release/experiment.py,MineSim_正式交接配套包_20260919_R1.zip!sources/H18_历史交接与证据原包.zip!MineSim_正式交接包_20260918_停工版V1/evidence/E11/轻量缓存小试复核.zip!next_release/parent_probe.py || MineSim_正式交接配套包_20260919_R1.zip!sources/H18_历史交接与证据原包.zip!MineSim_正式交接包_20260918_停工版V1/evidence/E12/轻量缓存固定计时复核.zip!original/release/parent_probe.py || MineSim_正式交接配套包_20260919_R1.zip!sources/H18_历史交接与证据原包.zip!MineSim_正式交接包_20260918_停工版V1/evidence/E10/动作报告缓存复核.zip!next_proposal/release_payload.zip!experiment.py || MineSim_正式交接配套包_20260919_R1.zip!sources/H18_历史交接与证据原包.zip!MineSim_正式交接包_20260918_停工版V1/evidence/E11/轻量缓存小试复核.zip!analysis/TIMING_RELEASE.zip!parent_probe.py || MineSim_正式交接配套包_20260919_R1.zip!sources/H18_历史交接与证据原包.zip!MineSim_正式交接包_20260918_停工版V1/evidence/E12/轻量缓存固定计时复核.zip!evidence/minesim_dual_cachetiming_v1.zip!minesim_dual_cachetiming_v1/parent_sources/release/experiment.py || MineSim_正式交接配套包_20260919_R1.zip!sources/H18_历史交接与证据原包.zip!MineSim_正式交接包_20260918_停工版V1/evidence/E12/轻量缓存固定计时复核.zip!evidence/minesim_dual_cachetiming_v1.zip!minesim_dual_cachetiming_v1/release/parent_probe.py
MineSim_正式交接配套包_20260919_R1/sources/H18_历史交接与证据原包/MineSim_正式交接包_20260918_停工版V1/evidence/E10/动作报告缓存复核/next_proposal/release/gate.py,15345,fe27eebfe37caad6be1b8aa96791de165b5c0b55095b270768b693bd005b5a74,2,MineSim_正式交接配套包_20260919_R1.zip!sources/H18_历史交接与证据原包.zip!MineSim_正式交接包_20260918_停工版V1/evidence/E10/动作报告缓存复核.zip!next_proposal/release/gate.py,MineSim_正式交接配套包_20260919_R1.zip!sources/H18_历史交接与证据原包.zip!MineSim_正式交接包_20260918_停工版V1/evidence/E10/动作报告缓存复核.zip!next_proposal/release_payload.zip!gate.py
MineSim_正式交接配套包_20260919_R1/sources/H18_历史交接与证据原包/MineSim_正式交接包_20260918_停工版V1/evidence/E10/动作报告缓存复核/next_proposal/run_dual_reportcache_flat.sh,24749,beb9918050b8b155eb3b981e3bbfb16a7ebc05db0b7af04f8ab3816b281f7689,1,MineSim_正式交接配套包_20260919_R1.zip!sources/H18_历史交接与证据原包.zip!MineSim_正式交接包_20260918_停工版V1/evidence/E10/动作报告缓存复核.zip!next_proposal/run_dual_reportcache_flat.sh,
MineSim_正式交接配套包_20260919_R1/sources/H18_历史交接与证据原包/MineSim_正式交接包_20260918_停工版V1/evidence/E10/动作报告缓存复核/next_proposal/tests/GATE_FLOW_RESULT.json,1728,63b499ae0137bf8f128c71f879209fd587e176fbab3367e256ec41cca194f0f5,1,MineSim_正式交接配套包_20260919_R1.zip!sources/H18_历史交接与证据原包.zip!MineSim_正式交接包_20260918_停工版V1/evidence/E10/动作报告缓存复核.zip!next_proposal/tests/GATE_FLOW_RESULT.json,
MineSim_正式交接配套包_20260919_R1/sources/H18_历史交接与证据原包/MineSim_正式交接包_20260918_停工版V1/evidence/E10/动作报告缓存复核/next_proposal/tests/LAUNCHER_TESTS.json,350,3dcd4dd6dedc8ad8104168cb53672070382033f35d246057325fcc329bb1138b,1,MineSim_正式交接配套包_20260919_R1.zip!sources/H18_历史交接与证据原包.zip!MineSim_正式交接包_20260918_停工版V1/evidence/E10/动作报告缓存复核.zip!next_proposal/tests/LAUNCHER_TESTS.json,
MineSim_正式交接配套包_20260919_R1/sources/H18_历史交接与证据原包/MineSim_正式交接包_20260918_停工版V1/evidence/E10/动作报告缓存复核/next_proposal/tests/SAVED_REPORT_TEST.json,1673,fa81480f87b8aa6e142b91bd62f815cffba3c370a80824f18047f5e4cc4a75b5,1,MineSim_正式交接配套包_20260919_R1.zip!sources/H18_历史交接与证据原包.zip!MineSim_正式交接包_20260918_停工版V1/evidence/E10/动作报告缓存复核.zip!next_proposal/tests/SAVED_REPORT_TEST.json,
MineSim_正式交接配套包_20260919_R1/sources/H18_历史交接与证据原包/MineSim_正式交接包_20260918_停工版V1/evidence/E10/动作报告缓存复核/next_proposal/tests/UNIT_TEST_LOG.txt,2543,5f07ccf120c8b884f99a5f30745b47477ba0a0a0e7ec03608176d8f770c1e4e9,1,MineSim_正式交接配套包_20260919_R1.zip!sources/H18_历史交接与证据原包.zip!MineSim_正式交接包_20260918_停工版V1/evidence/E10/动作报告缓存复核.zip!next_proposal/tests/UNIT_TEST_LOG.txt,
MineSim_正式交接配套包_20260919_R1/sources/H18_历史交接与证据原包/MineSim_正式交接包_20260918_停工版V1/evidence/E10/动作报告缓存复核/next_proposal/tests/UNIT_TEST_RESULT.json,115,a1a348033040b95092276312f417bb76ae22877e177cda8a3f67f3594fe7ce89,1,MineSim_正式交接配套包_20260919_R1.zip!sources/H18_历史交接与证据原包.zip!MineSim_正式交接包_20260918_停工版V1/evidence/E10/动作报告缓存复核.zip!next_proposal/tests/UNIT_TEST_RESULT.json,
MineSim_正式交接配套包_20260919_R1/sources/H18_历史交接与证据原包/MineSim_正式交接包_20260918_停工版V1/evidence/E10/动作报告缓存复核/next_proposal/tests/check_saved_reports.py,4598,497ca88b197a120e795f5096621ea2d4015b63200f0bc52f0382cf8e14b855a0,1,MineSim_正式交接配套包_20260919_R1.zip!sources/H18_历史交接与证据原包.zip!MineSim_正式交接包_20260918_停工版V1/evidence/E10/动作报告缓存复核.zip!next_proposal/tests/check_saved_reports.py,
MineSim_正式交接配套包_20260919_R1/sources/H18_历史交接与证据原包/MineSim_正式交接包_20260918_停工版V1/evidence/E10/动作报告缓存复核/next_proposal/tests/previous_cache_profile.txt,3540,221e9f8442cf02f359148d64b5db38301dcd999363dbf65ac462d2f9e5f62fe2,1,MineSim_正式交接配套包_20260919_R1.zip!sources/H18_历史交接与证据原包.zip!MineSim_正式交接包_20260918_停工版V1/evidence/E10/动作报告缓存复核.zip!next_proposal/tests/previous_cache_profile.txt,
MineSim_正式交接配套包_20260919_R1/sources/H18_历史交接与证据原包/MineSim_正式交接包_20260918_停工版V1/evidence/E10/动作报告缓存复核/next_proposal/tests/test_candidate.py,8985,a78b5bfa1a64c3868b56787e832299ef22eb48ec38d7210fc1663a099d19b75e,1,MineSim_正式交接配套包_20260919_R1.zip!sources/H18_历史交接与证据原包.zip!MineSim_正式交接包_20260918_停工版V1/evidence/E10/动作报告缓存复核.zip!next_proposal/tests/test_candidate.py,
MineSim_正式交接配套包_20260919_R1/sources/H18_历史交接与证据原包/MineSim_正式交接包_20260918_停工版V1/evidence/E10/动作报告缓存复核/next_proposal/tests/test_gate_flow.py,2991,75196d99cb4daa052233257ba8205231c7b1bb276d972206613875af6a58d7bc,1,MineSim_正式交接配套包_20260919_R1.zip!sources/H18_历史交接与证据原包.zip!MineSim_正式交接包_20260918_停工版V1/evidence/E10/动作报告缓存复核.zip!next_proposal/tests/test_gate_flow.py,
MineSim_正式交接配套包_20260919_R1/sources/H18_历史交接与证据原包/MineSim_正式交接包_20260918_停工版V1/evidence/E10/动作报告缓存复核/raw/minesim_dual_reportcache_v1/CAPTURE.json,118,3bf80a4009e744300dc2bb11eeba7982091db5083ea8b1ebae590b7ad9235c90,1,MineSim_正式交接配套包_20260919_R1.zip!sources/H18_历史交接与证据原包.zip!MineSim_正式交接包_20260918_停工版V1/evidence/E10/动作报告缓存复核.zip!raw/minesim_dual_reportcache_v1/CAPTURE.json,
MineSim_正式交接配套包_20260919_R1/sources/H18_历史交接与证据原包/MineSim_正式交接包_20260918_停工版V1/evidence/E10/动作报告缓存复核/raw/minesim_dual_reportcache_v1/ENVIRONMENT.json,205,7548d6a3943c8d390ce9717ee8ac4c1e166ed233fdb7cd80575b8e5b40b63462,6,MineSim_正式交接配套包_20260919_R1.zip!sources/H18_历史交接与证据原包.zip!MineSim_正式交接包_20260918_停工版V1/evidence/E10/动作报告缓存复核.zip!raw/minesim_dual_reportcache_v1/ENVIRONMENT.json,MineSim_正式交接配套包_20260919_R1.zip!sources/H18_历史交接与证据原包.zip!MineSim_正式交接包_20260918_停工版V1/evidence/E12/轻量缓存固定计时复核.zip!original/ENVIRONMENT.json || MineSim_正式交接配套包_20260919_R1.zip!sources/H18_历史交接与证据原包.zip!MineSim_正式交接包_20260918_停工版V1/evidence/E13/minesim_dual_subtree_h8_smoke_v1.zip!minesim_dual_subtree_h8_smoke_v1/ENVIRONMENT.json || MineSim_正式交接配套包_20260919_R1.zip!sources/H18_历史交接与证据原包.zip!MineSim_正式交接包_20260918_停工版V1/evidence/P01/H8_policy4_已交付准备原包.zip!review/original/ENVIRONMENT.json || MineSim_正式交接配套包_20260919_R1.zip!sources/H18_历史交接与证据原包.zip!MineSim_正式交接包_20260918_停工版V1/evidence/E12/轻量缓存固定计时复核.zip!evidence/minesim_dual_cachetiming_v1.zip!minesim_dual_cachetiming_v1/ENVIRONMENT.json || MineSim_正式交接配套包_20260919_R1.zip!sources/H18_历史交接与证据原包.zip!MineSim_正式交接包_20260918_停工版V1/evidence/P01/H8_policy4_已交付准备原包.zip!submitted_smoke_original.zip!minesim_dual_subtree_h8_smoke_v1/ENVIRONMENT.json
MineSim_正式交接配套包_20260919_R1/sources/H18_历史交接与证据原包/MineSim_正式交接包_20260918_停工版V1/evidence/E10/动作报告缓存复核/raw/minesim_dual_reportcache_v1/EVENTS.jsonl,10176,ef63788c31ec51356ed7b56fbb3c26609857bb9c66d4ebad032657187a1caffc,1,MineSim_正式交接配套包_20260919_R1.zip!sources/H18_历史交接与证据原包.zip!MineSim_正式交接包_20260918_停工版V1/evidence/E10/动作报告缓存复核.zip!raw/minesim_dual_reportcache_v1/EVENTS.jsonl,
MineSim_正式交接配套包_20260919_R1/sources/H18_历史交接与证据原包/MineSim_正式交接包_20260918_停工版V1/evidence/E10/动作报告缓存复核/raw/minesim_dual_reportcache_v1/GIT_AFTER.json,249,77f448358ba32ef2364f7e4886c686642472f1d46800762bf21a9e0368ae0016,12,MineSim_正式交接配套包_20260919_R1.zip!sources/H18_历史交接与证据原包.zip!MineSim_正式交接包_20260918_停工版V1/evidence/E10/动作报告缓存复核.zip!raw/minesim_dual_reportcache_v1/GIT_AFTER.json,MineSim_正式交接配套包_20260919_R1.zip!sources/H18_历史交接与证据原包.zip!MineSim_正式交接包_20260918_停工版V1/evidence/E10/动作报告缓存复核.zip!raw/minesim_dual_reportcache_v1/GIT_BEFORE.json || MineSim_正式交接配套包_20260919_R1.zip!sources/H18_历史交接与证据原包.zip!MineSim_正式交接包_20260918_停工版V1/evidence/E11/轻量缓存小试复核.zip!original/GIT_BEFORE.json || MineSim_正式交接配套包_20260919_R1.zip!sources/H18_历史交接与证据原包.zip!MineSim_正式交接包_20260918_停工版V1/evidence/E11/轻量缓存小试复核.zip!original/GIT_AFTER.json || MineSim_正式交接配套包_20260919_R1.zip!sources/H18_历史交接与证据原包.zip!MineSim_正式交接包_20260918_停工版V1/evidence/E12/轻量缓存固定计时复核.zip!original/GIT_AFTER.json || MineSim_正式交接配套包_20260919_R1.zip!sources/H18_历史交接与证据原包.zip!MineSim_正式交接包_20260918_停工版V1/evidence/E12/轻量缓存固定计时复核.zip!original/GIT_BEFORE.json || MineSim_正式交接配套包_20260919_R1.zip!sources/H18_历史交接与证据原包.zip!MineSim_正式交接包_20260918_停工版V1/evidence/E13/minesim_dual_subtree_h8_smoke_v1.zip!minesim_dual_subtree_h8_smoke_v1/GIT_AFTER.json || MineSim_正式交接配套包_20260919_R1.zip!sources/H18_历史交接与证据原包.zip!MineSim_正式交接包_20260918_停工版V1/evidence/E13/minesim_dual_subtree_h8_smoke_v1.zip!minesim_dual_subtree_h8_smoke_v1/GIT_BEFORE.json || MineSim_正式交接配套包_20260919_R1.zip!sources/H18_历史交接与证据原包.zip!MineSim_正式交接包_20260918_停工版V1/evidence/E12/轻量缓存固定计时复核.zip!evidence/minesim_dual_cachetiming_v1.zip!minesim_dual_cachetiming_v1/GIT_AFTER.json || MineSim_正式交接配套包_20260919_R1.zip!sources/H18_历史交接与证据原包.zip!MineSim_正式交接包_20260918_停工版V1/evidence/E12/轻量缓存固定计时复核.zip!evidence/minesim_dual_cachetiming_v1.zip!minesim_dual_cachetiming_v1/GIT_BEFORE.json || MineSim_正式交接配套包_20260919_R1.zip!sources/H18_历史交接与证据原包.zip!MineSim_正式交接包_20260918_停工版V1/evidence/P01/H8_policy4_已交付准备原包.zip!submitted_smoke_original.zip!minesim_dual_subtree_h8_smoke_v1/GIT_AFTER.json || MineSim_正式交接配套包_20260919_R1.zip!sources/H18_历史交接与证据原包.zip!MineSim_正式交接包_20260918_停工版V1/evidence/P01/H8_policy4_已交付准备原包.zip!submitted_smoke_original.zip!minesim_dual_subtree_h8_smoke_v1/GIT_BEFORE.json
MineSim_正式交接配套包_20260919_R1/sources/H18_历史交接与证据原包/MineSim_正式交接包_20260918_停工版V1/evidence/E10/动作报告缓存复核/raw/minesim_dual_reportcache_v1/MANIFEST.json,14248,4b68015d730c5caeae46fb678b496d3a443dcd1729ab6393a790227c2e64ae28,1,MineSim_正式交接配套包_20260919_R1.zip!sources/H18_历史交接与证据原包.zip!MineSim_正式交接包_20260918_停工版V1/evidence/E10/动作报告缓存复核.zip!raw/minesim_dual_reportcache_v1/MANIFEST.json,
MineSim_正式交接配套包_20260919_R1/sources/H18_历史交接与证据原包/MineSim_正式交接包_20260918_停工版V1/evidence/E10/动作报告缓存复核/raw/minesim_dual_reportcache_v1/PROCESSES_BEFORE.json,1130,e3fcffb99fab5e9079bbe1e9bb3148119e5f1b745954b5cb19d8539554c28e20,2,MineSim_正式交接配套包_20260919_R1.zip!sources/H18_历史交接与证据原包.zip!MineSim_正式交接包_20260918_停工版V1/evidence/E10/动作报告缓存复核.zip!raw/minesim_dual_reportcache_v1/PROCESSES_BEFORE.json,MineSim_正式交接配套包_20260919_R1.zip!sources/H18_历史交接与证据原包.zip!MineSim_正式交接包_20260918_停工版V1/evidence/E10/动作报告缓存复核.zip!raw/minesim_dual_reportcache_v1/PROCESSES_AFTER.json
MineSim_正式交接配套包_20260919_R1/sources/H18_历史交接与证据原包/MineSim_正式交接包_20260918_停工版V1/evidence/E10/动作报告缓存复核/raw/minesim_dual_reportcache_v1/REQUEST.json,229,1beda9520c27915c3895eba0d529233ded82c1fdeda8fa00972821030235997b,1,MineSim_正式交接配套包_20260919_R1.zip!sources/H18_历史交接与证据原包.zip!MineSim_正式交接包_20260918_停工版V1/evidence/E10/动作报告缓存复核.zip!raw/minesim_dual_reportcache_v1/REQUEST.json,
MineSim_正式交接配套包_20260919_R1/sources/H18_历史交接与证据原包/MineSim_正式交接包_20260918_停工版V1/evidence/E10/动作报告缓存复核/raw/minesim_dual_reportcache_v1/RESOURCES.json,168,3757b0e10d99ed6f9941ee8b5b6c08e039ad1543577c4a421cc2be0cbd378c6c,1,MineSim_正式交接配套包_20260919_R1.zip!sources/H18_历史交接与证据原包.zip!MineSim_正式交接包_20260918_停工版V1/evidence/E10/动作报告缓存复核.zip!raw/minesim_dual_reportcache_v1/RESOURCES.json,
MineSim_正式交接配套包_20260919_R1/sources/H18_历史交接与证据原包/MineSim_正式交接包_20260918_停工版V1/evidence/E10/动作报告缓存复核/raw/minesim_dual_reportcache_v1/RESULT.json,3047,73d7d43418d112dc4ad304386b00b6381a001b191d881cf3155a59d5dc304e83,1,MineSim_正式交接配套包_20260919_R1.zip!sources/H18_历史交接与证据原包.zip!MineSim_正式交接包_20260918_停工版V1/evidence/E10/动作报告缓存复核.zip!raw/minesim_dual_reportcache_v1/RESULT.json,
MineSim_正式交接配套包_20260919_R1/sources/H18_历史交接与证据原包/MineSim_正式交接包_20260918_停工版V1/evidence/E10/动作报告缓存复核/raw/minesim_dual_reportcache_v1/SOURCE_PROVENANCE.json,12927,0f081384c0c38c4997f4596f146d71e0e246f090c7bdaae29690b5dccae4e9fc,1,MineSim_正式交接配套包_20260919_R1.zip!sources/H18_历史交接与证据原包.zip!MineSim_正式交接包_20260918_停工版V1/evidence/E10/动作报告缓存复核.zip!raw/minesim_dual_reportcache_v1/SOURCE_PROVENANCE.json,
MineSim_正式交接配套包_20260919_R1/sources/H18_历史交接与证据原包/MineSim_正式交接包_20260918_停工版V1/evidence/E10/动作报告缓存复核/raw/minesim_dual_reportcache_v1/TECHNICAL_START.json,128,27e1197f7e5c438d7aa7da074203ffda9b8fc2a2548f64207b116992067b0710,1,MineSim_正式交接配套包_20260919_R1.zip!sources/H18_历史交接与证据原包.zip!MineSim_正式交接包_20260918_停工版V1/evidence/E10/动作报告缓存复核.zip!raw/minesim_dual_reportcache_v1/TECHNICAL_START.json,
MineSim_正式交接配套包_20260919_R1/sources/H18_历史交接与证据原包/MineSim_正式交接包_20260918_停工版V1/evidence/E10/动作报告缓存复核/raw/minesim_dual_reportcache_v1/native/IMPORTS.json,495,76416fa5f375d5013bd2bcf6b06a7a2b55b0214a12372df61e36ec1829cf2213,1,MineSim_正式交接配套包_20260919_R1.zip!sources/H18_历史交接与证据原包.zip!MineSim_正式交接包_20260918_停工版V1/evidence/E10/动作报告缓存复核.zip!raw/minesim_dual_reportcache_v1/native/IMPORTS.json,
MineSim_正式交接配套包_20260919_R1/sources/H18_历史交接与证据原包/MineSim_正式交接包_20260918_停工版V1/evidence/E10/动作报告缓存复核/raw/minesim_dual_reportcache_v1/native/RESULT.json,2384,2e1baeeb14d2c9144da4f9376896d27a30729f3acd562031bf08ed723d9fd298,1,MineSim_正式交接配套包_20260919_R1.zip!sources/H18_历史交接与证据原包.zip!MineSim_正式交接包_20260918_停工版V1/evidence/E10/动作报告缓存复核.zip!raw/minesim_dual_reportcache_v1/native/RESULT.json,
MineSim_正式交接配套包_20260919_R1/sources/H18_历史交接与证据原包/MineSim_正式交接包_20260918_停工版V1/evidence/E10/动作报告缓存复核/raw/minesim_dual_reportcache_v1/native/coverage_policy_01__step0014/baseline_0.json,25266,c286a814b32384ed3ad25006385c15698fef1133eea8305a7e9b54fe28ab4a63,1,MineSim_正式交接配套包_20260919_R1.zip!sources/H18_历史交接与证据原包.zip!MineSim_正式交接包_20260918_停工版V1/evidence/E10/动作报告缓存复核.zip!raw/minesim_dual_reportcache_v1/native/coverage_policy_01__step0014/baseline_0.json,
MineSim_正式交接配套包_20260919_R1/sources/H18_历史交接与证据原包/MineSim_正式交接包_20260918_停工版V1/evidence/E10/动作报告缓存复核/raw/minesim_dual_reportcache_v1/native/coverage_policy_01__step0014/baseline_1.json,25294,955b87e9f630e0a8b9d941e4f4d6919ac31280db6d4f984de5699f9e73c5e3b9,1,MineSim_正式交接配套包_20260919_R1.zip!sources/H18_历史交接与证据原包.zip!MineSim_正式交接包_20260918_停工版V1/evidence/E10/动作报告缓存复核.zip!raw/minesim_dual_reportcache_v1/native/coverage_policy_01__step0014/baseline_1.json,
MineSim_正式交接配套包_20260919_R1/sources/H18_历史交接与证据原包/MineSim_正式交接包_20260918_停工版V1/evidence/E10/动作报告缓存复核/raw/minesim_dual_reportcache_v1/native/coverage_policy_01__step0014/cached_0.json,25284,ffe26374fcd91025eee83f1fefef3a04acfd968ab530d42940e0d95f70eb767f,1,MineSim_正式交接配套包_20260919_R1.zip!sources/H18_历史交接与证据原包.zip!MineSim_正式交接包_20260918_停工版V1/evidence/E10/动作报告缓存复核.zip!raw/minesim_dual_reportcache_v1/native/coverage_policy_01__step0014/cached_0.json,
MineSim_正式交接配套包_20260919_R1/sources/H18_历史交接与证据原包/MineSim_正式交接包_20260918_停工版V1/evidence/E10/动作报告缓存复核/raw/minesim_dual_reportcache_v1/native/coverage_policy_01__step0014/cached_1.json,25321,f46a7f00f238ef5fd6da475929b07a09b90a2ccf996e84e601787aba00750db8,1,MineSim_正式交接配套包_20260919_R1.zip!sources/H18_历史交接与证据原包.zip!MineSim_正式交接包_20260918_停工版V1/evidence/E10/动作报告缓存复核.zip!raw/minesim_dual_reportcache_v1/native/coverage_policy_01__step0014/cached_1.json,
MineSim_正式交接配套包_20260919_R1/sources/H18_历史交接与证据原包/MineSim_正式交接包_20260918_停工版V1/evidence/E10/动作报告缓存复核/raw/minesim_dual_reportcache_v1/native/coverage_policy_05__step0011/baseline_0.json,25268,1640fe428cf2c24101ad77a2338018e2e7245033d4a65abbf2d80bcbcf26e45f,1,MineSim_正式交接配套包_20260919_R1.zip!sources/H18_历史交接与证据原包.zip!MineSim_正式交接包_20260918_停工版V1/evidence/E10/动作报告缓存复核.zip!raw/minesim_dual_reportcache_v1/native/coverage_policy_05__step0011/baseline_0.json,
MineSim_正式交接配套包_20260919_R1/sources/H18_历史交接与证据原包/MineSim_正式交接包_20260918_停工版V1/evidence/E10/动作报告缓存复核/raw/minesim_dual_reportcache_v1/native/coverage_policy_05__step0011/baseline_1.json,25266,3505224f14713d300d3fe3d10affdfef0349bfcdc2519438cde1a3bb919027c3,1,MineSim_正式交接配套包_20260919_R1.zip!sources/H18_历史交接与证据原包.zip!MineSim_正式交接包_20260918_停工版V1/evidence/E10/动作报告缓存复核.zip!raw/minesim_dual_reportcache_v1/native/coverage_policy_05__step0011/baseline_1.json,
MineSim_正式交接配套包_20260919_R1/sources/H18_历史交接与证据原包/MineSim_正式交接包_20260918_停工版V1/evidence/E10/动作报告缓存复核/raw/minesim_dual_reportcache_v1/native/coverage_policy_05__step0011/cached_0.json,25277,8e66340314ea5460fa2eaa6afc8341cceee6c8976510bce112fd3279c1ec7248,1,MineSim_正式交接配套包_20260919_R1.zip!sources/H18_历史交接与证据原包.zip!MineSim_正式交接包_20260918_停工版V1/evidence/E10/动作报告缓存复核.zip!raw/minesim_dual_reportcache_v1/native/coverage_policy_05__step0011/cached_0.json,
MineSim_正式交接配套包_20260919_R1/sources/H18_历史交接与证据原包/MineSim_正式交接包_20260918_停工版V1/evidence/E10/动作报告缓存复核/raw/minesim_dual_reportcache_v1/native/coverage_policy_05__step0011/cached_1.json,25296,482d4b144a64e4245c15bfbccd3895127ff5fac32950d3e210092054e6db6b7f,1,MineSim_正式交接配套包_20260919_R1.zip!sources/H18_历史交接与证据原包.zip!MineSim_正式交接包_20260918_停工版V1/evidence/E10/动作报告缓存复核.zip!raw/minesim_dual_reportcache_v1/native/coverage_policy_05__step0011/cached_1.json,
MineSim_正式交接配套包_20260919_R1/sources/H18_历史交接与证据原包/MineSim_正式交接包_20260918_停工版V1/evidence/E10/动作报告缓存复核/raw/minesim_dual_reportcache_v1/parent_sources/MANIFEST.json,13043,cca2109b480c678bad946cd384f1b32b72c72e2c3e47dd2f84537767668f7f51,1,MineSim_正式交接配套包_20260919_R1.zip!sources/H18_历史交接与证据原包.zip!MineSim_正式交接包_20260918_停工版V1/evidence/E10/动作报告缓存复核.zip!raw/minesim_dual_reportcache_v1/parent_sources/MANIFEST.json,
MineSim_正式交接配套包_20260919_R1/sources/H18_历史交接与证据原包/MineSim_正式交接包_20260918_停工版V1/evidence/E10/动作报告缓存复核/raw/minesim_dual_reportcache_v1/parent_sources/native/coverage_policy_01__step0014/baseline_0.json,24521,b922cacff44044f05f337d26422da066cd2fbe3ff8bc3f5ef53e336ab5253aa1,1,MineSim_正式交接配套包_20260919_R1.zip!sources/H18_历史交接与证据原包.zip!MineSim_正式交接包_20260918_停工版V1/evidence/E10/动作报告缓存复核.zip!raw/minesim_dual_reportcache_v1/parent_sources/native/coverage_policy_01__step0014/baseline_0.json,
MineSim_正式交接配套包_20260919_R1/sources/H18_历史交接与证据原包/MineSim_正式交接包_20260918_停工版V1/evidence/E10/动作报告缓存复核/raw/minesim_dual_reportcache_v1/parent_sources/native/coverage_policy_01__step0014/baseline_1.json,24524,8408cd09229cdf333cff4c64e04ce283d7dfe9bac331c32e1de483ea0a755fc2,1,MineSim_正式交接配套包_20260919_R1.zip!sources/H18_历史交接与证据原包.zip!MineSim_正式交接包_20260918_停工版V1/evidence/E10/动作报告缓存复核.zip!raw/minesim_dual_reportcache_v1/parent_sources/native/coverage_policy_01__step0014/baseline_1.json,
MineSim_正式交接配套包_20260919_R1/sources/H18_历史交接与证据原包/MineSim_正式交接包_20260918_停工版V1/evidence/E10/动作报告缓存复核/raw/minesim_dual_reportcache_v1/parent_sources/native/coverage_policy_05__step0011/baseline_0.json,24524,927900ea62e4cdf47f02973600072ea66d7a541772da8f59501de43eb5fbec5f,1,MineSim_正式交接配套包_20260919_R1.zip!sources/H18_历史交接与证据原包.zip!MineSim_正式交接包_20260918_停工版V1/evidence/E10/动作报告缓存复核.zip!raw/minesim_dual_reportcache_v1/parent_sources/native/coverage_policy_05__step0011/baseline_0.json,
MineSim_正式交接配套包_20260919_R1/sources/H18_历史交接与证据原包/MineSim_正式交接包_20260918_停工版V1/evidence/E10/动作报告缓存复核/raw/minesim_dual_reportcache_v1/parent_sources/native/coverage_policy_05__step0011/baseline_1.json,24494,23090232726e144ecb3e26427fc44cc82b1e7e9a081e09569e8051cfcf5b2af4,1,MineSim_正式交接配套包_20260919_R1.zip!sources/H18_历史交接与证据原包.zip!MineSim_正式交接包_20260918_停工版V1/evidence/E10/动作报告缓存复核.zip!raw/minesim_dual_reportcache_v1/parent_sources/native/coverage_policy_05__step0011/baseline_1.json,
MineSim_正式交接配套包_20260919_R1/sources/H18_历史交接与证据原包/MineSim_正式交接包_20260918_停工版V1/evidence/E10/动作报告缓存复核/raw/minesim_dual_reportcache_v1/parent_sources/parent_sources/MANIFEST.json,74680,6a14062a4bdc17d63f793c025d1f3e53e49c9ca67cd54333360118ea787a6fa3,1,MineSim_正式交接配套包_20260919_R1.zip!sources/H18_历史交接与证据原包.zip!MineSim_正式交接包_20260918_停工版V1/evidence/E10/动作报告缓存复核.zip!raw/minesim_dual_reportcache_v1/parent_sources/parent_sources/MANIFEST.json,
MineSim_正式交接配套包_20260919_R1/sources/H18_历史交接与证据原包/MineSim_正式交接包_20260918_停工版V1/evidence/E10/动作报告缓存复核/raw/minesim_dual_reportcache_v1/parent_sources/parent_sources/RESULT.json,1671,7d142916253f98be60f7f433d568a84aabd1491704ede8b713376094f9f0ab71,1,MineSim_正式交接配套包_20260919_R1.zip!sources/H18_历史交接与证据原包.zip!MineSim_正式交接包_20260918_停工版V1/evidence/E10/动作报告缓存复核.zip!raw/minesim_dual_reportcache_v1/parent_sources/parent_sources/RESULT.json,
MineSim_正式交接配套包_20260919_R1/sources/H18_历史交接与证据原包/MineSim_正式交接包_20260918_停工版V1/evidence/E10/动作报告缓存复核/raw/minesim_dual_reportcache_v1/parent_sources/parent_sources/runtime/EXPECTED_IMPORT.json,461,16a2e5be0929960c99dbb89e594845ae61052413d33ad9e0cfe10e5f56f302f9,4,MineSim_正式交接配套包_20260919_R1.zip!sources/H18_历史交接与证据原包.zip!MineSim_正式交接包_20260918_停工版V1/evidence/E10/动作报告缓存复核.zip!raw/minesim_dual_reportcache_v1/parent_sources/parent_sources/runtime/EXPECTED_IMPORT.json,MineSim_正式交接配套包_20260919_R1.zip!sources/H18_历史交接与证据原包.zip!MineSim_正式交接包_20260918_停工版V1/evidence/E13/minesim_dual_subtree_h8_smoke_v1.zip!minesim_dual_subtree_h8_smoke_v1/parent_sources/parent_sources/parent_sources/parent_sources/parent_sources/runtime/EXPECTED_IMPORT.json || MineSim_正式交接配套包_20260919_R1.zip!sources/H18_历史交接与证据原包.zip!MineSim_正式交接包_20260918_停工版V1/evidence/E12/轻量缓存固定计时复核.zip!evidence/minesim_dual_cachetiming_v1.zip!minesim_dual_cachetiming_v1/parent_sources/parent_sources/parent_sources/parent_sources/runtime/EXPECTED_IMPORT.json || MineSim_正式交接配套包_20260919_R1.zip!sources/H18_历史交接与证据原包.zip!MineSim_正式交接包_20260918_停工版V1/evidence/P01/H8_policy4_已交付准备原包.zip!submitted_smoke_original.zip!minesim_dual_subtree_h8_smoke_v1/parent_sources/parent_sources/parent_sources/parent_sources/parent_sources/runtime/EXPECTED_IMPORT.json
MineSim_正式交接配套包_20260919_R1/sources/H18_历史交接与证据原包/MineSim_正式交接包_20260918_停工版V1/evidence/E10/动作报告缓存复核/raw/minesim_dual_reportcache_v1/parent_sources/parent_sources/runtime/candidate_mcts/__init__.py,85,7d35678f99c3e6c37e62b6bb9d91cc6f7be616d2c1a5a9d0fc164137eb8172cd,4,MineSim_正式交接配套包_20260919_R1.zip!sources/H18_历史交接与证据原包.zip!MineSim_正式交接包_20260918_停工版V1/evidence/E10/动作报告缓存复核.zip!raw/minesim_dual_reportcache_v1/parent_sources/parent_sources/runtime/candidate_mcts/__init__.py,MineSim_正式交接配套包_20260919_R1.zip!sources/H18_历史交接与证据原包.zip!MineSim_正式交接包_20260918_停工版V1/evidence/E13/minesim_dual_subtree_h8_smoke_v1.zip!minesim_dual_subtree_h8_smoke_v1/parent_sources/parent_sources/parent_sources/parent_sources/parent_sources/runtime/candidate_mcts/__init__.py || MineSim_正式交接配套包_20260919_R1.zip!sources/H18_历史交接与证据原包.zip!MineSim_正式交接包_20260918_停工版V1/evidence/E12/轻量缓存固定计时复核.zip!evidence/minesim_dual_cachetiming_v1.zip!minesim_dual_cachetiming_v1/parent_sources/parent_sources/parent_sources/parent_sources/runtime/candidate_mcts/__init__.py || MineSim_正式交接配套包_20260919_R1.zip!sources/H18_历史交接与证据原包.zip!MineSim_正式交接包_20260918_停工版V1/evidence/P01/H8_policy4_已交付准备原包.zip!submitted_smoke_original.zip!minesim_dual_subtree_h8_smoke_v1/parent_sources/parent_sources/parent_sources/parent_sources/parent_sources/runtime/candidate_mcts/__init__.py
MineSim_正式交接配套包_20260919_R1/sources/H18_历史交接与证据原包/MineSim_正式交接包_20260918_停工版V1/evidence/E10/动作报告缓存复核/raw/minesim_dual_reportcache_v1/parent_sources/parent_sources/runtime/candidate_mcts/action_space.py,649,03ccff1923f0ed19de4765d2329489d505cfc68bfbeb0335e575cf1519953633,8,MineSim_正式交接配套包_20260919_R1.zip!sources/H18_历史交接与证据原包.zip!MineSim_正式交接包_20260918_停工版V1/evidence/E10/动作报告缓存复核.zip!raw/minesim_dual_reportcache_v1/parent_sources/parent_sources/runtime/candidate_mcts/action_space.py,MineSim_正式交接配套包_20260919_R1.zip!sources/H18_历史交接与证据原包.zip!MineSim_正式交接包_20260918_停工版V1/evidence/E10/动作报告缓存复核.zip!raw/minesim_dual_reportcache_v1/parent_sources/parent_sources/runtime/engine/devkit/sim_engine/planning/planner/mcts/action_space.py || MineSim_正式交接配套包_20260919_R1.zip!sources/H18_历史交接与证据原包.zip!MineSim_正式交接包_20260918_停工版V1/evidence/E13/minesim_dual_subtree_h8_smoke_v1.zip!minesim_dual_subtree_h8_smoke_v1/parent_sources/parent_sources/parent_sources/parent_sources/parent_sources/runtime/candidate_mcts/action_space.py || MineSim_正式交接配套包_20260919_R1.zip!sources/H18_历史交接与证据原包.zip!MineSim_正式交接包_20260918_停工版V1/evidence/E13/minesim_dual_subtree_h8_smoke_v1.zip!minesim_dual_subtree_h8_smoke_v1/parent_sources/parent_sources/parent_sources/parent_sources/parent_sources/runtime/engine/devkit/sim_engine/planning/planner/mcts/action_space.py || MineSim_正式交接配套包_20260919_R1.zip!sources/H18_历史交接与证据原包.zip!MineSim_正式交接包_20260918_停工版V1/evidence/E12/轻量缓存固定计时复核.zip!evidence/minesim_dual_cachetiming_v1.zip!minesim_dual_cachetiming_v1/parent_sources/parent_sources/parent_sources/parent_sources/runtime/candidate_mcts/action_space.py || MineSim_正式交接配套包_20260919_R1.zip!sources/H18_历史交接与证据原包.zip!MineSim_正式交接包_20260918_停工版V1/evidence/E12/轻量缓存固定计时复核.zip!evidence/minesim_dual_cachetiming_v1.zip!minesim_dual_cachetiming_v1/parent_sources/parent_sources/parent_sources/parent_sources/runtime/engine/devkit/sim_engine/planning/planner/mcts/action_space.py || MineSim_正式交接配套包_20260919_R1.zip!sources/H18_历史交接与证据原包.zip!MineSim_正式交接包_20260918_停工版V1/evidence/P01/H8_policy4_已交付准备原包.zip!submitted_smoke_original.zip!minesim_dual_subtree_h8_smoke_v1/parent_sources/parent_sources/parent_sources/parent_sources/parent_sources/runtime/candidate_mcts/action_space.py || MineSim_正式交接配套包_20260919_R1.zip!sources/H18_历史交接与证据原包.zip!MineSim_正式交接包_20260918_停工版V1/evidence/P01/H8_policy4_已交付准备原包.zip!submitted_smoke_original.zip!minesim_dual_subtree_h8_smoke_v1/parent_sources/parent_sources/parent_sources/parent_sources/parent_sources/runtime/engine/devkit/sim_engine/planning/planner/mcts/action_space.py
MineSim_正式交接配套包_20260919_R1/sources/H18_历史交接与证据原包/MineSim_正式交接包_20260918_停工版V1/evidence/E10/动作报告缓存复核/raw/minesim_dual_reportcache_v1/parent_sources/parent_sources/runtime/candidate_mcts/fleet_collision.py,4500,41e1707c626c1f9e80ad28a46484fd984ebf5677d42c3c3cd9709688a11ef076,8,MineSim_正式交接配套包_20260919_R1.zip!sources/H18_历史交接与证据原包.zip!MineSim_正式交接包_20260918_停工版V1/evidence/E10/动作报告缓存复核.zip!raw/minesim_dual_reportcache_v1/parent_sources/parent_sources/runtime/candidate_mcts/fleet_collision.py,MineSim_正式交接配套包_20260919_R1.zip!sources/H18_历史交接与证据原包.zip!MineSim_正式交接包_20260918_停工版V1/evidence/E10/动作报告缓存复核.zip!raw/minesim_dual_reportcache_v1/parent_sources/parent_sources/runtime/engine/devkit/sim_engine/planning/planner/mcts/fleet_collision.py || MineSim_正式交接配套包_20260919_R1.zip!sources/H18_历史交接与证据原包.zip!MineSim_正式交接包_20260918_停工版V1/evidence/E13/minesim_dual_subtree_h8_smoke_v1.zip!minesim_dual_subtree_h8_smoke_v1/parent_sources/parent_sources/parent_sources/parent_sources/parent_sources/runtime/candidate_mcts/fleet_collision.py || MineSim_正式交接配套包_20260919_R1.zip!sources/H18_历史交接与证据原包.zip!MineSim_正式交接包_20260918_停工版V1/evidence/E13/minesim_dual_subtree_h8_smoke_v1.zip!minesim_dual_subtree_h8_smoke_v1/parent_sources/parent_sources/parent_sources/parent_sources/parent_sources/runtime/engine/devkit/sim_engine/planning/planner/mcts/fleet_collision.py || MineSim_正式交接配套包_20260919_R1.zip!sources/H18_历史交接与证据原包.zip!MineSim_正式交接包_20260918_停工版V1/evidence/E12/轻量缓存固定计时复核.zip!evidence/minesim_dual_cachetiming_v1.zip!minesim_dual_cachetiming_v1/parent_sources/parent_sources/parent_sources/parent_sources/runtime/candidate_mcts/fleet_collision.py || MineSim_正式交接配套包_20260919_R1.zip!sources/H18_历史交接与证据原包.zip!MineSim_正式交接包_20260918_停工版V1/evidence/E12/轻量缓存固定计时复核.zip!evidence/minesim_dual_cachetiming_v1.zip!minesim_dual_cachetiming_v1/parent_sources/parent_sources/parent_sources/parent_sources/runtime/engine/devkit/sim_engine/planning/planner/mcts/fleet_collision.py || MineSim_正式交接配套包_20260919_R1.zip!sources/H18_历史交接与证据原包.zip!MineSim_正式交接包_20260918_停工版V1/evidence/P01/H8_policy4_已交付准备原包.zip!submitted_smoke_original.zip!minesim_dual_subtree_h8_smoke_v1/parent_sources/parent_sources/parent_sources/parent_sources/parent_sources/runtime/candidate_mcts/fleet_collision.py || MineSim_正式交接配套包_20260919_R1.zip!sources/H18_历史交接与证据原包.zip!MineSim_正式交接包_20260918_停工版V1/evidence/P01/H8_policy4_已交付准备原包.zip!submitted_smoke_original.zip!minesim_dual_subtree_h8_smoke_v1/parent_sources/parent_sources/parent_sources/parent_sources/parent_sources/runtime/engine/devkit/sim_engine/planning/planner/mcts/fleet_collision.py
MineSim_正式交接配套包_20260919_R1/sources/H18_历史交接与证据原包/MineSim_正式交接包_20260918_停工版V1/evidence/E10/动作报告缓存复核/raw/minesim_dual_reportcache_v1/parent_sources/parent_sources/runtime/candidate_mcts/fleet_node.py,1460,fe61be3c0732a65e4bac250b0d0ff647240a0a9cc9778f98009378ec6cc0184c,8,MineSim_正式交接配套包_20260919_R1.zip!sources/H18_历史交接与证据原包.zip!MineSim_正式交接包_20260918_停工版V1/evidence/E10/动作报告缓存复核.zip!raw/minesim_dual_reportcache_v1/parent_sources/parent_sources/runtime/candidate_mcts/fleet_node.py,MineSim_正式交接配套包_20260919_R1.zip!sources/H18_历史交接与证据原包.zip!MineSim_正式交接包_20260918_停工版V1/evidence/E10/动作报告缓存复核.zip!raw/minesim_dual_reportcache_v1/parent_sources/parent_sources/runtime/engine/devkit/sim_engine/planning/planner/mcts/fleet_node.py || MineSim_正式交接配套包_20260919_R1.zip!sources/H18_历史交接与证据原包.zip!MineSim_正式交接包_20260918_停工版V1/evidence/E13/minesim_dual_subtree_h8_smoke_v1.zip!minesim_dual_subtree_h8_smoke_v1/parent_sources/parent_sources/parent_sources/parent_sources/parent_sources/runtime/candidate_mcts/fleet_node.py || MineSim_正式交接配套包_20260919_R1.zip!sources/H18_历史交接与证据原包.zip!MineSim_正式交接包_20260918_停工版V1/evidence/E13/minesim_dual_subtree_h8_smoke_v1.zip!minesim_dual_subtree_h8_smoke_v1/parent_sources/parent_sources/parent_sources/parent_sources/parent_sources/runtime/engine/devkit/sim_engine/planning/planner/mcts/fleet_node.py || MineSim_正式交接配套包_20260919_R1.zip!sources/H18_历史交接与证据原包.zip!MineSim_正式交接包_20260918_停工版V1/evidence/E12/轻量缓存固定计时复核.zip!evidence/minesim_dual_cachetiming_v1.zip!minesim_dual_cachetiming_v1/parent_sources/parent_sources/parent_sources/parent_sources/runtime/candidate_mcts/fleet_node.py || MineSim_正式交接配套包_20260919_R1.zip!sources/H18_历史交接与证据原包.zip!MineSim_正式交接包_20260918_停工版V1/evidence/E12/轻量缓存固定计时复核.zip!evidence/minesim_dual_cachetiming_v1.zip!minesim_dual_cachetiming_v1/parent_sources/parent_sources/parent_sources/parent_sources/runtime/engine/devkit/sim_engine/planning/planner/mcts/fleet_node.py || MineSim_正式交接配套包_20260919_R1.zip!sources/H18_历史交接与证据原包.zip!MineSim_正式交接包_20260918_停工版V1/evidence/P01/H8_policy4_已交付准备原包.zip!submitted_smoke_original.zip!minesim_dual_subtree_h8_smoke_v1/parent_sources/parent_sources/parent_sources/parent_sources/parent_sources/runtime/candidate_mcts/fleet_node.py || MineSim_正式交接配套包_20260919_R1.zip!sources/H18_历史交接与证据原包.zip!MineSim_正式交接包_20260918_停工版V1/evidence/P01/H8_policy4_已交付准备原包.zip!submitted_smoke_original.zip!minesim_dual_subtree_h8_smoke_v1/parent_sources/parent_sources/parent_sources/parent_sources/parent_sources/runtime/engine/devkit/sim_engine/planning/planner/mcts/fleet_node.py
MineSim_正式交接配套包_20260919_R1/sources/H18_历史交接与证据原包/MineSim_正式交接包_20260918_停工版V1/evidence/E10/动作报告缓存复核/raw/minesim_dual_reportcache_v1/parent_sources/parent_sources/runtime/candidate_mcts/fleet_state.py,5748,1b7efe18e2a77e96a9beb94070500ff811dd584754c03d57cb1e2e8a985c9d21,8,MineSim_正式交接配套包_20260919_R1.zip!sources/H18_历史交接与证据原包.zip!MineSim_正式交接包_20260918_停工版V1/evidence/E10/动作报告缓存复核.zip!raw/minesim_dual_reportcache_v1/parent_sources/parent_sources/runtime/candidate_mcts/fleet_state.py,MineSim_正式交接配套包_20260919_R1.zip!sources/H18_历史交接与证据原包.zip!MineSim_正式交接包_20260918_停工版V1/evidence/E10/动作报告缓存复核.zip!raw/minesim_dual_reportcache_v1/parent_sources/parent_sources/runtime/engine/devkit/sim_engine/planning/planner/mcts/fleet_state.py || MineSim_正式交接配套包_20260919_R1.zip!sources/H18_历史交接与证据原包.zip!MineSim_正式交接包_20260918_停工版V1/evidence/E13/minesim_dual_subtree_h8_smoke_v1.zip!minesim_dual_subtree_h8_smoke_v1/parent_sources/parent_sources/parent_sources/parent_sources/parent_sources/runtime/candidate_mcts/fleet_state.py || MineSim_正式交接配套包_20260919_R1.zip!sources/H18_历史交接与证据原包.zip!MineSim_正式交接包_20260918_停工版V1/evidence/E13/minesim_dual_subtree_h8_smoke_v1.zip!minesim_dual_subtree_h8_smoke_v1/parent_sources/parent_sources/parent_sources/parent_sources/parent_sources/runtime/engine/devkit/sim_engine/planning/planner/mcts/fleet_state.py || MineSim_正式交接配套包_20260919_R1.zip!sources/H18_历史交接与证据原包.zip!MineSim_正式交接包_20260918_停工版V1/evidence/E12/轻量缓存固定计时复核.zip!evidence/minesim_dual_cachetiming_v1.zip!minesim_dual_cachetiming_v1/parent_sources/parent_sources/parent_sources/parent_sources/runtime/candidate_mcts/fleet_state.py || MineSim_正式交接配套包_20260919_R1.zip!sources/H18_历史交接与证据原包.zip!MineSim_正式交接包_20260918_停工版V1/evidence/E12/轻量缓存固定计时复核.zip!evidence/minesim_dual_cachetiming_v1.zip!minesim_dual_cachetiming_v1/parent_sources/parent_sources/parent_sources/parent_sources/runtime/engine/devkit/sim_engine/planning/planner/mcts/fleet_state.py || MineSim_正式交接配套包_20260919_R1.zip!sources/H18_历史交接与证据原包.zip!MineSim_正式交接包_20260918_停工版V1/evidence/P01/H8_policy4_已交付准备原包.zip!submitted_smoke_original.zip!minesim_dual_subtree_h8_smoke_v1/parent_sources/parent_sources/parent_sources/parent_sources/parent_sources/runtime/candidate_mcts/fleet_state.py || MineSim_正式交接配套包_20260919_R1.zip!sources/H18_历史交接与证据原包.zip!MineSim_正式交接包_20260918_停工版V1/evidence/P01/H8_policy4_已交付准备原包.zip!submitted_smoke_original.zip!minesim_dual_subtree_h8_smoke_v1/parent_sources/parent_sources/parent_sources/parent_sources/parent_sources/runtime/engine/devkit/sim_engine/planning/planner/mcts/fleet_state.py
MineSim_正式交接配套包_20260919_R1/sources/H18_历史交接与证据原包/MineSim_正式交接包_20260918_停工版V1/evidence/E10/动作报告缓存复核/raw/minesim_dual_reportcache_v1/parent_sources/parent_sources/runtime/candidate_mcts/fleet_transition.py,5013,006cd1ba4f64c5780da0bfb8de0b48555cb385655ed929b7c9d9fd269d4d77a2,8,MineSim_正式交接配套包_20260919_R1.zip!sources/H18_历史交接与证据原包.zip!MineSim_正式交接包_20260918_停工版V1/evidence/E10/动作报告缓存复核.zip!raw/minesim_dual_reportcache_v1/parent_sources/parent_sources/runtime/candidate_mcts/fleet_transition.py,MineSim_正式交接配套包_20260919_R1.zip!sources/H18_历史交接与证据原包.zip!MineSim_正式交接包_20260918_停工版V1/evidence/E10/动作报告缓存复核.zip!raw/minesim_dual_reportcache_v1/parent_sources/parent_sources/runtime/engine/devkit/sim_engine/planning/planner/mcts/fleet_transition.py || MineSim_正式交接配套包_20260919_R1.zip!sources/H18_历史交接与证据原包.zip!MineSim_正式交接包_20260918_停工版V1/evidence/E13/minesim_dual_subtree_h8_smoke_v1.zip!minesim_dual_subtree_h8_smoke_v1/parent_sources/parent_sources/parent_sources/parent_sources/parent_sources/runtime/candidate_mcts/fleet_transition.py || MineSim_正式交接配套包_20260919_R1.zip!sources/H18_历史交接与证据原包.zip!MineSim_正式交接包_20260918_停工版V1/evidence/E13/minesim_dual_subtree_h8_smoke_v1.zip!minesim_dual_subtree_h8_smoke_v1/parent_sources/parent_sources/parent_sources/parent_sources/parent_sources/runtime/engine/devkit/sim_engine/planning/planner/mcts/fleet_transition.py || MineSim_正式交接配套包_20260919_R1.zip!sources/H18_历史交接与证据原包.zip!MineSim_正式交接包_20260918_停工版V1/evidence/E12/轻量缓存固定计时复核.zip!evidence/minesim_dual_cachetiming_v1.zip!minesim_dual_cachetiming_v1/parent_sources/parent_sources/parent_sources/parent_sources/runtime/candidate_mcts/fleet_transition.py || MineSim_正式交接配套包_20260919_R1.zip!sources/H18_历史交接与证据原包.zip!MineSim_正式交接包_20260918_停工版V1/evidence/E12/轻量缓存固定计时复核.zip!evidence/minesim_dual_cachetiming_v1.zip!minesim_dual_cachetiming_v1/parent_sources/parent_sources/parent_sources/parent_sources/runtime/engine/devkit/sim_engine/planning/planner/mcts/fleet_transition.py || MineSim_正式交接配套包_20260919_R1.zip!sources/H18_历史交接与证据原包.zip!MineSim_正式交接包_20260918_停工版V1/evidence/P01/H8_policy4_已交付准备原包.zip!submitted_smoke_original.zip!minesim_dual_subtree_h8_smoke_v1/parent_sources/parent_sources/parent_sources/parent_sources/parent_sources/runtime/candidate_mcts/fleet_transition.py || MineSim_正式交接配套包_20260919_R1.zip!sources/H18_历史交接与证据原包.zip!MineSim_正式交接包_20260918_停工版V1/evidence/P01/H8_policy4_已交付准备原包.zip!submitted_smoke_original.zip!minesim_dual_subtree_h8_smoke_v1/parent_sources/parent_sources/parent_sources/parent_sources/parent_sources/runtime/engine/devkit/sim_engine/planning/planner/mcts/fleet_transition.py
MineSim_正式交接配套包_20260919_R1/sources/H18_历史交接与证据原包/MineSim_正式交接包_20260918_停工版V1/evidence/E10/动作报告缓存复核/raw/minesim_dual_reportcache_v1/parent_sources/parent_sources/runtime/candidate_mcts/joint_action.py,3513,918f5e6e90631d28cdf6b6f8bdefb38d572c402a983b4cb622340408a968854e,8,MineSim_正式交接配套包_20260919_R1.zip!sources/H18_历史交接与证据原包.zip!MineSim_正式交接包_20260918_停工版V1/evidence/E10/动作报告缓存复核.zip!raw/minesim_dual_reportcache_v1/parent_sources/parent_sources/runtime/candidate_mcts/joint_action.py,MineSim_正式交接配套包_20260919_R1.zip!sources/H18_历史交接与证据原包.zip!MineSim_正式交接包_20260918_停工版V1/evidence/E10/动作报告缓存复核.zip!raw/minesim_dual_reportcache_v1/parent_sources/parent_sources/runtime/engine/devkit/sim_engine/planning/planner/mcts/joint_action.py || MineSim_正式交接配套包_20260919_R1.zip!sources/H18_历史交接与证据原包.zip!MineSim_正式交接包_20260918_停工版V1/evidence/E13/minesim_dual_subtree_h8_smoke_v1.zip!minesim_dual_subtree_h8_smoke_v1/parent_sources/parent_sources/parent_sources/parent_sources/parent_sources/runtime/candidate_mcts/joint_action.py || MineSim_正式交接配套包_20260919_R1.zip!sources/H18_历史交接与证据原包.zip!MineSim_正式交接包_20260918_停工版V1/evidence/E13/minesim_dual_subtree_h8_smoke_v1.zip!minesim_dual_subtree_h8_smoke_v1/parent_sources/parent_sources/parent_sources/parent_sources/parent_sources/runtime/engine/devkit/sim_engine/planning/planner/mcts/joint_action.py || MineSim_正式交接配套包_20260919_R1.zip!sources/H18_历史交接与证据原包.zip!MineSim_正式交接包_20260918_停工版V1/evidence/E12/轻量缓存固定计时复核.zip!evidence/minesim_dual_cachetiming_v1.zip!minesim_dual_cachetiming_v1/parent_sources/parent_sources/parent_sources/parent_sources/runtime/candidate_mcts/joint_action.py || MineSim_正式交接配套包_20260919_R1.zip!sources/H18_历史交接与证据原包.zip!MineSim_正式交接包_20260918_停工版V1/evidence/E12/轻量缓存固定计时复核.zip!evidence/minesim_dual_cachetiming_v1.zip!minesim_dual_cachetiming_v1/parent_sources/parent_sources/parent_sources/parent_sources/runtime/engine/devkit/sim_engine/planning/planner/mcts/joint_action.py || MineSim_正式交接配套包_20260919_R1.zip!sources/H18_历史交接与证据原包.zip!MineSim_正式交接包_20260918_停工版V1/evidence/P01/H8_policy4_已交付准备原包.zip!submitted_smoke_original.zip!minesim_dual_subtree_h8_smoke_v1/parent_sources/parent_sources/parent_sources/parent_sources/parent_sources/runtime/candidate_mcts/joint_action.py || MineSim_正式交接配套包_20260919_R1.zip!sources/H18_历史交接与证据原包.zip!MineSim_正式交接包_20260918_停工版V1/evidence/P01/H8_policy4_已交付准备原包.zip!submitted_smoke_original.zip!minesim_dual_subtree_h8_smoke_v1/parent_sources/parent_sources/parent_sources/parent_sources/parent_sources/runtime/engine/devkit/sim_engine/planning/planner/mcts/joint_action.py
MineSim_正式交接配套包_20260919_R1/sources/H18_历史交接与证据原包/MineSim_正式交接包_20260918_停工版V1/evidence/E10/动作报告缓存复核/raw/minesim_dual_reportcache_v1/parent_sources/parent_sources/runtime/candidate_mcts/state.py,1366,d0b7ab348ac02181eefc2481309945b3c281f8216df3667ff75d2ea03ae4d409,8,MineSim_正式交接配套包_20260919_R1.zip!sources/H18_历史交接与证据原包.zip!MineSim_正式交接包_20260918_停工版V1/evidence/E10/动作报告缓存复核.zip!raw/minesim_dual_reportcache_v1/parent_sources/parent_sources/runtime/candidate_mcts/state.py,MineSim_正式交接配套包_20260919_R1.zip!sources/H18_历史交接与证据原包.zip!MineSim_正式交接包_20260918_停工版V1/evidence/E10/动作报告缓存复核.zip!raw/minesim_dual_reportcache_v1/parent_sources/parent_sources/runtime/engine/devkit/sim_engine/planning/planner/mcts/state.py || MineSim_正式交接配套包_20260919_R1.zip!sources/H18_历史交接与证据原包.zip!MineSim_正式交接包_20260918_停工版V1/evidence/E13/minesim_dual_subtree_h8_smoke_v1.zip!minesim_dual_subtree_h8_smoke_v1/parent_sources/parent_sources/parent_sources/parent_sources/parent_sources/runtime/candidate_mcts/state.py || MineSim_正式交接配套包_20260919_R1.zip!sources/H18_历史交接与证据原包.zip!MineSim_正式交接包_20260918_停工版V1/evidence/E13/minesim_dual_subtree_h8_smoke_v1.zip!minesim_dual_subtree_h8_smoke_v1/parent_sources/parent_sources/parent_sources/parent_sources/parent_sources/runtime/engine/devkit/sim_engine/planning/planner/mcts/state.py || MineSim_正式交接配套包_20260919_R1.zip!sources/H18_历史交接与证据原包.zip!MineSim_正式交接包_20260918_停工版V1/evidence/E12/轻量缓存固定计时复核.zip!evidence/minesim_dual_cachetiming_v1.zip!minesim_dual_cachetiming_v1/parent_sources/parent_sources/parent_sources/parent_sources/runtime/candidate_mcts/state.py || MineSim_正式交接配套包_20260919_R1.zip!sources/H18_历史交接与证据原包.zip!MineSim_正式交接包_20260918_停工版V1/evidence/E12/轻量缓存固定计时复核.zip!evidence/minesim_dual_cachetiming_v1.zip!minesim_dual_cachetiming_v1/parent_sources/parent_sources/parent_sources/parent_sources/runtime/engine/devkit/sim_engine/planning/planner/mcts/state.py || MineSim_正式交接配套包_20260919_R1.zip!sources/H18_历史交接与证据原包.zip!MineSim_正式交接包_20260918_停工版V1/evidence/P01/H8_policy4_已交付准备原包.zip!submitted_smoke_original.zip!minesim_dual_subtree_h8_smoke_v1/parent_sources/parent_sources/parent_sources/parent_sources/parent_sources/runtime/candidate_mcts/state.py || MineSim_正式交接配套包_20260919_R1.zip!sources/H18_历史交接与证据原包.zip!MineSim_正式交接包_20260918_停工版V1/evidence/P01/H8_policy4_已交付准备原包.zip!submitted_smoke_original.zip!minesim_dual_subtree_h8_smoke_v1/parent_sources/parent_sources/parent_sources/parent_sources/parent_sources/runtime/engine/devkit/sim_engine/planning/planner/mcts/state.py
MineSim_正式交接配套包_20260919_R1/sources/H18_历史交接与证据原包/MineSim_正式交接包_20260918_停工版V1/evidence/E10/动作报告缓存复核/raw/minesim_dual_reportcache_v1/parent_sources/parent_sources/runtime/candidate_mcts/transition_model.py,2689,9971189f68c64978b406482f2dde326cae774948a4fde025aae26dc0af64cb0c,8,MineSim_正式交接配套包_20260919_R1.zip!sources/H18_历史交接与证据原包.zip!MineSim_正式交接包_20260918_停工版V1/evidence/E10/动作报告缓存复核.zip!raw/minesim_dual_reportcache_v1/parent_sources/parent_sources/runtime/candidate_mcts/transition_model.py,MineSim_正式交接配套包_20260919_R1.zip!sources/H18_历史交接与证据原包.zip!MineSim_正式交接包_20260918_停工版V1/evidence/E10/动作报告缓存复核.zip!raw/minesim_dual_reportcache_v1/parent_sources/parent_sources/runtime/engine/devkit/sim_engine/planning/planner/mcts/transition_model.py || MineSim_正式交接配套包_20260919_R1.zip!sources/H18_历史交接与证据原包.zip!MineSim_正式交接包_20260918_停工版V1/evidence/E13/minesim_dual_subtree_h8_smoke_v1.zip!minesim_dual_subtree_h8_smoke_v1/parent_sources/parent_sources/parent_sources/parent_sources/parent_sources/runtime/candidate_mcts/transition_model.py || MineSim_正式交接配套包_20260919_R1.zip!sources/H18_历史交接与证据原包.zip!MineSim_正式交接包_20260918_停工版V1/evidence/E13/minesim_dual_subtree_h8_smoke_v1.zip!minesim_dual_subtree_h8_smoke_v1/parent_sources/parent_sources/parent_sources/parent_sources/parent_sources/runtime/engine/devkit/sim_engine/planning/planner/mcts/transition_model.py || MineSim_正式交接配套包_20260919_R1.zip!sources/H18_历史交接与证据原包.zip!MineSim_正式交接包_20260918_停工版V1/evidence/E12/轻量缓存固定计时复核.zip!evidence/minesim_dual_cachetiming_v1.zip!minesim_dual_cachetiming_v1/parent_sources/parent_sources/parent_sources/parent_sources/runtime/candidate_mcts/transition_model.py || MineSim_正式交接配套包_20260919_R1.zip!sources/H18_历史交接与证据原包.zip!MineSim_正式交接包_20260918_停工版V1/evidence/E12/轻量缓存固定计时复核.zip!evidence/minesim_dual_cachetiming_v1.zip!minesim_dual_cachetiming_v1/parent_sources/parent_sources/parent_sources/parent_sources/runtime/engine/devkit/sim_engine/planning/planner/mcts/transition_model.py || MineSim_正式交接配套包_20260919_R1.zip!sources/H18_历史交接与证据原包.zip!MineSim_正式交接包_20260918_停工版V1/evidence/P01/H8_policy4_已交付准备原包.zip!submitted_smoke_original.zip!minesim_dual_subtree_h8_smoke_v1/parent_sources/parent_sources/parent_sources/parent_sources/parent_sources/runtime/candidate_mcts/transition_model.py || MineSim_正式交接配套包_20260919_R1.zip!sources/H18_历史交接与证据原包.zip!MineSim_正式交接包_20260918_停工版V1/evidence/P01/H8_policy4_已交付准备原包.zip!submitted_smoke_original.zip!minesim_dual_subtree_h8_smoke_v1/parent_sources/parent_sources/parent_sources/parent_sources/parent_sources/runtime/engine/devkit/sim_engine/planning/planner/mcts/transition_model.py
MineSim_正式交接配套包_20260919_R1/sources/H18_历史交接与证据原包/MineSim_正式交接包_20260918_停工版V1/evidence/E10/动作报告缓存复核/raw/minesim_dual_reportcache_v1/parent_sources/parent_sources/runtime/definitions/frozen_codec.py,5598,e5edc00e93003e834c71258d1561affbebfbde55e5637f0574ed5399247c0b43,4,MineSim_正式交接配套包_20260919_R1.zip!sources/H18_历史交接与证据原包.zip!MineSim_正式交接包_20260918_停工版V1/evidence/E10/动作报告缓存复核.zip!raw/minesim_dual_reportcache_v1/parent_sources/parent_sources/runtime/definitions/frozen_codec.py,MineSim_正式交接配套包_20260919_R1.zip!sources/H18_历史交接与证据原包.zip!MineSim_正式交接包_20260918_停工版V1/evidence/E13/minesim_dual_subtree_h8_smoke_v1.zip!minesim_dual_subtree_h8_smoke_v1/parent_sources/parent_sources/parent_sources/parent_sources/parent_sources/runtime/definitions/frozen_codec.py || MineSim_正式交接配套包_20260919_R1.zip!sources/H18_历史交接与证据原包.zip!MineSim_正式交接包_20260918_停工版V1/evidence/E12/轻量缓存固定计时复核.zip!evidence/minesim_dual_cachetiming_v1.zip!minesim_dual_cachetiming_v1/parent_sources/parent_sources/parent_sources/parent_sources/runtime/definitions/frozen_codec.py || MineSim_正式交接配套包_20260919_R1.zip!sources/H18_历史交接与证据原包.zip!MineSim_正式交接包_20260918_停工版V1/evidence/P01/H8_policy4_已交付准备原包.zip!submitted_smoke_original.zip!minesim_dual_subtree_h8_smoke_v1/parent_sources/parent_sources/parent_sources/parent_sources/parent_sources/runtime/definitions/frozen_codec.py
MineSim_正式交接配套包_20260919_R1/sources/H18_历史交接与证据原包/MineSim_正式交接包_20260918_停工版V1/evidence/E10/动作报告缓存复核/raw/minesim_dual_reportcache_v1/parent_sources/parent_sources/runtime/definitions/route_helpers.py,1392,1c10c16b8056ccd25a27cb8a12078d55d20e2457152df7361c3856ca96b0246c,4,MineSim_正式交接配套包_20260919_R1.zip!sources/H18_历史交接与证据原包.zip!MineSim_正式交接包_20260918_停工版V1/evidence/E10/动作报告缓存复核.zip!raw/minesim_dual_reportcache_v1/parent_sources/parent_sources/runtime/definitions/route_helpers.py,MineSim_正式交接配套包_20260919_R1.zip!sources/H18_历史交接与证据原包.zip!MineSim_正式交接包_20260918_停工版V1/evidence/E13/minesim_dual_subtree_h8_smoke_v1.zip!minesim_dual_subtree_h8_smoke_v1/parent_sources/parent_sources/parent_sources/parent_sources/parent_sources/runtime/definitions/route_helpers.py || MineSim_正式交接配套包_20260919_R1.zip!sources/H18_历史交接与证据原包.zip!MineSim_正式交接包_20260918_停工版V1/evidence/E12/轻量缓存固定计时复核.zip!evidence/minesim_dual_cachetiming_v1.zip!minesim_dual_cachetiming_v1/parent_sources/parent_sources/parent_sources/parent_sources/runtime/definitions/route_helpers.py || MineSim_正式交接配套包_20260919_R1.zip!sources/H18_历史交接与证据原包.zip!MineSim_正式交接包_20260918_停工版V1/evidence/P01/H8_policy4_已交付准备原包.zip!submitted_smoke_original.zip!minesim_dual_subtree_h8_smoke_v1/parent_sources/parent_sources/parent_sources/parent_sources/parent_sources/runtime/definitions/route_helpers.py
MineSim_正式交接配套包_20260919_R1/sources/H18_历史交接与证据原包/MineSim_正式交接包_20260918_停工版V1/evidence/E10/动作报告缓存复核/raw/minesim_dual_reportcache_v1/parent_sources/parent_sources/runtime/engine/devkit/__init__.py,39,a74f29e6ac70da27ee808d1ac04632b120c3139084e10af01afe36aaea99ad04,32,MineSim_正式交接配套包_20260919_R1.zip!sources/H18_历史交接与证据原包.zip!MineSim_正式交接包_20260918_停工版V1/evidence/E10/动作报告缓存复核.zip!raw/minesim_dual_reportcache_v1/parent_sources/parent_sources/runtime/engine/devkit/__init__.py,MineSim_正式交接配套包_20260919_R1.zip!sources/H18_历史交接与证据原包.zip!MineSim_正式交接包_20260918_停工版V1/evidence/E10/动作报告缓存复核.zip!raw/minesim_dual_reportcache_v1/parent_sources/parent_sources/runtime/engine/devkit/sim_engine/__init__.py || MineSim_正式交接配套包_20260919_R1.zip!sources/H18_历史交接与证据原包.zip!MineSim_正式交接包_20260918_停工版V1/evidence/E10/动作报告缓存复核.zip!raw/minesim_dual_reportcache_v1/parent_sources/parent_sources/runtime/engine/devkit/common/__init__.py || MineSim_正式交接配套包_20260919_R1.zip!sources/H18_历史交接与证据原包.zip!MineSim_正式交接包_20260918_停工版V1/evidence/E10/动作报告缓存复核.zip!raw/minesim_dual_reportcache_v1/parent_sources/parent_sources/runtime/engine/devkit/common/actor_state/__init__.py || MineSim_正式交接配套包_20260919_R1.zip!sources/H18_历史交接与证据原包.zip!MineSim_正式交接包_20260918_停工版V1/evidence/E10/动作报告缓存复核.zip!raw/minesim_dual_reportcache_v1/parent_sources/parent_sources/runtime/engine/devkit/common/geometry/__init__.py || MineSim_正式交接配套包_20260919_R1.zip!sources/H18_历史交接与证据原包.zip!MineSim_正式交接包_20260918_停工版V1/evidence/E10/动作报告缓存复核.zip!raw/minesim_dual_reportcache_v1/parent_sources/parent_sources/runtime/engine/devkit/sim_engine/planning/__init__.py || MineSim_正式交接配套包_20260919_R1.zip!sources/H18_历史交接与证据原包.zip!MineSim_正式交接包_20260918_停工版V1/evidence/E10/动作报告缓存复核.zip!raw/minesim_dual_reportcache_v1/parent_sources/parent_sources/runtime/engine/devkit/sim_engine/planning/planner/__init__.py || MineSim_正式交接配套包_20260919_R1.zip!sources/H18_历史交接与证据原包.zip!MineSim_正式交接包_20260918_停工版V1/evidence/E10/动作报告缓存复核.zip!raw/minesim_dual_reportcache_v1/parent_sources/parent_sources/runtime/engine/devkit/sim_engine/planning/planner/mcts/__init__.py || MineSim_正式交接配套包_20260919_R1.zip!sources/H18_历史交接与证据原包.zip!MineSim_正式交接包_20260918_停工版V1/evidence/E13/minesim_dual_subtree_h8_smoke_v1.zip!minesim_dual_subtree_h8_smoke_v1/parent_sources/parent_sources/parent_sources/parent_sources/parent_sources/runtime/engine/devkit/__init__.py || MineSim_正式交接配套包_20260919_R1.zip!sources/H18_历史交接与证据原包.zip!MineSim_正式交接包_20260918_停工版V1/evidence/E13/minesim_dual_subtree_h8_smoke_v1.zip!minesim_dual_subtree_h8_smoke_v1/parent_sources/parent_sources/parent_sources/parent_sources/parent_sources/runtime/engine/devkit/common/__init__.py || MineSim_正式交接配套包_20260919_R1.zip!sources/H18_历史交接与证据原包.zip!MineSim_正式交接包_20260918_停工版V1/evidence/E13/minesim_dual_subtree_h8_smoke_v1.zip!minesim_dual_subtree_h8_smoke_v1/parent_sources/parent_sources/parent_sources/parent_sources/parent_sources/runtime/engine/devkit/common/actor_state/__init__.py || MineSim_正式交接配套包_20260919_R1.zip!sources/H18_历史交接与证据原包.zip!MineSim_正式交接包_20260918_停工版V1/evidence/E13/minesim_dual_subtree_h8_smoke_v1.zip!minesim_dual_subtree_h8_smoke_v1/parent_sources/parent_sources/parent_sources/parent_sources/parent_sources/runtime/engine/devkit/common/geometry/__init__.py || MineSim_正式交接配套包_20260919_R1.zip!sources/H18_历史交接与证据原包.zip!MineSim_正式交接包_20260918_停工版V1/evidence/E13/minesim_dual_subtree_h8_smoke_v1.zip!minesim_dual_subtree_h8_smoke_v1/parent_sources/parent_sources/parent_sources/parent_sources/parent_sources/runtime/engine/devkit/sim_engine/__init__.py || MineSim_正式交接配套包_20260919_R1.zip!sources/H18_历史交接与证据原包.zip!MineSim_正式交接包_20260918_停工版V1/evidence/E13/minesim_dual_subtree_h8_smoke_v1.zip!minesim_dual_subtree_h8_smoke_v1/parent_sources/parent_sources/parent_sources/parent_sources/parent_sources/runtime/engine/devkit/sim_engine/planning/__init__.py || MineSim_正式交接配套包_20260919_R1.zip!sources/H18_历史交接与证据原包.zip!MineSim_正式交接包_20260918_停工版V1/evidence/E13/minesim_dual_subtree_h8_smoke_v1.zip!minesim_dual_subtree_h8_smoke_v1/parent_sources/parent_sources/parent_sources/parent_sources/parent_sources/runtime/engine/devkit/sim_engine/planning/planner/__init__.py || MineSim_正式交接配套包_20260919_R1.zip!sources/H18_历史交接与证据原包.zip!MineSim_正式交接包_20260918_停工版V1/evidence/E13/minesim_dual_subtree_h8_smoke_v1.zip!minesim_dual_subtree_h8_smoke_v1/parent_sources/parent_sources/parent_sources/parent_sources/parent_sources/runtime/engine/devkit/sim_engine/planning/planner/mcts/__init__.py || MineSim_正式交接配套包_20260919_R1.zip!sources/H18_历史交接与证据原包.zip!MineSim_正式交接包_20260918_停工版V1/evidence/E12/轻量缓存固定计时复核.zip!evidence/minesim_dual_cachetiming_v1.zip!minesim_dual_cachetiming_v1/parent_sources/parent_sources/parent_sources/parent_sources/runtime/engine/devkit/__init__.py || MineSim_正式交接配套包_20260919_R1.zip!sources/H18_历史交接与证据原包.zip!MineSim_正式交接包_20260918_停工版V1/evidence/E12/轻量缓存固定计时复核.zip!evidence/minesim_dual_cachetiming_v1.zip!minesim_dual_cachetiming_v1/parent_sources/parent_sources/parent_sources/parent_sources/runtime/engine/devkit/common/__init__.py || MineSim_正式交接配套包_20260919_R1.zip!sources/H18_历史交接与证据原包.zip!MineSim_正式交接包_20260918_停工版V1/evidence/E12/轻量缓存固定计时复核.zip!evidence/minesim_dual_cachetiming_v1.zip!minesim_dual_cachetiming_v1/parent_sources/parent_sources/parent_sources/parent_sources/runtime/engine/devkit/common/actor_state/__init__.py || MineSim_正式交接配套包_20260919_R1.zip!sources/H18_历史交接与证据原包.zip!MineSim_正式交接包_20260918_停工版V1/evidence/E12/轻量缓存固定计时复核.zip!evidence/minesim_dual_cachetiming_v1.zip!minesim_dual_cachetiming_v1/parent_sources/parent_sources/parent_sources/parent_sources/runtime/engine/devkit/common/geometry/__init__.py || MineSim_正式交接配套包_20260919_R1.zip!sources/H18_历史交接与证据原包.zip!MineSim_正式交接包_20260918_停工版V1/evidence/E12/轻量缓存固定计时复核.zip!evidence/minesim_dual_cachetiming_v1.zip!minesim_dual_cachetiming_v1/parent_sources/parent_sources/parent_sources/parent_sources/runtime/engine/devkit/sim_engine/__init__.py || MineSim_正式交接配套包_20260919_R1.zip!sources/H18_历史交接与证据原包.zip!MineSim_正式交接包_20260918_停工版V1/evidence/E12/轻量缓存固定计时复核.zip!evidence/minesim_dual_cachetiming_v1.zip!minesim_dual_cachetiming_v1/parent_sources/parent_sources/parent_sources/parent_sources/runtime/engine/devkit/sim_engine/planning/__init__.py || MineSim_正式交接配套包_20260919_R1.zip!sources/H18_历史交接与证据原包.zip!MineSim_正式交接包_20260918_停工版V1/evidence/E12/轻量缓存固定计时复核.zip!evidence/minesim_dual_cachetiming_v1.zip!minesim_dual_cachetiming_v1/parent_sources/parent_sources/parent_sources/parent_sources/runtime/engine/devkit/sim_engine/planning/planner/__init__.py || MineSim_正式交接配套包_20260919_R1.zip!sources/H18_历史交接与证据原包.zip!MineSim_正式交接包_20260918_停工版V1/evidence/E12/轻量缓存固定计时复核.zip!evidence/minesim_dual_cachetiming_v1.zip!minesim_dual_cachetiming_v1/parent_sources/parent_sources/parent_sources/parent_sources/runtime/engine/devkit/sim_engine/planning/planner/mcts/__init__.py || MineSim_正式交接配套包_20260919_R1.zip!sources/H18_历史交接与证据原包.zip!MineSim_正式交接包_20260918_停工版V1/evidence/P01/H8_policy4_已交付准备原包.zip!submitted_smoke_original.zip!minesim_dual_subtree_h8_smoke_v1/parent_sources/parent_sources/parent_sources/parent_sources/parent_sources/runtime/engine/devkit/__init__.py || MineSim_正式交接配套包_20260919_R1.zip!sources/H18_历史交接与证据原包.zip!MineSim_正式交接包_20260918_停工版V1/evidence/P01/H8_policy4_已交付准备原包.zip!submitted_smoke_original.zip!minesim_dual_subtree_h8_smoke_v1/parent_sources/parent_sources/parent_sources/parent_sources/parent_sources/runtime/engine/devkit/common/__init__.py || MineSim_正式交接配套包_20260919_R1.zip!sources/H18_历史交接与证据原包.zip!MineSim_正式交接包_20260918_停工版V1/evidence/P01/H8_policy4_已交付准备原包.zip!submitted_smoke_original.zip!minesim_dual_subtree_h8_smoke_v1/parent_sources/parent_sources/parent_sources/parent_sources/parent_sources/runtime/engine/devkit/common/actor_state/__init__.py || MineSim_正式交接配套包_20260919_R1.zip!sources/H18_历史交接与证据原包.zip!MineSim_正式交接包_20260918_停工版V1/evidence/P01/H8_policy4_已交付准备原包.zip!submitted_smoke_original.zip!minesim_dual_subtree_h8_smoke_v1/parent_sources/parent_sources/parent_sources/parent_sources/parent_sources/runtime/engine/devkit/common/geometry/__init__.py || MineSim_正式交接配套包_20260919_R1.zip!sources/H18_历史交接与证据原包.zip!MineSim_正式交接包_20260918_停工版V1/evidence/P01/H8_policy4_已交付准备原包.zip!submitted_smoke_original.zip!minesim_dual_subtree_h8_smoke_v1/parent_sources/parent_sources/parent_sources/parent_sources/parent_sources/runtime/engine/devkit/sim_engine/__init__.py || MineSim_正式交接配套包_20260919_R1.zip!sources/H18_历史交接与证据原包.zip!MineSim_正式交接包_20260918_停工版V1/evidence/P01/H8_policy4_已交付准备原包.zip!submitted_smoke_original.zip!minesim_dual_subtree_h8_smoke_v1/parent_sources/parent_sources/parent_sources/parent_sources/parent_sources/runtime/engine/devkit/sim_engine/planning/__init__.py || MineSim_正式交接配套包_20260919_R1.zip!sources/H18_历史交接与证据原包.zip!MineSim_正式交接包_20260918_停工版V1/evidence/P01/H8_policy4_已交付准备原包.zip!submitted_smoke_original.zip!minesim_dual_subtree_h8_smoke_v1/parent_sources/parent_sources/parent_sources/parent_sources/parent_sources/runtime/engine/devkit/sim_engine/planning/planner/__init__.py || MineSim_正式交接配套包_20260919_R1.zip!sources/H18_历史交接与证据原包.zip!MineSim_正式交接包_20260918_停工版V1/evidence/P01/H8_policy4_已交付准备原包.zip!submitted_smoke_original.zip!minesim_dual_subtree_h8_smoke_v1/parent_sources/parent_sources/parent_sources/parent_sources/parent_sources/runtime/engine/devkit/sim_engine/planning/planner/mcts/__init__.py
MineSim_正式交接配套包_20260919_R1/sources/H18_历史交接与证据原包/MineSim_正式交接包_20260918_停工版V1/evidence/E10/动作报告缓存复核/raw/minesim_dual_reportcache_v1/parent_sources/parent_sources/runtime/engine/devkit/common/actor_state/car_footprint.py,3806,0ec6b4fcb53345d64c5773071d991bc90f80b1a1bdd3c4683e5d98ad72e7a4ff,4,MineSim_正式交接配套包_20260919_R1.zip!sources/H18_历史交接与证据原包.zip!MineSim_正式交接包_20260918_停工版V1/evidence/E10/动作报告缓存复核.zip!raw/minesim_dual_reportcache_v1/parent_sources/parent_sources/runtime/engine/devkit/common/actor_state/car_footprint.py,MineSim_正式交接配套包_20260919_R1.zip!sources/H18_历史交接与证据原包.zip!MineSim_正式交接包_20260918_停工版V1/evidence/E13/minesim_dual_subtree_h8_smoke_v1.zip!minesim_dual_subtree_h8_smoke_v1/parent_sources/parent_sources/parent_sources/parent_sources/parent_sources/runtime/engine/devkit/common/actor_state/car_footprint.py || MineSim_正式交接配套包_20260919_R1.zip!sources/H18_历史交接与证据原包.zip!MineSim_正式交接包_20260918_停工版V1/evidence/E12/轻量缓存固定计时复核.zip!evidence/minesim_dual_cachetiming_v1.zip!minesim_dual_cachetiming_v1/parent_sources/parent_sources/parent_sources/parent_sources/runtime/engine/devkit/common/actor_state/car_footprint.py || MineSim_正式交接配套包_20260919_R1.zip!sources/H18_历史交接与证据原包.zip!MineSim_正式交接包_20260918_停工版V1/evidence/P01/H8_policy4_已交付准备原包.zip!submitted_smoke_original.zip!minesim_dual_subtree_h8_smoke_v1/parent_sources/parent_sources/parent_sources/parent_sources/parent_sources/runtime/engine/devkit/common/actor_state/car_footprint.py
MineSim_正式交接配套包_20260919_R1/sources/H18_历史交接与证据原包/MineSim_正式交接包_20260918_停工版V1/evidence/E10/动作报告缓存复核/raw/minesim_dual_reportcache_v1/parent_sources/parent_sources/runtime/engine/devkit/common/actor_state/oriented_box.py,11274,bdd88f0cf476308a498c42455c1e95ffc0e421c07378ef438bae5c3139322115,4,MineSim_正式交接配套包_20260919_R1.zip!sources/H18_历史交接与证据原包.zip!MineSim_正式交接包_20260918_停工版V1/evidence/E10/动作报告缓存复核.zip!raw/minesim_dual_reportcache_v1/parent_sources/parent_sources/runtime/engine/devkit/common/actor_state/oriented_box.py,MineSim_正式交接配套包_20260919_R1.zip!sources/H18_历史交接与证据原包.zip!MineSim_正式交接包_20260918_停工版V1/evidence/E13/minesim_dual_subtree_h8_smoke_v1.zip!minesim_dual_subtree_h8_smoke_v1/parent_sources/parent_sources/parent_sources/parent_sources/parent_sources/runtime/engine/devkit/common/actor_state/oriented_box.py || MineSim_正式交接配套包_20260919_R1.zip!sources/H18_历史交接与证据原包.zip!MineSim_正式交接包_20260918_停工版V1/evidence/E12/轻量缓存固定计时复核.zip!evidence/minesim_dual_cachetiming_v1.zip!minesim_dual_cachetiming_v1/parent_sources/parent_sources/parent_sources/parent_sources/runtime/engine/devkit/common/actor_state/oriented_box.py || MineSim_正式交接配套包_20260919_R1.zip!sources/H18_历史交接与证据原包.zip!MineSim_正式交接包_20260918_停工版V1/evidence/P01/H8_policy4_已交付准备原包.zip!submitted_smoke_original.zip!minesim_dual_subtree_h8_smoke_v1/parent_sources/parent_sources/parent_sources/parent_sources/parent_sources/runtime/engine/devkit/common/actor_state/oriented_box.py
MineSim_正式交接配套包_20260919_R1/sources/H18_历史交接与证据原包/MineSim_正式交接包_20260918_停工版V1/evidence/E10/动作报告缓存复核/raw/minesim_dual_reportcache_v1/parent_sources/parent_sources/runtime/engine/devkit/common/actor_state/state_representation.py,18200,b48042d0d917918969c08e97a6cddd9ab8f433f3b6b4d9adfb5e6b58b25def6e,4,MineSim_正式交接配套包_20260919_R1.zip!sources/H18_历史交接与证据原包.zip!MineSim_正式交接包_20260918_停工版V1/evidence/E10/动作报告缓存复核.zip!raw/minesim_dual_reportcache_v1/parent_sources/parent_sources/runtime/engine/devkit/common/actor_state/state_representation.py,MineSim_正式交接配套包_20260919_R1.zip!sources/H18_历史交接与证据原包.zip!MineSim_正式交接包_20260918_停工版V1/evidence/E13/minesim_dual_subtree_h8_smoke_v1.zip!minesim_dual_subtree_h8_smoke_v1/parent_sources/parent_sources/parent_sources/parent_sources/parent_sources/runtime/engine/devkit/common/actor_state/state_representation.py || MineSim_正式交接配套包_20260919_R1.zip!sources/H18_历史交接与证据原包.zip!MineSim_正式交接包_20260918_停工版V1/evidence/E12/轻量缓存固定计时复核.zip!evidence/minesim_dual_cachetiming_v1.zip!minesim_dual_cachetiming_v1/parent_sources/parent_sources/parent_sources/parent_sources/runtime/engine/devkit/common/actor_state/state_representation.py || MineSim_正式交接配套包_20260919_R1.zip!sources/H18_历史交接与证据原包.zip!MineSim_正式交接包_20260918_停工版V1/evidence/P01/H8_policy4_已交付准备原包.zip!submitted_smoke_original.zip!minesim_dual_subtree_h8_smoke_v1/parent_sources/parent_sources/parent_sources/parent_sources/parent_sources/runtime/engine/devkit/common/actor_state/state_representation.py
MineSim_正式交接配套包_20260919_R1/sources/H18_历史交接与证据原包/MineSim_正式交接包_20260918_停工版V1/evidence/E10/动作报告缓存复核/raw/minesim_dual_reportcache_v1/parent_sources/parent_sources/runtime/engine/devkit/common/actor_state/vehicle_parameters.py,11274,e14a32f88bca707de5a6d9661188259be7a9112bbefb1b0d90bd4d22358c4977,4,MineSim_正式交接配套包_20260919_R1.zip!sources/H18_历史交接与证据原包.zip!MineSim_正式交接包_20260918_停工版V1/evidence/E10/动作报告缓存复核.zip!raw/minesim_dual_reportcache_v1/parent_sources/parent_sources/runtime/engine/devkit/common/actor_state/vehicle_parameters.py,MineSim_正式交接配套包_20260919_R1.zip!sources/H18_历史交接与证据原包.zip!MineSim_正式交接包_20260918_停工版V1/evidence/E13/minesim_dual_subtree_h8_smoke_v1.zip!minesim_dual_subtree_h8_smoke_v1/parent_sources/parent_sources/parent_sources/parent_sources/parent_sources/runtime/engine/devkit/common/actor_state/vehicle_parameters.py || MineSim_正式交接配套包_20260919_R1.zip!sources/H18_历史交接与证据原包.zip!MineSim_正式交接包_20260918_停工版V1/evidence/E12/轻量缓存固定计时复核.zip!evidence/minesim_dual_cachetiming_v1.zip!minesim_dual_cachetiming_v1/parent_sources/parent_sources/parent_sources/parent_sources/runtime/engine/devkit/common/actor_state/vehicle_parameters.py || MineSim_正式交接配套包_20260919_R1.zip!sources/H18_历史交接与证据原包.zip!MineSim_正式交接包_20260918_停工版V1/evidence/P01/H8_policy4_已交付准备原包.zip!submitted_smoke_original.zip!minesim_dual_subtree_h8_smoke_v1/parent_sources/parent_sources/parent_sources/parent_sources/parent_sources/runtime/engine/devkit/common/actor_state/vehicle_parameters.py
MineSim_正式交接配套包_20260919_R1/sources/H18_历史交接与证据原包/MineSim_正式交接包_20260918_停工版V1/evidence/E10/动作报告缓存复核/raw/minesim_dual_reportcache_v1/parent_sources/parent_sources/runtime/engine/devkit/common/geometry/transform.py,5318,061b037a7a93a426b92ad426962af599123359cfd3c288ce1836e3ae70922c01,4,MineSim_正式交接配套包_20260919_R1.zip!sources/H18_历史交接与证据原包.zip!MineSim_正式交接包_20260918_停工版V1/evidence/E10/动作报告缓存复核.zip!raw/minesim_dual_reportcache_v1/parent_sources/parent_sources/runtime/engine/devkit/common/geometry/transform.py,MineSim_正式交接配套包_20260919_R1.zip!sources/H18_历史交接与证据原包.zip!MineSim_正式交接包_20260918_停工版V1/evidence/E13/minesim_dual_subtree_h8_smoke_v1.zip!minesim_dual_subtree_h8_smoke_v1/parent_sources/parent_sources/parent_sources/parent_sources/parent_sources/runtime/engine/devkit/common/geometry/transform.py || MineSim_正式交接配套包_20260919_R1.zip!sources/H18_历史交接与证据原包.zip!MineSim_正式交接包_20260918_停工版V1/evidence/E12/轻量缓存固定计时复核.zip!evidence/minesim_dual_cachetiming_v1.zip!minesim_dual_cachetiming_v1/parent_sources/parent_sources/parent_sources/parent_sources/runtime/engine/devkit/common/geometry/transform.py || MineSim_正式交接配套包_20260919_R1.zip!sources/H18_历史交接与证据原包.zip!MineSim_正式交接包_20260918_停工版V1/evidence/P01/H8_policy4_已交付准备原包.zip!submitted_smoke_original.zip!minesim_dual_subtree_h8_smoke_v1/parent_sources/parent_sources/parent_sources/parent_sources/parent_sources/runtime/engine/devkit/common/geometry/transform.py
MineSim_正式交接配套包_20260919_R1/sources/H18_历史交接与证据原包/MineSim_正式交接包_20260918_停工版V1/evidence/E10/动作报告缓存复核/raw/minesim_dual_reportcache_v1/parent_sources/parent_sources/runtime/engine/devkit/sim_engine/planning/planner/mcts/geometry_transition_model.py,17781,8ac6513912c18e761426f86d532ee89774075e0f0e9d2f6bb8aa759e7960976d,4,MineSim_正式交接配套包_20260919_R1.zip!sources/H18_历史交接与证据原包.zip!MineSim_正式交接包_20260918_停工版V1/evidence/E10/动作报告缓存复核.zip!raw/minesim_dual_reportcache_v1/parent_sources/parent_sources/runtime/engine/devkit/sim_engine/planning/planner/mcts/geometry_transition_model.py,MineSim_正式交接配套包_20260919_R1.zip!sources/H18_历史交接与证据原包.zip!MineSim_正式交接包_20260918_停工版V1/evidence/E13/minesim_dual_subtree_h8_smoke_v1.zip!minesim_dual_subtree_h8_smoke_v1/parent_sources/parent_sources/parent_sources/parent_sources/parent_sources/runtime/engine/devkit/sim_engine/planning/planner/mcts/geometry_transition_model.py || MineSim_正式交接配套包_20260919_R1.zip!sources/H18_历史交接与证据原包.zip!MineSim_正式交接包_20260918_停工版V1/evidence/E12/轻量缓存固定计时复核.zip!evidence/minesim_dual_cachetiming_v1.zip!minesim_dual_cachetiming_v1/parent_sources/parent_sources/parent_sources/parent_sources/runtime/engine/devkit/sim_engine/planning/planner/mcts/geometry_transition_model.py || MineSim_正式交接配套包_20260919_R1.zip!sources/H18_历史交接与证据原包.zip!MineSim_正式交接包_20260918_停工版V1/evidence/P01/H8_policy4_已交付准备原包.zip!submitted_smoke_original.zip!minesim_dual_subtree_h8_smoke_v1/parent_sources/parent_sources/parent_sources/parent_sources/parent_sources/runtime/engine/devkit/sim_engine/planning/planner/mcts/geometry_transition_model.py
MineSim_正式交接配套包_20260919_R1/sources/H18_历史交接与证据原包/MineSim_正式交接包_20260918_停工版V1/evidence/E10/动作报告缓存复核/raw/minesim_dual_reportcache_v1/parent_sources/parent_sources/runtime/feature_projection.py,11943,1b48576201960a73cf6a6205a411cd65d65f087d990f37010a217199eb8ea439,4,MineSim_正式交接配套包_20260919_R1.zip!sources/H18_历史交接与证据原包.zip!MineSim_正式交接包_20260918_停工版V1/evidence/E10/动作报告缓存复核.zip!raw/minesim_dual_reportcache_v1/parent_sources/parent_sources/runtime/feature_projection.py,MineSim_正式交接配套包_20260919_R1.zip!sources/H18_历史交接与证据原包.zip!MineSim_正式交接包_20260918_停工版V1/evidence/E13/minesim_dual_subtree_h8_smoke_v1.zip!minesim_dual_subtree_h8_smoke_v1/parent_sources/parent_sources/parent_sources/parent_sources/parent_sources/runtime/feature_projection.py || MineSim_正式交接配套包_20260919_R1.zip!sources/H18_历史交接与证据原包.zip!MineSim_正式交接包_20260918_停工版V1/evidence/E12/轻量缓存固定计时复核.zip!evidence/minesim_dual_cachetiming_v1.zip!minesim_dual_cachetiming_v1/parent_sources/parent_sources/parent_sources/parent_sources/runtime/feature_projection.py || MineSim_正式交接配套包_20260919_R1.zip!sources/H18_历史交接与证据原包.zip!MineSim_正式交接包_20260918_停工版V1/evidence/P01/H8_policy4_已交付准备原包.zip!submitted_smoke_original.zip!minesim_dual_subtree_h8_smoke_v1/parent_sources/parent_sources/parent_sources/parent_sources/parent_sources/runtime/feature_projection.py
MineSim_正式交接配套包_20260919_R1/sources/H18_历史交接与证据原包/MineSim_正式交接包_20260918_停工版V1/evidence/E10/动作报告缓存复核/raw/minesim_dual_reportcache_v1/parent_sources/parent_sources/runtime/inputs/resolved/policy_01.json,1142,2874c4ae0a6a4a7c770745cd855a1ed8c56ef7ec51e74bac47e80ff03254e66b,4,MineSim_正式交接配套包_20260919_R1.zip!sources/H18_历史交接与证据原包.zip!MineSim_正式交接包_20260918_停工版V1/evidence/E10/动作报告缓存复核.zip!raw/minesim_dual_reportcache_v1/parent_sources/parent_sources/runtime/inputs/resolved/policy_01.json,MineSim_正式交接配套包_20260919_R1.zip!sources/H18_历史交接与证据原包.zip!MineSim_正式交接包_20260918_停工版V1/evidence/E13/minesim_dual_subtree_h8_smoke_v1.zip!minesim_dual_subtree_h8_smoke_v1/parent_sources/parent_sources/parent_sources/parent_sources/parent_sources/runtime/inputs/resolved/policy_01.json || MineSim_正式交接配套包_20260919_R1.zip!sources/H18_历史交接与证据原包.zip!MineSim_正式交接包_20260918_停工版V1/evidence/E12/轻量缓存固定计时复核.zip!evidence/minesim_dual_cachetiming_v1.zip!minesim_dual_cachetiming_v1/parent_sources/parent_sources/parent_sources/parent_sources/runtime/inputs/resolved/policy_01.json || MineSim_正式交接配套包_20260919_R1.zip!sources/H18_历史交接与证据原包.zip!MineSim_正式交接包_20260918_停工版V1/evidence/P01/H8_policy4_已交付准备原包.zip!submitted_smoke_original.zip!minesim_dual_subtree_h8_smoke_v1/parent_sources/parent_sources/parent_sources/parent_sources/parent_sources/runtime/inputs/resolved/policy_01.json
MineSim_正式交接配套包_20260919_R1/sources/H18_历史交接与证据原包/MineSim_正式交接包_20260918_停工版V1/evidence/E10/动作报告缓存复核/raw/minesim_dual_reportcache_v1/parent_sources/parent_sources/runtime/inputs/resolved/policy_05.json,1141,cd9c5ae2c7ad58efdca44300d40fb3ab4f6b524cafd0aa65542068035e0901c8,4,MineSim_正式交接配套包_20260919_R1.zip!sources/H18_历史交接与证据原包.zip!MineSim_正式交接包_20260918_停工版V1/evidence/E10/动作报告缓存复核.zip!raw/minesim_dual_reportcache_v1/parent_sources/parent_sources/runtime/inputs/resolved/policy_05.json,MineSim_正式交接配套包_20260919_R1.zip!sources/H18_历史交接与证据原包.zip!MineSim_正式交接包_20260918_停工版V1/evidence/E13/minesim_dual_subtree_h8_smoke_v1.zip!minesim_dual_subtree_h8_smoke_v1/parent_sources/parent_sources/parent_sources/parent_sources/parent_sources/runtime/inputs/resolved/policy_05.json || MineSim_正式交接配套包_20260919_R1.zip!sources/H18_历史交接与证据原包.zip!MineSim_正式交接包_20260918_停工版V1/evidence/E12/轻量缓存固定计时复核.zip!evidence/minesim_dual_cachetiming_v1.zip!minesim_dual_cachetiming_v1/parent_sources/parent_sources/parent_sources/parent_sources/runtime/inputs/resolved/policy_05.json || MineSim_正式交接配套包_20260919_R1.zip!sources/H18_历史交接与证据原包.zip!MineSim_正式交接包_20260918_停工版V1/evidence/P01/H8_policy4_已交付准备原包.zip!submitted_smoke_original.zip!minesim_dual_subtree_h8_smoke_v1/parent_sources/parent_sources/parent_sources/parent_sources/parent_sources/runtime/inputs/resolved/policy_05.json
MineSim_正式交接配套包_20260919_R1/sources/H18_历史交接与证据原包/MineSim_正式交接包_20260918_停工版V1/evidence/E10/动作报告缓存复核/raw/minesim_dual_reportcache_v1/parent_sources/parent_sources/runtime/inputs/steps/coverage_policy_01__step0014.json,23993,55da5d1adc5945715618cd7b1d73022ed29c3b57a992a7713e9bcfa96d523aa0,4,MineSim_正式交接配套包_20260919_R1.zip!sources/H18_历史交接与证据原包.zip!MineSim_正式交接包_20260918_停工版V1/evidence/E10/动作报告缓存复核.zip!raw/minesim_dual_reportcache_v1/parent_sources/parent_sources/runtime/inputs/steps/coverage_policy_01__step0014.json,MineSim_正式交接配套包_20260919_R1.zip!sources/H18_历史交接与证据原包.zip!MineSim_正式交接包_20260918_停工版V1/evidence/E13/minesim_dual_subtree_h8_smoke_v1.zip!minesim_dual_subtree_h8_smoke_v1/parent_sources/parent_sources/parent_sources/parent_sources/parent_sources/runtime/inputs/steps/coverage_policy_01__step0014.json || MineSim_正式交接配套包_20260919_R1.zip!sources/H18_历史交接与证据原包.zip!MineSim_正式交接包_20260918_停工版V1/evidence/E12/轻量缓存固定计时复核.zip!evidence/minesim_dual_cachetiming_v1.zip!minesim_dual_cachetiming_v1/parent_sources/parent_sources/parent_sources/parent_sources/runtime/inputs/steps/coverage_policy_01__step0014.json || MineSim_正式交接配套包_20260919_R1.zip!sources/H18_历史交接与证据原包.zip!MineSim_正式交接包_20260918_停工版V1/evidence/P01/H8_policy4_已交付准备原包.zip!submitted_smoke_original.zip!minesim_dual_subtree_h8_smoke_v1/parent_sources/parent_sources/parent_sources/parent_sources/parent_sources/runtime/inputs/steps/coverage_policy_01__step0014.json
MineSim_正式交接配套包_20260919_R1/sources/H18_历史交接与证据原包/MineSim_正式交接包_20260918_停工版V1/evidence/E10/动作报告缓存复核/raw/minesim_dual_reportcache_v1/parent_sources/parent_sources/runtime/inputs/steps/coverage_policy_05__step0011.json,23988,960f30227f2530c374b45c0fbf56e33f8cc584a2be2db32e7622a96c30f7f9ca,4,MineSim_正式交接配套包_20260919_R1.zip!sources/H18_历史交接与证据原包.zip!MineSim_正式交接包_20260918_停工版V1/evidence/E10/动作报告缓存复核.zip!raw/minesim_dual_reportcache_v1/parent_sources/parent_sources/runtime/inputs/steps/coverage_policy_05__step0011.json,MineSim_正式交接配套包_20260919_R1.zip!sources/H18_历史交接与证据原包.zip!MineSim_正式交接包_20260918_停工版V1/evidence/E13/minesim_dual_subtree_h8_smoke_v1.zip!minesim_dual_subtree_h8_smoke_v1/parent_sources/parent_sources/parent_sources/parent_sources/parent_sources/runtime/inputs/steps/coverage_policy_05__step0011.json || MineSim_正式交接配套包_20260919_R1.zip!sources/H18_历史交接与证据原包.zip!MineSim_正式交接包_20260918_停工版V1/evidence/E12/轻量缓存固定计时复核.zip!evidence/minesim_dual_cachetiming_v1.zip!minesim_dual_cachetiming_v1/parent_sources/parent_sources/parent_sources/parent_sources/runtime/inputs/steps/coverage_policy_05__step0011.json || MineSim_正式交接配套包_20260919_R1.zip!sources/H18_历史交接与证据原包.zip!MineSim_正式交接包_20260918_停工版V1/evidence/P01/H8_policy4_已交付准备原包.zip!submitted_smoke_original.zip!minesim_dual_subtree_h8_smoke_v1/parent_sources/parent_sources/parent_sources/parent_sources/parent_sources/runtime/inputs/steps/coverage_policy_05__step0011.json
MineSim_正式交接配套包_20260919_R1/sources/H18_历史交接与证据原包/MineSim_正式交接包_20260918_停工版V1/evidence/E10/动作报告缓存复核/raw/minesim_dual_reportcache_v1/parent_sources/parent_sources/runtime/realroute_smoke.py,23644,568479648e506d80b0a06d74e2a56b75677c92b6e010d9a98219042b461ea225,4,MineSim_正式交接配套包_20260919_R1.zip!sources/H18_历史交接与证据原包.zip!MineSim_正式交接包_20260918_停工版V1/evidence/E10/动作报告缓存复核.zip!raw/minesim_dual_reportcache_v1/parent_sources/parent_sources/runtime/realroute_smoke.py,MineSim_正式交接配套包_20260919_R1.zip!sources/H18_历史交接与证据原包.zip!MineSim_正式交接包_20260918_停工版V1/evidence/E13/minesim_dual_subtree_h8_smoke_v1.zip!minesim_dual_subtree_h8_smoke_v1/parent_sources/parent_sources/parent_sources/parent_sources/parent_sources/runtime/realroute_smoke.py || MineSim_正式交接配套包_20260919_R1.zip!sources/H18_历史交接与证据原包.zip!MineSim_正式交接包_20260918_停工版V1/evidence/E12/轻量缓存固定计时复核.zip!evidence/minesim_dual_cachetiming_v1.zip!minesim_dual_cachetiming_v1/parent_sources/parent_sources/parent_sources/parent_sources/runtime/realroute_smoke.py || MineSim_正式交接配套包_20260919_R1.zip!sources/H18_历史交接与证据原包.zip!MineSim_正式交接包_20260918_停工版V1/evidence/P01/H8_policy4_已交付准备原包.zip!submitted_smoke_original.zip!minesim_dual_subtree_h8_smoke_v1/parent_sources/parent_sources/parent_sources/parent_sources/parent_sources/runtime/realroute_smoke.py
MineSim_正式交接配套包_20260919_R1/sources/H18_历史交接与证据原包/MineSim_正式交接包_20260918_停工版V1/evidence/E10/动作报告缓存复核/raw/minesim_dual_reportcache_v1/parent_sources/parent_sources/runtime/reference_paths.json,2440735,5a8bd32d831b7d75cc90e8db45ac9d0880dcfe10bf5c5f0db93a8a31fb0e306f,4,MineSim_正式交接配套包_20260919_R1.zip!sources/H18_历史交接与证据原包.zip!MineSim_正式交接包_20260918_停工版V1/evidence/E10/动作报告缓存复核.zip!raw/minesim_dual_reportcache_v1/parent_sources/parent_sources/runtime/reference_paths.json,MineSim_正式交接配套包_20260919_R1.zip!sources/H18_历史交接与证据原包.zip!MineSim_正式交接包_20260918_停工版V1/evidence/E13/minesim_dual_subtree_h8_smoke_v1.zip!minesim_dual_subtree_h8_smoke_v1/parent_sources/parent_sources/parent_sources/parent_sources/parent_sources/runtime/reference_paths.json || MineSim_正式交接配套包_20260919_R1.zip!sources/H18_历史交接与证据原包.zip!MineSim_正式交接包_20260918_停工版V1/evidence/E12/轻量缓存固定计时复核.zip!evidence/minesim_dual_cachetiming_v1.zip!minesim_dual_cachetiming_v1/parent_sources/parent_sources/parent_sources/parent_sources/runtime/reference_paths.json || MineSim_正式交接配套包_20260919_R1.zip!sources/H18_历史交接与证据原包.zip!MineSim_正式交接包_20260918_停工版V1/evidence/P01/H8_policy4_已交付准备原包.zip!submitted_smoke_original.zip!minesim_dual_subtree_h8_smoke_v1/parent_sources/parent_sources/parent_sources/parent_sources/parent_sources/runtime/reference_paths.json
MineSim_正式交接配套包_20260919_R1/sources/H18_历史交接与证据原包/MineSim_正式交接包_20260918_停工版V1/evidence/E10/动作报告缓存复核/raw/minesim_dual_reportcache_v1/parent_sources/parent_sources/runtime/teacher_runner_smoke.py,12814,6f90596ec54815b1e548624748fb4a09f47e27f51368ff915fdb739d17883c2a,4,MineSim_正式交接配套包_20260919_R1.zip!sources/H18_历史交接与证据原包.zip!MineSim_正式交接包_20260918_停工版V1/evidence/E10/动作报告缓存复核.zip!raw/minesim_dual_reportcache_v1/parent_sources/parent_sources/runtime/teacher_runner_smoke.py,MineSim_正式交接配套包_20260919_R1.zip!sources/H18_历史交接与证据原包.zip!MineSim_正式交接包_20260918_停工版V1/evidence/E13/minesim_dual_subtree_h8_smoke_v1.zip!minesim_dual_subtree_h8_smoke_v1/parent_sources/parent_sources/parent_sources/parent_sources/parent_sources/runtime/teacher_runner_smoke.py || MineSim_正式交接配套包_20260919_R1.zip!sources/H18_历史交接与证据原包.zip!MineSim_正式交接包_20260918_停工版V1/evidence/E12/轻量缓存固定计时复核.zip!evidence/minesim_dual_cachetiming_v1.zip!minesim_dual_cachetiming_v1/parent_sources/parent_sources/parent_sources/parent_sources/runtime/teacher_runner_smoke.py || MineSim_正式交接配套包_20260919_R1.zip!sources/H18_历史交接与证据原包.zip!MineSim_正式交接包_20260918_停工版V1/evidence/P01/H8_policy4_已交付准备原包.zip!submitted_smoke_original.zip!minesim_dual_subtree_h8_smoke_v1/parent_sources/parent_sources/parent_sources/parent_sources/parent_sources/runtime/teacher_runner_smoke.py
MineSim_正式交接配套包_20260919_R1/sources/H18_历史交接与证据原包/MineSim_正式交接包_20260918_停工版V1/evidence/E11/轻量缓存小试复核/CURRENT_STATE.json,937,60a1af6bd501a3d5a4b09cd739c78a5fc13c9415a7753fd2dd2687bc70d57079,1,MineSim_正式交接配套包_20260919_R1.zip!sources/H18_历史交接与证据原包.zip!MineSim_正式交接包_20260918_停工版V1/evidence/E11/轻量缓存小试复核.zip!CURRENT_STATE.json,
MineSim_正式交接配套包_20260919_R1/sources/H18_历史交接与证据原包/MineSim_正式交接包_20260918_停工版V1/evidence/E11/轻量缓存小试复核/PACKAGE_MANIFEST.json,3138,11183186de0ae1eb2bce32a1fca106c8d51f102378b6a1fbd8dc6ee3482652f4,1,MineSim_正式交接配套包_20260919_R1.zip!sources/H18_历史交接与证据原包.zip!MineSim_正式交接包_20260918_停工版V1/evidence/E11/轻量缓存小试复核.zip!PACKAGE_MANIFEST.json,
MineSim_正式交接配套包_20260919_R1/sources/H18_历史交接与证据原包/MineSim_正式交接包_20260918_停工版V1/evidence/E11/轻量缓存小试复核/REPORT.md,3489,a3d8ba20c26955465e36e725060d2f2a9eb0e10103617a6194a8687e2c118206,1,MineSim_正式交接配套包_20260919_R1.zip!sources/H18_历史交接与证据原包.zip!MineSim_正式交接包_20260918_停工版V1/evidence/E11/轻量缓存小试复核.zip!REPORT.md,
MineSim_正式交接配套包_20260919_R1/sources/H18_历史交接与证据原包/MineSim_正式交接包_20260918_停工版V1/evidence/E11/轻量缓存小试复核/analysis/LAUNCHER_CHECKS.json,511,f8df9ee4342f318fef13e88f0bc1abaaf9f85dbb496d12f95eff6d11f7f4406d,1,MineSim_正式交接配套包_20260919_R1.zip!sources/H18_历史交接与证据原包.zip!MineSim_正式交接包_20260918_停工版V1/evidence/E11/轻量缓存小试复核.zip!analysis/LAUNCHER_CHECKS.json,
MineSim_正式交接配套包_20260919_R1/sources/H18_历史交接与证据原包/MineSim_正式交接包_20260918_停工版V1/evidence/E11/轻量缓存小试复核/analysis/PAIRED_TIMING.json,1922,32cfd48e05d0a891a34316f18586d4840307fee566e2e29e3676c30a2de1e74d,1,MineSim_正式交接配套包_20260919_R1.zip!sources/H18_历史交接与证据原包.zip!MineSim_正式交接包_20260918_停工版V1/evidence/E11/轻量缓存小试复核.zip!analysis/PAIRED_TIMING.json,
MineSim_正式交接配套包_20260919_R1/sources/H18_历史交接与证据原包/MineSim_正式交接包_20260918_停工版V1/evidence/E11/轻量缓存小试复核/analysis/REVIEW.json,3039,0ac6a7551d1dfb399b40a7dd3d1cf9bc85ca4c8e09913ce35cef275cf27938fa,1,MineSim_正式交接配套包_20260919_R1.zip!sources/H18_历史交接与证据原包.zip!MineSim_正式交接包_20260918_停工版V1/evidence/E11/轻量缓存小试复核.zip!analysis/REVIEW.json,
MineSim_正式交接配套包_20260919_R1/sources/H18_历史交接与证据原包/MineSim_正式交接包_20260918_停工版V1/evidence/E11/轻量缓存小试复核/analysis/TEST_LOG.txt,4359,d8b49a396602d9cf75feb550147b5fc73279a1edfac6c779cd74e3badf5ad527,1,MineSim_正式交接配套包_20260919_R1.zip!sources/H18_历史交接与证据原包.zip!MineSim_正式交接包_20260918_停工版V1/evidence/E11/轻量缓存小试复核.zip!analysis/TEST_LOG.txt,
MineSim_正式交接配套包_20260919_R1/sources/H18_历史交接与证据原包/MineSim_正式交接包_20260918_停工版V1/evidence/E11/轻量缓存小试复核/analysis/TIMING_RELEASE_TESTS.json,369,7b660d99331525f66245898730bff096594bfcfb68607eb1fee56bbfd9223710,1,MineSim_正式交接配套包_20260919_R1.zip!sources/H18_历史交接与证据原包.zip!MineSim_正式交接包_20260918_停工版V1/evidence/E11/轻量缓存小试复核.zip!analysis/TIMING_RELEASE_TESTS.json,
MineSim_正式交接配套包_20260919_R1/sources/H18_历史交接与证据原包/MineSim_正式交接包_20260918_停工版V1/evidence/E11/轻量缓存小试复核/next_release/PROTOCOL.json,3448,c923f74b59efffaa533eae2d922fa57e9ab7bd54e1a425649a608a34e4f7ce5a,4,MineSim_正式交接配套包_20260919_R1.zip!sources/H18_历史交接与证据原包.zip!MineSim_正式交接包_20260918_停工版V1/evidence/E11/轻量缓存小试复核.zip!next_release/PROTOCOL.json,MineSim_正式交接配套包_20260919_R1.zip!sources/H18_历史交接与证据原包.zip!MineSim_正式交接包_20260918_停工版V1/evidence/E12/轻量缓存固定计时复核.zip!original/release/PROTOCOL.json || MineSim_正式交接配套包_20260919_R1.zip!sources/H18_历史交接与证据原包.zip!MineSim_正式交接包_20260918_停工版V1/evidence/E11/轻量缓存小试复核.zip!analysis/TIMING_RELEASE.zip!PROTOCOL.json || MineSim_正式交接配套包_20260919_R1.zip!sources/H18_历史交接与证据原包.zip!MineSim_正式交接包_20260918_停工版V1/evidence/E12/轻量缓存固定计时复核.zip!evidence/minesim_dual_cachetiming_v1.zip!minesim_dual_cachetiming_v1/release/PROTOCOL.json
MineSim_正式交接配套包_20260919_R1/sources/H18_历史交接与证据原包/MineSim_正式交接包_20260918_停工版V1/evidence/E11/轻量缓存小试复核/next_release/RELEASE_MANIFEST.json,760,5949c4587f0f05e35390fcbcd0ea56ec0d5a1cf96059b1de81b8982ad156a064,3,MineSim_正式交接配套包_20260919_R1.zip!sources/H18_历史交接与证据原包.zip!MineSim_正式交接包_20260918_停工版V1/evidence/E11/轻量缓存小试复核.zip!next_release/RELEASE_MANIFEST.json,MineSim_正式交接配套包_20260919_R1.zip!sources/H18_历史交接与证据原包.zip!MineSim_正式交接包_20260918_停工版V1/evidence/E11/轻量缓存小试复核.zip!analysis/TIMING_RELEASE.zip!RELEASE_MANIFEST.json || MineSim_正式交接配套包_20260919_R1.zip!sources/H18_历史交接与证据原包.zip!MineSim_正式交接包_20260918_停工版V1/evidence/E12/轻量缓存固定计时复核.zip!evidence/minesim_dual_cachetiming_v1.zip!minesim_dual_cachetiming_v1/release/RELEASE_MANIFEST.json
MineSim_正式交接配套包_20260919_R1/sources/H18_历史交接与证据原包/MineSim_正式交接包_20260918_停工版V1/evidence/E11/轻量缓存小试复核/next_release/SOURCE_BINDINGS.json,14024,2e9824dae6110ed37eb76647bdaadd948fb952209611292850f9b77df1a1d11a,3,MineSim_正式交接配套包_20260919_R1.zip!sources/H18_历史交接与证据原包.zip!MineSim_正式交接包_20260918_停工版V1/evidence/E11/轻量缓存小试复核.zip!next_release/SOURCE_BINDINGS.json,MineSim_正式交接配套包_20260919_R1.zip!sources/H18_历史交接与证据原包.zip!MineSim_正式交接包_20260918_停工版V1/evidence/E11/轻量缓存小试复核.zip!analysis/TIMING_RELEASE.zip!SOURCE_BINDINGS.json || MineSim_正式交接配套包_20260919_R1.zip!sources/H18_历史交接与证据原包.zip!MineSim_正式交接包_20260918_停工版V1/evidence/E12/轻量缓存固定计时复核.zip!evidence/minesim_dual_cachetiming_v1.zip!minesim_dual_cachetiming_v1/release/SOURCE_BINDINGS.json
MineSim_正式交接配套包_20260919_R1/sources/H18_历史交接与证据原包/MineSim_正式交接包_20260918_停工版V1/evidence/E11/轻量缓存小试复核/next_release/experiment.py,9149,2bb35bb31ff961c8de62989610a4b72dd79a19ea204f0baa9fe111d3eebfc291,3,MineSim_正式交接配套包_20260919_R1.zip!sources/H18_历史交接与证据原包.zip!MineSim_正式交接包_20260918_停工版V1/evidence/E11/轻量缓存小试复核.zip!next_release/experiment.py,MineSim_正式交接配套包_20260919_R1.zip!sources/H18_历史交接与证据原包.zip!MineSim_正式交接包_20260918_停工版V1/evidence/E11/轻量缓存小试复核.zip!analysis/TIMING_RELEASE.zip!experiment.py || MineSim_正式交接配套包_20260919_R1.zip!sources/H18_历史交接与证据原包.zip!MineSim_正式交接包_20260918_停工版V1/evidence/E12/轻量缓存固定计时复核.zip!evidence/minesim_dual_cachetiming_v1.zip!minesim_dual_cachetiming_v1/release/experiment.py
MineSim_正式交接配套包_20260919_R1/sources/H18_历史交接与证据原包/MineSim_正式交接包_20260918_停工版V1/evidence/E11/轻量缓存小试复核/next_release/gate.py,15712,65e812b47a17d1f8775268d1fd9ae672c4056107b5622d01f5ca0e9045324726,3,MineSim_正式交接配套包_20260919_R1.zip!sources/H18_历史交接与证据原包.zip!MineSim_正式交接包_20260918_停工版V1/evidence/E11/轻量缓存小试复核.zip!next_release/gate.py,MineSim_正式交接配套包_20260919_R1.zip!sources/H18_历史交接与证据原包.zip!MineSim_正式交接包_20260918_停工版V1/evidence/E11/轻量缓存小试复核.zip!analysis/TIMING_RELEASE.zip!gate.py || MineSim_正式交接配套包_20260919_R1.zip!sources/H18_历史交接与证据原包.zip!MineSim_正式交接包_20260918_停工版V1/evidence/E12/轻量缓存固定计时复核.zip!evidence/minesim_dual_cachetiming_v1.zip!minesim_dual_cachetiming_v1/release/gate.py
MineSim_正式交接配套包_20260919_R1/sources/H18_历史交接与证据原包/MineSim_正式交接包_20260918_停工版V1/evidence/E11/轻量缓存小试复核/original/RESOURCES.json,168,36b6c65b4a2c32df281a9721afc9287d815e1a61b2c0b36f09cd83be20959c9d,2,MineSim_正式交接配套包_20260919_R1.zip!sources/H18_历史交接与证据原包.zip!MineSim_正式交接包_20260918_停工版V1/evidence/E11/轻量缓存小试复核.zip!original/RESOURCES.json,MineSim_正式交接配套包_20260919_R1.zip!sources/H18_历史交接与证据原包.zip!MineSim_正式交接包_20260918_停工版V1/evidence/E12/轻量缓存固定计时复核.zip!evidence/minesim_dual_cachetiming_v1.zip!minesim_dual_cachetiming_v1/parent_sources/RESOURCES.json
MineSim_正式交接配套包_20260919_R1/sources/H18_历史交接与证据原包/MineSim_正式交接包_20260918_停工版V1/evidence/E11/轻量缓存小试复核/original/RESULT.json,3104,211c135632c133129fcdbf0462e843c2a2dc1a30b6041c1ff0d2b83b9148d742,2,MineSim_正式交接配套包_20260919_R1.zip!sources/H18_历史交接与证据原包.zip!MineSim_正式交接包_20260918_停工版V1/evidence/E11/轻量缓存小试复核.zip!original/RESULT.json,MineSim_正式交接配套包_20260919_R1.zip!sources/H18_历史交接与证据原包.zip!MineSim_正式交接包_20260918_停工版V1/evidence/E12/轻量缓存固定计时复核.zip!evidence/minesim_dual_cachetiming_v1.zip!minesim_dual_cachetiming_v1/parent_sources/RESULT.json
MineSim_正式交接配套包_20260919_R1/sources/H18_历史交接与证据原包/MineSim_正式交接包_20260918_停工版V1/evidence/E11/轻量缓存小试复核/run_dual_cachetiming.sh,31365,65156a56ab339ffe7948a98c285716c7e02e83aedc44857024c09af1c0b5e661,1,MineSim_正式交接配套包_20260919_R1.zip!sources/H18_历史交接与证据原包.zip!MineSim_正式交接包_20260918_停工版V1/evidence/E11/轻量缓存小试复核.zip!run_dual_cachetiming.sh,
MineSim_正式交接配套包_20260919_R1/sources/H18_历史交接与证据原包/MineSim_正式交接包_20260918_停工版V1/evidence/E11/轻量缓存小试复核/test_timing_release.py,10216,7dac368180f8beed5689cb993f22bf1cc7e8288511ae7d8fa1ec498dcfd410e6,1,MineSim_正式交接配套包_20260919_R1.zip!sources/H18_历史交接与证据原包.zip!MineSim_正式交接包_20260918_停工版V1/evidence/E11/轻量缓存小试复核.zip!test_timing_release.py,
MineSim_正式交接配套包_20260919_R1/sources/H18_历史交接与证据原包/MineSim_正式交接包_20260918_停工版V1/evidence/E11/轻量缓存小试复核/verify_review.py,6496,c6a364628bacb782c7cd58e48f03ccff2eddb3d43e35a83d4a028b0f331dcb34,1,MineSim_正式交接配套包_20260919_R1.zip!sources/H18_历史交接与证据原包.zip!MineSim_正式交接包_20260918_停工版V1/evidence/E11/轻量缓存小试复核.zip!verify_review.py,
MineSim_正式交接配套包_20260919_R1/sources/H18_历史交接与证据原包/MineSim_正式交接包_20260918_停工版V1/evidence/E12/轻量缓存固定计时复核/CURRENT_STATE.json,1268,a7bd0e3db5e5934220837ba4713fc9ecc819bff4ddd99fd389c57e2570cc55a2,1,MineSim_正式交接配套包_20260919_R1.zip!sources/H18_历史交接与证据原包.zip!MineSim_正式交接包_20260918_停工版V1/evidence/E12/轻量缓存固定计时复核.zip!CURRENT_STATE.json,
MineSim_正式交接配套包_20260919_R1/sources/H18_历史交接与证据原包/MineSim_正式交接包_20260918_停工版V1/evidence/E12/轻量缓存固定计时复核/INPUT_REFERENCE.json,208,c73394b7cd3d9b25f298b56fb384760664b84d0fc2c5fd94d967289b99d1f4e2,1,MineSim_正式交接配套包_20260919_R1.zip!sources/H18_历史交接与证据原包.zip!MineSim_正式交接包_20260918_停工版V1/evidence/E12/轻量缓存固定计时复核.zip!INPUT_REFERENCE.json,
MineSim_正式交接配套包_20260919_R1/sources/H18_历史交接与证据原包/MineSim_正式交接包_20260918_停工版V1/evidence/E12/轻量缓存固定计时复核/REPORT.md,3475,d7d89d469a2264148b6bbd77dab48e291af78d2077278fc8cff91549300d97b0,1,MineSim_正式交接配套包_20260919_R1.zip!sources/H18_历史交接与证据原包.zip!MineSim_正式交接包_20260918_停工版V1/evidence/E12/轻量缓存固定计时复核.zip!REPORT.md,
MineSim_正式交接配套包_20260919_R1/sources/H18_历史交接与证据原包/MineSim_正式交接包_20260918_停工版V1/evidence/E12/轻量缓存固定计时复核/REVIEW.json,4980,d7e3d27eded42b2e7f3c046f83c6546a5bc10edfa55c29b8694468363dd0b677,1,MineSim_正式交接配套包_20260919_R1.zip!sources/H18_历史交接与证据原包.zip!MineSim_正式交接包_20260918_停工版V1/evidence/E12/轻量缓存固定计时复核.zip!REVIEW.json,
MineSim_正式交接配套包_20260919_R1/sources/H18_历史交接与证据原包/MineSim_正式交接包_20260918_停工版V1/evidence/E12/轻量缓存固定计时复核/REVIEW_MANIFEST.json,2729,2f3de059d8583921465ea7101476c3c999e3d7b50906a0fd84531a2d7e57e228,1,MineSim_正式交接配套包_20260919_R1.zip!sources/H18_历史交接与证据原包.zip!MineSim_正式交接包_20260918_停工版V1/evidence/E12/轻量缓存固定计时复核.zip!REVIEW_MANIFEST.json,
MineSim_正式交接配套包_20260919_R1/sources/H18_历史交接与证据原包/MineSim_正式交接包_20260918_停工版V1/evidence/E12/轻量缓存固定计时复核/analysis/RECOMPUTED_TIMING.json,14096,c2f8b49a3a008283f883b50c658ec45f2bd3319487624bc114b0361913db367e,1,MineSim_正式交接配套包_20260919_R1.zip!sources/H18_历史交接与证据原包.zip!MineSim_正式交接包_20260918_停工版V1/evidence/E12/轻量缓存固定计时复核.zip!analysis/RECOMPUTED_TIMING.json,
MineSim_正式交接配套包_20260919_R1/sources/H18_历史交接与证据原包/MineSim_正式交接包_20260918_停工版V1/evidence/E12/轻量缓存固定计时复核/evidence/minesim_dual_cachetiming_v1/minesim_dual_cachetiming_v1/EVENTS.jsonl,59654,f4ac19de895d4c5e7fff22471bcfcb863171f902f52bdf77251a6e1eac023c14,1,MineSim_正式交接配套包_20260919_R1.zip!sources/H18_历史交接与证据原包.zip!MineSim_正式交接包_20260918_停工版V1/evidence/E12/轻量缓存固定计时复核.zip!evidence/minesim_dual_cachetiming_v1.zip!minesim_dual_cachetiming_v1/EVENTS.jsonl,
MineSim_正式交接配套包_20260919_R1/sources/H18_历史交接与证据原包/MineSim_正式交接包_20260918_停工版V1/evidence/E12/轻量缓存固定计时复核/evidence/minesim_dual_cachetiming_v1/minesim_dual_cachetiming_v1/PROCESSES_AFTER.json,1144,cd2257ac9604c9b84f59a2e2b61e65800d56ea4b00136df5f9d99bda51448b77,2,MineSim_正式交接配套包_20260919_R1.zip!sources/H18_历史交接与证据原包.zip!MineSim_正式交接包_20260918_停工版V1/evidence/E12/轻量缓存固定计时复核.zip!evidence/minesim_dual_cachetiming_v1.zip!minesim_dual_cachetiming_v1/PROCESSES_AFTER.json,MineSim_正式交接配套包_20260919_R1.zip!sources/H18_历史交接与证据原包.zip!MineSim_正式交接包_20260918_停工版V1/evidence/E12/轻量缓存固定计时复核.zip!evidence/minesim_dual_cachetiming_v1.zip!minesim_dual_cachetiming_v1/PROCESSES_BEFORE.json
MineSim_正式交接配套包_20260919_R1/sources/H18_历史交接与证据原包/MineSim_正式交接包_20260918_停工版V1/evidence/E12/轻量缓存固定计时复核/evidence/minesim_dual_cachetiming_v1/minesim_dual_cachetiming_v1/REQUEST.json,235,ea559325d5ec97dfac0ba000ceb992a2fcd0525781a0253c05f918f81f7e1e5e,1,MineSim_正式交接配套包_20260919_R1.zip!sources/H18_历史交接与证据原包.zip!MineSim_正式交接包_20260918_停工版V1/evidence/E12/轻量缓存固定计时复核.zip!evidence/minesim_dual_cachetiming_v1.zip!minesim_dual_cachetiming_v1/REQUEST.json,
MineSim_正式交接配套包_20260919_R1/sources/H18_历史交接与证据原包/MineSim_正式交接包_20260918_停工版V1/evidence/E12/轻量缓存固定计时复核/evidence/minesim_dual_cachetiming_v1/minesim_dual_cachetiming_v1/SOURCE_PROVENANCE.json,17340,5e74e5b1705ceb51c1837173aaa1850beaf79e82b05b5a90a32b960754454219,1,MineSim_正式交接配套包_20260919_R1.zip!sources/H18_历史交接与证据原包.zip!MineSim_正式交接包_20260918_停工版V1/evidence/E12/轻量缓存固定计时复核.zip!evidence/minesim_dual_cachetiming_v1.zip!minesim_dual_cachetiming_v1/SOURCE_PROVENANCE.json,
MineSim_正式交接配套包_20260919_R1/sources/H18_历史交接与证据原包/MineSim_正式交接包_20260918_停工版V1/evidence/E12/轻量缓存固定计时复核/evidence/minesim_dual_cachetiming_v1/minesim_dual_cachetiming_v1/native/measure_01/BLOCK_PROTOCOL.json,166,afb4e245b51dae7df027904c9bffc1249b623480433563d2c46a2e35ada380ee,1,MineSim_正式交接配套包_20260919_R1.zip!sources/H18_历史交接与证据原包.zip!MineSim_正式交接包_20260918_停工版V1/evidence/E12/轻量缓存固定计时复核.zip!evidence/minesim_dual_cachetiming_v1.zip!minesim_dual_cachetiming_v1/native/measure_01/BLOCK_PROTOCOL.json,
MineSim_正式交接配套包_20260919_R1/sources/H18_历史交接与证据原包/MineSim_正式交接包_20260918_停工版V1/evidence/E12/轻量缓存固定计时复核/evidence/minesim_dual_cachetiming_v1/minesim_dual_cachetiming_v1/native/measure_01/BLOCK_SUMMARY.json,3026,f0e2fb74d2cbbeaf1cf7642cb3bd65c3453461831a3c8178512e7e28bed2c6d2,1,MineSim_正式交接配套包_20260919_R1.zip!sources/H18_历史交接与证据原包.zip!MineSim_正式交接包_20260918_停工版V1/evidence/E12/轻量缓存固定计时复核.zip!evidence/minesim_dual_cachetiming_v1.zip!minesim_dual_cachetiming_v1/native/measure_01/BLOCK_SUMMARY.json,
MineSim_正式交接配套包_20260919_R1/sources/H18_历史交接与证据原包/MineSim_正式交接包_20260918_停工版V1/evidence/E12/轻量缓存固定计时复核/evidence/minesim_dual_cachetiming_v1/minesim_dual_cachetiming_v1/native/measure_01/RESOURCE_AFTER.json,446,e7330a05b0ea7add1345ccef3c5de1b64e5a37d03058c5a6b327d91ad7da0985,1,MineSim_正式交接配套包_20260919_R1.zip!sources/H18_历史交接与证据原包.zip!MineSim_正式交接包_20260918_停工版V1/evidence/E12/轻量缓存固定计时复核.zip!evidence/minesim_dual_cachetiming_v1.zip!minesim_dual_cachetiming_v1/native/measure_01/RESOURCE_AFTER.json,
MineSim_正式交接配套包_20260919_R1/sources/H18_历史交接与证据原包/MineSim_正式交接包_20260918_停工版V1/evidence/E12/轻量缓存固定计时复核/evidence/minesim_dual_cachetiming_v1/minesim_dual_cachetiming_v1/native/measure_01/RESOURCE_BEFORE.json,447,ae313883462c185fe6d52ce9d71c9d4eb13e8fc69088cf02baa1e7b54771d517,1,MineSim_正式交接配套包_20260919_R1.zip!sources/H18_历史交接与证据原包.zip!MineSim_正式交接包_20260918_停工版V1/evidence/E12/轻量缓存固定计时复核.zip!evidence/minesim_dual_cachetiming_v1.zip!minesim_dual_cachetiming_v1/native/measure_01/RESOURCE_BEFORE.json,
MineSim_正式交接配套包_20260919_R1/sources/H18_历史交接与证据原包/MineSim_正式交接包_20260918_停工版V1/evidence/E12/轻量缓存固定计时复核/evidence/minesim_dual_cachetiming_v1/minesim_dual_cachetiming_v1/native/measure_01/native/IMPORTS.json,555,ada8817561ad4e8cd246a7c4a3d0c0dbf19f0a719c55f14847732b7d8830cf29,5,MineSim_正式交接配套包_20260919_R1.zip!sources/H18_历史交接与证据原包.zip!MineSim_正式交接包_20260918_停工版V1/evidence/E12/轻量缓存固定计时复核.zip!evidence/minesim_dual_cachetiming_v1.zip!minesim_dual_cachetiming_v1/native/measure_01/native/IMPORTS.json,MineSim_正式交接配套包_20260919_R1.zip!sources/H18_历史交接与证据原包.zip!MineSim_正式交接包_20260918_停工版V1/evidence/E12/轻量缓存固定计时复核.zip!evidence/minesim_dual_cachetiming_v1.zip!minesim_dual_cachetiming_v1/native/measure_02/native/IMPORTS.json || MineSim_正式交接配套包_20260919_R1.zip!sources/H18_历史交接与证据原包.zip!MineSim_正式交接包_20260918_停工版V1/evidence/E12/轻量缓存固定计时复核.zip!evidence/minesim_dual_cachetiming_v1.zip!minesim_dual_cachetiming_v1/native/measure_03/native/IMPORTS.json || MineSim_正式交接配套包_20260919_R1.zip!sources/H18_历史交接与证据原包.zip!MineSim_正式交接包_20260918_停工版V1/evidence/E12/轻量缓存固定计时复核.zip!evidence/minesim_dual_cachetiming_v1.zip!minesim_dual_cachetiming_v1/native/measure_04/native/IMPORTS.json || MineSim_正式交接配套包_20260919_R1.zip!sources/H18_历史交接与证据原包.zip!MineSim_正式交接包_20260918_停工版V1/evidence/E12/轻量缓存固定计时复核.zip!evidence/minesim_dual_cachetiming_v1.zip!minesim_dual_cachetiming_v1/native/warmup/native/IMPORTS.json
MineSim_正式交接配套包_20260919_R1/sources/H18_历史交接与证据原包/MineSim_正式交接包_20260918_停工版V1/evidence/E12/轻量缓存固定计时复核/evidence/minesim_dual_cachetiming_v1/minesim_dual_cachetiming_v1/native/measure_01/native/RESULT.json,2452,cb4e1a36d9019bb5be03ee01a4b4b8f4d99808cb563e96952df4dc694babd9c2,1,MineSim_正式交接配套包_20260919_R1.zip!sources/H18_历史交接与证据原包.zip!MineSim_正式交接包_20260918_停工版V1/evidence/E12/轻量缓存固定计时复核.zip!evidence/minesim_dual_cachetiming_v1.zip!minesim_dual_cachetiming_v1/native/measure_01/native/RESULT.json,
MineSim_正式交接配套包_20260919_R1/sources/H18_历史交接与证据原包/MineSim_正式交接包_20260918_停工版V1/evidence/E12/轻量缓存固定计时复核/evidence/minesim_dual_cachetiming_v1/minesim_dual_cachetiming_v1/native/measure_01/native/coverage_policy_01__step0014/cached_0.json,25283,c283d86339e3e3097e636100affa804f121efc2ccff7e7947fe5ad19c9f1c3b1,1,MineSim_正式交接配套包_20260919_R1.zip!sources/H18_历史交接与证据原包.zip!MineSim_正式交接包_20260918_停工版V1/evidence/E12/轻量缓存固定计时复核.zip!evidence/minesim_dual_cachetiming_v1.zip!minesim_dual_cachetiming_v1/native/measure_01/native/coverage_policy_01__step0014/cached_0.json,
MineSim_正式交接配套包_20260919_R1/sources/H18_历史交接与证据原包/MineSim_正式交接包_20260918_停工版V1/evidence/E12/轻量缓存固定计时复核/evidence/minesim_dual_cachetiming_v1/minesim_dual_cachetiming_v1/native/measure_01/native/coverage_policy_01__step0014/cached_1.json,25319,de16ee214aa43bd8a1c810e1a46ebe75e675904d2409104611fea69f4962f314,1,MineSim_正式交接配套包_20260919_R1.zip!sources/H18_历史交接与证据原包.zip!MineSim_正式交接包_20260918_停工版V1/evidence/E12/轻量缓存固定计时复核.zip!evidence/minesim_dual_cachetiming_v1.zip!minesim_dual_cachetiming_v1/native/measure_01/native/coverage_policy_01__step0014/cached_1.json,
MineSim_正式交接配套包_20260919_R1/sources/H18_历史交接与证据原包/MineSim_正式交接包_20260918_停工版V1/evidence/E12/轻量缓存固定计时复核/evidence/minesim_dual_cachetiming_v1/minesim_dual_cachetiming_v1/native/measure_01/native/coverage_policy_05__step0011/cached_0.json,25275,18e9858f899ab60c3848099a25630ceb44fae7abcd11fca4d3026fe4d4f0cc78,1,MineSim_正式交接配套包_20260919_R1.zip!sources/H18_历史交接与证据原包.zip!MineSim_正式交接包_20260918_停工版V1/evidence/E12/轻量缓存固定计时复核.zip!evidence/minesim_dual_cachetiming_v1.zip!minesim_dual_cachetiming_v1/native/measure_01/native/coverage_policy_05__step0011/cached_0.json,
MineSim_正式交接配套包_20260919_R1/sources/H18_历史交接与证据原包/MineSim_正式交接包_20260918_停工版V1/evidence/E12/轻量缓存固定计时复核/evidence/minesim_dual_cachetiming_v1/minesim_dual_cachetiming_v1/native/measure_01/native/coverage_policy_05__step0011/cached_1.json,25293,08d90cf47c00c73e5b52610c3b7807dcd9d06a1d474313fe68f619e83e6012f4,1,MineSim_正式交接配套包_20260919_R1.zip!sources/H18_历史交接与证据原包.zip!MineSim_正式交接包_20260918_停工版V1/evidence/E12/轻量缓存固定计时复核.zip!evidence/minesim_dual_cachetiming_v1.zip!minesim_dual_cachetiming_v1/native/measure_01/native/coverage_policy_05__step0011/cached_1.json,
MineSim_正式交接配套包_20260919_R1/sources/H18_历史交接与证据原包/MineSim_正式交接包_20260918_停工版V1/evidence/E12/轻量缓存固定计时复核/evidence/minesim_dual_cachetiming_v1/minesim_dual_cachetiming_v1/native/measure_01/parent_sources/native/coverage_policy_01__step0014/baseline_0.json,25268,98eef3572be1b3bb47184e6fa56176784adecb68229e566cc71e2be098d7e107,6,MineSim_正式交接配套包_20260919_R1.zip!sources/H18_历史交接与证据原包.zip!MineSim_正式交接包_20260918_停工版V1/evidence/E12/轻量缓存固定计时复核.zip!evidence/minesim_dual_cachetiming_v1.zip!minesim_dual_cachetiming_v1/native/measure_01/parent_sources/native/coverage_policy_01__step0014/baseline_0.json,MineSim_正式交接配套包_20260919_R1.zip!sources/H18_历史交接与证据原包.zip!MineSim_正式交接包_20260918_停工版V1/evidence/E12/轻量缓存固定计时复核.zip!evidence/minesim_dual_cachetiming_v1.zip!minesim_dual_cachetiming_v1/native/measure_02/parent_sources/native/coverage_policy_01__step0014/baseline_0.json || MineSim_正式交接配套包_20260919_R1.zip!sources/H18_历史交接与证据原包.zip!MineSim_正式交接包_20260918_停工版V1/evidence/E12/轻量缓存固定计时复核.zip!evidence/minesim_dual_cachetiming_v1.zip!minesim_dual_cachetiming_v1/native/measure_03/parent_sources/native/coverage_policy_01__step0014/baseline_0.json || MineSim_正式交接配套包_20260919_R1.zip!sources/H18_历史交接与证据原包.zip!MineSim_正式交接包_20260918_停工版V1/evidence/E12/轻量缓存固定计时复核.zip!evidence/minesim_dual_cachetiming_v1.zip!minesim_dual_cachetiming_v1/native/measure_04/parent_sources/native/coverage_policy_01__step0014/baseline_0.json || MineSim_正式交接配套包_20260919_R1.zip!sources/H18_历史交接与证据原包.zip!MineSim_正式交接包_20260918_停工版V1/evidence/E12/轻量缓存固定计时复核.zip!evidence/minesim_dual_cachetiming_v1.zip!minesim_dual_cachetiming_v1/native/warmup/parent_sources/native/coverage_policy_01__step0014/baseline_0.json || MineSim_正式交接配套包_20260919_R1.zip!sources/H18_历史交接与证据原包.zip!MineSim_正式交接包_20260918_停工版V1/evidence/E12/轻量缓存固定计时复核.zip!evidence/minesim_dual_cachetiming_v1.zip!minesim_dual_cachetiming_v1/parent_sources/native/coverage_policy_01__step0014/baseline_0.json
MineSim_正式交接配套包_20260919_R1/sources/H18_历史交接与证据原包/MineSim_正式交接包_20260918_停工版V1/evidence/E12/轻量缓存固定计时复核/evidence/minesim_dual_cachetiming_v1/minesim_dual_cachetiming_v1/native/measure_01/parent_sources/native/coverage_policy_01__step0014/baseline_1.json,25287,8bd0566c6575bcca5eeee46386430c5448f0081c57bc46616513a0e8bc925b0b,6,MineSim_正式交接配套包_20260919_R1.zip!sources/H18_历史交接与证据原包.zip!MineSim_正式交接包_20260918_停工版V1/evidence/E12/轻量缓存固定计时复核.zip!evidence/minesim_dual_cachetiming_v1.zip!minesim_dual_cachetiming_v1/native/measure_01/parent_sources/native/coverage_policy_01__step0014/baseline_1.json,MineSim_正式交接配套包_20260919_R1.zip!sources/H18_历史交接与证据原包.zip!MineSim_正式交接包_20260918_停工版V1/evidence/E12/轻量缓存固定计时复核.zip!evidence/minesim_dual_cachetiming_v1.zip!minesim_dual_cachetiming_v1/native/measure_02/parent_sources/native/coverage_policy_01__step0014/baseline_1.json || MineSim_正式交接配套包_20260919_R1.zip!sources/H18_历史交接与证据原包.zip!MineSim_正式交接包_20260918_停工版V1/evidence/E12/轻量缓存固定计时复核.zip!evidence/minesim_dual_cachetiming_v1.zip!minesim_dual_cachetiming_v1/native/measure_03/parent_sources/native/coverage_policy_01__step0014/baseline_1.json || MineSim_正式交接配套包_20260919_R1.zip!sources/H18_历史交接与证据原包.zip!MineSim_正式交接包_20260918_停工版V1/evidence/E12/轻量缓存固定计时复核.zip!evidence/minesim_dual_cachetiming_v1.zip!minesim_dual_cachetiming_v1/native/measure_04/parent_sources/native/coverage_policy_01__step0014/baseline_1.json || MineSim_正式交接配套包_20260919_R1.zip!sources/H18_历史交接与证据原包.zip!MineSim_正式交接包_20260918_停工版V1/evidence/E12/轻量缓存固定计时复核.zip!evidence/minesim_dual_cachetiming_v1.zip!minesim_dual_cachetiming_v1/native/warmup/parent_sources/native/coverage_policy_01__step0014/baseline_1.json || MineSim_正式交接配套包_20260919_R1.zip!sources/H18_历史交接与证据原包.zip!MineSim_正式交接包_20260918_停工版V1/evidence/E12/轻量缓存固定计时复核.zip!evidence/minesim_dual_cachetiming_v1.zip!minesim_dual_cachetiming_v1/parent_sources/native/coverage_policy_01__step0014/baseline_1.json
MineSim_正式交接配套包_20260919_R1/sources/H18_历史交接与证据原包/MineSim_正式交接包_20260918_停工版V1/evidence/E12/轻量缓存固定计时复核/evidence/minesim_dual_cachetiming_v1/minesim_dual_cachetiming_v1/native/measure_01/parent_sources/native/coverage_policy_05__step0011/baseline_0.json,25268,c3d4afe1f7af92f6674f8391ac7d82a9ea36ba2fc956fb2e76ed53dc34d13039,6,MineSim_正式交接配套包_20260919_R1.zip!sources/H18_历史交接与证据原包.zip!MineSim_正式交接包_20260918_停工版V1/evidence/E12/轻量缓存固定计时复核.zip!evidence/minesim_dual_cachetiming_v1.zip!minesim_dual_cachetiming_v1/native/measure_01/parent_sources/native/coverage_policy_05__step0011/baseline_0.json,MineSim_正式交接配套包_20260919_R1.zip!sources/H18_历史交接与证据原包.zip!MineSim_正式交接包_20260918_停工版V1/evidence/E12/轻量缓存固定计时复核.zip!evidence/minesim_dual_cachetiming_v1.zip!minesim_dual_cachetiming_v1/native/measure_02/parent_sources/native/coverage_policy_05__step0011/baseline_0.json || MineSim_正式交接配套包_20260919_R1.zip!sources/H18_历史交接与证据原包.zip!MineSim_正式交接包_20260918_停工版V1/evidence/E12/轻量缓存固定计时复核.zip!evidence/minesim_dual_cachetiming_v1.zip!minesim_dual_cachetiming_v1/native/measure_03/parent_sources/native/coverage_policy_05__step0011/baseline_0.json || MineSim_正式交接配套包_20260919_R1.zip!sources/H18_历史交接与证据原包.zip!MineSim_正式交接包_20260918_停工版V1/evidence/E12/轻量缓存固定计时复核.zip!evidence/minesim_dual_cachetiming_v1.zip!minesim_dual_cachetiming_v1/native/measure_04/parent_sources/native/coverage_policy_05__step0011/baseline_0.json || MineSim_正式交接配套包_20260919_R1.zip!sources/H18_历史交接与证据原包.zip!MineSim_正式交接包_20260918_停工版V1/evidence/E12/轻量缓存固定计时复核.zip!evidence/minesim_dual_cachetiming_v1.zip!minesim_dual_cachetiming_v1/native/warmup/parent_sources/native/coverage_policy_05__step0011/baseline_0.json || MineSim_正式交接配套包_20260919_R1.zip!sources/H18_历史交接与证据原包.zip!MineSim_正式交接包_20260918_停工版V1/evidence/E12/轻量缓存固定计时复核.zip!evidence/minesim_dual_cachetiming_v1.zip!minesim_dual_cachetiming_v1/parent_sources/native/coverage_policy_05__step0011/baseline_0.json
MineSim_正式交接配套包_20260919_R1/sources/H18_历史交接与证据原包/MineSim_正式交接包_20260918_停工版V1/evidence/E12/轻量缓存固定计时复核/evidence/minesim_dual_cachetiming_v1/minesim_dual_cachetiming_v1/native/measure_01/parent_sources/native/coverage_policy_05__step0011/baseline_1.json,25265,da5b3285c0493aed68f8200061d7407a68c022248c7050ab06984994824567fe,6,MineSim_正式交接配套包_20260919_R1.zip!sources/H18_历史交接与证据原包.zip!MineSim_正式交接包_20260918_停工版V1/evidence/E12/轻量缓存固定计时复核.zip!evidence/minesim_dual_cachetiming_v1.zip!minesim_dual_cachetiming_v1/native/measure_01/parent_sources/native/coverage_policy_05__step0011/baseline_1.json,MineSim_正式交接配套包_20260919_R1.zip!sources/H18_历史交接与证据原包.zip!MineSim_正式交接包_20260918_停工版V1/evidence/E12/轻量缓存固定计时复核.zip!evidence/minesim_dual_cachetiming_v1.zip!minesim_dual_cachetiming_v1/native/measure_02/parent_sources/native/coverage_policy_05__step0011/baseline_1.json || MineSim_正式交接配套包_20260919_R1.zip!sources/H18_历史交接与证据原包.zip!MineSim_正式交接包_20260918_停工版V1/evidence/E12/轻量缓存固定计时复核.zip!evidence/minesim_dual_cachetiming_v1.zip!minesim_dual_cachetiming_v1/native/measure_03/parent_sources/native/coverage_policy_05__step0011/baseline_1.json || MineSim_正式交接配套包_20260919_R1.zip!sources/H18_历史交接与证据原包.zip!MineSim_正式交接包_20260918_停工版V1/evidence/E12/轻量缓存固定计时复核.zip!evidence/minesim_dual_cachetiming_v1.zip!minesim_dual_cachetiming_v1/native/measure_04/parent_sources/native/coverage_policy_05__step0011/baseline_1.json || MineSim_正式交接配套包_20260919_R1.zip!sources/H18_历史交接与证据原包.zip!MineSim_正式交接包_20260918_停工版V1/evidence/E12/轻量缓存固定计时复核.zip!evidence/minesim_dual_cachetiming_v1.zip!minesim_dual_cachetiming_v1/native/warmup/parent_sources/native/coverage_policy_05__step0011/baseline_1.json || MineSim_正式交接配套包_20260919_R1.zip!sources/H18_历史交接与证据原包.zip!MineSim_正式交接包_20260918_停工版V1/evidence/E12/轻量缓存固定计时复核.zip!evidence/minesim_dual_cachetiming_v1.zip!minesim_dual_cachetiming_v1/parent_sources/native/coverage_policy_05__step0011/baseline_1.json
MineSim_正式交接配套包_20260919_R1/sources/H18_历史交接与证据原包/MineSim_正式交接包_20260918_停工版V1/evidence/E12/轻量缓存固定计时复核/evidence/minesim_dual_cachetiming_v1/minesim_dual_cachetiming_v1/native/measure_02/BLOCK_PROTOCOL.json,165,70914eebd4470b3de2144d48307484b5c04e88520aac29cca210ab47e40f0542,1,MineSim_正式交接配套包_20260919_R1.zip!sources/H18_历史交接与证据原包.zip!MineSim_正式交接包_20260918_停工版V1/evidence/E12/轻量缓存固定计时复核.zip!evidence/minesim_dual_cachetiming_v1.zip!minesim_dual_cachetiming_v1/native/measure_02/BLOCK_PROTOCOL.json,
MineSim_正式交接配套包_20260919_R1/sources/H18_历史交接与证据原包/MineSim_正式交接包_20260918_停工版V1/evidence/E12/轻量缓存固定计时复核/evidence/minesim_dual_cachetiming_v1/minesim_dual_cachetiming_v1/native/measure_02/BLOCK_SUMMARY.json,3025,38c1a171c386aac8d40fcda83ec9cccc3d7a1b29ec0747a7ef3feb7d3dbc9f19,1,MineSim_正式交接配套包_20260919_R1.zip!sources/H18_历史交接与证据原包.zip!MineSim_正式交接包_20260918_停工版V1/evidence/E12/轻量缓存固定计时复核.zip!evidence/minesim_dual_cachetiming_v1.zip!minesim_dual_cachetiming_v1/native/measure_02/BLOCK_SUMMARY.json,
MineSim_正式交接配套包_20260919_R1/sources/H18_历史交接与证据原包/MineSim_正式交接包_20260918_停工版V1/evidence/E12/轻量缓存固定计时复核/evidence/minesim_dual_cachetiming_v1/minesim_dual_cachetiming_v1/native/measure_02/RESOURCE_AFTER.json,447,90d39941e55b15e66e1fd74da1b51a4c3dfd9b293d2a41189d8c5e26848c6611,1,MineSim_正式交接配套包_20260919_R1.zip!sources/H18_历史交接与证据原包.zip!MineSim_正式交接包_20260918_停工版V1/evidence/E12/轻量缓存固定计时复核.zip!evidence/minesim_dual_cachetiming_v1.zip!minesim_dual_cachetiming_v1/native/measure_02/RESOURCE_AFTER.json,
MineSim_正式交接配套包_20260919_R1/sources/H18_历史交接与证据原包/MineSim_正式交接包_20260918_停工版V1/evidence/E12/轻量缓存固定计时复核/evidence/minesim_dual_cachetiming_v1/minesim_dual_cachetiming_v1/native/measure_02/RESOURCE_BEFORE.json,445,1dd066d586b41799889f93d47a2021262a2a60e40401166057c1d1d9531bbbe4,1,MineSim_正式交接配套包_20260919_R1.zip!sources/H18_历史交接与证据原包.zip!MineSim_正式交接包_20260918_停工版V1/evidence/E12/轻量缓存固定计时复核.zip!evidence/minesim_dual_cachetiming_v1.zip!minesim_dual_cachetiming_v1/native/measure_02/RESOURCE_BEFORE.json,
MineSim_正式交接配套包_20260919_R1/sources/H18_历史交接与证据原包/MineSim_正式交接包_20260918_停工版V1/evidence/E12/轻量缓存固定计时复核/evidence/minesim_dual_cachetiming_v1/minesim_dual_cachetiming_v1/native/measure_02/native/RESULT.json,2452,b6f25afc21263b90fc71894415dcd12bc146f6699c13525c8f5edf59a5f76b8c,1,MineSim_正式交接配套包_20260919_R1.zip!sources/H18_历史交接与证据原包.zip!MineSim_正式交接包_20260918_停工版V1/evidence/E12/轻量缓存固定计时复核.zip!evidence/minesim_dual_cachetiming_v1.zip!minesim_dual_cachetiming_v1/native/measure_02/native/RESULT.json,
MineSim_正式交接配套包_20260919_R1/sources/H18_历史交接与证据原包/MineSim_正式交接包_20260918_停工版V1/evidence/E12/轻量缓存固定计时复核/evidence/minesim_dual_cachetiming_v1/minesim_dual_cachetiming_v1/native/measure_02/native/coverage_policy_01__step0014/baseline_0.json,25272,1f1915c556333952bb526970de91b3c6601d9df542ea7222aba8e516a9583a93,1,MineSim_正式交接配套包_20260919_R1.zip!sources/H18_历史交接与证据原包.zip!MineSim_正式交接包_20260918_停工版V1/evidence/E12/轻量缓存固定计时复核.zip!evidence/minesim_dual_cachetiming_v1.zip!minesim_dual_cachetiming_v1/native/measure_02/native/coverage_policy_01__step0014/baseline_0.json,
MineSim_正式交接配套包_20260919_R1/sources/H18_历史交接与证据原包/MineSim_正式交接包_20260918_停工版V1/evidence/E12/轻量缓存固定计时复核/evidence/minesim_dual_cachetiming_v1/minesim_dual_cachetiming_v1/native/measure_02/native/coverage_policy_01__step0014/baseline_1.json,25293,88312aab7d2f3dc0006d347376138d2985ad50507693efd26a2f9d6754e2dec5,1,MineSim_正式交接配套包_20260919_R1.zip!sources/H18_历史交接与证据原包.zip!MineSim_正式交接包_20260918_停工版V1/evidence/E12/轻量缓存固定计时复核.zip!evidence/minesim_dual_cachetiming_v1.zip!minesim_dual_cachetiming_v1/native/measure_02/native/coverage_policy_01__step0014/baseline_1.json,
MineSim_正式交接配套包_20260919_R1/sources/H18_历史交接与证据原包/MineSim_正式交接包_20260918_停工版V1/evidence/E12/轻量缓存固定计时复核/evidence/minesim_dual_cachetiming_v1/minesim_dual_cachetiming_v1/native/measure_02/native/coverage_policy_01__step0014/cached_0.json,25283,26dbf37c6ceb1df54e9239f86017f28ba836df5edd73221380ce47ec85df9e50,1,MineSim_正式交接配套包_20260919_R1.zip!sources/H18_历史交接与证据原包.zip!MineSim_正式交接包_20260918_停工版V1/evidence/E12/轻量缓存固定计时复核.zip!evidence/minesim_dual_cachetiming_v1.zip!minesim_dual_cachetiming_v1/native/measure_02/native/coverage_policy_01__step0014/cached_0.json,
MineSim_正式交接配套包_20260919_R1/sources/H18_历史交接与证据原包/MineSim_正式交接包_20260918_停工版V1/evidence/E12/轻量缓存固定计时复核/evidence/minesim_dual_cachetiming_v1/minesim_dual_cachetiming_v1/native/measure_02/native/coverage_policy_01__step0014/cached_1.json,25320,3d750e3f9fdbb980ce411d3a5ef18f1c69949f36fa33ae9bb4b14ae061552968,1,MineSim_正式交接配套包_20260919_R1.zip!sources/H18_历史交接与证据原包.zip!MineSim_正式交接包_20260918_停工版V1/evidence/E12/轻量缓存固定计时复核.zip!evidence/minesim_dual_cachetiming_v1.zip!minesim_dual_cachetiming_v1/native/measure_02/native/coverage_policy_01__step0014/cached_1.json,
MineSim_正式交接配套包_20260919_R1/sources/H18_历史交接与证据原包/MineSim_正式交接包_20260918_停工版V1/evidence/E12/轻量缓存固定计时复核/evidence/minesim_dual_cachetiming_v1/minesim_dual_cachetiming_v1/native/measure_02/native/coverage_policy_05__step0011/baseline_0.json,25266,946d948bed5ff0568a592f6321acc924c159121b52c0176d089d36c5177af0af,1,MineSim_正式交接配套包_20260919_R1.zip!sources/H18_历史交接与证据原包.zip!MineSim_正式交接包_20260918_停工版V1/evidence/E12/轻量缓存固定计时复核.zip!evidence/minesim_dual_cachetiming_v1.zip!minesim_dual_cachetiming_v1/native/measure_02/native/coverage_policy_05__step0011/baseline_0.json,
MineSim_正式交接配套包_20260919_R1/sources/H18_历史交接与证据原包/MineSim_正式交接包_20260918_停工版V1/evidence/E12/轻量缓存固定计时复核/evidence/minesim_dual_cachetiming_v1/minesim_dual_cachetiming_v1/native/measure_02/native/coverage_policy_05__step0011/baseline_1.json,25265,33606f5cedfa0dd5abc174cb75b7092be3609f653766c64166b1c7729ee4ccc5,1,MineSim_正式交接配套包_20260919_R1.zip!sources/H18_历史交接与证据原包.zip!MineSim_正式交接包_20260918_停工版V1/evidence/E12/轻量缓存固定计时复核.zip!evidence/minesim_dual_cachetiming_v1.zip!minesim_dual_cachetiming_v1/native/measure_02/native/coverage_policy_05__step0011/baseline_1.json,
MineSim_正式交接配套包_20260919_R1/sources/H18_历史交接与证据原包/MineSim_正式交接包_20260918_停工版V1/evidence/E12/轻量缓存固定计时复核/evidence/minesim_dual_cachetiming_v1/minesim_dual_cachetiming_v1/native/measure_02/native/coverage_policy_05__step0011/cached_0.json,25276,3c1695e7abc89b3ed8237e38585f39cc16598203de42f22bc1de97e96709b8d2,1,MineSim_正式交接配套包_20260919_R1.zip!sources/H18_历史交接与证据原包.zip!MineSim_正式交接包_20260918_停工版V1/evidence/E12/轻量缓存固定计时复核.zip!evidence/minesim_dual_cachetiming_v1.zip!minesim_dual_cachetiming_v1/native/measure_02/native/coverage_policy_05__step0011/cached_0.json,
MineSim_正式交接配套包_20260919_R1/sources/H18_历史交接与证据原包/MineSim_正式交接包_20260918_停工版V1/evidence/E12/轻量缓存固定计时复核/evidence/minesim_dual_cachetiming_v1/minesim_dual_cachetiming_v1/native/measure_02/native/coverage_policy_05__step0011/cached_1.json,25292,502cb10bd00d0896f4d52f02b1ec73688b159d527dab689a7fcec6eae28258d7,1,MineSim_正式交接配套包_20260919_R1.zip!sources/H18_历史交接与证据原包.zip!MineSim_正式交接包_20260918_停工版V1/evidence/E12/轻量缓存固定计时复核.zip!evidence/minesim_dual_cachetiming_v1.zip!minesim_dual_cachetiming_v1/native/measure_02/native/coverage_policy_05__step0011/cached_1.json,
MineSim_正式交接配套包_20260919_R1/sources/H18_历史交接与证据原包/MineSim_正式交接包_20260918_停工版V1/evidence/E12/轻量缓存固定计时复核/evidence/minesim_dual_cachetiming_v1/minesim_dual_cachetiming_v1/native/measure_03/BLOCK_PROTOCOL.json,166,e163f1e95b4b2d4e52e07a30f73e21e84df26a1d5cadb2332a2f27bf31a08fc4,1,MineSim_正式交接配套包_20260919_R1.zip!sources/H18_历史交接与证据原包.zip!MineSim_正式交接包_20260918_停工版V1/evidence/E12/轻量缓存固定计时复核.zip!evidence/minesim_dual_cachetiming_v1.zip!minesim_dual_cachetiming_v1/native/measure_03/BLOCK_PROTOCOL.json,
MineSim_正式交接配套包_20260919_R1/sources/H18_历史交接与证据原包/MineSim_正式交接包_20260918_停工版V1/evidence/E12/轻量缓存固定计时复核/evidence/minesim_dual_cachetiming_v1/minesim_dual_cachetiming_v1/native/measure_03/BLOCK_SUMMARY.json,3031,14b9d0f7d1e4fd005dda85083accab7357efe5de55a051015ffbd41a2b6ce5cb,1,MineSim_正式交接配套包_20260919_R1.zip!sources/H18_历史交接与证据原包.zip!MineSim_正式交接包_20260918_停工版V1/evidence/E12/轻量缓存固定计时复核.zip!evidence/minesim_dual_cachetiming_v1.zip!minesim_dual_cachetiming_v1/native/measure_03/BLOCK_SUMMARY.json,
MineSim_正式交接配套包_20260919_R1/sources/H18_历史交接与证据原包/MineSim_正式交接包_20260918_停工版V1/evidence/E12/轻量缓存固定计时复核/evidence/minesim_dual_cachetiming_v1/minesim_dual_cachetiming_v1/native/measure_03/RESOURCE_AFTER.json,447,d49674d672fe7f5e2eb3d1adbe5c7ada29698d897ca358e7af8d4d037a5e72d2,1,MineSim_正式交接配套包_20260919_R1.zip!sources/H18_历史交接与证据原包.zip!MineSim_正式交接包_20260918_停工版V1/evidence/E12/轻量缓存固定计时复核.zip!evidence/minesim_dual_cachetiming_v1.zip!minesim_dual_cachetiming_v1/native/measure_03/RESOURCE_AFTER.json,
MineSim_正式交接配套包_20260919_R1/sources/H18_历史交接与证据原包/MineSim_正式交接包_20260918_停工版V1/evidence/E12/轻量缓存固定计时复核/evidence/minesim_dual_cachetiming_v1/minesim_dual_cachetiming_v1/native/measure_03/RESOURCE_BEFORE.json,446,ff0931e16b61622515acc54c6406bd18cf92b9bc3622db4cdf825bdc3d2aa37f,1,MineSim_正式交接配套包_20260919_R1.zip!sources/H18_历史交接与证据原包.zip!MineSim_正式交接包_20260918_停工版V1/evidence/E12/轻量缓存固定计时复核.zip!evidence/minesim_dual_cachetiming_v1.zip!minesim_dual_cachetiming_v1/native/measure_03/RESOURCE_BEFORE.json,
MineSim_正式交接配套包_20260919_R1/sources/H18_历史交接与证据原包/MineSim_正式交接包_20260918_停工版V1/evidence/E12/轻量缓存固定计时复核/evidence/minesim_dual_cachetiming_v1/minesim_dual_cachetiming_v1/native/measure_03/native/RESULT.json,2458,c76f0eb90277766e1f255a7d8ca60d5f1f6a80cfdfdde29d81d11f5a401c1c81,1,MineSim_正式交接配套包_20260919_R1.zip!sources/H18_历史交接与证据原包.zip!MineSim_正式交接包_20260918_停工版V1/evidence/E12/轻量缓存固定计时复核.zip!evidence/minesim_dual_cachetiming_v1.zip!minesim_dual_cachetiming_v1/native/measure_03/native/RESULT.json,
MineSim_正式交接配套包_20260919_R1/sources/H18_历史交接与证据原包/MineSim_正式交接包_20260918_停工版V1/evidence/E12/轻量缓存固定计时复核/evidence/minesim_dual_cachetiming_v1/minesim_dual_cachetiming_v1/native/measure_03/native/coverage_policy_01__step0014/baseline_0.json,25274,026f5f043931ad5eee280a14718f87d5f009d9139d8d1a51e10987ef5db85ff2,1,MineSim_正式交接配套包_20260919_R1.zip!sources/H18_历史交接与证据原包.zip!MineSim_正式交接包_20260918_停工版V1/evidence/E12/轻量缓存固定计时复核.zip!evidence/minesim_dual_cachetiming_v1.zip!minesim_dual_cachetiming_v1/native/measure_03/native/coverage_policy_01__step0014/baseline_0.json,
MineSim_正式交接配套包_20260919_R1/sources/H18_历史交接与证据原包/MineSim_正式交接包_20260918_停工版V1/evidence/E12/轻量缓存固定计时复核/evidence/minesim_dual_cachetiming_v1/minesim_dual_cachetiming_v1/native/measure_03/native/coverage_policy_01__step0014/baseline_1.json,25292,daf7f3d45333f13ece18a4561dcbc1ea609b80bcf221b70c8730e4357ffc7a86,1,MineSim_正式交接配套包_20260919_R1.zip!sources/H18_历史交接与证据原包.zip!MineSim_正式交接包_20260918_停工版V1/evidence/E12/轻量缓存固定计时复核.zip!evidence/minesim_dual_cachetiming_v1.zip!minesim_dual_cachetiming_v1/native/measure_03/native/coverage_policy_01__step0014/baseline_1.json,
MineSim_正式交接配套包_20260919_R1/sources/H18_历史交接与证据原包/MineSim_正式交接包_20260918_停工版V1/evidence/E12/轻量缓存固定计时复核/evidence/minesim_dual_cachetiming_v1/minesim_dual_cachetiming_v1/native/measure_03/native/coverage_policy_01__step0014/cached_0.json,25284,05ed0124c8d9c98a4116351117821d431cb059b18fe8f5f1bf8823a7741cffb3,1,MineSim_正式交接配套包_20260919_R1.zip!sources/H18_历史交接与证据原包.zip!MineSim_正式交接包_20260918_停工版V1/evidence/E12/轻量缓存固定计时复核.zip!evidence/minesim_dual_cachetiming_v1.zip!minesim_dual_cachetiming_v1/native/measure_03/native/coverage_policy_01__step0014/cached_0.json,
MineSim_正式交接配套包_20260919_R1/sources/H18_历史交接与证据原包/MineSim_正式交接包_20260918_停工版V1/evidence/E12/轻量缓存固定计时复核/evidence/minesim_dual_cachetiming_v1/minesim_dual_cachetiming_v1/native/measure_03/native/coverage_policy_01__step0014/cached_1.json,25321,3808e7e277df3991236c5d905258061dbddd3bb654df7052285eec0dc3e27262,1,MineSim_正式交接配套包_20260919_R1.zip!sources/H18_历史交接与证据原包.zip!MineSim_正式交接包_20260918_停工版V1/evidence/E12/轻量缓存固定计时复核.zip!evidence/minesim_dual_cachetiming_v1.zip!minesim_dual_cachetiming_v1/native/measure_03/native/coverage_policy_01__step0014/cached_1.json,
MineSim_正式交接配套包_20260919_R1/sources/H18_历史交接与证据原包/MineSim_正式交接包_20260918_停工版V1/evidence/E12/轻量缓存固定计时复核/evidence/minesim_dual_cachetiming_v1/minesim_dual_cachetiming_v1/native/measure_03/native/coverage_policy_05__step0011/baseline_0.json,25267,4377df3f0514aa3035c4a418db92497455fe2264696501454b09b40ee7d12ea3,1,MineSim_正式交接配套包_20260919_R1.zip!sources/H18_历史交接与证据原包.zip!MineSim_正式交接包_20260918_停工版V1/evidence/E12/轻量缓存固定计时复核.zip!evidence/minesim_dual_cachetiming_v1.zip!minesim_dual_cachetiming_v1/native/measure_03/native/coverage_policy_05__step0011/baseline_0.json,
MineSim_正式交接配套包_20260919_R1/sources/H18_历史交接与证据原包/MineSim_正式交接包_20260918_停工版V1/evidence/E12/轻量缓存固定计时复核/evidence/minesim_dual_cachetiming_v1/minesim_dual_cachetiming_v1/native/measure_03/native/coverage_policy_05__step0011/baseline_1.json,25267,2f2595b1cd95b4b3a9fcc73e0861d48732d22c534a35b4ee3210ea56eea22361,1,MineSim_正式交接配套包_20260919_R1.zip!sources/H18_历史交接与证据原包.zip!MineSim_正式交接包_20260918_停工版V1/evidence/E12/轻量缓存固定计时复核.zip!evidence/minesim_dual_cachetiming_v1.zip!minesim_dual_cachetiming_v1/native/measure_03/native/coverage_policy_05__step0011/baseline_1.json,
MineSim_正式交接配套包_20260919_R1/sources/H18_历史交接与证据原包/MineSim_正式交接包_20260918_停工版V1/evidence/E12/轻量缓存固定计时复核/evidence/minesim_dual_cachetiming_v1/minesim_dual_cachetiming_v1/native/measure_03/native/coverage_policy_05__step0011/cached_0.json,25279,8f9c85d39592e173fe3397b4c71269eb69c519002e22806ed51b8b519c578bfd,1,MineSim_正式交接配套包_20260919_R1.zip!sources/H18_历史交接与证据原包.zip!MineSim_正式交接包_20260918_停工版V1/evidence/E12/轻量缓存固定计时复核.zip!evidence/minesim_dual_cachetiming_v1.zip!minesim_dual_cachetiming_v1/native/measure_03/native/coverage_policy_05__step0011/cached_0.json,
MineSim_正式交接配套包_20260919_R1/sources/H18_历史交接与证据原包/MineSim_正式交接包_20260918_停工版V1/evidence/E12/轻量缓存固定计时复核/evidence/minesim_dual_cachetiming_v1/minesim_dual_cachetiming_v1/native/measure_03/native/coverage_policy_05__step0011/cached_1.json,25294,cb9f5f5ad969d0ead97c22686f42cc945385542b94c6703449385e880ca552cd,1,MineSim_正式交接配套包_20260919_R1.zip!sources/H18_历史交接与证据原包.zip!MineSim_正式交接包_20260918_停工版V1/evidence/E12/轻量缓存固定计时复核.zip!evidence/minesim_dual_cachetiming_v1.zip!minesim_dual_cachetiming_v1/native/measure_03/native/coverage_policy_05__step0011/cached_1.json,
MineSim_正式交接配套包_20260919_R1/sources/H18_历史交接与证据原包/MineSim_正式交接包_20260918_停工版V1/evidence/E12/轻量缓存固定计时复核/evidence/minesim_dual_cachetiming_v1/minesim_dual_cachetiming_v1/native/measure_04/BLOCK_PROTOCOL.json,165,dc223094ca08bde24e3be5c08ce2874bc86fab6b3c5bf239a56a829ea848538d,1,MineSim_正式交接配套包_20260919_R1.zip!sources/H18_历史交接与证据原包.zip!MineSim_正式交接包_20260918_停工版V1/evidence/E12/轻量缓存固定计时复核.zip!evidence/minesim_dual_cachetiming_v1.zip!minesim_dual_cachetiming_v1/native/measure_04/BLOCK_PROTOCOL.json,
MineSim_正式交接配套包_20260919_R1/sources/H18_历史交接与证据原包/MineSim_正式交接包_20260918_停工版V1/evidence/E12/轻量缓存固定计时复核/evidence/minesim_dual_cachetiming_v1/minesim_dual_cachetiming_v1/native/measure_04/BLOCK_SUMMARY.json,3025,70bd4d4c850bcb79958e2a8b79a379f6795d89eba45f81825c1ab40461492032,1,MineSim_正式交接配套包_20260919_R1.zip!sources/H18_历史交接与证据原包.zip!MineSim_正式交接包_20260918_停工版V1/evidence/E12/轻量缓存固定计时复核.zip!evidence/minesim_dual_cachetiming_v1.zip!minesim_dual_cachetiming_v1/native/measure_04/BLOCK_SUMMARY.json,
MineSim_正式交接配套包_20260919_R1/sources/H18_历史交接与证据原包/MineSim_正式交接包_20260918_停工版V1/evidence/E12/轻量缓存固定计时复核/evidence/minesim_dual_cachetiming_v1/minesim_dual_cachetiming_v1/native/measure_04/RESOURCE_AFTER.json,447,7a26453c6309a86813ed854e445dbbd82e190bbf107e00999902713b9b016d96,1,MineSim_正式交接配套包_20260919_R1.zip!sources/H18_历史交接与证据原包.zip!MineSim_正式交接包_20260918_停工版V1/evidence/E12/轻量缓存固定计时复核.zip!evidence/minesim_dual_cachetiming_v1.zip!minesim_dual_cachetiming_v1/native/measure_04/RESOURCE_AFTER.json,
MineSim_正式交接配套包_20260919_R1/sources/H18_历史交接与证据原包/MineSim_正式交接包_20260918_停工版V1/evidence/E12/轻量缓存固定计时复核/evidence/minesim_dual_cachetiming_v1/minesim_dual_cachetiming_v1/native/measure_04/RESOURCE_BEFORE.json,448,87f62d92791b64a12cd4abbd38de65c3f9261ebf31628988168d1f3d30ed854d,1,MineSim_正式交接配套包_20260919_R1.zip!sources/H18_历史交接与证据原包.zip!MineSim_正式交接包_20260918_停工版V1/evidence/E12/轻量缓存固定计时复核.zip!evidence/minesim_dual_cachetiming_v1.zip!minesim_dual_cachetiming_v1/native/measure_04/RESOURCE_BEFORE.json,
MineSim_正式交接配套包_20260919_R1/sources/H18_历史交接与证据原包/MineSim_正式交接包_20260918_停工版V1/evidence/E12/轻量缓存固定计时复核/evidence/minesim_dual_cachetiming_v1/minesim_dual_cachetiming_v1/native/measure_04/native/RESULT.json,2452,e3f7f3b0c08e4c3b5ad54060eec28b3dcd7d64c732e1d2f03381785fe0f33322,1,MineSim_正式交接配套包_20260919_R1.zip!sources/H18_历史交接与证据原包.zip!MineSim_正式交接包_20260918_停工版V1/evidence/E12/轻量缓存固定计时复核.zip!evidence/minesim_dual_cachetiming_v1.zip!minesim_dual_cachetiming_v1/native/measure_04/native/RESULT.json,
MineSim_正式交接配套包_20260919_R1/sources/H18_历史交接与证据原包/MineSim_正式交接包_20260918_停工版V1/evidence/E12/轻量缓存固定计时复核/evidence/minesim_dual_cachetiming_v1/minesim_dual_cachetiming_v1/native/measure_04/native/coverage_policy_01__step0014/baseline_0.json,25273,7c72053b76eb4c6d1ae96ee1845e7b464922618988d2f71068287dc448e455cb,1,MineSim_正式交接配套包_20260919_R1.zip!sources/H18_历史交接与证据原包.zip!MineSim_正式交接包_20260918_停工版V1/evidence/E12/轻量缓存固定计时复核.zip!evidence/minesim_dual_cachetiming_v1.zip!minesim_dual_cachetiming_v1/native/measure_04/native/coverage_policy_01__step0014/baseline_0.json,
MineSim_正式交接配套包_20260919_R1/sources/H18_历史交接与证据原包/MineSim_正式交接包_20260918_停工版V1/evidence/E12/轻量缓存固定计时复核/evidence/minesim_dual_cachetiming_v1/minesim_dual_cachetiming_v1/native/measure_04/native/coverage_policy_01__step0014/baseline_1.json,25291,4cc7fe2731b076a4cee3dd180a302a59ed11308dee16b3ee1b1fba42e683f34c,1,MineSim_正式交接配套包_20260919_R1.zip!sources/H18_历史交接与证据原包.zip!MineSim_正式交接包_20260918_停工版V1/evidence/E12/轻量缓存固定计时复核.zip!evidence/minesim_dual_cachetiming_v1.zip!minesim_dual_cachetiming_v1/native/measure_04/native/coverage_policy_01__step0014/baseline_1.json,
MineSim_正式交接配套包_20260919_R1/sources/H18_历史交接与证据原包/MineSim_正式交接包_20260918_停工版V1/evidence/E12/轻量缓存固定计时复核/evidence/minesim_dual_cachetiming_v1/minesim_dual_cachetiming_v1/native/measure_04/native/coverage_policy_01__step0014/cached_0.json,25283,ab302ad4068a6f4631ae7eb9e363afb8f19cccf34b6d68309706b4f6ec74e2d3,1,MineSim_正式交接配套包_20260919_R1.zip!sources/H18_历史交接与证据原包.zip!MineSim_正式交接包_20260918_停工版V1/evidence/E12/轻量缓存固定计时复核.zip!evidence/minesim_dual_cachetiming_v1.zip!minesim_dual_cachetiming_v1/native/measure_04/native/coverage_policy_01__step0014/cached_0.json,
MineSim_正式交接配套包_20260919_R1/sources/H18_历史交接与证据原包/MineSim_正式交接包_20260918_停工版V1/evidence/E12/轻量缓存固定计时复核/evidence/minesim_dual_cachetiming_v1/minesim_dual_cachetiming_v1/native/measure_04/native/coverage_policy_01__step0014/cached_1.json,25320,9e714d7b1bff7979869b36992bbc27f2e185ba448516e2d6782d1d286ecbc405,1,MineSim_正式交接配套包_20260919_R1.zip!sources/H18_历史交接与证据原包.zip!MineSim_正式交接包_20260918_停工版V1/evidence/E12/轻量缓存固定计时复核.zip!evidence/minesim_dual_cachetiming_v1.zip!minesim_dual_cachetiming_v1/native/measure_04/native/coverage_policy_01__step0014/cached_1.json,
MineSim_正式交接配套包_20260919_R1/sources/H18_历史交接与证据原包/MineSim_正式交接包_20260918_停工版V1/evidence/E12/轻量缓存固定计时复核/evidence/minesim_dual_cachetiming_v1/minesim_dual_cachetiming_v1/native/measure_04/native/coverage_policy_05__step0011/baseline_0.json,25268,fef9cd349b544162527711b243f5a3de3490c3b5096d4567819bc4d6bcaa131b,1,MineSim_正式交接配套包_20260919_R1.zip!sources/H18_历史交接与证据原包.zip!MineSim_正式交接包_20260918_停工版V1/evidence/E12/轻量缓存固定计时复核.zip!evidence/minesim_dual_cachetiming_v1.zip!minesim_dual_cachetiming_v1/native/measure_04/native/coverage_policy_05__step0011/baseline_0.json,
MineSim_正式交接配套包_20260919_R1/sources/H18_历史交接与证据原包/MineSim_正式交接包_20260918_停工版V1/evidence/E12/轻量缓存固定计时复核/evidence/minesim_dual_cachetiming_v1/minesim_dual_cachetiming_v1/native/measure_04/native/coverage_policy_05__step0011/baseline_1.json,25266,581b509e78d61b6bd74fe4503a303c5caa2ec401cf7f380c7a2a9bea2f5e6506,1,MineSim_正式交接配套包_20260919_R1.zip!sources/H18_历史交接与证据原包.zip!MineSim_正式交接包_20260918_停工版V1/evidence/E12/轻量缓存固定计时复核.zip!evidence/minesim_dual_cachetiming_v1.zip!minesim_dual_cachetiming_v1/native/measure_04/native/coverage_policy_05__step0011/baseline_1.json,
MineSim_正式交接配套包_20260919_R1/sources/H18_历史交接与证据原包/MineSim_正式交接包_20260918_停工版V1/evidence/E12/轻量缓存固定计时复核/evidence/minesim_dual_cachetiming_v1/minesim_dual_cachetiming_v1/native/measure_04/native/coverage_policy_05__step0011/cached_0.json,25276,d3b32f59cebb354629a67a2564dd79ea489a3df27af843e66b8e2beac224c8c5,1,MineSim_正式交接配套包_20260919_R1.zip!sources/H18_历史交接与证据原包.zip!MineSim_正式交接包_20260918_停工版V1/evidence/E12/轻量缓存固定计时复核.zip!evidence/minesim_dual_cachetiming_v1.zip!minesim_dual_cachetiming_v1/native/measure_04/native/coverage_policy_05__step0011/cached_0.json,
MineSim_正式交接配套包_20260919_R1/sources/H18_历史交接与证据原包/MineSim_正式交接包_20260918_停工版V1/evidence/E12/轻量缓存固定计时复核/evidence/minesim_dual_cachetiming_v1/minesim_dual_cachetiming_v1/native/measure_04/native/coverage_policy_05__step0011/cached_1.json,25290,724b23ef48745278ba7be655b554424171ce02228aa0eb7c607f2510d2dbb912,1,MineSim_正式交接配套包_20260919_R1.zip!sources/H18_历史交接与证据原包.zip!MineSim_正式交接包_20260918_停工版V1/evidence/E12/轻量缓存固定计时复核.zip!evidence/minesim_dual_cachetiming_v1.zip!minesim_dual_cachetiming_v1/native/measure_04/native/coverage_policy_05__step0011/cached_1.json,
MineSim_正式交接配套包_20260919_R1/sources/H18_历史交接与证据原包/MineSim_正式交接包_20260918_停工版V1/evidence/E12/轻量缓存固定计时复核/evidence/minesim_dual_cachetiming_v1/minesim_dual_cachetiming_v1/native/warmup/BLOCK_PROTOCOL.json,160,c7a66018e158b454312852afe60b0faab2068e8dcb1960672b603ed99764ccd8,1,MineSim_正式交接配套包_20260919_R1.zip!sources/H18_历史交接与证据原包.zip!MineSim_正式交接包_20260918_停工版V1/evidence/E12/轻量缓存固定计时复核.zip!evidence/minesim_dual_cachetiming_v1.zip!minesim_dual_cachetiming_v1/native/warmup/BLOCK_PROTOCOL.json,
MineSim_正式交接配套包_20260919_R1/sources/H18_历史交接与证据原包/MineSim_正式交接包_20260918_停工版V1/evidence/E12/轻量缓存固定计时复核/evidence/minesim_dual_cachetiming_v1/minesim_dual_cachetiming_v1/native/warmup/BLOCK_SUMMARY.json,3012,2baa63e5ded20eb842073bdffe015be6b030f6aa9fa12a7b8a884f3fa344574b,1,MineSim_正式交接配套包_20260919_R1.zip!sources/H18_历史交接与证据原包.zip!MineSim_正式交接包_20260918_停工版V1/evidence/E12/轻量缓存固定计时复核.zip!evidence/minesim_dual_cachetiming_v1.zip!minesim_dual_cachetiming_v1/native/warmup/BLOCK_SUMMARY.json,
MineSim_正式交接配套包_20260919_R1/sources/H18_历史交接与证据原包/MineSim_正式交接包_20260918_停工版V1/evidence/E12/轻量缓存固定计时复核/evidence/minesim_dual_cachetiming_v1/minesim_dual_cachetiming_v1/native/warmup/RESOURCE_AFTER.json,446,5e021e0a039366d58803f50745e77f75e2801e38d2202143d8dfc74b1f26d87e,1,MineSim_正式交接配套包_20260919_R1.zip!sources/H18_历史交接与证据原包.zip!MineSim_正式交接包_20260918_停工版V1/evidence/E12/轻量缓存固定计时复核.zip!evidence/minesim_dual_cachetiming_v1.zip!minesim_dual_cachetiming_v1/native/warmup/RESOURCE_AFTER.json,
MineSim_正式交接配套包_20260919_R1/sources/H18_历史交接与证据原包/MineSim_正式交接包_20260918_停工版V1/evidence/E12/轻量缓存固定计时复核/evidence/minesim_dual_cachetiming_v1/minesim_dual_cachetiming_v1/native/warmup/RESOURCE_BEFORE.json,445,eda2e3f257cec1b1c01255d4a3f3a836ec0c66d98aa3cdf6e7ed85fed873071f,1,MineSim_正式交接配套包_20260919_R1.zip!sources/H18_历史交接与证据原包.zip!MineSim_正式交接包_20260918_停工版V1/evidence/E12/轻量缓存固定计时复核.zip!evidence/minesim_dual_cachetiming_v1.zip!minesim_dual_cachetiming_v1/native/warmup/RESOURCE_BEFORE.json,
MineSim_正式交接配套包_20260919_R1/sources/H18_历史交接与证据原包/MineSim_正式交接包_20260918_停工版V1/evidence/E12/轻量缓存固定计时复核/evidence/minesim_dual_cachetiming_v1/minesim_dual_cachetiming_v1/native/warmup/native/RESULT.json,2445,f77e80e89be5c02db93b489b4ffc836d3295a20c81640ec75c95bba10c49a354,1,MineSim_正式交接配套包_20260919_R1.zip!sources/H18_历史交接与证据原包.zip!MineSim_正式交接包_20260918_停工版V1/evidence/E12/轻量缓存固定计时复核.zip!evidence/minesim_dual_cachetiming_v1.zip!minesim_dual_cachetiming_v1/native/warmup/native/RESULT.json,
MineSim_正式交接配套包_20260919_R1/sources/H18_历史交接与证据原包/MineSim_正式交接包_20260918_停工版V1/evidence/E12/轻量缓存固定计时复核/evidence/minesim_dual_cachetiming_v1/minesim_dual_cachetiming_v1/native/warmup/native/coverage_policy_01__step0014/baseline_0.json,25265,ed8634044b237845ed8a4ea3fdd5b47c0c2c51e43bc00580d4e0af999c2c779e,1,MineSim_正式交接配套包_20260919_R1.zip!sources/H18_历史交接与证据原包.zip!MineSim_正式交接包_20260918_停工版V1/evidence/E12/轻量缓存固定计时复核.zip!evidence/minesim_dual_cachetiming_v1.zip!minesim_dual_cachetiming_v1/native/warmup/native/coverage_policy_01__step0014/baseline_0.json,
MineSim_正式交接配套包_20260919_R1/sources/H18_历史交接与证据原包/MineSim_正式交接包_20260918_停工版V1/evidence/E12/轻量缓存固定计时复核/evidence/minesim_dual_cachetiming_v1/minesim_dual_cachetiming_v1/native/warmup/native/coverage_policy_01__step0014/baseline_1.json,25292,fd14ef9fc74c6b2d34cf6968e2dc5c1380ae454715a8ff4ae51d0e72d6e4713a,1,MineSim_正式交接配套包_20260919_R1.zip!sources/H18_历史交接与证据原包.zip!MineSim_正式交接包_20260918_停工版V1/evidence/E12/轻量缓存固定计时复核.zip!evidence/minesim_dual_cachetiming_v1.zip!minesim_dual_cachetiming_v1/native/warmup/native/coverage_policy_01__step0014/baseline_1.json,
MineSim_正式交接配套包_20260919_R1/sources/H18_历史交接与证据原包/MineSim_正式交接包_20260918_停工版V1/evidence/E12/轻量缓存固定计时复核/evidence/minesim_dual_cachetiming_v1/minesim_dual_cachetiming_v1/native/warmup/native/coverage_policy_01__step0014/cached_0.json,25283,611059c84e5f1b23c3a77ba0de0fc7783b0e0c29c5d13f7c7652f20528cba819,1,MineSim_正式交接配套包_20260919_R1.zip!sources/H18_历史交接与证据原包.zip!MineSim_正式交接包_20260918_停工版V1/evidence/E12/轻量缓存固定计时复核.zip!evidence/minesim_dual_cachetiming_v1.zip!minesim_dual_cachetiming_v1/native/warmup/native/coverage_policy_01__step0014/cached_0.json,
MineSim_正式交接配套包_20260919_R1/sources/H18_历史交接与证据原包/MineSim_正式交接包_20260918_停工版V1/evidence/E12/轻量缓存固定计时复核/evidence/minesim_dual_cachetiming_v1/minesim_dual_cachetiming_v1/native/warmup/native/coverage_policy_01__step0014/cached_1.json,25320,9784efed150e41d7e65d2fc00152f4a42c49896af45293769b91273ec70ff1a0,1,MineSim_正式交接配套包_20260919_R1.zip!sources/H18_历史交接与证据原包.zip!MineSim_正式交接包_20260918_停工版V1/evidence/E12/轻量缓存固定计时复核.zip!evidence/minesim_dual_cachetiming_v1.zip!minesim_dual_cachetiming_v1/native/warmup/native/coverage_policy_01__step0014/cached_1.json,
MineSim_正式交接配套包_20260919_R1/sources/H18_历史交接与证据原包/MineSim_正式交接包_20260918_停工版V1/evidence/E12/轻量缓存固定计时复核/evidence/minesim_dual_cachetiming_v1/minesim_dual_cachetiming_v1/native/warmup/native/coverage_policy_05__step0011/baseline_0.json,25266,079bc575a776dfde478105e4253c8fcb3f22b8c4d30e910aad7b5cc8bf4d67e0,1,MineSim_正式交接配套包_20260919_R1.zip!sources/H18_历史交接与证据原包.zip!MineSim_正式交接包_20260918_停工版V1/evidence/E12/轻量缓存固定计时复核.zip!evidence/minesim_dual_cachetiming_v1.zip!minesim_dual_cachetiming_v1/native/warmup/native/coverage_policy_05__step0011/baseline_0.json,
MineSim_正式交接配套包_20260919_R1/sources/H18_历史交接与证据原包/MineSim_正式交接包_20260918_停工版V1/evidence/E12/轻量缓存固定计时复核/evidence/minesim_dual_cachetiming_v1/minesim_dual_cachetiming_v1/native/warmup/native/coverage_policy_05__step0011/baseline_1.json,25264,72b942f68b685079ac501c875fdb8a2e1eec1e5ff6b0736c75f1706bb15165ca,1,MineSim_正式交接配套包_20260919_R1.zip!sources/H18_历史交接与证据原包.zip!MineSim_正式交接包_20260918_停工版V1/evidence/E12/轻量缓存固定计时复核.zip!evidence/minesim_dual_cachetiming_v1.zip!minesim_dual_cachetiming_v1/native/warmup/native/coverage_policy_05__step0011/baseline_1.json,
MineSim_正式交接配套包_20260919_R1/sources/H18_历史交接与证据原包/MineSim_正式交接包_20260918_停工版V1/evidence/E12/轻量缓存固定计时复核/evidence/minesim_dual_cachetiming_v1/minesim_dual_cachetiming_v1/native/warmup/native/coverage_policy_05__step0011/cached_0.json,25276,cbd295d3fe8efe2532873e38382af577c693af48365fc00e302d553b2cbf3538,1,MineSim_正式交接配套包_20260919_R1.zip!sources/H18_历史交接与证据原包.zip!MineSim_正式交接包_20260918_停工版V1/evidence/E12/轻量缓存固定计时复核.zip!evidence/minesim_dual_cachetiming_v1.zip!minesim_dual_cachetiming_v1/native/warmup/native/coverage_policy_05__step0011/cached_0.json,
MineSim_正式交接配套包_20260919_R1/sources/H18_历史交接与证据原包/MineSim_正式交接包_20260918_停工版V1/evidence/E12/轻量缓存固定计时复核/evidence/minesim_dual_cachetiming_v1/minesim_dual_cachetiming_v1/native/warmup/native/coverage_policy_05__step0011/cached_1.json,25293,f4ca58c1fc98bd33802501d41ba718d680bba2e2819d8d92c3bdf45902095409,1,MineSim_正式交接配套包_20260919_R1.zip!sources/H18_历史交接与证据原包.zip!MineSim_正式交接包_20260918_停工版V1/evidence/E12/轻量缓存固定计时复核.zip!evidence/minesim_dual_cachetiming_v1.zip!minesim_dual_cachetiming_v1/native/warmup/native/coverage_policy_05__step0011/cached_1.json,
MineSim_正式交接配套包_20260919_R1/sources/H18_历史交接与证据原包/MineSim_正式交接包_20260918_停工版V1/evidence/E12/轻量缓存固定计时复核/evidence/minesim_dual_cachetiming_v1/minesim_dual_cachetiming_v1/parent_sources/MANIFEST.json,14913,856b1d136c6130f182862be2167fbbe46a4cf266b2fca3ca57a956e13907e3bb,1,MineSim_正式交接配套包_20260919_R1.zip!sources/H18_历史交接与证据原包.zip!MineSim_正式交接包_20260918_停工版V1/evidence/E12/轻量缓存固定计时复核.zip!evidence/minesim_dual_cachetiming_v1.zip!minesim_dual_cachetiming_v1/parent_sources/MANIFEST.json,
MineSim_正式交接配套包_20260919_R1/sources/H18_历史交接与证据原包/MineSim_正式交接包_20260918_停工版V1/evidence/E12/轻量缓存固定计时复核/evidence/minesim_dual_cachetiming_v1/minesim_dual_cachetiming_v1/parent_sources/native/coverage_policy_01__step0014/cached_0.json,25286,ce4cdae61c9321f35f42ece3766fdde2d2c6c563e0b6c54e8c1e93b0e6c5e7cf,1,MineSim_正式交接配套包_20260919_R1.zip!sources/H18_历史交接与证据原包.zip!MineSim_正式交接包_20260918_停工版V1/evidence/E12/轻量缓存固定计时复核.zip!evidence/minesim_dual_cachetiming_v1.zip!minesim_dual_cachetiming_v1/parent_sources/native/coverage_policy_01__step0014/cached_0.json,
MineSim_正式交接配套包_20260919_R1/sources/H18_历史交接与证据原包/MineSim_正式交接包_20260918_停工版V1/evidence/E12/轻量缓存固定计时复核/evidence/minesim_dual_cachetiming_v1/minesim_dual_cachetiming_v1/parent_sources/native/coverage_policy_01__step0014/cached_1.json,25321,c516141c5d960a7d1f1d3ebdfde2f6fb6bdd08c5d4361b58ecb8b2e6f885ca47,1,MineSim_正式交接配套包_20260919_R1.zip!sources/H18_历史交接与证据原包.zip!MineSim_正式交接包_20260918_停工版V1/evidence/E12/轻量缓存固定计时复核.zip!evidence/minesim_dual_cachetiming_v1.zip!minesim_dual_cachetiming_v1/parent_sources/native/coverage_policy_01__step0014/cached_1.json,
MineSim_正式交接配套包_20260919_R1/sources/H18_历史交接与证据原包/MineSim_正式交接包_20260918_停工版V1/evidence/E12/轻量缓存固定计时复核/evidence/minesim_dual_cachetiming_v1/minesim_dual_cachetiming_v1/parent_sources/native/coverage_policy_05__step0011/cached_0.json,25279,a7ee54a9f3731d0f158e2129f5e49ed0942a1fd0322f5305ce174537088946dd,1,MineSim_正式交接配套包_20260919_R1.zip!sources/H18_历史交接与证据原包.zip!MineSim_正式交接包_20260918_停工版V1/evidence/E12/轻量缓存固定计时复核.zip!evidence/minesim_dual_cachetiming_v1.zip!minesim_dual_cachetiming_v1/parent_sources/native/coverage_policy_05__step0011/cached_0.json,
MineSim_正式交接配套包_20260919_R1/sources/H18_历史交接与证据原包/MineSim_正式交接包_20260918_停工版V1/evidence/E12/轻量缓存固定计时复核/evidence/minesim_dual_cachetiming_v1/minesim_dual_cachetiming_v1/parent_sources/native/coverage_policy_05__step0011/cached_1.json,25289,b209f17633ed6dab5dc85fce3afa60dd3cfe267f3fb7c58771af8340f0987f57,1,MineSim_正式交接配套包_20260919_R1.zip!sources/H18_历史交接与证据原包.zip!MineSim_正式交接包_20260918_停工版V1/evidence/E12/轻量缓存固定计时复核.zip!evidence/minesim_dual_cachetiming_v1.zip!minesim_dual_cachetiming_v1/parent_sources/native/coverage_policy_05__step0011/cached_1.json,
MineSim_正式交接配套包_20260919_R1/sources/H18_历史交接与证据原包/MineSim_正式交接包_20260918_停工版V1/evidence/E12/轻量缓存固定计时复核/original/CAPTURE.json,108,2cddf6fc22d23e3a21e2f06c7517acefc1c3e373ab290ec46e52d6df980e6d24,2,MineSim_正式交接配套包_20260919_R1.zip!sources/H18_历史交接与证据原包.zip!MineSim_正式交接包_20260918_停工版V1/evidence/E12/轻量缓存固定计时复核.zip!original/CAPTURE.json,MineSim_正式交接配套包_20260919_R1.zip!sources/H18_历史交接与证据原包.zip!MineSim_正式交接包_20260918_停工版V1/evidence/E12/轻量缓存固定计时复核.zip!evidence/minesim_dual_cachetiming_v1.zip!minesim_dual_cachetiming_v1/CAPTURE.json
MineSim_正式交接配套包_20260919_R1/sources/H18_历史交接与证据原包/MineSim_正式交接包_20260918_停工版V1/evidence/E12/轻量缓存固定计时复核/original/RESOURCES.json,177,7e94327e4ebd9a958096dec5b9037c03e5bdbd6ad67b824fc9ef1cdd2de7e891,2,MineSim_正式交接配套包_20260919_R1.zip!sources/H18_历史交接与证据原包.zip!MineSim_正式交接包_20260918_停工版V1/evidence/E12/轻量缓存固定计时复核.zip!original/RESOURCES.json,MineSim_正式交接配套包_20260919_R1.zip!sources/H18_历史交接与证据原包.zip!MineSim_正式交接包_20260918_停工版V1/evidence/E12/轻量缓存固定计时复核.zip!evidence/minesim_dual_cachetiming_v1.zip!minesim_dual_cachetiming_v1/RESOURCES.json
MineSim_正式交接配套包_20260919_R1/sources/H18_历史交接与证据原包/MineSim_正式交接包_20260918_停工版V1/evidence/E12/轻量缓存固定计时复核/original/RESULT.json,2060,50399feb469da8d92c54af8724c333593f2b9bd557faab5fe866c9b7912f9583,4,MineSim_正式交接配套包_20260919_R1.zip!sources/H18_历史交接与证据原包.zip!MineSim_正式交接包_20260918_停工版V1/evidence/E12/轻量缓存固定计时复核.zip!original/RESULT.json,MineSim_正式交接配套包_20260919_R1.zip!sources/H18_历史交接与证据原包.zip!MineSim_正式交接包_20260918_停工版V1/evidence/E13/minesim_dual_subtree_h8_smoke_v1.zip!minesim_dual_subtree_h8_smoke_v1/parent_sources/RESULT.json || MineSim_正式交接配套包_20260919_R1.zip!sources/H18_历史交接与证据原包.zip!MineSim_正式交接包_20260918_停工版V1/evidence/E12/轻量缓存固定计时复核.zip!evidence/minesim_dual_cachetiming_v1.zip!minesim_dual_cachetiming_v1/RESULT.json || MineSim_正式交接配套包_20260919_R1.zip!sources/H18_历史交接与证据原包.zip!MineSim_正式交接包_20260918_停工版V1/evidence/P01/H8_policy4_已交付准备原包.zip!submitted_smoke_original.zip!minesim_dual_subtree_h8_smoke_v1/parent_sources/RESULT.json
MineSim_正式交接配套包_20260919_R1/sources/H18_历史交接与证据原包/MineSim_正式交接包_20260918_停工版V1/evidence/E12/轻量缓存固定计时复核/original/TECHNICAL_START.json,161,4184e7be02b7822bc42235b62690b49825633f47348afd62083e72628315698a,2,MineSim_正式交接配套包_20260919_R1.zip!sources/H18_历史交接与证据原包.zip!MineSim_正式交接包_20260918_停工版V1/evidence/E12/轻量缓存固定计时复核.zip!original/TECHNICAL_START.json,MineSim_正式交接配套包_20260919_R1.zip!sources/H18_历史交接与证据原包.zip!MineSim_正式交接包_20260918_停工版V1/evidence/E12/轻量缓存固定计时复核.zip!evidence/minesim_dual_cachetiming_v1.zip!minesim_dual_cachetiming_v1/TECHNICAL_START.json
MineSim_正式交接配套包_20260919_R1/sources/H18_历史交接与证据原包/MineSim_正式交接包_20260918_停工版V1/evidence/E12/轻量缓存固定计时复核/original/native/RESULT.json,1396,70d18c2bae5e67f4b08a57d31223ae0e650889d6f01b5ff37d05c325f940a42e,2,MineSim_正式交接配套包_20260919_R1.zip!sources/H18_历史交接与证据原包.zip!MineSim_正式交接包_20260918_停工版V1/evidence/E12/轻量缓存固定计时复核.zip!original/native/RESULT.json,MineSim_正式交接配套包_20260919_R1.zip!sources/H18_历史交接与证据原包.zip!MineSim_正式交接包_20260918_停工版V1/evidence/E12/轻量缓存固定计时复核.zip!evidence/minesim_dual_cachetiming_v1.zip!minesim_dual_cachetiming_v1/native/RESULT.json
MineSim_正式交接配套包_20260919_R1/sources/H18_历史交接与证据原包/MineSim_正式交接包_20260918_停工版V1/evidence/E12/轻量缓存固定计时复核/original/native/TIMING_ANALYSIS.json,9949,2469db8c8e3b141840f576fcbd9bc6172a893de2da8421d142ecb3f81d394a6c,4,MineSim_正式交接配套包_20260919_R1.zip!sources/H18_历史交接与证据原包.zip!MineSim_正式交接包_20260918_停工版V1/evidence/E12/轻量缓存固定计时复核.zip!original/native/TIMING_ANALYSIS.json,MineSim_正式交接配套包_20260919_R1.zip!sources/H18_历史交接与证据原包.zip!MineSim_正式交接包_20260918_停工版V1/evidence/E13/minesim_dual_subtree_h8_smoke_v1.zip!minesim_dual_subtree_h8_smoke_v1/parent_sources/native/TIMING_ANALYSIS.json || MineSim_正式交接配套包_20260919_R1.zip!sources/H18_历史交接与证据原包.zip!MineSim_正式交接包_20260918_停工版V1/evidence/E12/轻量缓存固定计时复核.zip!evidence/minesim_dual_cachetiming_v1.zip!minesim_dual_cachetiming_v1/native/TIMING_ANALYSIS.json || MineSim_正式交接配套包_20260919_R1.zip!sources/H18_历史交接与证据原包.zip!MineSim_正式交接包_20260918_停工版V1/evidence/P01/H8_policy4_已交付准备原包.zip!submitted_smoke_original.zip!minesim_dual_subtree_h8_smoke_v1/parent_sources/native/TIMING_ANALYSIS.json
MineSim_正式交接配套包_20260919_R1/sources/H18_历史交接与证据原包/MineSim_正式交接包_20260918_停工版V1/evidence/E12/轻量缓存固定计时复核/review_saved_artifacts.py,11132,4b76eda4c95fc1c0cda5415bf0a57c50bbc83fec036356de1d39126acc1e38ce,1,MineSim_正式交接配套包_20260919_R1.zip!sources/H18_历史交接与证据原包.zip!MineSim_正式交接包_20260918_停工版V1/evidence/E12/轻量缓存固定计时复核.zip!review_saved_artifacts.py,
MineSim_正式交接配套包_20260919_R1/sources/H18_历史交接与证据原包/MineSim_正式交接包_20260918_停工版V1/evidence/E13/PRIOR_REVIEW.json,3212,10998163fde0a6d49036b7cc313fe4d4c53eae01c36afd95725d58ea0e1f41de,2,MineSim_正式交接配套包_20260919_R1.zip!sources/H18_历史交接与证据原包.zip!MineSim_正式交接包_20260918_停工版V1/evidence/E13/PRIOR_REVIEW.json,MineSim_正式交接配套包_20260919_R1.zip!sources/H18_历史交接与证据原包.zip!MineSim_正式交接包_20260918_停工版V1/evidence/P01/H8_policy4_已交付准备原包.zip!review/REVIEW.json
MineSim_正式交接配套包_20260919_R1/sources/H18_历史交接与证据原包/MineSim_正式交接包_20260918_停工版V1/evidence/E13/minesim_dual_subtree_h8_smoke_v1/minesim_dual_subtree_h8_smoke_v1/CAPTURE.json,108,aa65731f360091e1e54058bb033af30d023adc32b35ac0bed7f281a2187342c7,2,MineSim_正式交接配套包_20260919_R1.zip!sources/H18_历史交接与证据原包.zip!MineSim_正式交接包_20260918_停工版V1/evidence/E13/minesim_dual_subtree_h8_smoke_v1.zip!minesim_dual_subtree_h8_smoke_v1/CAPTURE.json,MineSim_正式交接配套包_20260919_R1.zip!sources/H18_历史交接与证据原包.zip!MineSim_正式交接包_20260918_停工版V1/evidence/P01/H8_policy4_已交付准备原包.zip!submitted_smoke_original.zip!minesim_dual_subtree_h8_smoke_v1/CAPTURE.json
MineSim_正式交接配套包_20260919_R1/sources/H18_历史交接与证据原包/MineSim_正式交接包_20260918_停工版V1/evidence/E13/minesim_dual_subtree_h8_smoke_v1/minesim_dual_subtree_h8_smoke_v1/EVENTS.jsonl,10196,4a9315eacb628d3de8d831525a8274577d5e9d9c7407394d29c48d0b712c7da0,2,MineSim_正式交接配套包_20260919_R1.zip!sources/H18_历史交接与证据原包.zip!MineSim_正式交接包_20260918_停工版V1/evidence/E13/minesim_dual_subtree_h8_smoke_v1.zip!minesim_dual_subtree_h8_smoke_v1/EVENTS.jsonl,MineSim_正式交接配套包_20260919_R1.zip!sources/H18_历史交接与证据原包.zip!MineSim_正式交接包_20260918_停工版V1/evidence/P01/H8_policy4_已交付准备原包.zip!submitted_smoke_original.zip!minesim_dual_subtree_h8_smoke_v1/EVENTS.jsonl
MineSim_正式交接配套包_20260919_R1/sources/H18_历史交接与证据原包/MineSim_正式交接包_20260918_停工版V1/evidence/E13/minesim_dual_subtree_h8_smoke_v1/minesim_dual_subtree_h8_smoke_v1/MANIFEST.json,17342,b4c9c162b0e33cfdc8accb77eb68cacd50188c9d782c011ac16237208f57f586,2,MineSim_正式交接配套包_20260919_R1.zip!sources/H18_历史交接与证据原包.zip!MineSim_正式交接包_20260918_停工版V1/evidence/E13/minesim_dual_subtree_h8_smoke_v1.zip!minesim_dual_subtree_h8_smoke_v1/MANIFEST.json,MineSim_正式交接配套包_20260919_R1.zip!sources/H18_历史交接与证据原包.zip!MineSim_正式交接包_20260918_停工版V1/evidence/P01/H8_policy4_已交付准备原包.zip!submitted_smoke_original.zip!minesim_dual_subtree_h8_smoke_v1/MANIFEST.json
MineSim_正式交接配套包_20260919_R1/sources/H18_历史交接与证据原包/MineSim_正式交接包_20260918_停工版V1/evidence/E13/minesim_dual_subtree_h8_smoke_v1/minesim_dual_subtree_h8_smoke_v1/PROCESSES_AFTER.json,1144,d52bda95c57be28ccdf2782b61088f61d4254cf3f247265089f416cd24c016ac,4,MineSim_正式交接配套包_20260919_R1.zip!sources/H18_历史交接与证据原包.zip!MineSim_正式交接包_20260918_停工版V1/evidence/E13/minesim_dual_subtree_h8_smoke_v1.zip!minesim_dual_subtree_h8_smoke_v1/PROCESSES_AFTER.json,MineSim_正式交接配套包_20260919_R1.zip!sources/H18_历史交接与证据原包.zip!MineSim_正式交接包_20260918_停工版V1/evidence/E13/minesim_dual_subtree_h8_smoke_v1.zip!minesim_dual_subtree_h8_smoke_v1/PROCESSES_BEFORE.json || MineSim_正式交接配套包_20260919_R1.zip!sources/H18_历史交接与证据原包.zip!MineSim_正式交接包_20260918_停工版V1/evidence/P01/H8_policy4_已交付准备原包.zip!submitted_smoke_original.zip!minesim_dual_subtree_h8_smoke_v1/PROCESSES_AFTER.json || MineSim_正式交接配套包_20260919_R1.zip!sources/H18_历史交接与证据原包.zip!MineSim_正式交接包_20260918_停工版V1/evidence/P01/H8_policy4_已交付准备原包.zip!submitted_smoke_original.zip!minesim_dual_subtree_h8_smoke_v1/PROCESSES_BEFORE.json
MineSim_正式交接配套包_20260919_R1/sources/H18_历史交接与证据原包/MineSim_正式交接包_20260918_停工版V1/evidence/E13/minesim_dual_subtree_h8_smoke_v1/minesim_dual_subtree_h8_smoke_v1/REQUEST.json,238,552954d3c70017fb5977063cfc2b50fd1a6055dff7309384820f9e56e82371c5,2,MineSim_正式交接配套包_20260919_R1.zip!sources/H18_历史交接与证据原包.zip!MineSim_正式交接包_20260918_停工版V1/evidence/E13/minesim_dual_subtree_h8_smoke_v1.zip!minesim_dual_subtree_h8_smoke_v1/REQUEST.json,MineSim_正式交接配套包_20260919_R1.zip!sources/H18_历史交接与证据原包.zip!MineSim_正式交接包_20260918_停工版V1/evidence/P01/H8_policy4_已交付准备原包.zip!submitted_smoke_original.zip!minesim_dual_subtree_h8_smoke_v1/REQUEST.json
MineSim_正式交接配套包_20260919_R1/sources/H18_历史交接与证据原包/MineSim_正式交接包_20260918_停工版V1/evidence/E13/minesim_dual_subtree_h8_smoke_v1/minesim_dual_subtree_h8_smoke_v1/RESOURCES.json,168,30a555912bec5ef055edf13bba368fb4270486a16e31aa10e05603d0e09797d6,3,MineSim_正式交接配套包_20260919_R1.zip!sources/H18_历史交接与证据原包.zip!MineSim_正式交接包_20260918_停工版V1/evidence/E13/minesim_dual_subtree_h8_smoke_v1.zip!minesim_dual_subtree_h8_smoke_v1/RESOURCES.json,MineSim_正式交接配套包_20260919_R1.zip!sources/H18_历史交接与证据原包.zip!MineSim_正式交接包_20260918_停工版V1/evidence/P01/H8_policy4_已交付准备原包.zip!review/original/RESOURCES.json || MineSim_正式交接配套包_20260919_R1.zip!sources/H18_历史交接与证据原包.zip!MineSim_正式交接包_20260918_停工版V1/evidence/P01/H8_policy4_已交付准备原包.zip!submitted_smoke_original.zip!minesim_dual_subtree_h8_smoke_v1/RESOURCES.json
MineSim_正式交接配套包_20260919_R1/sources/H18_历史交接与证据原包/MineSim_正式交接包_20260918_停工版V1/evidence/E13/minesim_dual_subtree_h8_smoke_v1/minesim_dual_subtree_h8_smoke_v1/RESULT.json,4471,6b8ff295aed37b91373780765c65fc298bd42b9c38fc38cc7b8dc4716e59484b,3,MineSim_正式交接配套包_20260919_R1.zip!sources/H18_历史交接与证据原包.zip!MineSim_正式交接包_20260918_停工版V1/evidence/E13/minesim_dual_subtree_h8_smoke_v1.zip!minesim_dual_subtree_h8_smoke_v1/RESULT.json,MineSim_正式交接配套包_20260919_R1.zip!sources/H18_历史交接与证据原包.zip!MineSim_正式交接包_20260918_停工版V1/evidence/P01/H8_policy4_已交付准备原包.zip!review/original/RESULT.json || MineSim_正式交接配套包_20260919_R1.zip!sources/H18_历史交接与证据原包.zip!MineSim_正式交接包_20260918_停工版V1/evidence/P01/H8_policy4_已交付准备原包.zip!submitted_smoke_original.zip!minesim_dual_subtree_h8_smoke_v1/RESULT.json
MineSim_正式交接配套包_20260919_R1/sources/H18_历史交接与证据原包/MineSim_正式交接包_20260918_停工版V1/evidence/E13/minesim_dual_subtree_h8_smoke_v1/minesim_dual_subtree_h8_smoke_v1/SOURCE_PROVENANCE.json,17668,f219da00b5731fdeb0f44c445f1744acb5ab9474ad5bff4e350aed220c651086,2,MineSim_正式交接配套包_20260919_R1.zip!sources/H18_历史交接与证据原包.zip!MineSim_正式交接包_20260918_停工版V1/evidence/E13/minesim_dual_subtree_h8_smoke_v1.zip!minesim_dual_subtree_h8_smoke_v1/SOURCE_PROVENANCE.json,MineSim_正式交接配套包_20260919_R1.zip!sources/H18_历史交接与证据原包.zip!MineSim_正式交接包_20260918_停工版V1/evidence/P01/H8_policy4_已交付准备原包.zip!submitted_smoke_original.zip!minesim_dual_subtree_h8_smoke_v1/SOURCE_PROVENANCE.json
MineSim_正式交接配套包_20260919_R1/sources/H18_历史交接与证据原包/MineSim_正式交接包_20260918_停工版V1/evidence/E13/minesim_dual_subtree_h8_smoke_v1/minesim_dual_subtree_h8_smoke_v1/TECHNICAL_START.json,150,9d397748560455fe30e95ef4cdeabd2aa002bc70a5f0526576496934aa0a1425,2,MineSim_正式交接配套包_20260919_R1.zip!sources/H18_历史交接与证据原包.zip!MineSim_正式交接包_20260918_停工版V1/evidence/E13/minesim_dual_subtree_h8_smoke_v1.zip!minesim_dual_subtree_h8_smoke_v1/TECHNICAL_START.json,MineSim_正式交接配套包_20260919_R1.zip!sources/H18_历史交接与证据原包.zip!MineSim_正式交接包_20260918_停工版V1/evidence/P01/H8_policy4_已交付准备原包.zip!submitted_smoke_original.zip!minesim_dual_subtree_h8_smoke_v1/TECHNICAL_START.json
MineSim_正式交接配套包_20260919_R1/sources/H18_历史交接与证据原包/MineSim_正式交接包_20260918_停工版V1/evidence/E13/minesim_dual_subtree_h8_smoke_v1/minesim_dual_subtree_h8_smoke_v1/native/IMPORTS.json,595,8c4f4242af158b73622fe96416fadf9d1f5dda18f7594f963c19115d4a650c3f,2,MineSim_正式交接配套包_20260919_R1.zip!sources/H18_历史交接与证据原包.zip!MineSim_正式交接包_20260918_停工版V1/evidence/E13/minesim_dual_subtree_h8_smoke_v1.zip!minesim_dual_subtree_h8_smoke_v1/native/IMPORTS.json,MineSim_正式交接配套包_20260919_R1.zip!sources/H18_历史交接与证据原包.zip!MineSim_正式交接包_20260918_停工版V1/evidence/P01/H8_policy4_已交付准备原包.zip!submitted_smoke_original.zip!minesim_dual_subtree_h8_smoke_v1/native/IMPORTS.json
MineSim_正式交接配套包_20260919_R1/sources/H18_历史交接与证据原包/MineSim_正式交接包_20260918_停工版V1/evidence/E13/minesim_dual_subtree_h8_smoke_v1/minesim_dual_subtree_h8_smoke_v1/native/RESULT.json,3790,c5ff440f571605a94cc3bae3fd81d2f1610bc28f92f45d5eb9271c1eea8d7b38,3,MineSim_正式交接配套包_20260919_R1.zip!sources/H18_历史交接与证据原包.zip!MineSim_正式交接包_20260918_停工版V1/evidence/E13/minesim_dual_subtree_h8_smoke_v1.zip!minesim_dual_subtree_h8_smoke_v1/native/RESULT.json,MineSim_正式交接配套包_20260919_R1.zip!sources/H18_历史交接与证据原包.zip!MineSim_正式交接包_20260918_停工版V1/evidence/P01/H8_policy4_已交付准备原包.zip!review/original/native/RESULT.json || MineSim_正式交接配套包_20260919_R1.zip!sources/H18_历史交接与证据原包.zip!MineSim_正式交接包_20260918_停工版V1/evidence/P01/H8_policy4_已交付准备原包.zip!submitted_smoke_original.zip!minesim_dual_subtree_h8_smoke_v1/native/RESULT.json
MineSim_正式交接配套包_20260919_R1/sources/H18_历史交接与证据原包/MineSim_正式交接包_20260918_停工版V1/evidence/E13/minesim_dual_subtree_h8_smoke_v1/minesim_dual_subtree_h8_smoke_v1/native/coverage_policy_01__step0014/baseline_0.json,24690,8f61c3f38275a6f9221256268284edc5421c0bc70c163bfbb5107519150170e4,2,MineSim_正式交接配套包_20260919_R1.zip!sources/H18_历史交接与证据原包.zip!MineSim_正式交接包_20260918_停工版V1/evidence/E13/minesim_dual_subtree_h8_smoke_v1.zip!minesim_dual_subtree_h8_smoke_v1/native/coverage_policy_01__step0014/baseline_0.json,MineSim_正式交接配套包_20260919_R1.zip!sources/H18_历史交接与证据原包.zip!MineSim_正式交接包_20260918_停工版V1/evidence/P01/H8_policy4_已交付准备原包.zip!submitted_smoke_original.zip!minesim_dual_subtree_h8_smoke_v1/native/coverage_policy_01__step0014/baseline_0.json
MineSim_正式交接配套包_20260919_R1/sources/H18_历史交接与证据原包/MineSim_正式交接包_20260918_停工版V1/evidence/E13/minesim_dual_subtree_h8_smoke_v1/minesim_dual_subtree_h8_smoke_v1/native/coverage_policy_01__step0014/baseline_1.json,24690,308c7660a69c976e57a25f4f809be3cf0036ca1755319719be2f990e6e8fa50c,2,MineSim_正式交接配套包_20260919_R1.zip!sources/H18_历史交接与证据原包.zip!MineSim_正式交接包_20260918_停工版V1/evidence/E13/minesim_dual_subtree_h8_smoke_v1.zip!minesim_dual_subtree_h8_smoke_v1/native/coverage_policy_01__step0014/baseline_1.json,MineSim_正式交接配套包_20260919_R1.zip!sources/H18_历史交接与证据原包.zip!MineSim_正式交接包_20260918_停工版V1/evidence/P01/H8_policy4_已交付准备原包.zip!submitted_smoke_original.zip!minesim_dual_subtree_h8_smoke_v1/native/coverage_policy_01__step0014/baseline_1.json
MineSim_正式交接配套包_20260919_R1/sources/H18_历史交接与证据原包/MineSim_正式交接包_20260918_停工版V1/evidence/E13/minesim_dual_subtree_h8_smoke_v1/minesim_dual_subtree_h8_smoke_v1/native/coverage_policy_01__step0014/promotion_1.json,22901,a67aed7771bc7a7708e329deeea28b4bfa1331454740478a6173a9ca8ebb2ce6,2,MineSim_正式交接配套包_20260919_R1.zip!sources/H18_历史交接与证据原包.zip!MineSim_正式交接包_20260918_停工版V1/evidence/E13/minesim_dual_subtree_h8_smoke_v1.zip!minesim_dual_subtree_h8_smoke_v1/native/coverage_policy_01__step0014/promotion_1.json,MineSim_正式交接配套包_20260919_R1.zip!sources/H18_历史交接与证据原包.zip!MineSim_正式交接包_20260918_停工版V1/evidence/P01/H8_policy4_已交付准备原包.zip!submitted_smoke_original.zip!minesim_dual_subtree_h8_smoke_v1/native/coverage_policy_01__step0014/promotion_1.json
MineSim_正式交接配套包_20260919_R1/sources/H18_历史交接与证据原包/MineSim_正式交接包_20260918_停工版V1/evidence/E13/minesim_dual_subtree_h8_smoke_v1/minesim_dual_subtree_h8_smoke_v1/native/coverage_policy_01__step0014/rebased_0.json,25583,63a18a276e7574ff99e58aacbe0d1bb47676c3f5c8b11b2064b8da532764a294,2,MineSim_正式交接配套包_20260919_R1.zip!sources/H18_历史交接与证据原包.zip!MineSim_正式交接包_20260918_停工版V1/evidence/E13/minesim_dual_subtree_h8_smoke_v1.zip!minesim_dual_subtree_h8_smoke_v1/native/coverage_policy_01__step0014/rebased_0.json,MineSim_正式交接配套包_20260919_R1.zip!sources/H18_历史交接与证据原包.zip!MineSim_正式交接包_20260918_停工版V1/evidence/P01/H8_policy4_已交付准备原包.zip!submitted_smoke_original.zip!minesim_dual_subtree_h8_smoke_v1/native/coverage_policy_01__step0014/rebased_0.json
MineSim_正式交接配套包_20260919_R1/sources/H18_历史交接与证据原包/MineSim_正式交接包_20260918_停工版V1/evidence/E13/minesim_dual_subtree_h8_smoke_v1/minesim_dual_subtree_h8_smoke_v1/native/coverage_policy_01__step0014/rebased_1.json,26157,545d832ee3d14c773c7af81c6ca70f80a463506f6281a20d98d38cd3cfe1eec4,2,MineSim_正式交接配套包_20260919_R1.zip!sources/H18_历史交接与证据原包.zip!MineSim_正式交接包_20260918_停工版V1/evidence/E13/minesim_dual_subtree_h8_smoke_v1.zip!minesim_dual_subtree_h8_smoke_v1/native/coverage_policy_01__step0014/rebased_1.json,MineSim_正式交接配套包_20260919_R1.zip!sources/H18_历史交接与证据原包.zip!MineSim_正式交接包_20260918_停工版V1/evidence/P01/H8_policy4_已交付准备原包.zip!submitted_smoke_original.zip!minesim_dual_subtree_h8_smoke_v1/native/coverage_policy_01__step0014/rebased_1.json
MineSim_正式交接配套包_20260919_R1/sources/H18_历史交接与证据原包/MineSim_正式交接包_20260918_停工版V1/evidence/E13/minesim_dual_subtree_h8_smoke_v1/minesim_dual_subtree_h8_smoke_v1/native/coverage_policy_01__step0014/tree_0.json,774399,92af0b8fd486d81e02cd1819777b6afb21205c8e590477bf79178372eeb4f5fe,2,MineSim_正式交接配套包_20260919_R1.zip!sources/H18_历史交接与证据原包.zip!MineSim_正式交接包_20260918_停工版V1/evidence/E13/minesim_dual_subtree_h8_smoke_v1.zip!minesim_dual_subtree_h8_smoke_v1/native/coverage_policy_01__step0014/tree_0.json,MineSim_正式交接配套包_20260919_R1.zip!sources/H18_历史交接与证据原包.zip!MineSim_正式交接包_20260918_停工版V1/evidence/P01/H8_policy4_已交付准备原包.zip!submitted_smoke_original.zip!minesim_dual_subtree_h8_smoke_v1/native/coverage_policy_01__step0014/tree_0.json
MineSim_正式交接配套包_20260919_R1/sources/H18_历史交接与证据原包/MineSim_正式交接包_20260918_停工版V1/evidence/E13/minesim_dual_subtree_h8_smoke_v1/minesim_dual_subtree_h8_smoke_v1/native/coverage_policy_01__step0014/tree_1.json,773653,37d649d6a62fe1be161cc56fbbb86de648eb10d5f682543021c0a220074757c1,2,MineSim_正式交接配套包_20260919_R1.zip!sources/H18_历史交接与证据原包.zip!MineSim_正式交接包_20260918_停工版V1/evidence/E13/minesim_dual_subtree_h8_smoke_v1.zip!minesim_dual_subtree_h8_smoke_v1/native/coverage_policy_01__step0014/tree_1.json,MineSim_正式交接配套包_20260919_R1.zip!sources/H18_历史交接与证据原包.zip!MineSim_正式交接包_20260918_停工版V1/evidence/P01/H8_policy4_已交付准备原包.zip!submitted_smoke_original.zip!minesim_dual_subtree_h8_smoke_v1/native/coverage_policy_01__step0014/tree_1.json
MineSim_正式交接配套包_20260919_R1/sources/H18_历史交接与证据原包/MineSim_正式交接包_20260918_停工版V1/evidence/E13/minesim_dual_subtree_h8_smoke_v1/minesim_dual_subtree_h8_smoke_v1/native/coverage_policy_05__step0011/baseline_0.json,24676,a99562651ac83e97551e7b849b1cc02572a14d0f9b098fe1255061acf8dfe704,2,MineSim_正式交接配套包_20260919_R1.zip!sources/H18_历史交接与证据原包.zip!MineSim_正式交接包_20260918_停工版V1/evidence/E13/minesim_dual_subtree_h8_smoke_v1.zip!minesim_dual_subtree_h8_smoke_v1/native/coverage_policy_05__step0011/baseline_0.json,MineSim_正式交接配套包_20260919_R1.zip!sources/H18_历史交接与证据原包.zip!MineSim_正式交接包_20260918_停工版V1/evidence/P01/H8_policy4_已交付准备原包.zip!submitted_smoke_original.zip!minesim_dual_subtree_h8_smoke_v1/native/coverage_policy_05__step0011/baseline_0.json
MineSim_正式交接配套包_20260919_R1/sources/H18_历史交接与证据原包/MineSim_正式交接包_20260918_停工版V1/evidence/E13/minesim_dual_subtree_h8_smoke_v1/minesim_dual_subtree_h8_smoke_v1/native/coverage_policy_05__step0011/baseline_1.json,24670,623ff34a8ab7b728caf4832b05438514379eb6947adba75e0b62135fa01a387b,2,MineSim_正式交接配套包_20260919_R1.zip!sources/H18_历史交接与证据原包.zip!MineSim_正式交接包_20260918_停工版V1/evidence/E13/minesim_dual_subtree_h8_smoke_v1.zip!minesim_dual_subtree_h8_smoke_v1/native/coverage_policy_05__step0011/baseline_1.json,MineSim_正式交接配套包_20260919_R1.zip!sources/H18_历史交接与证据原包.zip!MineSim_正式交接包_20260918_停工版V1/evidence/P01/H8_policy4_已交付准备原包.zip!submitted_smoke_original.zip!minesim_dual_subtree_h8_smoke_v1/native/coverage_policy_05__step0011/baseline_1.json
MineSim_正式交接配套包_20260919_R1/sources/H18_历史交接与证据原包/MineSim_正式交接包_20260918_停工版V1/evidence/E13/minesim_dual_subtree_h8_smoke_v1/minesim_dual_subtree_h8_smoke_v1/native/coverage_policy_05__step0011/promotion_1.json,22027,0c043f962c1493b3cbaad31d430537391821b88b80983bede39e65b91abf6f5b,2,MineSim_正式交接配套包_20260919_R1.zip!sources/H18_历史交接与证据原包.zip!MineSim_正式交接包_20260918_停工版V1/evidence/E13/minesim_dual_subtree_h8_smoke_v1.zip!minesim_dual_subtree_h8_smoke_v1/native/coverage_policy_05__step0011/promotion_1.json,MineSim_正式交接配套包_20260919_R1.zip!sources/H18_历史交接与证据原包.zip!MineSim_正式交接包_20260918_停工版V1/evidence/P01/H8_policy4_已交付准备原包.zip!submitted_smoke_original.zip!minesim_dual_subtree_h8_smoke_v1/native/coverage_policy_05__step0011/promotion_1.json
MineSim_正式交接配套包_20260919_R1/sources/H18_历史交接与证据原包/MineSim_正式交接包_20260918_停工版V1/evidence/E13/minesim_dual_subtree_h8_smoke_v1/minesim_dual_subtree_h8_smoke_v1/native/coverage_policy_05__step0011/rebased_0.json,25574,dbf5a397379cba18b7826e9a16eea5e8c1fbc83d84bff547cdb2a93f7c363154,2,MineSim_正式交接配套包_20260919_R1.zip!sources/H18_历史交接与证据原包.zip!MineSim_正式交接包_20260918_停工版V1/evidence/E13/minesim_dual_subtree_h8_smoke_v1.zip!minesim_dual_subtree_h8_smoke_v1/native/coverage_policy_05__step0011/rebased_0.json,MineSim_正式交接配套包_20260919_R1.zip!sources/H18_历史交接与证据原包.zip!MineSim_正式交接包_20260918_停工版V1/evidence/P01/H8_policy4_已交付准备原包.zip!submitted_smoke_original.zip!minesim_dual_subtree_h8_smoke_v1/native/coverage_policy_05__step0011/rebased_0.json
MineSim_正式交接配套包_20260919_R1/sources/H18_历史交接与证据原包/MineSim_正式交接包_20260918_停工版V1/evidence/E13/minesim_dual_subtree_h8_smoke_v1/minesim_dual_subtree_h8_smoke_v1/native/coverage_policy_05__step0011/rebased_1.json,26086,49d2de5f8238d1815c9173b43316eff5897bf827fd28c3affda7abbecd3e101e,2,MineSim_正式交接配套包_20260919_R1.zip!sources/H18_历史交接与证据原包.zip!MineSim_正式交接包_20260918_停工版V1/evidence/E13/minesim_dual_subtree_h8_smoke_v1.zip!minesim_dual_subtree_h8_smoke_v1/native/coverage_policy_05__step0011/rebased_1.json,MineSim_正式交接配套包_20260919_R1.zip!sources/H18_历史交接与证据原包.zip!MineSim_正式交接包_20260918_停工版V1/evidence/P01/H8_policy4_已交付准备原包.zip!submitted_smoke_original.zip!minesim_dual_subtree_h8_smoke_v1/native/coverage_policy_05__step0011/rebased_1.json
MineSim_正式交接配套包_20260919_R1/sources/H18_历史交接与证据原包/MineSim_正式交接包_20260918_停工版V1/evidence/E13/minesim_dual_subtree_h8_smoke_v1/minesim_dual_subtree_h8_smoke_v1/native/coverage_policy_05__step0011/tree_0.json,773503,8883bbfe25cd057d33144a9c3524316e92a524d473ba057079e32fc74d3550cc,2,MineSim_正式交接配套包_20260919_R1.zip!sources/H18_历史交接与证据原包.zip!MineSim_正式交接包_20260918_停工版V1/evidence/E13/minesim_dual_subtree_h8_smoke_v1.zip!minesim_dual_subtree_h8_smoke_v1/native/coverage_policy_05__step0011/tree_0.json,MineSim_正式交接配套包_20260919_R1.zip!sources/H18_历史交接与证据原包.zip!MineSim_正式交接包_20260918_停工版V1/evidence/P01/H8_policy4_已交付准备原包.zip!submitted_smoke_original.zip!minesim_dual_subtree_h8_smoke_v1/native/coverage_policy_05__step0011/tree_0.json
MineSim_正式交接配套包_20260919_R1/sources/H18_历史交接与证据原包/MineSim_正式交接包_20260918_停工版V1/evidence/E13/minesim_dual_subtree_h8_smoke_v1/minesim_dual_subtree_h8_smoke_v1/native/coverage_policy_05__step0011/tree_1.json,771093,86bedff1a5c30baa82a614589fc43322b8c7e9813c3236b94c5e4fc9d4c6694e,2,MineSim_正式交接配套包_20260919_R1.zip!sources/H18_历史交接与证据原包.zip!MineSim_正式交接包_20260918_停工版V1/evidence/E13/minesim_dual_subtree_h8_smoke_v1.zip!minesim_dual_subtree_h8_smoke_v1/native/coverage_policy_05__step0011/tree_1.json,MineSim_正式交接配套包_20260919_R1.zip!sources/H18_历史交接与证据原包.zip!MineSim_正式交接包_20260918_停工版V1/evidence/P01/H8_policy4_已交付准备原包.zip!submitted_smoke_original.zip!minesim_dual_subtree_h8_smoke_v1/native/coverage_policy_05__step0011/tree_1.json
MineSim_正式交接配套包_20260919_R1/sources/H18_历史交接与证据原包/MineSim_正式交接包_20260918_停工版V1/evidence/E13/minesim_dual_subtree_h8_smoke_v1/minesim_dual_subtree_h8_smoke_v1/parent_sources/MANIFEST.json,29300,74afb1fcdd412d4a3b2fc9bab4714760552dc220cbe49215208b9aabd7c5dec1,3,MineSim_正式交接配套包_20260919_R1.zip!sources/H18_历史交接与证据原包.zip!MineSim_正式交接包_20260918_停工版V1/evidence/E13/minesim_dual_subtree_h8_smoke_v1.zip!minesim_dual_subtree_h8_smoke_v1/parent_sources/MANIFEST.json,MineSim_正式交接配套包_20260919_R1.zip!sources/H18_历史交接与证据原包.zip!MineSim_正式交接包_20260918_停工版V1/evidence/E12/轻量缓存固定计时复核.zip!evidence/minesim_dual_cachetiming_v1.zip!minesim_dual_cachetiming_v1/MANIFEST.json || MineSim_正式交接配套包_20260919_R1.zip!sources/H18_历史交接与证据原包.zip!MineSim_正式交接包_20260918_停工版V1/evidence/P01/H8_policy4_已交付准备原包.zip!submitted_smoke_original.zip!minesim_dual_subtree_h8_smoke_v1/parent_sources/MANIFEST.json
MineSim_正式交接配套包_20260919_R1/sources/H18_历史交接与证据原包/MineSim_正式交接包_20260918_停工版V1/evidence/E13/minesim_dual_subtree_h8_smoke_v1/minesim_dual_subtree_h8_smoke_v1/parent_sources/native/measure_01/native/coverage_policy_01__step0014/baseline_0.json,25272,fa13e18a51c4b4bb72a6e5bd46d5b28bd5881ea10cb96df001e3100e45dfa0c5,3,MineSim_正式交接配套包_20260919_R1.zip!sources/H18_历史交接与证据原包.zip!MineSim_正式交接包_20260918_停工版V1/evidence/E13/minesim_dual_subtree_h8_smoke_v1.zip!minesim_dual_subtree_h8_smoke_v1/parent_sources/native/measure_01/native/coverage_policy_01__step0014/baseline_0.json,MineSim_正式交接配套包_20260919_R1.zip!sources/H18_历史交接与证据原包.zip!MineSim_正式交接包_20260918_停工版V1/evidence/E12/轻量缓存固定计时复核.zip!evidence/minesim_dual_cachetiming_v1.zip!minesim_dual_cachetiming_v1/native/measure_01/native/coverage_policy_01__step0014/baseline_0.json || MineSim_正式交接配套包_20260919_R1.zip!sources/H18_历史交接与证据原包.zip!MineSim_正式交接包_20260918_停工版V1/evidence/P01/H8_policy4_已交付准备原包.zip!submitted_smoke_original.zip!minesim_dual_subtree_h8_smoke_v1/parent_sources/native/measure_01/native/coverage_policy_01__step0014/baseline_0.json
MineSim_正式交接配套包_20260919_R1/sources/H18_历史交接与证据原包/MineSim_正式交接包_20260918_停工版V1/evidence/E13/minesim_dual_subtree_h8_smoke_v1/minesim_dual_subtree_h8_smoke_v1/parent_sources/native/measure_01/native/coverage_policy_01__step0014/baseline_1.json,25292,b428d90679adb47cd87cc46bdcd45e5653037edce94c8237d100f083ee38f524,3,MineSim_正式交接配套包_20260919_R1.zip!sources/H18_历史交接与证据原包.zip!MineSim_正式交接包_20260918_停工版V1/evidence/E13/minesim_dual_subtree_h8_smoke_v1.zip!minesim_dual_subtree_h8_smoke_v1/parent_sources/native/measure_01/native/coverage_policy_01__step0014/baseline_1.json,MineSim_正式交接配套包_20260919_R1.zip!sources/H18_历史交接与证据原包.zip!MineSim_正式交接包_20260918_停工版V1/evidence/E12/轻量缓存固定计时复核.zip!evidence/minesim_dual_cachetiming_v1.zip!minesim_dual_cachetiming_v1/native/measure_01/native/coverage_policy_01__step0014/baseline_1.json || MineSim_正式交接配套包_20260919_R1.zip!sources/H18_历史交接与证据原包.zip!MineSim_正式交接包_20260918_停工版V1/evidence/P01/H8_policy4_已交付准备原包.zip!submitted_smoke_original.zip!minesim_dual_subtree_h8_smoke_v1/parent_sources/native/measure_01/native/coverage_policy_01__step0014/baseline_1.json
MineSim_正式交接配套包_20260919_R1/sources/H18_历史交接与证据原包/MineSim_正式交接包_20260918_停工版V1/evidence/E13/minesim_dual_subtree_h8_smoke_v1/minesim_dual_subtree_h8_smoke_v1/parent_sources/native/measure_01/native/coverage_policy_05__step0011/baseline_0.json,25265,41a8d33554b358122ec33b08826d6924823f9d11045d68269da8a35e95e21c90,3,MineSim_正式交接配套包_20260919_R1.zip!sources/H18_历史交接与证据原包.zip!MineSim_正式交接包_20260918_停工版V1/evidence/E13/minesim_dual_subtree_h8_smoke_v1.zip!minesim_dual_subtree_h8_smoke_v1/parent_sources/native/measure_01/native/coverage_policy_05__step0011/baseline_0.json,MineSim_正式交接配套包_20260919_R1.zip!sources/H18_历史交接与证据原包.zip!MineSim_正式交接包_20260918_停工版V1/evidence/E12/轻量缓存固定计时复核.zip!evidence/minesim_dual_cachetiming_v1.zip!minesim_dual_cachetiming_v1/native/measure_01/native/coverage_policy_05__step0011/baseline_0.json || MineSim_正式交接配套包_20260919_R1.zip!sources/H18_历史交接与证据原包.zip!MineSim_正式交接包_20260918_停工版V1/evidence/P01/H8_policy4_已交付准备原包.zip!submitted_smoke_original.zip!minesim_dual_subtree_h8_smoke_v1/parent_sources/native/measure_01/native/coverage_policy_05__step0011/baseline_0.json
MineSim_正式交接配套包_20260919_R1/sources/H18_历史交接与证据原包/MineSim_正式交接包_20260918_停工版V1/evidence/E13/minesim_dual_subtree_h8_smoke_v1/minesim_dual_subtree_h8_smoke_v1/parent_sources/native/measure_01/native/coverage_policy_05__step0011/baseline_1.json,25265,7a3820869d403a749c58ac666f450795164c267512cbede957926c6d064e3e6a,3,MineSim_正式交接配套包_20260919_R1.zip!sources/H18_历史交接与证据原包.zip!MineSim_正式交接包_20260918_停工版V1/evidence/E13/minesim_dual_subtree_h8_smoke_v1.zip!minesim_dual_subtree_h8_smoke_v1/parent_sources/native/measure_01/native/coverage_policy_05__step0011/baseline_1.json,MineSim_正式交接配套包_20260919_R1.zip!sources/H18_历史交接与证据原包.zip!MineSim_正式交接包_20260918_停工版V1/evidence/E12/轻量缓存固定计时复核.zip!evidence/minesim_dual_cachetiming_v1.zip!minesim_dual_cachetiming_v1/native/measure_01/native/coverage_policy_05__step0011/baseline_1.json || MineSim_正式交接配套包_20260919_R1.zip!sources/H18_历史交接与证据原包.zip!MineSim_正式交接包_20260918_停工版V1/evidence/P01/H8_policy4_已交付准备原包.zip!submitted_smoke_original.zip!minesim_dual_subtree_h8_smoke_v1/parent_sources/native/measure_01/native/coverage_policy_05__step0011/baseline_1.json
MineSim_正式交接配套包_20260919_R1/sources/H18_历史交接与证据原包/MineSim_正式交接包_20260918_停工版V1/evidence/E13/minesim_dual_subtree_h8_smoke_v1/minesim_dual_subtree_h8_smoke_v1/release/PROTOCOL.json,3798,18082214d62f62aef59cb10046fe4bc9d51cf5cd9e4d55063d2e48d196978bdc,3,MineSim_正式交接配套包_20260919_R1.zip!sources/H18_历史交接与证据原包.zip!MineSim_正式交接包_20260918_停工版V1/evidence/E13/minesim_dual_subtree_h8_smoke_v1.zip!minesim_dual_subtree_h8_smoke_v1/release/PROTOCOL.json,MineSim_正式交接配套包_20260919_R1.zip!sources/H18_历史交接与证据原包.zip!MineSim_正式交接包_20260918_停工版V1/evidence/P01/H8_policy4_已交付准备原包.zip!review/original/release/PROTOCOL.json || MineSim_正式交接配套包_20260919_R1.zip!sources/H18_历史交接与证据原包.zip!MineSim_正式交接包_20260918_停工版V1/evidence/P01/H8_policy4_已交付准备原包.zip!submitted_smoke_original.zip!minesim_dual_subtree_h8_smoke_v1/release/PROTOCOL.json
MineSim_正式交接配套包_20260919_R1/sources/H18_历史交接与证据原包/MineSim_正式交接包_20260918_停工版V1/evidence/E13/minesim_dual_subtree_h8_smoke_v1/minesim_dual_subtree_h8_smoke_v1/release/RELEASE_MANIFEST.json,648,a02b2e1f13c04714f65fa9335ade8893088dd2bfa8a1ab84529ceceaa7bf8bef,2,MineSim_正式交接配套包_20260919_R1.zip!sources/H18_历史交接与证据原包.zip!MineSim_正式交接包_20260918_停工版V1/evidence/E13/minesim_dual_subtree_h8_smoke_v1.zip!minesim_dual_subtree_h8_smoke_v1/release/RELEASE_MANIFEST.json,MineSim_正式交接配套包_20260919_R1.zip!sources/H18_历史交接与证据原包.zip!MineSim_正式交接包_20260918_停工版V1/evidence/P01/H8_policy4_已交付准备原包.zip!submitted_smoke_original.zip!minesim_dual_subtree_h8_smoke_v1/release/RELEASE_MANIFEST.json
MineSim_正式交接配套包_20260919_R1/sources/H18_历史交接与证据原包/MineSim_正式交接包_20260918_停工版V1/evidence/E13/minesim_dual_subtree_h8_smoke_v1/minesim_dual_subtree_h8_smoke_v1/release/SOURCE_BINDINGS.json,13705,2cf691f72a7b60aa3763f11a544999b5ea9ec12ca2f01927c63d2eb1af6f2fc5,2,MineSim_正式交接配套包_20260919_R1.zip!sources/H18_历史交接与证据原包.zip!MineSim_正式交接包_20260918_停工版V1/evidence/E13/minesim_dual_subtree_h8_smoke_v1.zip!minesim_dual_subtree_h8_smoke_v1/release/SOURCE_BINDINGS.json,MineSim_正式交接配套包_20260919_R1.zip!sources/H18_历史交接与证据原包.zip!MineSim_正式交接包_20260918_停工版V1/evidence/P01/H8_policy4_已交付准备原包.zip!submitted_smoke_original.zip!minesim_dual_subtree_h8_smoke_v1/release/SOURCE_BINDINGS.json
MineSim_正式交接配套包_20260919_R1/sources/H18_历史交接与证据原包/MineSim_正式交接包_20260918_停工版V1/evidence/E13/minesim_dual_subtree_h8_smoke_v1/minesim_dual_subtree_h8_smoke_v1/release/experiment.py,11601,18664bf975121639008e43c50e6a15dbce1740842b034fe7c4a90ca981bc77e1,2,MineSim_正式交接配套包_20260919_R1.zip!sources/H18_历史交接与证据原包.zip!MineSim_正式交接包_20260918_停工版V1/evidence/E13/minesim_dual_subtree_h8_smoke_v1.zip!minesim_dual_subtree_h8_smoke_v1/release/experiment.py,MineSim_正式交接配套包_20260919_R1.zip!sources/H18_历史交接与证据原包.zip!MineSim_正式交接包_20260918_停工版V1/evidence/P01/H8_policy4_已交付准备原包.zip!submitted_smoke_original.zip!minesim_dual_subtree_h8_smoke_v1/release/experiment.py
MineSim_正式交接配套包_20260919_R1/sources/H18_历史交接与证据原包/MineSim_正式交接包_20260918_停工版V1/evidence/E13/minesim_dual_subtree_h8_smoke_v1/minesim_dual_subtree_h8_smoke_v1/release/gate.py,15869,57c6219156215a97f2f6eaac38321a9483f05878e2e82d10d7300716156f8d90,2,MineSim_正式交接配套包_20260919_R1.zip!sources/H18_历史交接与证据原包.zip!MineSim_正式交接包_20260918_停工版V1/evidence/E13/minesim_dual_subtree_h8_smoke_v1.zip!minesim_dual_subtree_h8_smoke_v1/release/gate.py,MineSim_正式交接配套包_20260919_R1.zip!sources/H18_历史交接与证据原包.zip!MineSim_正式交接包_20260918_停工版V1/evidence/P01/H8_policy4_已交付准备原包.zip!submitted_smoke_original.zip!minesim_dual_subtree_h8_smoke_v1/release/gate.py
MineSim_正式交接配套包_20260919_R1/sources/H18_历史交接与证据原包/MineSim_正式交接包_20260918_停工版V1/evidence/P01/H8_policy4_已交付准备原包/PACKAGE_MANIFEST.json,4343,a11e915b7237bd7c0d911d11293fc4a525a9ec533eeaad5b7b0033d0f52fcb5d,1,MineSim_正式交接配套包_20260919_R1.zip!sources/H18_历史交接与证据原包.zip!MineSim_正式交接包_20260918_停工版V1/evidence/P01/H8_policy4_已交付准备原包.zip!PACKAGE_MANIFEST.json,
MineSim_正式交接配套包_20260919_R1/sources/H18_历史交接与证据原包/MineSim_正式交接包_20260918_停工版V1/evidence/P01/H8_policy4_已交付准备原包/README.md,1365,13544346747c18a2f64f4b9a694a3dbd0072e6c993348100e84cc8e7bd30c591,1,MineSim_正式交接配套包_20260919_R1.zip!sources/H18_历史交接与证据原包.zip!MineSim_正式交接包_20260918_停工版V1/evidence/P01/H8_policy4_已交付准备原包.zip!README.md,
MineSim_正式交接配套包_20260919_R1/sources/H18_历史交接与证据原包/MineSim_正式交接包_20260918_停工版V1/evidence/P01/H8_policy4_已交付准备原包/TEST_REPORT.json,1017,be891fb149c31eaef492f9c5f6b7ef9a235cc1b9e0408a6a1e7938ac8a33ec23,1,MineSim_正式交接配套包_20260919_R1.zip!sources/H18_历史交接与证据原包.zip!MineSim_正式交接包_20260918_停工版V1/evidence/P01/H8_policy4_已交付准备原包.zip!TEST_REPORT.json,
MineSim_正式交接配套包_20260919_R1/sources/H18_历史交接与证据原包/MineSim_正式交接包_20260918_停工版V1/evidence/P01/H8_policy4_已交付准备原包/review/CURRENT_STATE.json,1077,207b6f80d112ab690689ac23a6c5632c29e0c61090793ca1cf11ad66ae45adc8,1,MineSim_正式交接配套包_20260919_R1.zip!sources/H18_历史交接与证据原包.zip!MineSim_正式交接包_20260918_停工版V1/evidence/P01/H8_policy4_已交付准备原包.zip!review/CURRENT_STATE.json,
MineSim_正式交接配套包_20260919_R1/sources/H18_历史交接与证据原包/MineSim_正式交接包_20260918_停工版V1/evidence/P01/H8_policy4_已交付准备原包/review/REPORT.md,2563,5f24c0a93d971fd8178306ae8e058a3a107bdc1f01b4b4d5e74020ac243a5061,1,MineSim_正式交接配套包_20260919_R1.zip!sources/H18_历史交接与证据原包.zip!MineSim_正式交接包_20260918_停工版V1/evidence/P01/H8_policy4_已交付准备原包.zip!review/REPORT.md,
MineSim_正式交接配套包_20260919_R1/sources/H18_历史交接与证据原包/MineSim_正式交接包_20260918_停工版V1/evidence/P01/H8_policy4_已交付准备原包/technical_tests/launcher_noarg.log,92,4b411dc66da29f7f6670bac478756aa925c80c5b481b4cfa784cdc025ec74f96,2,MineSim_正式交接配套包_20260919_R1.zip!sources/H18_历史交接与证据原包.zip!MineSim_正式交接包_20260918_停工版V1/evidence/P01/H8_policy4_已交付准备原包.zip!technical_tests/launcher_noarg.log,MineSim_正式交接配套包_20260919_R1.zip!sources/H18_历史交接与证据原包.zip!MineSim_正式交接包_20260918_停工版V1/evidence/P01/H8_policy4_已交付准备原包.zip!technical_tests/launcher_wrongflag.log
MineSim_正式交接配套包_20260919_R1/sources/H18_历史交接与证据原包/MineSim_正式交接包_20260918_停工版V1/evidence/P01/H8_policy4_已交付准备原包/technical_tests/launcher_tests.json,257,edbb4482f5aa72259266d270bde6be9947896191e92ecf9465c6e5165f12a13c,1,MineSim_正式交接配套包_20260919_R1.zip!sources/H18_历史交接与证据原包.zip!MineSim_正式交接包_20260918_停工版V1/evidence/P01/H8_policy4_已交付准备原包.zip!technical_tests/launcher_tests.json,
MineSim_正式交接配套包_20260919_R1/sources/H18_历史交接与证据原包/MineSim_正式交接包_20260918_停工版V1/evidence/P01/H8_policy4_已交付准备原包/technical_tests/tests_gate.log,1101,cb9d20dfd859c48555929c994444da6bf9a567b47ce41a317463e762a4f44971,1,MineSim_正式交接配套包_20260919_R1.zip!sources/H18_历史交接与证据原包.zip!MineSim_正式交接包_20260918_停工版V1/evidence/P01/H8_policy4_已交付准备原包.zip!technical_tests/tests_gate.log,
MineSim_正式交接配套包_20260919_R1/sources/H18_历史交接与证据原包/MineSim_正式交接包_20260918_停工版V1/evidence/P01/H8_policy4_已交付准备原包/technical_tests/tests_gate.py,5231,c9a1acc7407213056806f3507a8e90061f885a596d128d3795dd62357017f654,1,MineSim_正式交接配套包_20260919_R1.zip!sources/H18_历史交接与证据原包.zip!MineSim_正式交接包_20260918_停工版V1/evidence/P01/H8_policy4_已交付准备原包.zip!technical_tests/tests_gate.py,
MineSim_正式交接配套包_20260919_R1/sources/H18_历史交接与证据原包/MineSim_正式交接包_20260918_停工版V1/evidence/P01/H8_policy4_已交付准备原包/technical_tests/tests_policy_metrics.log,1061,de8f0449aad886d7e43ca6261527fd8a884e3d6164fe3987f812d0f4b0206ab0,1,MineSim_正式交接配套包_20260919_R1.zip!sources/H18_历史交接与证据原包.zip!MineSim_正式交接包_20260918_停工版V1/evidence/P01/H8_policy4_已交付准备原包.zip!technical_tests/tests_policy_metrics.log,
MineSim_正式交接配套包_20260919_R1/sources/H18_历史交接与证据原包/MineSim_正式交接包_20260918_停工版V1/evidence/P01/H8_policy4_已交付准备原包/technical_tests/tests_policy_metrics.py,2582,2532ec8328199773348a434648be7afdae1efd1857fdad27b3449aa76a752ed5,1,MineSim_正式交接配套包_20260919_R1.zip!sources/H18_历史交接与证据原包.zip!MineSim_正式交接包_20260918_停工版V1/evidence/P01/H8_policy4_已交付准备原包.zip!technical_tests/tests_policy_metrics.py,
MineSim_正式交接配套包_20260919_R1/sources/H18_历史交接与证据原包/MineSim_正式交接包_20260918_停工版V1/evidence/P01/H8_policy4_已交付准备原包/technical_tests/tests_subtree.log,2463,a5dc3d4490972f90654ced4601f8bf75dabc82104b6e2ee17cd6a3a55c49bbd2,1,MineSim_正式交接配套包_20260919_R1.zip!sources/H18_历史交接与证据原包.zip!MineSim_正式交接包_20260918_停工版V1/evidence/P01/H8_policy4_已交付准备原包.zip!technical_tests/tests_subtree.log,
MineSim_正式交接配套包_20260919_R1/sources/H18_历史交接与证据原包/MineSim_正式交接包_20260918_停工版V1/evidence/P01/H8_policy4_已交付准备原包/technical_tests/tests_subtree.py,7892,74d89aa79c911d54df635fbf6bdce7618062f6c548cec55333840d1d1180b7d9,1,MineSim_正式交接配套包_20260919_R1.zip!sources/H18_历史交接与证据原包.zip!MineSim_正式交接包_20260918_停工版V1/evidence/P01/H8_policy4_已交付准备原包.zip!technical_tests/tests_subtree.py,
MineSim_正式交接配套包_20260919_R1/sources/H18_历史交接与证据原包/MineSim_正式交接包_20260918_停工版V1/history/H01_20260913_正式交接原件.docx,78897,76da5790380919b876cf98177cb0e4621e10c1c9144a97cec3cafcaf232c2f47,2,MineSim_正式交接配套包_20260919_R1.zip!sources/H18_历史交接与证据原包.zip!MineSim_正式交接包_20260918_停工版V1/history/H01_20260913_正式交接原件.docx,MineSim_正式交接_截至20260913_停工版V1(1).docx!MineSim_正式交接_截至20260913_停工版V1(1).docx
MineSim_正式交接配套包_20260919_R1/sources/H18_历史交接与证据原包/MineSim_正式交接包_20260918_停工版V1/history/H02_20260910_论文标准对齐原包/MineSim_Handoff_20260910_V1/CURRENT_STATE.json,4806,a05dc1847b278d12214261baebed5724d22cbcbeba833bb9e15d0fff9cd63527,1,MineSim_正式交接配套包_20260919_R1.zip!sources/H18_历史交接与证据原包.zip!MineSim_正式交接包_20260918_停工版V1/history/H02_20260910_论文标准对齐原包.zip!MineSim_Handoff_20260910_V1/CURRENT_STATE.json,
MineSim_正式交接配套包_20260919_R1/sources/H18_历史交接与证据原包/MineSim_正式交接包_20260918_停工版V1/history/H02_20260910_论文标准对齐原包/MineSim_Handoff_20260910_V1/MineSim_Dynamic_正式交接_论文标准对齐版_V1_20260910.docx,107022,73a80124be44bf4e7078167591ac17c5753df89b81fd130333498459e1c5f7c5,3,MineSim_正式交接配套包_20260919_R1.zip!sources/H18_历史交接与证据原包.zip!MineSim_正式交接包_20260918_停工版V1/history/H02_20260910_论文标准对齐原包.zip!MineSim_Handoff_20260910_V1/MineSim_Dynamic_正式交接_论文标准对齐版_V1_20260910.docx,AI接手文档4(1).zip!MineSim_Dynamic_正式交接_论文标准对齐版_V1_20260910.docx || AI接手文档（截至9月12）(1).zip!AI接手文档4.zip!MineSim_Dynamic_正式交接_论文标准对齐版_V1_20260910.docx
MineSim_正式交接配套包_20260919_R1/sources/H18_历史交接与证据原包/MineSim_正式交接包_20260918_停工版V1/history/H02_20260910_论文标准对齐原包/MineSim_Handoff_20260910_V1/MineSim_Dynamic_正式交接_论文标准对齐版_V1_20260910.txt,112527,e594ef79bdbc537dbb0b4b3fb415d3a89ba618faf6024668608d134c815dccce,1,MineSim_正式交接配套包_20260919_R1.zip!sources/H18_历史交接与证据原包.zip!MineSim_正式交接包_20260918_停工版V1/history/H02_20260910_论文标准对齐原包.zip!MineSim_Handoff_20260910_V1/MineSim_Dynamic_正式交接_论文标准对齐版_V1_20260910.txt,
MineSim_正式交接配套包_20260919_R1/sources/H18_历史交接与证据原包/MineSim_正式交接包_20260918_停工版V1/history/H02_20260910_论文标准对齐原包/MineSim_Handoff_20260910_V1/NEXT_GATE_CONTRACT.json,2259,099baf40a3f1d9c2a849edbceb03fbdd5083731e158bfd521d7229de2a3cd661,1,MineSim_正式交接配套包_20260919_R1.zip!sources/H18_历史交接与证据原包.zip!MineSim_正式交接包_20260918_停工版V1/history/H02_20260910_论文标准对齐原包.zip!MineSim_Handoff_20260910_V1/NEXT_GATE_CONTRACT.json,
MineSim_正式交接配套包_20260919_R1/sources/H18_历史交接与证据原包/MineSim_正式交接包_20260918_停工版V1/history/H02_20260910_论文标准对齐原包/MineSim_Handoff_20260910_V1/README_先读我.txt,3142,a6198698dd8e07ea202fb6db0f2163c507d8bab76faf2f90d91429c7888944b7,1,MineSim_正式交接配套包_20260919_R1.zip!sources/H18_历史交接与证据原包.zip!MineSim_正式交接包_20260918_停工版V1/history/H02_20260910_论文标准对齐原包.zip!MineSim_Handoff_20260910_V1/README_先读我.txt,
MineSim_正式交接配套包_20260919_R1/sources/H18_历史交接与证据原包/MineSim_正式交接包_20260918_停工版V1/history/H02_20260910_论文标准对齐原包/MineSim_Handoff_20260910_V1/SHA256SUMS,6122,7320edc00219e601919c701f5fc194294ade82c906d034d5b2005eda8d39c017,1,MineSim_正式交接配套包_20260919_R1.zip!sources/H18_历史交接与证据原包.zip!MineSim_正式交接包_20260918_停工版V1/history/H02_20260910_论文标准对齐原包.zip!MineSim_Handoff_20260910_V1/SHA256SUMS,
MineSim_正式交接配套包_20260919_R1/sources/H18_历史交接与证据原包/MineSim_正式交接包_20260918_停工版V1/history/H02_20260910_论文标准对齐原包/MineSim_Handoff_20260910_V1/document_quality_check.json,1681,d228b6f7c4cdd69fdd6d09adf41c847acdb854ca1bf842881a4436b2f8224c70,1,MineSim_正式交接配套包_20260919_R1.zip!sources/H18_历史交接与证据原包.zip!MineSim_正式交接包_20260918_停工版V1/history/H02_20260910_论文标准对齐原包.zip!MineSim_Handoff_20260910_V1/document_quality_check.json,
MineSim_正式交接配套包_20260919_R1/sources/H18_历史交接与证据原包/MineSim_正式交接包_20260918_停工版V1/history/H02_20260910_论文标准对齐原包/MineSim_Handoff_20260910_V1/evidence_inventory.csv,12569,5bacddc5a333d282f8d897d3702c52de753a8831e1ae8c55c34b98b1c02359fa,1,MineSim_正式交接配套包_20260919_R1.zip!sources/H18_历史交接与证据原包.zip!MineSim_正式交接包_20260918_停工版V1/history/H02_20260910_论文标准对齐原包.zip!MineSim_Handoff_20260910_V1/evidence_inventory.csv,
MineSim_正式交接配套包_20260919_R1/sources/H18_历史交接与证据原包/MineSim_正式交接包_20260918_停工版V1/history/H02_20260910_论文标准对齐原包/MineSim_Handoff_20260910_V1/evidence_inventory.json,20957,9645b7cb6bb22ada9fa4a4d079607964580d41e4bf0efba3a6a0d3cdc290237a,1,MineSim_正式交接配套包_20260919_R1.zip!sources/H18_历史交接与证据原包.zip!MineSim_正式交接包_20260918_停工版V1/history/H02_20260910_论文标准对齐原包.zip!MineSim_Handoff_20260910_V1/evidence_inventory.json,
MineSim_正式交接配套包_20260919_R1/sources/H18_历史交接与证据原包/MineSim_正式交接包_20260918_停工版V1/history/H02_20260910_论文标准对齐原包/MineSim_Handoff_20260910_V1/experiment_ledger.csv,4465,36b17a903f864812b894b850911f1ef786594c589ac8d45a9bc78d4eeb212108,1,MineSim_正式交接配套包_20260919_R1.zip!sources/H18_历史交接与证据原包.zip!MineSim_正式交接包_20260918_停工版V1/history/H02_20260910_论文标准对齐原包.zip!MineSim_Handoff_20260910_V1/experiment_ledger.csv,
MineSim_正式交接配套包_20260919_R1/sources/H18_历史交接与证据原包/MineSim_正式交接包_20260918_停工版V1/history/H02_20260910_论文标准对齐原包/MineSim_Handoff_20260910_V1/experiment_ledger.json,9570,0efead330e32f7dd282b461e4cfed86c1c59b87f6c963830dfad682597d89ebb,1,MineSim_正式交接配套包_20260919_R1.zip!sources/H18_历史交接与证据原包.zip!MineSim_正式交接包_20260918_停工版V1/history/H02_20260910_论文标准对齐原包.zip!MineSim_Handoff_20260910_V1/experiment_ledger.json,
MineSim_正式交接配套包_20260919_R1/sources/H18_历史交接与证据原包/MineSim_正式交接包_20260918_停工版V1/history/H02_20260910_论文标准对齐原包/MineSim_Handoff_20260910_V1/formula_index.json,15994,e4b60284dcf5649b819ea261936bf7ba6fe673bfc9f9b1074cd3d58ebc06be09,1,MineSim_正式交接配套包_20260919_R1.zip!sources/H18_历史交接与证据原包.zip!MineSim_正式交接包_20260918_停工版V1/history/H02_20260910_论文标准对齐原包.zip!MineSim_Handoff_20260910_V1/formula_index.json,
MineSim_正式交接配套包_20260919_R1/sources/H18_历史交接与证据原包/MineSim_正式交接包_20260918_停工版V1/history/H02_20260910_论文标准对齐原包/MineSim_Handoff_20260910_V1/historical_sources/E02_MineSim_handoff_summary_V1(4).docx,38468,24d5392af05f332e182413e589ee50d8226d9b71333325285d6b275740724ba3,1,MineSim_正式交接配套包_20260919_R1.zip!sources/H18_历史交接与证据原包.zip!MineSim_正式交接包_20260918_停工版V1/history/H02_20260910_论文标准对齐原包.zip!MineSim_Handoff_20260910_V1/historical_sources/E02_MineSim_handoff_summary_V1(4).docx,
MineSim_正式交接配套包_20260919_R1/sources/H18_历史交接与证据原包/MineSim_正式交接包_20260918_停工版V1/history/H02_20260910_论文标准对齐原包/MineSim_Handoff_20260910_V1/historical_sources/E03_MineSim_Dynamic_正式交接文档_20260831.docx,722666,3e6d2b6ef29a9d2d8758b9fe2ee8ba0ed94e9fe84268c198171264217237bbb1,3,MineSim_正式交接配套包_20260919_R1.zip!sources/H18_历史交接与证据原包.zip!MineSim_正式交接包_20260918_停工版V1/history/H02_20260910_论文标准对齐原包.zip!MineSim_Handoff_20260910_V1/historical_sources/E03_MineSim_Dynamic_正式交接文档_20260831.docx,AI接手文档4(1).zip!MineSim_Dynamic_正式交接文档_20260831.docx || AI接手文档（截至9月12）(1).zip!AI接手文档4.zip!MineSim_Dynamic_正式交接文档_20260831.docx
MineSim_正式交接配套包_20260919_R1/sources/H18_历史交接与证据原包/MineSim_正式交接包_20260918_停工版V1/history/H02_20260910_论文标准对齐原包/MineSim_Handoff_20260910_V1/historical_sources/E04_MineSim_ValueV3_ConfidenceGated_TopKPruning_项目交接文档_K13运行价值评审完成版_V1.docx,55253,e2e4bc5d7be1969f01925b26012b8c3e2e79bf2d164634eba886fc15d5d89926,3,MineSim_正式交接配套包_20260919_R1.zip!sources/H18_历史交接与证据原包.zip!MineSim_正式交接包_20260918_停工版V1/history/H02_20260910_论文标准对齐原包.zip!MineSim_Handoff_20260910_V1/historical_sources/E04_MineSim_ValueV3_ConfidenceGated_TopKPruning_项目交接文档_K13运行价值评审完成版_V1.docx,AI接手文档4(1).zip!MineSim_ValueV3_ConfidenceGated_TopKPruning_项目交接文档_K13运行价值评审完成版_V1.docx || AI接手文档（截至9月12）(1).zip!AI接手文档4.zip!MineSim_ValueV3_ConfidenceGated_TopKPruning_项目交接文档_K13运行价值评审完成版_V1.docx
MineSim_正式交接配套包_20260919_R1/sources/H18_历史交接与证据原包/MineSim_正式交接包_20260918_停工版V1/history/H02_20260910_论文标准对齐原包/MineSim_Handoff_20260910_V1/historical_sources/E05_粘贴的文本 (1)(20260824-074313).txt,922098,11fcf7728649fc9fd42d2eeb64c0b7f4e448c140fdb55c2c6857ff7ac2b68521,1,MineSim_正式交接配套包_20260919_R1.zip!sources/H18_历史交接与证据原包.zip!MineSim_正式交接包_20260918_停工版V1/history/H02_20260910_论文标准对齐原包.zip!MineSim_Handoff_20260910_V1/historical_sources/E05_粘贴的文本 (1)(20260824-074313).txt,
MineSim_正式交接配套包_20260919_R1/sources/H18_历史交接与证据原包/MineSim_正式交接包_20260918_停工版V1/history/H02_20260910_论文标准对齐原包/MineSim_Handoff_20260910_V1/historical_sources/E06_粘贴的文本 (1)(20260908-031818).txt,109328,1ef7459887cce3c5124b53541bffdbe6bf47f5a483c95c4361d6c2a259003c53,1,MineSim_正式交接配套包_20260919_R1.zip!sources/H18_历史交接与证据原包.zip!MineSim_正式交接包_20260918_停工版V1/history/H02_20260910_论文标准对齐原包.zip!MineSim_Handoff_20260910_V1/historical_sources/E06_粘贴的文本 (1)(20260908-031818).txt,
MineSim_正式交接配套包_20260919_R1/sources/H18_历史交接与证据原包/MineSim_正式交接包_20260918_停工版V1/history/H02_20260910_论文标准对齐原包/MineSim_Handoff_20260910_V1/historical_sources/README_历史来源不得作为当前Gate.txt,393,f15d79e2532d55ee29e180b8310277798d6f88f6550dc9a4b8adeb9f89530440,1,MineSim_正式交接配套包_20260919_R1.zip!sources/H18_历史交接与证据原包.zip!MineSim_正式交接包_20260918_停工版V1/history/H02_20260910_论文标准对齐原包.zip!MineSim_Handoff_20260910_V1/historical_sources/README_历史来源不得作为当前Gate.txt,
MineSim_正式交接配套包_20260919_R1/sources/H18_历史交接与证据原包/MineSim_正式交接包_20260918_停工版V1/history/H02_20260910_论文标准对齐原包/MineSim_Handoff_20260910_V1/supporting_reports/E07_MineSim_绑定证据复核与原始记录重绑定说明_20260908.txt,9451,775a5a6eafe1723625dffe97634c7562a840cedf1c8e53ede7c31d59e783dae0,1,MineSim_正式交接配套包_20260919_R1.zip!sources/H18_历史交接与证据原包.zip!MineSim_正式交接包_20260918_停工版V1/history/H02_20260910_论文标准对齐原包.zip!MineSim_Handoff_20260910_V1/supporting_reports/E07_MineSim_绑定证据复核与原始记录重绑定说明_20260908.txt,
MineSim_正式交接配套包_20260919_R1/sources/H18_历史交接与证据原包/MineSim_正式交接包_20260918_停工版V1/history/H02_20260910_论文标准对齐原包/MineSim_Handoff_20260910_V1/supporting_reports/E08_MineSim_原始记录重绑定复核与冻结包漏检说明_20260908.txt,7643,921f98d6143c85a4d401fbc17d91cd8683bc7f79aacd8996c475f0264028b1ef,1,MineSim_正式交接配套包_20260919_R1.zip!sources/H18_历史交接与证据原包.zip!MineSim_正式交接包_20260918_停工版V1/history/H02_20260910_论文标准对齐原包.zip!MineSim_Handoff_20260910_V1/supporting_reports/E08_MineSim_原始记录重绑定复核与冻结包漏检说明_20260908.txt,
MineSim_正式交接配套包_20260919_R1/sources/H18_历史交接与证据原包/MineSim_正式交接包_20260918_停工版V1/history/H02_20260910_论文标准对齐原包/MineSim_Handoff_20260910_V1/supporting_reports/E09_MineSim_三项冻结来源补齐复核与运行依赖快照说明_20260908.txt,8553,95e4ff9ecf2f16eb48f2f8327047984a0d86807568113eeaabbb9df091cea610,1,MineSim_正式交接配套包_20260919_R1.zip!sources/H18_历史交接与证据原包.zip!MineSim_正式交接包_20260918_停工版V1/history/H02_20260910_论文标准对齐原包.zip!MineSim_Handoff_20260910_V1/supporting_reports/E09_MineSim_三项冻结来源补齐复核与运行依赖快照说明_20260908.txt,
MineSim_正式交接配套包_20260919_R1/sources/H18_历史交接与证据原包/MineSim_正式交接包_20260918_停工版V1/history/H02_20260910_论文标准对齐原包/MineSim_Handoff_20260910_V1/supporting_reports/E10_MineSim_36root技术验收与576次Pilot执行说明_20260908.txt,7448,cc438989ca7f86aa604d514226e3da40f550d9f6e7fdcfefae1dae586614f68d,1,MineSim_正式交接配套包_20260919_R1.zip!sources/H18_历史交接与证据原包.zip!MineSim_正式交接包_20260918_停工版V1/history/H02_20260910_论文标准对齐原包.zip!MineSim_Handoff_20260910_V1/supporting_reports/E10_MineSim_36root技术验收与576次Pilot执行说明_20260908.txt,
MineSim_正式交接配套包_20260919_R1/sources/H18_历史交接与证据原包/MineSim_正式交接包_20260918_停工版V1/history/H02_20260910_论文标准对齐原包/MineSim_Handoff_20260910_V1/supporting_reports/E11_MineSim_576次Pilot复核与独立种子复验说明_20260908.txt,8777,9cf0b7ef8ecc9dc4316cc2efe3716ae53b148e5defe8094d6efcea968aea3f14,1,MineSim_正式交接配套包_20260919_R1.zip!sources/H18_历史交接与证据原包.zip!MineSim_正式交接包_20260918_停工版V1/history/H02_20260910_论文标准对齐原包.zip!MineSim_Handoff_20260910_V1/supporting_reports/E11_MineSim_576次Pilot复核与独立种子复验说明_20260908.txt,
MineSim_正式交接配套包_20260919_R1/sources/H18_历史交接与证据原包/MineSim_正式交接包_20260918_停工版V1/history/H02_20260910_论文标准对齐原包/MineSim_Handoff_20260910_V1/supporting_reports/E12_MineSim_独立种子确认复核与训练诊断说明_20260908.txt,9919,7679b0b4690ac9b9775e17418b88c37468c1ba8de517f533e7cdbee55822e8bd,1,MineSim_正式交接配套包_20260919_R1.zip!sources/H18_历史交接与证据原包.zip!MineSim_正式交接包_20260918_停工版V1/history/H02_20260910_论文标准对齐原包.zip!MineSim_Handoff_20260910_V1/supporting_reports/E12_MineSim_独立种子确认复核与训练诊断说明_20260908.txt,
MineSim_正式交接配套包_20260919_R1/sources/H18_历史交接与证据原包/MineSim_正式交接包_20260918_停工版V1/history/H02_20260910_论文标准对齐原包/MineSim_Handoff_20260910_V1/supporting_reports/E13_MineSim_12组训练诊断复核与C11跨episode下一步_20260909.txt,9761,59409c99a59c7c6fe0f21a3a130c34eb880f1b1d1b4cf3d2bc5c892ecb555d98,1,MineSim_正式交接配套包_20260919_R1.zip!sources/H18_历史交接与证据原包.zip!MineSim_正式交接包_20260918_停工版V1/history/H02_20260910_论文标准对齐原包.zip!MineSim_Handoff_20260910_V1/supporting_reports/E13_MineSim_12组训练诊断复核与C11跨episode下一步_20260909.txt,
MineSim_正式交接配套包_20260919_R1/sources/H18_历史交接与证据原包/MineSim_正式交接包_20260918_停工版V1/history/H02_20260910_论文标准对齐原包/MineSim_Handoff_20260910_V1/supporting_reports/E14_MineSim_C11跨episode复核与动作证据审查_20260909.txt,8690,3829405698340d683c8bcb31902f1db0582f75bfc85f0d94cf9c1e4bb23c2c6a,1,MineSim_正式交接配套包_20260919_R1.zip!sources/H18_历史交接与证据原包.zip!MineSim_正式交接包_20260918_停工版V1/history/H02_20260910_论文标准对齐原包.zip!MineSim_Handoff_20260910_V1/supporting_reports/E14_MineSim_C11跨episode复核与动作证据审查_20260909.txt,
MineSim_正式交接配套包_20260919_R1/sources/H18_历史交接与证据原包/MineSim_正式交接包_20260918_停工版V1/history/H02_20260910_论文标准对齐原包/MineSim_Handoff_20260910_V1/supporting_reports/E15_MineSim_新状态覆盖与动作决策_论文公式协议_V1_20260909.txt,15649,54ec65f8cadbb06f854f7611821856b8383082486d6b5b68173b037c2f3613e0,1,MineSim_正式交接配套包_20260919_R1.zip!sources/H18_历史交接与证据原包.zip!MineSim_正式交接包_20260918_停工版V1/history/H02_20260910_论文标准对齐原包.zip!MineSim_Handoff_20260910_V1/supporting_reports/E15_MineSim_新状态覆盖与动作决策_论文公式协议_V1_20260909.txt,
MineSim_正式交接配套包_20260919_R1/sources/H18_历史交接与证据原包/MineSim_正式交接包_20260918_停工版V1/history/H02_20260910_论文标准对齐原包/MineSim_Handoff_20260910_V1/supporting_reports/E16_MineSim_new24_review_paired_coverage_protocol_20260909.txt,15566,c38a66364f7d5a1ff1d51d617a7439e9a2ee9f4b7af63bd624f9c4a13473a751,1,MineSim_正式交接配套包_20260919_R1.zip!sources/H18_历史交接与证据原包.zip!MineSim_正式交接包_20260918_停工版V1/history/H02_20260910_论文标准对齐原包.zip!MineSim_Handoff_20260910_V1/supporting_reports/E16_MineSim_new24_review_paired_coverage_protocol_20260909.txt,
MineSim_正式交接配套包_20260919_R1/sources/H18_历史交接与证据原包/MineSim_正式交接包_20260918_停工版V1/history/H02_20260910_论文标准对齐原包/MineSim_Handoff_20260910_V1/supporting_reports/E17_MineSim_覆盖增补复核与来源拆分_论文公式协议_20260909.txt,11391,ff231f387dcb1bea028d6c9d6a819b24dffbe37c288224444ffcaef40933d8b2,1,MineSim_正式交接配套包_20260919_R1.zip!sources/H18_历史交接与证据原包.zip!MineSim_正式交接包_20260918_停工版V1/history/H02_20260910_论文标准对齐原包.zip!MineSim_Handoff_20260910_V1/supporting_reports/E17_MineSim_覆盖增补复核与来源拆分_论文公式协议_20260909.txt,
MineSim_正式交接配套包_20260919_R1/sources/H18_历史交接与证据原包/MineSim_正式交接包_20260918_停工版V1/history/H02_20260910_论文标准对齐原包/MineSim_Handoff_20260910_V1/supporting_reports/E18_MineSim_来源拆分复核与C06时域诊断_论文公式协议_20260909.txt,11135,d75e945932b9fa37fdf120ebcc430d47880cd77ce8ac27e4a4522726d243407a,1,MineSim_正式交接配套包_20260919_R1.zip!sources/H18_历史交接与证据原包.zip!MineSim_正式交接包_20260918_停工版V1/history/H02_20260910_论文标准对齐原包.zip!MineSim_Handoff_20260910_V1/supporting_reports/E18_MineSim_来源拆分复核与C06时域诊断_论文公式协议_20260909.txt,
MineSim_正式交接配套包_20260919_R1/sources/H18_历史交接与证据原包/MineSim_正式交接包_20260918_停工版V1/history/H02_20260910_论文标准对齐原包/MineSim_Handoff_20260910_V1/supporting_reports/E19_MineSim_C06时域复核与同轨迹回报分解_20260909.txt,16614,4eadc1ba6d3385aa3dde892b86f189a99772165edbcbe1ff0f83609a7c4fed5f,1,MineSim_正式交接配套包_20260919_R1.zip!sources/H18_历史交接与证据原包.zip!MineSim_正式交接包_20260918_停工版V1/history/H02_20260910_论文标准对齐原包.zip!MineSim_Handoff_20260910_V1/supporting_reports/E19_MineSim_C06时域复核与同轨迹回报分解_20260909.txt,
MineSim_正式交接配套包_20260919_R1/sources/H18_历史交接与证据原包/MineSim_正式交接包_20260918_停工版V1/history/H02_20260910_论文标准对齐原包/MineSim_Handoff_20260910_V1/supporting_reports/E19b_MineSim_C06时域结果与同轨迹回报拆分_论文公式复核_20260909.txt,14812,715433dc30a7a2f4335c641a157c44827ce0e62463f4f272c6d09ec86939cca8,1,MineSim_正式交接配套包_20260919_R1.zip!sources/H18_历史交接与证据原包.zip!MineSim_正式交接包_20260918_停工版V1/history/H02_20260910_论文标准对齐原包.zip!MineSim_Handoff_20260910_V1/supporting_reports/E19b_MineSim_C06时域结果与同轨迹回报拆分_论文公式复核_20260909.txt,
MineSim_正式交接配套包_20260919_R1/sources/H18_历史交接与证据原包/MineSim_正式交接包_20260918_停工版V1/history/H02_20260910_论文标准对齐原包/MineSim_Handoff_20260910_V1/supporting_reports/E20_MineSim_叶节点续算契约与技术验证_论文公式协议_20260909.txt,12329,6f002f41988eae581e84cfd3a51ccea0755f4b373a6a9d7830f072639b2eb012,1,MineSim_正式交接配套包_20260919_R1.zip!sources/H18_历史交接与证据原包.zip!MineSim_正式交接包_20260918_停工版V1/history/H02_20260910_论文标准对齐原包.zip!MineSim_Handoff_20260910_V1/supporting_reports/E20_MineSim_叶节点续算契约与技术验证_论文公式协议_20260909.txt,
MineSim_正式交接配套包_20260919_R1/sources/H18_历史交接与证据原包/MineSim_正式交接包_20260918_停工版V1/history/H02_20260910_论文标准对齐原包/MineSim_Handoff_20260910_V1/supporting_reports/E21_MineSim_叶节点续算验收与续接策略对照_论文公式协议_20260909.txt,9394,72c9b18e9ba69c55d3bf0f89ab1fdfbb6e8acb514c72b93b67899cac5a5b60bf,1,MineSim_正式交接配套包_20260919_R1.zip!sources/H18_历史交接与证据原包.zip!MineSim_正式交接包_20260918_停工版V1/history/H02_20260910_论文标准对齐原包.zip!MineSim_Handoff_20260910_V1/supporting_reports/E21_MineSim_叶节点续算验收与续接策略对照_论文公式协议_20260909.txt,
MineSim_正式交接配套包_20260919_R1/sources/H18_历史交接与证据原包/MineSim_正式交接包_20260918_停工版V1/history/H02_20260910_论文标准对齐原包/MineSim_Handoff_20260910_V1/supporting_reports/E22_MineSim_续接策略复核与终止续行_论文公式协议_20260909.txt,12957,f2e0ff6b422b6859cb9dd882224ad1d8a882e0a5401527c95f225363fc83dfa0,1,MineSim_正式交接配套包_20260919_R1.zip!sources/H18_历史交接与证据原包.zip!MineSim_正式交接包_20260918_停工版V1/history/H02_20260910_论文标准对齐原包.zip!MineSim_Handoff_20260910_V1/supporting_reports/E22_MineSim_续接策略复核与终止续行_论文公式协议_20260909.txt,
MineSim_正式交接配套包_20260919_R1/sources/H18_历史交接与证据原包/MineSim_正式交接包_20260918_停工版V1/history/H02_20260910_论文标准对齐原包/MineSim_Handoff_20260910_V1/supporting_reports/E23_MineSim_续行终止复核与根动作策略回报_论文公式协议_V1.txt,14592,cf11d0d91adbb07455616a69c89a988445d9f772829597c3eff7285ea8168cc6,1,MineSim_正式交接配套包_20260919_R1.zip!sources/H18_历史交接与证据原包.zip!MineSim_正式交接包_20260918_停工版V1/history/H02_20260910_论文标准对齐原包.zip!MineSim_Handoff_20260910_V1/supporting_reports/E23_MineSim_续行终止复核与根动作策略回报_论文公式协议_V1.txt,
MineSim_正式交接配套包_20260919_R1/sources/H18_历史交接与证据原包/MineSim_正式交接包_20260918_停工版V1/history/H02_20260910_论文标准对齐原包/MineSim_Handoff_20260910_V1/supporting_reports/E24_MineSim_根动作策略回报复核与独立复验_论文公式协议_20260910.txt,11125,a46fcd6898e4e1334b9142002ded88a5b8fd6fc0830bd1422770578660871279,1,MineSim_正式交接配套包_20260919_R1.zip!sources/H18_历史交接与证据原包.zip!MineSim_正式交接包_20260918_停工版V1/history/H02_20260910_论文标准对齐原包.zip!MineSim_Handoff_20260910_V1/supporting_reports/E24_MineSim_根动作策略回报复核与独立复验_论文公式协议_20260910.txt,
MineSim_正式交接配套包_20260919_R1/sources/H18_历史交接与证据原包/MineSim_正式交接包_20260918_停工版V1/history/H02_20260910_论文标准对齐原包/MineSim_Handoff_20260910_V1/supporting_reports/E25_MineSim_独立复验结果与决策精度审查_20260910.txt,13129,ba7147fa855d0af25153ad834cd358013adec533373c07bdf28adfdf190a085c,1,MineSim_正式交接配套包_20260919_R1.zip!sources/H18_历史交接与证据原包.zip!MineSim_正式交接包_20260918_停工版V1/history/H02_20260910_论文标准对齐原包.zip!MineSim_Handoff_20260910_V1/supporting_reports/E25_MineSim_独立复验结果与决策精度审查_20260910.txt,
MineSim_正式交接配套包_20260919_R1/sources/H18_历史交接与证据原包/MineSim_正式交接包_20260918_停工版V1/history/H02_20260910_论文标准对齐原包/MineSim_Handoff_20260910_V1/supporting_reports/E26_MineSim_决策精度与停止规则_论文公式及离线验证_20260910.txt,14128,edb179c1e0d157b7da4d75f56b5dbe7c4183ab575b02d48a46b0041707170ca3,1,MineSim_正式交接配套包_20260919_R1.zip!sources/H18_历史交接与证据原包.zip!MineSim_正式交接包_20260918_停工版V1/history/H02_20260910_论文标准对齐原包.zip!MineSim_Handoff_20260910_V1/supporting_reports/E26_MineSim_决策精度与停止规则_论文公式及离线验证_20260910.txt,
MineSim_正式交接配套包_20260919_R1/sources/H18_历史交接与证据原包/MineSim_正式交接包_20260918_停工版V1/history/H02_20260910_论文标准对齐原包/MineSim_Handoff_20260910_V1/supporting_reports/E27_MineSim_任务指标与奖励映射审查_论文公式及复核_20260910.txt,11916,1dac8f162bc284a9936d81544be331439b3b46406ff5441015bc4d1d60a6487f,1,MineSim_正式交接配套包_20260919_R1.zip!sources/H18_历史交接与证据原包.zip!MineSim_正式交接包_20260918_停工版V1/history/H02_20260910_论文标准对齐原包.zip!MineSim_Handoff_20260910_V1/supporting_reports/E27_MineSim_任务指标与奖励映射审查_论文公式及复核_20260910.txt,
MineSim_正式交接配套包_20260919_R1/sources/H18_历史交接与证据原包/MineSim_正式交接包_20260918_停工版V1/history/H02_20260910_论文标准对齐原包/MineSim_Handoff_20260910_V1/supporting_reports/E28_MineSim_秒制目标与安全约束决策接口_论文公式及离线验证_20260910.txt,13805,b2b411b4b0555171b91633bf674d014a427b3d1046b92915230a2a6bce3b3b09,1,MineSim_正式交接配套包_20260919_R1.zip!sources/H18_历史交接与证据原包.zip!MineSim_正式交接包_20260918_停工版V1/history/H02_20260910_论文标准对齐原包.zip!MineSim_Handoff_20260910_V1/supporting_reports/E28_MineSim_秒制目标与安全约束决策接口_论文公式及离线验证_20260910.txt,
MineSim_正式交接配套包_20260919_R1/sources/H18_历史交接与证据原包/MineSim_正式交接包_20260918_停工版V1/history/H02_20260910_论文标准对齐原包/MineSim_Handoff_20260910_V1/supporting_reports/E29_MineSim_paper_standards_verified_20260910.txt,9907,88caf281170dc5740c714e0d94d880a5616d6af940ccd99a07fdb9bd5980c91c,1,MineSim_正式交接配套包_20260919_R1.zip!sources/H18_历史交接与证据原包.zip!MineSim_正式交接包_20260918_停工版V1/history/H02_20260910_论文标准对齐原包.zip!MineSim_Handoff_20260910_V1/supporting_reports/E29_MineSim_paper_standards_verified_20260910.txt,
MineSim_正式交接配套包_20260919_R1/sources/H18_历史交接与证据原包/MineSim_正式交接包_20260918_停工版V1/history/H03_RADEME_20260813.txt,41285,6ffd910cbbe9fb6b56af4b37153b96120dd3ea0dbd74d141732e601fc7935ac8,2,MineSim_正式交接配套包_20260919_R1.zip!sources/H18_历史交接与证据原包.zip!MineSim_正式交接包_20260918_停工版V1/history/H03_RADEME_20260813.txt,MineSim_正式交接配套包_20260919_R1.zip!sources/H18_历史交接与证据原包.zip!MineSim_正式交接包_20260918_停工版V1/history/H02_20260910_论文标准对齐原包.zip!MineSim_Handoff_20260910_V1/supporting_reports/E01_RADEME(4).txt
MineSim_正式交接配套包_20260919_R1/sources/H18_历史交接与证据原包/MineSim_正式交接包_20260918_停工版V1/history/H04_第一批资料目录.txt,103484,cd85f6b9843e6622529c5823d460bc90c699f55fad971cb4b61ef8158e11d8ea,1,MineSim_正式交接配套包_20260919_R1.zip!sources/H18_历史交接与证据原包.zip!MineSim_正式交接包_20260918_停工版V1/history/H04_第一批资料目录.txt,
MineSim_正式交接配套包_20260919_R1/sources/H18_历史交接与证据原包/MineSim_正式交接包_20260918_停工版V1/history/H05_第二批资料目录.txt,303870,eb34b9ad0025ceb6dee57e6577564c6ed1a43c4098a38a2f0ea1f0befe95aa3d,1,MineSim_正式交接配套包_20260919_R1.zip!sources/H18_历史交接与证据原包.zip!MineSim_正式交接包_20260918_停工版V1/history/H05_第二批资料目录.txt,
MineSim_正式交接配套包_20260919_R1/sources/H18_历史交接与证据原包/MineSim_正式交接包_20260918_停工版V1/pending_policy4/DO_NOT_RUN_WITHOUT_NEW_AUTHORIZATION.md,500,9969ace565e4d94fec795c96e25af49a6368ad3685d096fa5180ae88e02a881e,1,MineSim_正式交接配套包_20260919_R1.zip!sources/H18_历史交接与证据原包.zip!MineSim_正式交接包_20260918_停工版V1/pending_policy4/DO_NOT_RUN_WITHOUT_NEW_AUTHORIZATION.md,
MineSim_正式交接配套包_20260919_R1/sources/H18_历史交接与证据原包/MineSim_正式交接包_20260918_停工版V1/pending_policy4/release/PROTOCOL.json,3324,1cec368d1b6755c36c8809d172e4109f1819912367f24abe9df6d7b7b505eee0,2,MineSim_正式交接配套包_20260919_R1.zip!sources/H18_历史交接与证据原包.zip!MineSim_正式交接包_20260918_停工版V1/pending_policy4/release/PROTOCOL.json,MineSim_正式交接配套包_20260919_R1.zip!sources/H18_历史交接与证据原包.zip!MineSim_正式交接包_20260918_停工版V1/evidence/P01/H8_policy4_已交付准备原包.zip!release/PROTOCOL.json
MineSim_正式交接配套包_20260919_R1/sources/H18_历史交接与证据原包/MineSim_正式交接包_20260918_停工版V1/pending_policy4/release/RELEASE_MANIFEST.json,648,d708997e72964e65a65a1461ecdde0b6dd17c2b64fe4269a733731228f24c8b5,2,MineSim_正式交接配套包_20260919_R1.zip!sources/H18_历史交接与证据原包.zip!MineSim_正式交接包_20260918_停工版V1/pending_policy4/release/RELEASE_MANIFEST.json,MineSim_正式交接配套包_20260919_R1.zip!sources/H18_历史交接与证据原包.zip!MineSim_正式交接包_20260918_停工版V1/evidence/P01/H8_policy4_已交付准备原包.zip!release/RELEASE_MANIFEST.json
MineSim_正式交接配套包_20260919_R1/sources/H18_历史交接与证据原包/MineSim_正式交接包_20260918_停工版V1/pending_policy4/release/SOURCE_BINDINGS.json,14589,beaee6de98c2310da943a3b063c2db039149fceb1512289cd6dae58bbb6f5637,2,MineSim_正式交接配套包_20260919_R1.zip!sources/H18_历史交接与证据原包.zip!MineSim_正式交接包_20260918_停工版V1/pending_policy4/release/SOURCE_BINDINGS.json,MineSim_正式交接配套包_20260919_R1.zip!sources/H18_历史交接与证据原包.zip!MineSim_正式交接包_20260918_停工版V1/evidence/P01/H8_policy4_已交付准备原包.zip!release/SOURCE_BINDINGS.json
MineSim_正式交接配套包_20260919_R1/sources/H18_历史交接与证据原包/MineSim_正式交接包_20260918_停工版V1/pending_policy4/release/experiment.py,16886,a59438b0a3337101aecb19d37e0da90561c33cab593585e185d0f02c62dec5ca,2,MineSim_正式交接配套包_20260919_R1.zip!sources/H18_历史交接与证据原包.zip!MineSim_正式交接包_20260918_停工版V1/pending_policy4/release/experiment.py,MineSim_正式交接配套包_20260919_R1.zip!sources/H18_历史交接与证据原包.zip!MineSim_正式交接包_20260918_停工版V1/evidence/P01/H8_policy4_已交付准备原包.zip!release/experiment.py
MineSim_正式交接配套包_20260919_R1/sources/H18_历史交接与证据原包/MineSim_正式交接包_20260918_停工版V1/pending_policy4/release/gate.py,16572,3f3ea7f7a6874782e2252cfad535b5a7099e16d9f68d06ad4b9512d81773e32f,2,MineSim_正式交接配套包_20260919_R1.zip!sources/H18_历史交接与证据原包.zip!MineSim_正式交接包_20260918_停工版V1/pending_policy4/release/gate.py,MineSim_正式交接配套包_20260919_R1.zip!sources/H18_历史交接与证据原包.zip!MineSim_正式交接包_20260918_停工版V1/evidence/P01/H8_policy4_已交付准备原包.zip!release/gate.py
MineSim_正式交接配套包_20260919_R1/sources/H18_历史交接与证据原包/MineSim_正式交接包_20260918_停工版V1/pending_policy4/release/verify_audit.py,3366,3c4f00ec3e15f8f04f54cc72b28ccda6c36f0ac55ebcd6049178055efb477659,5,MineSim_正式交接配套包_20260919_R1.zip!sources/H18_历史交接与证据原包.zip!MineSim_正式交接包_20260918_停工版V1/pending_policy4/release/verify_audit.py,MineSim_正式交接配套包_20260919_R1.zip!sources/H18_历史交接与证据原包.zip!MineSim_正式交接包_20260918_停工版V1/evidence/E13/minesim_dual_subtree_h8_smoke_v1.zip!minesim_dual_subtree_h8_smoke_v1/release/verify_audit.py || MineSim_正式交接配套包_20260919_R1.zip!sources/H18_历史交接与证据原包.zip!MineSim_正式交接包_20260918_停工版V1/evidence/P01/H8_policy4_已交付准备原包.zip!review/original/release/verify_audit.py || MineSim_正式交接配套包_20260919_R1.zip!sources/H18_历史交接与证据原包.zip!MineSim_正式交接包_20260918_停工版V1/evidence/P01/H8_policy4_已交付准备原包.zip!release/verify_audit.py || MineSim_正式交接配套包_20260919_R1.zip!sources/H18_历史交接与证据原包.zip!MineSim_正式交接包_20260918_停工版V1/evidence/P01/H8_policy4_已交付准备原包.zip!submitted_smoke_original.zip!minesim_dual_subtree_h8_smoke_v1/release/verify_audit.py
MineSim_正式交接配套包_20260919_R1/sources/H18_历史交接与证据原包/MineSim_正式交接包_20260918_停工版V1/pending_policy4/run_dual_subtree_policy4.sh,34502,fbdd654772f176a0a5d773139b7ecdb1d35ab951791204d7ed3c3b6c2488c975,2,MineSim_正式交接配套包_20260919_R1.zip!sources/H18_历史交接与证据原包.zip!MineSim_正式交接包_20260918_停工版V1/pending_policy4/run_dual_subtree_policy4.sh,MineSim_正式交接配套包_20260919_R1.zip!sources/H18_历史交接与证据原包.zip!MineSim_正式交接包_20260918_停工版V1/evidence/P01/H8_policy4_已交付准备原包.zip!run_dual_subtree_policy4.sh
MineSim_正式交接配套包_20260919_R1/sources/H18_历史交接与证据原包/MineSim_正式交接包_20260918_停工版V1/workflow/SESSION_DECISIONS.txt,784,3f28e81b11a34e3d8f06e308d23cfd46cfdb3e2ba5496d4e5f0ac352445b8e25,1,MineSim_正式交接配套包_20260919_R1.zip!sources/H18_历史交接与证据原包.zip!MineSim_正式交接包_20260918_停工版V1/workflow/SESSION_DECISIONS.txt,
MineSim_正式交接配套包_20260919_R1/sources/H18_原实验台账.json,22854,e9cc2fa4dc27efd24f02c536d542dbc98978c84cbe0419981edc89fa2240b227,2,MineSim_正式交接配套包_20260919_R1.zip!sources/H18_原实验台账.json,MineSim_正式交接配套包_20260919_R1.zip!sources/H18_历史交接与证据原包.zip!MineSim_正式交接包_20260918_停工版V1/EXPERIMENT_LEDGER.json
MineSim_正式交接配套包_20260919_R1/sources/R19_上一轮阅读记录.md,9528,e5ebeed0d47e49716f38470e634ea702b05edbecb4c5b577657bc182b3b41257,1,MineSim_正式交接配套包_20260919_R1.zip!sources/R19_上一轮阅读记录.md,
MineSim_正式交接配套包_20260919_R1/sources/S01_用户统一工作流原件.md,24882,0d16a325ff3a79eb81e9c2b65e2a98e7b70002b2b301de36c590c17c896dc64f,3,MineSim_正式交接配套包_20260919_R1.zip!sources/S01_用户统一工作流原件.md,MineSim_正式交接配套包_20260919_R1.zip!sources/H18_历史交接与证据原包.zip!MineSim_正式交接包_20260918_停工版V1/workflow/USER_SKILL_ORIGINAL.md || MineSim_正式交接配套包_20260919_R1.zip!sources/H18_历史交接与证据原包.zip!MineSim_正式交接包_20260918_停工版V1/history/H02_20260910_论文标准对齐原包.zip!MineSim_Handoff_20260910_V1/supporting_reports/S01_用户原始工作流_Skill.md
MineSim_正式交接配套包_20260919_R1/sources/T01_原始完整对话.txt,271324,76cccf451dd44237879aa6438d4cb82378ac21fac8d7bb6ca68f9c3317a4cab9,1,MineSim_正式交接配套包_20260919_R1.zip!sources/T01_原始完整对话.txt,
MineSim_正式交接配套包_20260919_R1/sources/T01_带行号阅读副本.txt,290684,6573ca108361595841c852cb7721d9fbe827fbbf49b8d2db6127cdadc24c4b50,1,MineSim_正式交接配套包_20260919_R1.zip!sources/T01_带行号阅读副本.txt,
