stage,root_id,actionA,actionB,canonical_index,proposed_seed,status
discovery,C04__C04_FROZEN_EP0__step0,0,0,0,51000,PLANNED_NOT_AUTHORIZED_NOT_EXECUTED
discovery,C04__C04_FROZEN_EP0__step0,0,0,0,51001,PLANNED_NOT_AUTHORIZED_NOT_EXECUTED
discovery,C04__C04_FROZEN_EP0__step0,0,0,0,51002,PLANNED_NOT_AUTHORIZED_NOT_EXECUTED
discovery,C04__C04_FROZEN_EP0__step0,0,0,0,51003,PLANNED_NOT_AUTHORIZED_NOT_EXECUTED
discovery,C04__C04_FROZEN_EP0__step0,0,1,1,51000,PLANNED_NOT_AUTHORIZED_NOT_EXECUTED
discovery,C04__C04_FROZEN_EP0__step0,0,1,1,51001,PLANNED_NOT_AUTHORIZED_NOT_EXECUTED
discovery,C04__C04_FROZEN_EP0__step0,0,1,1,51002,PLANNED_NOT_AUTHORIZED_NOT_EXECUTED
discovery,C04__C04_FROZEN_EP0__step0,0,1,1,51003,PLANNED_NOT_AUTHORIZED_NOT_EXECUTED
discovery,C04__C04_FROZEN_EP0__step0,0,2,2,51000,PLANNED_NOT_AUTHORIZED_NOT_EXECUTED
discovery,C04__C04_FROZEN_EP0__step0,0,2,2,51001,PLANNED_NOT_AUTHORIZED_NOT_EXECUTED
discovery,C04__C04_FROZEN_EP0__step0,0,2,2,51002,PLANNED_NOT_AUTHORIZED_NOT_EXECUTED
discovery,C04__C04_FROZEN_EP0__step0,0,2,2,51003,PLANNED_NOT_AUTHORIZED_NOT_EXECUTED
discovery,C04__C04_FROZEN_EP0__step0,0,3,3,51000,PLANNED_NOT_AUTHORIZED_NOT_EXECUTED
discovery,C04__C04_FROZEN_EP0__step0,0,3,3,51001,PLANNED_NOT_AUTHORIZED_NOT_EXECUTED
discovery,C04__C04_FROZEN_EP0__step0,0,3,3,51002,PLANNED_NOT_AUTHORIZED_NOT_EXECUTED
discovery,C04__C04_FROZEN_EP0__step0,0,3,3,51003,PLANNED_NOT_AUTHORIZED_NOT_EXECUTED
discovery,C04__C04_FROZEN_EP0__step0,1,0,4,51000,PLANNED_NOT_AUTHORIZED_NOT_EXECUTED
discovery,C04__C04_FROZEN_EP0__step0,1,0,4,51001,PLANNED_NOT_AUTHORIZED_NOT_EXECUTED
discovery,C04__C04_FROZEN_EP0__step0,1,0,4,51002,PLANNED_NOT_AUTHORIZED_NOT_EXECUTED
discovery,C04__C04_FROZEN_EP0__step0,1,0,4,51003,PLANNED_NOT_AUTHORIZED_NOT_EXECUTED
discovery,C04__C04_FROZEN_EP0__step0,1,1,5,51000,PLANNED_NOT_AUTHORIZED_NOT_EXECUTED
discovery,C04__C04_FROZEN_EP0__step0,1,1,5,51001,PLANNED_NOT_AUTHORIZED_NOT_EXECUTED
discovery,C04__C04_FROZEN_EP0__step0,1,1,5,51002,PLANNED_NOT_AUTHORIZED_NOT_EXECUTED
discovery,C04__C04_FROZEN_EP0__step0,1,1,5,51003,PLANNED_NOT_AUTHORIZED_NOT_EXECUTED
discovery,C04__C04_FROZEN_EP0__step0,1,2,6,51000,PLANNED_NOT_AUTHORIZED_NOT_EXECUTED
discovery,C04__C04_FROZEN_EP0__step0,1,2,6,51001,PLANNED_NOT_AUTHORIZED_NOT_EXECUTED
discovery,C04__C04_FROZEN_EP0__step0,1,2,6,51002,PLANNED_NOT_AUTHORIZED_NOT_EXECUTED
discovery,C04__C04_FROZEN_EP0__step0,1,2,6,51003,PLANNED_NOT_AUTHORIZED_NOT_EXECUTED
discovery,C04__C04_FROZEN_EP0__step0,1,3,7,51000,PLANNED_NOT_AUTHORIZED_NOT_EXECUTED
discovery,C04__C04_FROZEN_EP0__step0,1,3,7,51001,PLANNED_NOT_AUTHORIZED_NOT_EXECUTED
discovery,C04__C04_FROZEN_EP0__step0,1,3,7,51002,PLANNED_NOT_AUTHORIZED_NOT_EXECUTED
discovery,C04__C04_FROZEN_EP0__step0,1,3,7,51003,PLANNED_NOT_AUTHORIZED_NOT_EXECUTED
discovery,C04__C04_FROZEN_EP0__step0,2,0,8,51000,PLANNED_NOT_AUTHORIZED_NOT_EXECUTED
discovery,C04__C04_FROZEN_EP0__step0,2,0,8,51001,PLANNED_NOT_AUTHORIZED_NOT_EXECUTED
discovery,C04__C04_FROZEN_EP0__step0,2,0,8,51002,PLANNED_NOT_AUTHORIZED_NOT_EXECUTED
discovery,C04__C04_FROZEN_EP0__step0,2,0,8,51003,PLANNED_NOT_AUTHORIZED_NOT_EXECUTED
discovery,C04__C04_FROZEN_EP0__step0,2,1,9,51000,PLANNED_NOT_AUTHORIZED_NOT_EXECUTED
discovery,C04__C04_FROZEN_EP0__step0,2,1,9,51001,PLANNED_NOT_AUTHORIZED_NOT_EXECUTED
discovery,C04__C04_FROZEN_EP0__step0,2,1,9,51002,PLANNED_NOT_AUTHORIZED_NOT_EXECUTED
discovery,C04__C04_FROZEN_EP0__step0,2,1,9,51003,PLANNED_NOT_AUTHORIZED_NOT_EXECUTED
discovery,C04__C04_FROZEN_EP0__step0,2,2,10,51000,PLANNED_NOT_AUTHORIZED_NOT_EXECUTED
discovery,C04__C04_FROZEN_EP0__step0,2,2,10,51001,PLANNED_NOT_AUTHORIZED_NOT_EXECUTED
discovery,C04__C04_FROZEN_EP0__step0,2,2,10,51002,PLANNED_NOT_AUTHORIZED_NOT_EXECUTED
discovery,C04__C04_FROZEN_EP0__step0,2,2,10,51003,PLANNED_NOT_AUTHORIZED_NOT_EXECUTED
discovery,C04__C04_FROZEN_EP0__step0,2,3,11,51000,PLANNED_NOT_AUTHORIZED_NOT_EXECUTED
discovery,C04__C04_FROZEN_EP0__step0,2,3,11,51001,PLANNED_NOT_AUTHORIZED_NOT_EXECUTED
discovery,C04__C04_FROZEN_EP0__step0,2,3,11,51002,PLANNED_NOT_AUTHORIZED_NOT_EXECUTED
discovery,C04__C04_FROZEN_EP0__step0,2,3,11,51003,PLANNED_NOT_AUTHORIZED_NOT_EXECUTED
discovery,C04__C04_FROZEN_EP0__step0,3,0,12,51000,PLANNED_NOT_AUTHORIZED_NOT_EXECUTED
discovery,C04__C04_FROZEN_EP0__step0,3,0,12,51001,PLANNED_NOT_AUTHORIZED_NOT_EXECUTED
discovery,C04__C04_FROZEN_EP0__step0,3,0,12,51002,PLANNED_NOT_AUTHORIZED_NOT_EXECUTED
discovery,C04__C04_FROZEN_EP0__step0,3,0,12,51003,PLANNED_NOT_AUTHORIZED_NOT_EXECUTED
discovery,C04__C04_FROZEN_EP0__step0,3,1,13,51000,PLANNED_NOT_AUTHORIZED_NOT_EXECUTED
discovery,C04__C04_FROZEN_EP0__step0,3,1,13,51001,PLANNED_NOT_AUTHORIZED_NOT_EXECUTED
discovery,C04__C04_FROZEN_EP0__step0,3,1,13,51002,PLANNED_NOT_AUTHORIZED_NOT_EXECUTED
discovery,C04__C04_FROZEN_EP0__step0,3,1,13,51003,PLANNED_NOT_AUTHORIZED_NOT_EXECUTED
discovery,C04__C04_FROZEN_EP0__step0,3,2,14,51000,PLANNED_NOT_AUTHORIZED_NOT_EXECUTED
discovery,C04__C04_FROZEN_EP0__step0,3,2,14,51001,PLANNED_NOT_AUTHORIZED_NOT_EXECUTED
discovery,C04__C04_FROZEN_EP0__step0,3,2,14,51002,PLANNED_NOT_AUTHORIZED_NOT_EXECUTED
discovery,C04__C04_FROZEN_EP0__step0,3,2,14,51003,PLANNED_NOT_AUTHORIZED_NOT_EXECUTED
discovery,C04__C04_FROZEN_EP0__step0,3,3,15,51000,PLANNED_NOT_AUTHORIZED_NOT_EXECUTED
discovery,C04__C04_FROZEN_EP0__step0,3,3,15,51001,PLANNED_NOT_AUTHORIZED_NOT_EXECUTED
discovery,C04__C04_FROZEN_EP0__step0,3,3,15,51002,PLANNED_NOT_AUTHORIZED_NOT_EXECUTED
discovery,C04__C04_FROZEN_EP0__step0,3,3,15,51003,PLANNED_NOT_AUTHORIZED_NOT_EXECUTED
discovery,C04__C04_FROZEN_EP0__step100,0,0,0,51000,PLANNED_NOT_AUTHORIZED_NOT_EXECUTED
discovery,C04__C04_FROZEN_EP0__step100,0,0,0,51001,PLANNED_NOT_AUTHORIZED_NOT_EXECUTED
discovery,C04__C04_FROZEN_EP0__step100,0,0,0,51002,PLANNED_NOT_AUTHORIZED_NOT_EXECUTED
discovery,C04__C04_FROZEN_EP0__step100,0,0,0,51003,PLANNED_NOT_AUTHORIZED_NOT_EXECUTED
discovery,C04__C04_FROZEN_EP0__step100,0,1,1,51000,PLANNED_NOT_AUTHORIZED_NOT_EXECUTED
discovery,C04__C04_FROZEN_EP0__step100,0,1,1,51001,PLANNED_NOT_AUTHORIZED_NOT_EXECUTED
discovery,C04__C04_FROZEN_EP0__step100,0,1,1,51002,PLANNED_NOT_AUTHORIZED_NOT_EXECUTED
discovery,C04__C04_FROZEN_EP0__step100,0,1,1,51003,PLANNED_NOT_AUTHORIZED_NOT_EXECUTED
discovery,C04__C04_FROZEN_EP0__step100,0,2,2,51000,PLANNED_NOT_AUTHORIZED_NOT_EXECUTED
discovery,C04__C04_FROZEN_EP0__step100,0,2,2,51001,PLANNED_NOT_AUTHORIZED_NOT_EXECUTED
discovery,C04__C04_FROZEN_EP0__step100,0,2,2,51002,PLANNED_NOT_AUTHORIZED_NOT_EXECUTED
discovery,C04__C04_FROZEN_EP0__step100,0,2,2,51003,PLANNED_NOT_AUTHORIZED_NOT_EXECUTED
discovery,C04__C04_FROZEN_EP0__step100,0,3,3,51000,PLANNED_NOT_AUTHORIZED_NOT_EXECUTED
discovery,C04__C04_FROZEN_EP0__step100,0,3,3,51001,PLANNED_NOT_AUTHORIZED_NOT_EXECUTED
discovery,C04__C04_FROZEN_EP0__step100,0,3,3,51002,PLANNED_NOT_AUTHORIZED_NOT_EXECUTED
discovery,C04__C04_FROZEN_EP0__step100,0,3,3,51003,PLANNED_NOT_AUTHORIZED_NOT_EXECUTED
discovery,C04__C04_FROZEN_EP0__step100,1,0,4,51000,PLANNED_NOT_AUTHORIZED_NOT_EXECUTED
discovery,C04__C04_FROZEN_EP0__step100,1,0,4,51001,PLANNED_NOT_AUTHORIZED_NOT_EXECUTED
discovery,C04__C04_FROZEN_EP0__step100,1,0,4,51002,PLANNED_NOT_AUTHORIZED_NOT_EXECUTED
discovery,C04__C04_FROZEN_EP0__step100,1,0,4,51003,PLANNED_NOT_AUTHORIZED_NOT_EXECUTED
discovery,C04__C04_FROZEN_EP0__step100,1,1,5,51000,PLANNED_NOT_AUTHORIZED_NOT_EXECUTED
discovery,C04__C04_FROZEN_EP0__step100,1,1,5,51001,PLANNED_NOT_AUTHORIZED_NOT_EXECUTED
discovery,C04__C04_FROZEN_EP0__step100,1,1,5,51002,PLANNED_NOT_AUTHORIZED_NOT_EXECUTED
discovery,C04__C04_FROZEN_EP0__step100,1,1,5,51003,PLANNED_NOT_AUTHORIZED_NOT_EXECUTED
discovery,C04__C04_FROZEN_EP0__step100,1,2,6,51000,PLANNED_NOT_AUTHORIZED_NOT_EXECUTED
discovery,C04__C04_FROZEN_EP0__step100,1,2,6,51001,PLANNED_NOT_AUTHORIZED_NOT_EXECUTED
discovery,C04__C04_FROZEN_EP0__step100,1,2,6,51002,PLANNED_NOT_AUTHORIZED_NOT_EXECUTED
discovery,C04__C04_FROZEN_EP0__step100,1,2,6,51003,PLANNED_NOT_AUTHORIZED_NOT_EXECUTED
discovery,C04__C04_FROZEN_EP0__step100,1,3,7,51000,PLANNED_NOT_AUTHORIZED_NOT_EXECUTED
discovery,C04__C04_FROZEN_EP0__step100,1,3,7,51001,PLANNED_NOT_AUTHORIZED_NOT_EXECUTED
discovery,C04__C04_FROZEN_EP0__step100,1,3,7,51002,PLANNED_NOT_AUTHORIZED_NOT_EXECUTED
discovery,C04__C04_FROZEN_EP0__step100,1,3,7,51003,PLANNED_NOT_AUTHORIZED_NOT_EXECUTED
discovery,C04__C04_FROZEN_EP0__step100,2,0,8,51000,PLANNED_NOT_AUTHORIZED_NOT_EXECUTED
discovery,C04__C04_FROZEN_EP0__step100,2,0,8,51001,PLANNED_NOT_AUTHORIZED_NOT_EXECUTED
discovery,C04__C04_FROZEN_EP0__step100,2,0,8,51002,PLANNED_NOT_AUTHORIZED_NOT_EXECUTED
discovery,C04__C04_FROZEN_EP0__step100,2,0,8,51003,PLANNED_NOT_AUTHORIZED_NOT_EXECUTED
discovery,C04__C04_FROZEN_EP0__step100,2,1,9,51000,PLANNED_NOT_AUTHORIZED_NOT_EXECUTED
discovery,C04__C04_FROZEN_EP0__step100,2,1,9,51001,PLANNED_NOT_AUTHORIZED_NOT_EXECUTED
discovery,C04__C04_FROZEN_EP0__step100,2,1,9,51002,PLANNED_NOT_AUTHORIZED_NOT_EXECUTED
discovery,C04__C04_FROZEN_EP0__step100,2,1,9,51003,PLANNED_NOT_AUTHORIZED_NOT_EXECUTED
discovery,C04__C04_FROZEN_EP0__step100,2,2,10,51000,PLANNED_NOT_AUTHORIZED_NOT_EXECUTED
discovery,C04__C04_FROZEN_EP0__step100,2,2,10,51001,PLANNED_NOT_AUTHORIZED_NOT_EXECUTED
discovery,C04__C04_FROZEN_EP0__step100,2,2,10,51002,PLANNED_NOT_AUTHORIZED_NOT_EXECUTED
discovery,C04__C04_FROZEN_EP0__step100,2,2,10,51003,PLANNED_NOT_AUTHORIZED_NOT_EXECUTED
discovery,C04__C04_FROZEN_EP0__step100,2,3,11,51000,PLANNED_NOT_AUTHORIZED_NOT_EXECUTED
discovery,C04__C04_FROZEN_EP0__step100,2,3,11,51001,PLANNED_NOT_AUTHORIZED_NOT_EXECUTED
discovery,C04__C04_FROZEN_EP0__step100,2,3,11,51002,PLANNED_NOT_AUTHORIZED_NOT_EXECUTED
discovery,C04__C04_FROZEN_EP0__step100,2,3,11,51003,PLANNED_NOT_AUTHORIZED_NOT_EXECUTED
discovery,C04__C04_FROZEN_EP0__step100,3,0,12,51000,PLANNED_NOT_AUTHORIZED_NOT_EXECUTED
discovery,C04__C04_FROZEN_EP0__step100,3,0,12,51001,PLANNED_NOT_AUTHORIZED_NOT_EXECUTED
discovery,C04__C04_FROZEN_EP0__step100,3,0,12,51002,PLANNED_NOT_AUTHORIZED_NOT_EXECUTED
discovery,C04__C04_FROZEN_EP0__step100,3,0,12,51003,PLANNED_NOT_AUTHORIZED_NOT_EXECUTED
discovery,C04__C04_FROZEN_EP0__step100,3,1,13,51000,PLANNED_NOT_AUTHORIZED_NOT_EXECUTED
discovery,C04__C04_FROZEN_EP0__step100,3,1,13,51001,PLANNED_NOT_AUTHORIZED_NOT_EXECUTED
discovery,C04__C04_FROZEN_EP0__step100,3,1,13,51002,PLANNED_NOT_AUTHORIZED_NOT_EXECUTED
discovery,C04__C04_FROZEN_EP0__step100,3,1,13,51003,PLANNED_NOT_AUTHORIZED_NOT_EXECUTED
discovery,C04__C04_FROZEN_EP0__step100,3,2,14,51000,PLANNED_NOT_AUTHORIZED_NOT_EXECUTED
discovery,C04__C04_FROZEN_EP0__step100,3,2,14,51001,PLANNED_NOT_AUTHORIZED_NOT_EXECUTED
discovery,C04__C04_FROZEN_EP0__step100,3,2,14,51002,PLANNED_NOT_AUTHORIZED_NOT_EXECUTED
discovery,C04__C04_FROZEN_EP0__step100,3,2,14,51003,PLANNED_NOT_AUTHORIZED_NOT_EXECUTED
discovery,C04__C04_FROZEN_EP0__step100,3,3,15,51000,PLANNED_NOT_AUTHORIZED_NOT_EXECUTED
discovery,C04__C04_FROZEN_EP0__step100,3,3,15,51001,PLANNED_NOT_AUTHORIZED_NOT_EXECUTED
discovery,C04__C04_FROZEN_EP0__step100,3,3,15,51002,PLANNED_NOT_AUTHORIZED_NOT_EXECUTED
discovery,C04__C04_FROZEN_EP0__step100,3,3,15,51003,PLANNED_NOT_AUTHORIZED_NOT_EXECUTED
discovery,C04__C04_SEED5_EP1__step13,0,0,0,51000,PLANNED_NOT_AUTHORIZED_NOT_EXECUTED
discovery,C04__C04_SEED5_EP1__step13,0,0,0,51001,PLANNED_NOT_AUTHORIZED_NOT_EXECUTED
discovery,C04__C04_SEED5_EP1__step13,0,0,0,51002,PLANNED_NOT_AUTHORIZED_NOT_EXECUTED
discovery,C04__C04_SEED5_EP1__step13,0,0,0,51003,PLANNED_NOT_AUTHORIZED_NOT_EXECUTED
discovery,C04__C04_SEED5_EP1__step13,0,1,1,51000,PLANNED_NOT_AUTHORIZED_NOT_EXECUTED
discovery,C04__C04_SEED5_EP1__step13,0,1,1,51001,PLANNED_NOT_AUTHORIZED_NOT_EXECUTED
discovery,C04__C04_SEED5_EP1__step13,0,1,1,51002,PLANNED_NOT_AUTHORIZED_NOT_EXECUTED
discovery,C04__C04_SEED5_EP1__step13,0,1,1,51003,PLANNED_NOT_AUTHORIZED_NOT_EXECUTED
discovery,C04__C04_SEED5_EP1__step13,0,2,2,51000,PLANNED_NOT_AUTHORIZED_NOT_EXECUTED
discovery,C04__C04_SEED5_EP1__step13,0,2,2,51001,PLANNED_NOT_AUTHORIZED_NOT_EXECUTED
discovery,C04__C04_SEED5_EP1__step13,0,2,2,51002,PLANNED_NOT_AUTHORIZED_NOT_EXECUTED
discovery,C04__C04_SEED5_EP1__step13,0,2,2,51003,PLANNED_NOT_AUTHORIZED_NOT_EXECUTED
discovery,C04__C04_SEED5_EP1__step13,0,3,3,51000,PLANNED_NOT_AUTHORIZED_NOT_EXECUTED
discovery,C04__C04_SEED5_EP1__step13,0,3,3,51001,PLANNED_NOT_AUTHORIZED_NOT_EXECUTED
discovery,C04__C04_SEED5_EP1__step13,0,3,3,51002,PLANNED_NOT_AUTHORIZED_NOT_EXECUTED
discovery,C04__C04_SEED5_EP1__step13,0,3,3,51003,PLANNED_NOT_AUTHORIZED_NOT_EXECUTED
discovery,C04__C04_SEED5_EP1__step13,1,0,4,51000,PLANNED_NOT_AUTHORIZED_NOT_EXECUTED
discovery,C04__C04_SEED5_EP1__step13,1,0,4,51001,PLANNED_NOT_AUTHORIZED_NOT_EXECUTED
discovery,C04__C04_SEED5_EP1__step13,1,0,4,51002,PLANNED_NOT_AUTHORIZED_NOT_EXECUTED
discovery,C04__C04_SEED5_EP1__step13,1,0,4,51003,PLANNED_NOT_AUTHORIZED_NOT_EXECUTED
discovery,C04__C04_SEED5_EP1__step13,1,1,5,51000,PLANNED_NOT_AUTHORIZED_NOT_EXECUTED
discovery,C04__C04_SEED5_EP1__step13,1,1,5,51001,PLANNED_NOT_AUTHORIZED_NOT_EXECUTED
discovery,C04__C04_SEED5_EP1__step13,1,1,5,51002,PLANNED_NOT_AUTHORIZED_NOT_EXECUTED
discovery,C04__C04_SEED5_EP1__step13,1,1,5,51003,PLANNED_NOT_AUTHORIZED_NOT_EXECUTED
discovery,C04__C04_SEED5_EP1__step13,1,2,6,51000,PLANNED_NOT_AUTHORIZED_NOT_EXECUTED
discovery,C04__C04_SEED5_EP1__step13,1,2,6,51001,PLANNED_NOT_AUTHORIZED_NOT_EXECUTED
discovery,C04__C04_SEED5_EP1__step13,1,2,6,51002,PLANNED_NOT_AUTHORIZED_NOT_EXECUTED
discovery,C04__C04_SEED5_EP1__step13,1,2,6,51003,PLANNED_NOT_AUTHORIZED_NOT_EXECUTED
discovery,C04__C04_SEED5_EP1__step13,1,3,7,51000,PLANNED_NOT_AUTHORIZED_NOT_EXECUTED
discovery,C04__C04_SEED5_EP1__step13,1,3,7,51001,PLANNED_NOT_AUTHORIZED_NOT_EXECUTED
discovery,C04__C04_SEED5_EP1__step13,1,3,7,51002,PLANNED_NOT_AUTHORIZED_NOT_EXECUTED
discovery,C04__C04_SEED5_EP1__step13,1,3,7,51003,PLANNED_NOT_AUTHORIZED_NOT_EXECUTED
discovery,C04__C04_SEED5_EP1__step13,2,0,8,51000,PLANNED_NOT_AUTHORIZED_NOT_EXECUTED
discovery,C04__C04_SEED5_EP1__step13,2,0,8,51001,PLANNED_NOT_AUTHORIZED_NOT_EXECUTED
discovery,C04__C04_SEED5_EP1__step13,2,0,8,51002,PLANNED_NOT_AUTHORIZED_NOT_EXECUTED
discovery,C04__C04_SEED5_EP1__step13,2,0,8,51003,PLANNED_NOT_AUTHORIZED_NOT_EXECUTED
discovery,C04__C04_SEED5_EP1__step13,2,1,9,51000,PLANNED_NOT_AUTHORIZED_NOT_EXECUTED
discovery,C04__C04_SEED5_EP1__step13,2,1,9,51001,PLANNED_NOT_AUTHORIZED_NOT_EXECUTED
discovery,C04__C04_SEED5_EP1__step13,2,1,9,51002,PLANNED_NOT_AUTHORIZED_NOT_EXECUTED
discovery,C04__C04_SEED5_EP1__step13,2,1,9,51003,PLANNED_NOT_AUTHORIZED_NOT_EXECUTED
discovery,C04__C04_SEED5_EP1__step13,2,2,10,51000,PLANNED_NOT_AUTHORIZED_NOT_EXECUTED
discovery,C04__C04_SEED5_EP1__step13,2,2,10,51001,PLANNED_NOT_AUTHORIZED_NOT_EXECUTED
discovery,C04__C04_SEED5_EP1__step13,2,2,10,51002,PLANNED_NOT_AUTHORIZED_NOT_EXECUTED
discovery,C04__C04_SEED5_EP1__step13,2,2,10,51003,PLANNED_NOT_AUTHORIZED_NOT_EXECUTED
discovery,C04__C04_SEED5_EP1__step13,2,3,11,51000,PLANNED_NOT_AUTHORIZED_NOT_EXECUTED
discovery,C04__C04_SEED5_EP1__step13,2,3,11,51001,PLANNED_NOT_AUTHORIZED_NOT_EXECUTED
discovery,C04__C04_SEED5_EP1__step13,2,3,11,51002,PLANNED_NOT_AUTHORIZED_NOT_EXECUTED
discovery,C04__C04_SEED5_EP1__step13,2,3,11,51003,PLANNED_NOT_AUTHORIZED_NOT_EXECUTED
discovery,C04__C04_SEED5_EP1__step13,3,0,12,51000,PLANNED_NOT_AUTHORIZED_NOT_EXECUTED
discovery,C04__C04_SEED5_EP1__step13,3,0,12,51001,PLANNED_NOT_AUTHORIZED_NOT_EXECUTED
discovery,C04__C04_SEED5_EP1__step13,3,0,12,51002,PLANNED_NOT_AUTHORIZED_NOT_EXECUTED
discovery,C04__C04_SEED5_EP1__step13,3,0,12,51003,PLANNED_NOT_AUTHORIZED_NOT_EXECUTED
discovery,C04__C04_SEED5_EP1__step13,3,1,13,51000,PLANNED_NOT_AUTHORIZED_NOT_EXECUTED
discovery,C04__C04_SEED5_EP1__step13,3,1,13,51001,PLANNED_NOT_AUTHORIZED_NOT_EXECUTED
discovery,C04__C04_SEED5_EP1__step13,3,1,13,51002,PLANNED_NOT_AUTHORIZED_NOT_EXECUTED
discovery,C04__C04_SEED5_EP1__step13,3,1,13,51003,PLANNED_NOT_AUTHORIZED_NOT_EXECUTED
discovery,C04__C04_SEED5_EP1__step13,3,2,14,51000,PLANNED_NOT_AUTHORIZED_NOT_EXECUTED
discovery,C04__C04_SEED5_EP1__step13,3,2,14,51001,PLANNED_NOT_AUTHORIZED_NOT_EXECUTED
discovery,C04__C04_SEED5_EP1__step13,3,2,14,51002,PLANNED_NOT_AUTHORIZED_NOT_EXECUTED
discovery,C04__C04_SEED5_EP1__step13,3,2,14,51003,PLANNED_NOT_AUTHORIZED_NOT_EXECUTED
discovery,C04__C04_SEED5_EP1__step13,3,3,15,51000,PLANNED_NOT_AUTHORIZED_NOT_EXECUTED
discovery,C04__C04_SEED5_EP1__step13,3,3,15,51001,PLANNED_NOT_AUTHORIZED_NOT_EXECUTED
discovery,C04__C04_SEED5_EP1__step13,3,3,15,51002,PLANNED_NOT_AUTHORIZED_NOT_EXECUTED
discovery,C04__C04_SEED5_EP1__step13,3,3,15,51003,PLANNED_NOT_AUTHORIZED_NOT_EXECUTED
discovery,C04__C04_SEED5_EP1__step118,0,0,0,51000,PLANNED_NOT_AUTHORIZED_NOT_EXECUTED
discovery,C04__C04_SEED5_EP1__step118,0,0,0,51001,PLANNED_NOT_AUTHORIZED_NOT_EXECUTED
discovery,C04__C04_SEED5_EP1__step118,0,0,0,51002,PLANNED_NOT_AUTHORIZED_NOT_EXECUTED
discovery,C04__C04_SEED5_EP1__step118,0,0,0,51003,PLANNED_NOT_AUTHORIZED_NOT_EXECUTED
discovery,C04__C04_SEED5_EP1__step118,0,1,1,51000,PLANNED_NOT_AUTHORIZED_NOT_EXECUTED
discovery,C04__C04_SEED5_EP1__step118,0,1,1,51001,PLANNED_NOT_AUTHORIZED_NOT_EXECUTED
discovery,C04__C04_SEED5_EP1__step118,0,1,1,51002,PLANNED_NOT_AUTHORIZED_NOT_EXECUTED
discovery,C04__C04_SEED5_EP1__step118,0,1,1,51003,PLANNED_NOT_AUTHORIZED_NOT_EXECUTED
discovery,C04__C04_SEED5_EP1__step118,0,2,2,51000,PLANNED_NOT_AUTHORIZED_NOT_EXECUTED
discovery,C04__C04_SEED5_EP1__step118,0,2,2,51001,PLANNED_NOT_AUTHORIZED_NOT_EXECUTED
discovery,C04__C04_SEED5_EP1__step118,0,2,2,51002,PLANNED_NOT_AUTHORIZED_NOT_EXECUTED
discovery,C04__C04_SEED5_EP1__step118,0,2,2,51003,PLANNED_NOT_AUTHORIZED_NOT_EXECUTED
discovery,C04__C04_SEED5_EP1__step118,0,3,3,51000,PLANNED_NOT_AUTHORIZED_NOT_EXECUTED
discovery,C04__C04_SEED5_EP1__step118,0,3,3,51001,PLANNED_NOT_AUTHORIZED_NOT_EXECUTED
discovery,C04__C04_SEED5_EP1__step118,0,3,3,51002,PLANNED_NOT_AUTHORIZED_NOT_EXECUTED
discovery,C04__C04_SEED5_EP1__step118,0,3,3,51003,PLANNED_NOT_AUTHORIZED_NOT_EXECUTED
discovery,C04__C04_SEED5_EP1__step118,1,0,4,51000,PLANNED_NOT_AUTHORIZED_NOT_EXECUTED
discovery,C04__C04_SEED5_EP1__step118,1,0,4,51001,PLANNED_NOT_AUTHORIZED_NOT_EXECUTED
discovery,C04__C04_SEED5_EP1__step118,1,0,4,51002,PLANNED_NOT_AUTHORIZED_NOT_EXECUTED
discovery,C04__C04_SEED5_EP1__step118,1,0,4,51003,PLANNED_NOT_AUTHORIZED_NOT_EXECUTED
discovery,C04__C04_SEED5_EP1__step118,1,1,5,51000,PLANNED_NOT_AUTHORIZED_NOT_EXECUTED
discovery,C04__C04_SEED5_EP1__step118,1,1,5,51001,PLANNED_NOT_AUTHORIZED_NOT_EXECUTED
discovery,C04__C04_SEED5_EP1__step118,1,1,5,51002,PLANNED_NOT_AUTHORIZED_NOT_EXECUTED
discovery,C04__C04_SEED5_EP1__step118,1,1,5,51003,PLANNED_NOT_AUTHORIZED_NOT_EXECUTED
discovery,C04__C04_SEED5_EP1__step118,1,2,6,51000,PLANNED_NOT_AUTHORIZED_NOT_EXECUTED
discovery,C04__C04_SEED5_EP1__step118,1,2,6,51001,PLANNED_NOT_AUTHORIZED_NOT_EXECUTED
discovery,C04__C04_SEED5_EP1__step118,1,2,6,51002,PLANNED_NOT_AUTHORIZED_NOT_EXECUTED
discovery,C04__C04_SEED5_EP1__step118,1,2,6,51003,PLANNED_NOT_AUTHORIZED_NOT_EXECUTED
discovery,C04__C04_SEED5_EP1__step118,1,3,7,51000,PLANNED_NOT_AUTHORIZED_NOT_EXECUTED
discovery,C04__C04_SEED5_EP1__step118,1,3,7,51001,PLANNED_NOT_AUTHORIZED_NOT_EXECUTED
discovery,C04__C04_SEED5_EP1__step118,1,3,7,51002,PLANNED_NOT_AUTHORIZED_NOT_EXECUTED
discovery,C04__C04_SEED5_EP1__step118,1,3,7,51003,PLANNED_NOT_AUTHORIZED_NOT_EXECUTED
discovery,C04__C04_SEED5_EP1__step118,2,0,8,51000,PLANNED_NOT_AUTHORIZED_NOT_EXECUTED
discovery,C04__C04_SEED5_EP1__step118,2,0,8,51001,PLANNED_NOT_AUTHORIZED_NOT_EXECUTED
discovery,C04__C04_SEED5_EP1__step118,2,0,8,51002,PLANNED_NOT_AUTHORIZED_NOT_EXECUTED
discovery,C04__C04_SEED5_EP1__step118,2,0,8,51003,PLANNED_NOT_AUTHORIZED_NOT_EXECUTED
discovery,C04__C04_SEED5_EP1__step118,2,1,9,51000,PLANNED_NOT_AUTHORIZED_NOT_EXECUTED
discovery,C04__C04_SEED5_EP1__step118,2,1,9,51001,PLANNED_NOT_AUTHORIZED_NOT_EXECUTED
discovery,C04__C04_SEED5_EP1__step118,2,1,9,51002,PLANNED_NOT_AUTHORIZED_NOT_EXECUTED
discovery,C04__C04_SEED5_EP1__step118,2,1,9,51003,PLANNED_NOT_AUTHORIZED_NOT_EXECUTED
discovery,C04__C04_SEED5_EP1__step118,2,2,10,51000,PLANNED_NOT_AUTHORIZED_NOT_EXECUTED
discovery,C04__C04_SEED5_EP1__step118,2,2,10,51001,PLANNED_NOT_AUTHORIZED_NOT_EXECUTED
discovery,C04__C04_SEED5_EP1__step118,2,2,10,51002,PLANNED_NOT_AUTHORIZED_NOT_EXECUTED
discovery,C04__C04_SEED5_EP1__step118,2,2,10,51003,PLANNED_NOT_AUTHORIZED_NOT_EXECUTED
discovery,C04__C04_SEED5_EP1__step118,2,3,11,51000,PLANNED_NOT_AUTHORIZED_NOT_EXECUTED
discovery,C04__C04_SEED5_EP1__step118,2,3,11,51001,PLANNED_NOT_AUTHORIZED_NOT_EXECUTED
discovery,C04__C04_SEED5_EP1__step118,2,3,11,51002,PLANNED_NOT_AUTHORIZED_NOT_EXECUTED
discovery,C04__C04_SEED5_EP1__step118,2,3,11,51003,PLANNED_NOT_AUTHORIZED_NOT_EXECUTED
discovery,C04__C04_SEED5_EP1__step118,3,0,12,51000,PLANNED_NOT_AUTHORIZED_NOT_EXECUTED
discovery,C04__C04_SEED5_EP1__step118,3,0,12,51001,PLANNED_NOT_AUTHORIZED_NOT_EXECUTED
discovery,C04__C04_SEED5_EP1__step118,3,0,12,51002,PLANNED_NOT_AUTHORIZED_NOT_EXECUTED
discovery,C04__C04_SEED5_EP1__step118,3,0,12,51003,PLANNED_NOT_AUTHORIZED_NOT_EXECUTED
discovery,C04__C04_SEED5_EP1__step118,3,1,13,51000,PLANNED_NOT_AUTHORIZED_NOT_EXECUTED
discovery,C04__C04_SEED5_EP1__step118,3,1,13,51001,PLANNED_NOT_AUTHORIZED_NOT_EXECUTED
discovery,C04__C04_SEED5_EP1__step118,3,1,13,51002,PLANNED_NOT_AUTHORIZED_NOT_EXECUTED
discovery,C04__C04_SEED5_EP1__step118,3,1,13,51003,PLANNED_NOT_AUTHORIZED_NOT_EXECUTED
discovery,C04__C04_SEED5_EP1__step118,3,2,14,51000,PLANNED_NOT_AUTHORIZED_NOT_EXECUTED
discovery,C04__C04_SEED5_EP1__step118,3,2,14,51001,PLANNED_NOT_AUTHORIZED_NOT_EXECUTED
discovery,C04__C04_SEED5_EP1__step118,3,2,14,51002,PLANNED_NOT_AUTHORIZED_NOT_EXECUTED
discovery,C04__C04_SEED5_EP1__step118,3,2,14,51003,PLANNED_NOT_AUTHORIZED_NOT_EXECUTED
discovery,C04__C04_SEED5_EP1__step118,3,3,15,51000,PLANNED_NOT_AUTHORIZED_NOT_EXECUTED
discovery,C04__C04_SEED5_EP1__step118,3,3,15,51001,PLANNED_NOT_AUTHORIZED_NOT_EXECUTED
discovery,C04__C04_SEED5_EP1__step118,3,3,15,51002,PLANNED_NOT_AUTHORIZED_NOT_EXECUTED
discovery,C04__C04_SEED5_EP1__step118,3,3,15,51003,PLANNED_NOT_AUTHORIZED_NOT_EXECUTED
discovery,C06__C06_FROZEN_EP0__step0,0,0,0,51000,PLANNED_NOT_AUTHORIZED_NOT_EXECUTED
discovery,C06__C06_FROZEN_EP0__step0,0,0,0,51001,PLANNED_NOT_AUTHORIZED_NOT_EXECUTED
discovery,C06__C06_FROZEN_EP0__step0,0,0,0,51002,PLANNED_NOT_AUTHORIZED_NOT_EXECUTED
discovery,C06__C06_FROZEN_EP0__step0,0,0,0,51003,PLANNED_NOT_AUTHORIZED_NOT_EXECUTED
discovery,C06__C06_FROZEN_EP0__step0,0,1,1,51000,PLANNED_NOT_AUTHORIZED_NOT_EXECUTED
discovery,C06__C06_FROZEN_EP0__step0,0,1,1,51001,PLANNED_NOT_AUTHORIZED_NOT_EXECUTED
discovery,C06__C06_FROZEN_EP0__step0,0,1,1,51002,PLANNED_NOT_AUTHORIZED_NOT_EXECUTED
discovery,C06__C06_FROZEN_EP0__step0,0,1,1,51003,PLANNED_NOT_AUTHORIZED_NOT_EXECUTED
discovery,C06__C06_FROZEN_EP0__step0,0,2,2,51000,PLANNED_NOT_AUTHORIZED_NOT_EXECUTED
discovery,C06__C06_FROZEN_EP0__step0,0,2,2,51001,PLANNED_NOT_AUTHORIZED_NOT_EXECUTED
discovery,C06__C06_FROZEN_EP0__step0,0,2,2,51002,PLANNED_NOT_AUTHORIZED_NOT_EXECUTED
discovery,C06__C06_FROZEN_EP0__step0,0,2,2,51003,PLANNED_NOT_AUTHORIZED_NOT_EXECUTED
discovery,C06__C06_FROZEN_EP0__step0,0,3,3,51000,PLANNED_NOT_AUTHORIZED_NOT_EXECUTED
discovery,C06__C06_FROZEN_EP0__step0,0,3,3,51001,PLANNED_NOT_AUTHORIZED_NOT_EXECUTED
discovery,C06__C06_FROZEN_EP0__step0,0,3,3,51002,PLANNED_NOT_AUTHORIZED_NOT_EXECUTED
discovery,C06__C06_FROZEN_EP0__step0,0,3,3,51003,PLANNED_NOT_AUTHORIZED_NOT_EXECUTED
discovery,C06__C06_FROZEN_EP0__step0,1,0,4,51000,PLANNED_NOT_AUTHORIZED_NOT_EXECUTED
discovery,C06__C06_FROZEN_EP0__step0,1,0,4,51001,PLANNED_NOT_AUTHORIZED_NOT_EXECUTED
discovery,C06__C06_FROZEN_EP0__step0,1,0,4,51002,PLANNED_NOT_AUTHORIZED_NOT_EXECUTED
discovery,C06__C06_FROZEN_EP0__step0,1,0,4,51003,PLANNED_NOT_AUTHORIZED_NOT_EXECUTED
discovery,C06__C06_FROZEN_EP0__step0,1,1,5,51000,PLANNED_NOT_AUTHORIZED_NOT_EXECUTED
discovery,C06__C06_FROZEN_EP0__step0,1,1,5,51001,PLANNED_NOT_AUTHORIZED_NOT_EXECUTED
discovery,C06__C06_FROZEN_EP0__step0,1,1,5,51002,PLANNED_NOT_AUTHORIZED_NOT_EXECUTED
discovery,C06__C06_FROZEN_EP0__step0,1,1,5,51003,PLANNED_NOT_AUTHORIZED_NOT_EXECUTED
discovery,C06__C06_FROZEN_EP0__step0,1,2,6,51000,PLANNED_NOT_AUTHORIZED_NOT_EXECUTED
discovery,C06__C06_FROZEN_EP0__step0,1,2,6,51001,PLANNED_NOT_AUTHORIZED_NOT_EXECUTED
discovery,C06__C06_FROZEN_EP0__step0,1,2,6,51002,PLANNED_NOT_AUTHORIZED_NOT_EXECUTED
discovery,C06__C06_FROZEN_EP0__step0,1,2,6,51003,PLANNED_NOT_AUTHORIZED_NOT_EXECUTED
discovery,C06__C06_FROZEN_EP0__step0,1,3,7,51000,PLANNED_NOT_AUTHORIZED_NOT_EXECUTED
discovery,C06__C06_FROZEN_EP0__step0,1,3,7,51001,PLANNED_NOT_AUTHORIZED_NOT_EXECUTED
discovery,C06__C06_FROZEN_EP0__step0,1,3,7,51002,PLANNED_NOT_AUTHORIZED_NOT_EXECUTED
discovery,C06__C06_FROZEN_EP0__step0,1,3,7,51003,PLANNED_NOT_AUTHORIZED_NOT_EXECUTED
discovery,C06__C06_FROZEN_EP0__step0,2,0,8,51000,PLANNED_NOT_AUTHORIZED_NOT_EXECUTED
discovery,C06__C06_FROZEN_EP0__step0,2,0,8,51001,PLANNED_NOT_AUTHORIZED_NOT_EXECUTED
discovery,C06__C06_FROZEN_EP0__step0,2,0,8,51002,PLANNED_NOT_AUTHORIZED_NOT_EXECUTED
discovery,C06__C06_FROZEN_EP0__step0,2,0,8,51003,PLANNED_NOT_AUTHORIZED_NOT_EXECUTED
discovery,C06__C06_FROZEN_EP0__step0,2,1,9,51000,PLANNED_NOT_AUTHORIZED_NOT_EXECUTED
discovery,C06__C06_FROZEN_EP0__step0,2,1,9,51001,PLANNED_NOT_AUTHORIZED_NOT_EXECUTED
discovery,C06__C06_FROZEN_EP0__step0,2,1,9,51002,PLANNED_NOT_AUTHORIZED_NOT_EXECUTED
discovery,C06__C06_FROZEN_EP0__step0,2,1,9,51003,PLANNED_NOT_AUTHORIZED_NOT_EXECUTED
discovery,C06__C06_FROZEN_EP0__step0,2,2,10,51000,PLANNED_NOT_AUTHORIZED_NOT_EXECUTED
discovery,C06__C06_FROZEN_EP0__step0,2,2,10,51001,PLANNED_NOT_AUTHORIZED_NOT_EXECUTED
discovery,C06__C06_FROZEN_EP0__step0,2,2,10,51002,PLANNED_NOT_AUTHORIZED_NOT_EXECUTED
discovery,C06__C06_FROZEN_EP0__step0,2,2,10,51003,PLANNED_NOT_AUTHORIZED_NOT_EXECUTED
discovery,C06__C06_FROZEN_EP0__step0,2,3,11,51000,PLANNED_NOT_AUTHORIZED_NOT_EXECUTED
discovery,C06__C06_FROZEN_EP0__step0,2,3,11,51001,PLANNED_NOT_AUTHORIZED_NOT_EXECUTED
discovery,C06__C06_FROZEN_EP0__step0,2,3,11,51002,PLANNED_NOT_AUTHORIZED_NOT_EXECUTED
discovery,C06__C06_FROZEN_EP0__step0,2,3,11,51003,PLANNED_NOT_AUTHORIZED_NOT_EXECUTED
discovery,C06__C06_FROZEN_EP0__step0,3,0,12,51000,PLANNED_NOT_AUTHORIZED_NOT_EXECUTED
discovery,C06__C06_FROZEN_EP0__step0,3,0,12,51001,PLANNED_NOT_AUTHORIZED_NOT_EXECUTED
discovery,C06__C06_FROZEN_EP0__step0,3,0,12,51002,PLANNED_NOT_AUTHORIZED_NOT_EXECUTED
discovery,C06__C06_FROZEN_EP0__step0,3,0,12,51003,PLANNED_NOT_AUTHORIZED_NOT_EXECUTED
discovery,C06__C06_FROZEN_EP0__step0,3,1,13,51000,PLANNED_NOT_AUTHORIZED_NOT_EXECUTED
discovery,C06__C06_FROZEN_EP0__step0,3,1,13,51001,PLANNED_NOT_AUTHORIZED_NOT_EXECUTED
discovery,C06__C06_FROZEN_EP0__step0,3,1,13,51002,PLANNED_NOT_AUTHORIZED_NOT_EXECUTED
discovery,C06__C06_FROZEN_EP0__step0,3,1,13,51003,PLANNED_NOT_AUTHORIZED_NOT_EXECUTED
discovery,C06__C06_FROZEN_EP0__step0,3,2,14,51000,PLANNED_NOT_AUTHORIZED_NOT_EXECUTED
discovery,C06__C06_FROZEN_EP0__step0,3,2,14,51001,PLANNED_NOT_AUTHORIZED_NOT_EXECUTED
discovery,C06__C06_FROZEN_EP0__step0,3,2,14,51002,PLANNED_NOT_AUTHORIZED_NOT_EXECUTED
discovery,C06__C06_FROZEN_EP0__step0,3,2,14,51003,PLANNED_NOT_AUTHORIZED_NOT_EXECUTED
discovery,C06__C06_FROZEN_EP0__step0,3,3,15,51000,PLANNED_NOT_AUTHORIZED_NOT_EXECUTED
discovery,C06__C06_FROZEN_EP0__step0,3,3,15,51001,PLANNED_NOT_AUTHORIZED_NOT_EXECUTED
discovery,C06__C06_FROZEN_EP0__step0,3,3,15,51002,PLANNED_NOT_AUTHORIZED_NOT_EXECUTED
discovery,C06__C06_FROZEN_EP0__step0,3,3,15,51003,PLANNED_NOT_AUTHORIZED_NOT_EXECUTED
discovery,C06__C06_FROZEN_EP0__step116,0,0,0,51000,PLANNED_NOT_AUTHORIZED_NOT_EXECUTED
discovery,C06__C06_FROZEN_EP0__step116,0,0,0,51001,PLANNED_NOT_AUTHORIZED_NOT_EXECUTED
discovery,C06__C06_FROZEN_EP0__step116,0,0,0,51002,PLANNED_NOT_AUTHORIZED_NOT_EXECUTED
discovery,C06__C06_FROZEN_EP0__step116,0,0,0,51003,PLANNED_NOT_AUTHORIZED_NOT_EXECUTED
discovery,C06__C06_FROZEN_EP0__step116,0,1,1,51000,PLANNED_NOT_AUTHORIZED_NOT_EXECUTED
discovery,C06__C06_FROZEN_EP0__step116,0,1,1,51001,PLANNED_NOT_AUTHORIZED_NOT_EXECUTED
discovery,C06__C06_FROZEN_EP0__step116,0,1,1,51002,PLANNED_NOT_AUTHORIZED_NOT_EXECUTED
discovery,C06__C06_FROZEN_EP0__step116,0,1,1,51003,PLANNED_NOT_AUTHORIZED_NOT_EXECUTED
discovery,C06__C06_FROZEN_EP0__step116,0,2,2,51000,PLANNED_NOT_AUTHORIZED_NOT_EXECUTED
discovery,C06__C06_FROZEN_EP0__step116,0,2,2,51001,PLANNED_NOT_AUTHORIZED_NOT_EXECUTED
discovery,C06__C06_FROZEN_EP0__step116,0,2,2,51002,PLANNED_NOT_AUTHORIZED_NOT_EXECUTED
discovery,C06__C06_FROZEN_EP0__step116,0,2,2,51003,PLANNED_NOT_AUTHORIZED_NOT_EXECUTED
discovery,C06__C06_FROZEN_EP0__step116,0,3,3,51000,PLANNED_NOT_AUTHORIZED_NOT_EXECUTED
discovery,C06__C06_FROZEN_EP0__step116,0,3,3,51001,PLANNED_NOT_AUTHORIZED_NOT_EXECUTED
discovery,C06__C06_FROZEN_EP0__step116,0,3,3,51002,PLANNED_NOT_AUTHORIZED_NOT_EXECUTED
discovery,C06__C06_FROZEN_EP0__step116,0,3,3,51003,PLANNED_NOT_AUTHORIZED_NOT_EXECUTED
discovery,C06__C06_FROZEN_EP0__step116,1,0,4,51000,PLANNED_NOT_AUTHORIZED_NOT_EXECUTED
discovery,C06__C06_FROZEN_EP0__step116,1,0,4,51001,PLANNED_NOT_AUTHORIZED_NOT_EXECUTED
discovery,C06__C06_FROZEN_EP0__step116,1,0,4,51002,PLANNED_NOT_AUTHORIZED_NOT_EXECUTED
discovery,C06__C06_FROZEN_EP0__step116,1,0,4,51003,PLANNED_NOT_AUTHORIZED_NOT_EXECUTED
discovery,C06__C06_FROZEN_EP0__step116,1,1,5,51000,PLANNED_NOT_AUTHORIZED_NOT_EXECUTED
discovery,C06__C06_FROZEN_EP0__step116,1,1,5,51001,PLANNED_NOT_AUTHORIZED_NOT_EXECUTED
discovery,C06__C06_FROZEN_EP0__step116,1,1,5,51002,PLANNED_NOT_AUTHORIZED_NOT_EXECUTED
discovery,C06__C06_FROZEN_EP0__step116,1,1,5,51003,PLANNED_NOT_AUTHORIZED_NOT_EXECUTED
discovery,C06__C06_FROZEN_EP0__step116,1,2,6,51000,PLANNED_NOT_AUTHORIZED_NOT_EXECUTED
discovery,C06__C06_FROZEN_EP0__step116,1,2,6,51001,PLANNED_NOT_AUTHORIZED_NOT_EXECUTED
discovery,C06__C06_FROZEN_EP0__step116,1,2,6,51002,PLANNED_NOT_AUTHORIZED_NOT_EXECUTED
discovery,C06__C06_FROZEN_EP0__step116,1,2,6,51003,PLANNED_NOT_AUTHORIZED_NOT_EXECUTED
discovery,C06__C06_FROZEN_EP0__step116,1,3,7,51000,PLANNED_NOT_AUTHORIZED_NOT_EXECUTED
discovery,C06__C06_FROZEN_EP0__step116,1,3,7,51001,PLANNED_NOT_AUTHORIZED_NOT_EXECUTED
discovery,C06__C06_FROZEN_EP0__step116,1,3,7,51002,PLANNED_NOT_AUTHORIZED_NOT_EXECUTED
discovery,C06__C06_FROZEN_EP0__step116,1,3,7,51003,PLANNED_NOT_AUTHORIZED_NOT_EXECUTED
discovery,C06__C06_FROZEN_EP0__step116,2,0,8,51000,PLANNED_NOT_AUTHORIZED_NOT_EXECUTED
discovery,C06__C06_FROZEN_EP0__step116,2,0,8,51001,PLANNED_NOT_AUTHORIZED_NOT_EXECUTED
discovery,C06__C06_FROZEN_EP0__step116,2,0,8,51002,PLANNED_NOT_AUTHORIZED_NOT_EXECUTED
discovery,C06__C06_FROZEN_EP0__step116,2,0,8,51003,PLANNED_NOT_AUTHORIZED_NOT_EXECUTED
discovery,C06__C06_FROZEN_EP0__step116,2,1,9,51000,PLANNED_NOT_AUTHORIZED_NOT_EXECUTED
discovery,C06__C06_FROZEN_EP0__step116,2,1,9,51001,PLANNED_NOT_AUTHORIZED_NOT_EXECUTED
discovery,C06__C06_FROZEN_EP0__step116,2,1,9,51002,PLANNED_NOT_AUTHORIZED_NOT_EXECUTED
discovery,C06__C06_FROZEN_EP0__step116,2,1,9,51003,PLANNED_NOT_AUTHORIZED_NOT_EXECUTED
discovery,C06__C06_FROZEN_EP0__step116,2,2,10,51000,PLANNED_NOT_AUTHORIZED_NOT_EXECUTED
discovery,C06__C06_FROZEN_EP0__step116,2,2,10,51001,PLANNED_NOT_AUTHORIZED_NOT_EXECUTED
discovery,C06__C06_FROZEN_EP0__step116,2,2,10,51002,PLANNED_NOT_AUTHORIZED_NOT_EXECUTED
discovery,C06__C06_FROZEN_EP0__step116,2,2,10,51003,PLANNED_NOT_AUTHORIZED_NOT_EXECUTED
discovery,C06__C06_FROZEN_EP0__step116,2,3,11,51000,PLANNED_NOT_AUTHORIZED_NOT_EXECUTED
discovery,C06__C06_FROZEN_EP0__step116,2,3,11,51001,PLANNED_NOT_AUTHORIZED_NOT_EXECUTED
discovery,C06__C06_FROZEN_EP0__step116,2,3,11,51002,PLANNED_NOT_AUTHORIZED_NOT_EXECUTED
discovery,C06__C06_FROZEN_EP0__step116,2,3,11,51003,PLANNED_NOT_AUTHORIZED_NOT_EXECUTED
discovery,C06__C06_FROZEN_EP0__step116,3,0,12,51000,PLANNED_NOT_AUTHORIZED_NOT_EXECUTED
discovery,C06__C06_FROZEN_EP0__step116,3,0,12,51001,PLANNED_NOT_AUTHORIZED_NOT_EXECUTED
discovery,C06__C06_FROZEN_EP0__step116,3,0,12,51002,PLANNED_NOT_AUTHORIZED_NOT_EXECUTED
discovery,C06__C06_FROZEN_EP0__step116,3,0,12,51003,PLANNED_NOT_AUTHORIZED_NOT_EXECUTED
discovery,C06__C06_FROZEN_EP0__step116,3,1,13,51000,PLANNED_NOT_AUTHORIZED_NOT_EXECUTED
discovery,C06__C06_FROZEN_EP0__step116,3,1,13,51001,PLANNED_NOT_AUTHORIZED_NOT_EXECUTED
discovery,C06__C06_FROZEN_EP0__step116,3,1,13,51002,PLANNED_NOT_AUTHORIZED_NOT_EXECUTED
discovery,C06__C06_FROZEN_EP0__step116,3,1,13,51003,PLANNED_NOT_AUTHORIZED_NOT_EXECUTED
discovery,C06__C06_FROZEN_EP0__step116,3,2,14,51000,PLANNED_NOT_AUTHORIZED_NOT_EXECUTED
discovery,C06__C06_FROZEN_EP0__step116,3,2,14,51001,PLANNED_NOT_AUTHORIZED_NOT_EXECUTED
discovery,C06__C06_FROZEN_EP0__step116,3,2,14,51002,PLANNED_NOT_AUTHORIZED_NOT_EXECUTED
discovery,C06__C06_FROZEN_EP0__step116,3,2,14,51003,PLANNED_NOT_AUTHORIZED_NOT_EXECUTED
discovery,C06__C06_FROZEN_EP0__step116,3,3,15,51000,PLANNED_NOT_AUTHORIZED_NOT_EXECUTED
discovery,C06__C06_FROZEN_EP0__step116,3,3,15,51001,PLANNED_NOT_AUTHORIZED_NOT_EXECUTED
discovery,C06__C06_FROZEN_EP0__step116,3,3,15,51002,PLANNED_NOT_AUTHORIZED_NOT_EXECUTED
discovery,C06__C06_FROZEN_EP0__step116,3,3,15,51003,PLANNED_NOT_AUTHORIZED_NOT_EXECUTED
discovery,C06__C06_SEED1_EP1__step14,0,0,0,51000,PLANNED_NOT_AUTHORIZED_NOT_EXECUTED
discovery,C06__C06_SEED1_EP1__step14,0,0,0,51001,PLANNED_NOT_AUTHORIZED_NOT_EXECUTED
discovery,C06__C06_SEED1_EP1__step14,0,0,0,51002,PLANNED_NOT_AUTHORIZED_NOT_EXECUTED
discovery,C06__C06_SEED1_EP1__step14,0,0,0,51003,PLANNED_NOT_AUTHORIZED_NOT_EXECUTED
discovery,C06__C06_SEED1_EP1__step14,0,1,1,51000,PLANNED_NOT_AUTHORIZED_NOT_EXECUTED
discovery,C06__C06_SEED1_EP1__step14,0,1,1,51001,PLANNED_NOT_AUTHORIZED_NOT_EXECUTED
discovery,C06__C06_SEED1_EP1__step14,0,1,1,51002,PLANNED_NOT_AUTHORIZED_NOT_EXECUTED
discovery,C06__C06_SEED1_EP1__step14,0,1,1,51003,PLANNED_NOT_AUTHORIZED_NOT_EXECUTED
discovery,C06__C06_SEED1_EP1__step14,0,2,2,51000,PLANNED_NOT_AUTHORIZED_NOT_EXECUTED
discovery,C06__C06_SEED1_EP1__step14,0,2,2,51001,PLANNED_NOT_AUTHORIZED_NOT_EXECUTED
discovery,C06__C06_SEED1_EP1__step14,0,2,2,51002,PLANNED_NOT_AUTHORIZED_NOT_EXECUTED
discovery,C06__C06_SEED1_EP1__step14,0,2,2,51003,PLANNED_NOT_AUTHORIZED_NOT_EXECUTED
discovery,C06__C06_SEED1_EP1__step14,0,3,3,51000,PLANNED_NOT_AUTHORIZED_NOT_EXECUTED
discovery,C06__C06_SEED1_EP1__step14,0,3,3,51001,PLANNED_NOT_AUTHORIZED_NOT_EXECUTED
discovery,C06__C06_SEED1_EP1__step14,0,3,3,51002,PLANNED_NOT_AUTHORIZED_NOT_EXECUTED
discovery,C06__C06_SEED1_EP1__step14,0,3,3,51003,PLANNED_NOT_AUTHORIZED_NOT_EXECUTED
discovery,C06__C06_SEED1_EP1__step14,1,0,4,51000,PLANNED_NOT_AUTHORIZED_NOT_EXECUTED
discovery,C06__C06_SEED1_EP1__step14,1,0,4,51001,PLANNED_NOT_AUTHORIZED_NOT_EXECUTED
discovery,C06__C06_SEED1_EP1__step14,1,0,4,51002,PLANNED_NOT_AUTHORIZED_NOT_EXECUTED
discovery,C06__C06_SEED1_EP1__step14,1,0,4,51003,PLANNED_NOT_AUTHORIZED_NOT_EXECUTED
discovery,C06__C06_SEED1_EP1__step14,1,1,5,51000,PLANNED_NOT_AUTHORIZED_NOT_EXECUTED
discovery,C06__C06_SEED1_EP1__step14,1,1,5,51001,PLANNED_NOT_AUTHORIZED_NOT_EXECUTED
discovery,C06__C06_SEED1_EP1__step14,1,1,5,51002,PLANNED_NOT_AUTHORIZED_NOT_EXECUTED
discovery,C06__C06_SEED1_EP1__step14,1,1,5,51003,PLANNED_NOT_AUTHORIZED_NOT_EXECUTED
discovery,C06__C06_SEED1_EP1__step14,1,2,6,51000,PLANNED_NOT_AUTHORIZED_NOT_EXECUTED
discovery,C06__C06_SEED1_EP1__step14,1,2,6,51001,PLANNED_NOT_AUTHORIZED_NOT_EXECUTED
discovery,C06__C06_SEED1_EP1__step14,1,2,6,51002,PLANNED_NOT_AUTHORIZED_NOT_EXECUTED
discovery,C06__C06_SEED1_EP1__step14,1,2,6,51003,PLANNED_NOT_AUTHORIZED_NOT_EXECUTED
discovery,C06__C06_SEED1_EP1__step14,1,3,7,51000,PLANNED_NOT_AUTHORIZED_NOT_EXECUTED
discovery,C06__C06_SEED1_EP1__step14,1,3,7,51001,PLANNED_NOT_AUTHORIZED_NOT_EXECUTED
discovery,C06__C06_SEED1_EP1__step14,1,3,7,51002,PLANNED_NOT_AUTHORIZED_NOT_EXECUTED
discovery,C06__C06_SEED1_EP1__step14,1,3,7,51003,PLANNED_NOT_AUTHORIZED_NOT_EXECUTED
discovery,C06__C06_SEED1_EP1__step14,2,0,8,51000,PLANNED_NOT_AUTHORIZED_NOT_EXECUTED
discovery,C06__C06_SEED1_EP1__step14,2,0,8,51001,PLANNED_NOT_AUTHORIZED_NOT_EXECUTED
discovery,C06__C06_SEED1_EP1__step14,2,0,8,51002,PLANNED_NOT_AUTHORIZED_NOT_EXECUTED
discovery,C06__C06_SEED1_EP1__step14,2,0,8,51003,PLANNED_NOT_AUTHORIZED_NOT_EXECUTED
discovery,C06__C06_SEED1_EP1__step14,2,1,9,51000,PLANNED_NOT_AUTHORIZED_NOT_EXECUTED
discovery,C06__C06_SEED1_EP1__step14,2,1,9,51001,PLANNED_NOT_AUTHORIZED_NOT_EXECUTED
discovery,C06__C06_SEED1_EP1__step14,2,1,9,51002,PLANNED_NOT_AUTHORIZED_NOT_EXECUTED
discovery,C06__C06_SEED1_EP1__step14,2,1,9,51003,PLANNED_NOT_AUTHORIZED_NOT_EXECUTED
discovery,C06__C06_SEED1_EP1__step14,2,2,10,51000,PLANNED_NOT_AUTHORIZED_NOT_EXECUTED
discovery,C06__C06_SEED1_EP1__step14,2,2,10,51001,PLANNED_NOT_AUTHORIZED_NOT_EXECUTED
discovery,C06__C06_SEED1_EP1__step14,2,2,10,51002,PLANNED_NOT_AUTHORIZED_NOT_EXECUTED
discovery,C06__C06_SEED1_EP1__step14,2,2,10,51003,PLANNED_NOT_AUTHORIZED_NOT_EXECUTED
discovery,C06__C06_SEED1_EP1__step14,2,3,11,51000,PLANNED_NOT_AUTHORIZED_NOT_EXECUTED
discovery,C06__C06_SEED1_EP1__step14,2,3,11,51001,PLANNED_NOT_AUTHORIZED_NOT_EXECUTED
discovery,C06__C06_SEED1_EP1__step14,2,3,11,51002,PLANNED_NOT_AUTHORIZED_NOT_EXECUTED
discovery,C06__C06_SEED1_EP1__step14,2,3,11,51003,PLANNED_NOT_AUTHORIZED_NOT_EXECUTED
discovery,C06__C06_SEED1_EP1__step14,3,0,12,51000,PLANNED_NOT_AUTHORIZED_NOT_EXECUTED
discovery,C06__C06_SEED1_EP1__step14,3,0,12,51001,PLANNED_NOT_AUTHORIZED_NOT_EXECUTED
discovery,C06__C06_SEED1_EP1__step14,3,0,12,51002,PLANNED_NOT_AUTHORIZED_NOT_EXECUTED
discovery,C06__C06_SEED1_EP1__step14,3,0,12,51003,PLANNED_NOT_AUTHORIZED_NOT_EXECUTED
discovery,C06__C06_SEED1_EP1__step14,3,1,13,51000,PLANNED_NOT_AUTHORIZED_NOT_EXECUTED
discovery,C06__C06_SEED1_EP1__step14,3,1,13,51001,PLANNED_NOT_AUTHORIZED_NOT_EXECUTED
discovery,C06__C06_SEED1_EP1__step14,3,1,13,51002,PLANNED_NOT_AUTHORIZED_NOT_EXECUTED
discovery,C06__C06_SEED1_EP1__step14,3,1,13,51003,PLANNED_NOT_AUTHORIZED_NOT_EXECUTED
discovery,C06__C06_SEED1_EP1__step14,3,2,14,51000,PLANNED_NOT_AUTHORIZED_NOT_EXECUTED
discovery,C06__C06_SEED1_EP1__step14,3,2,14,51001,PLANNED_NOT_AUTHORIZED_NOT_EXECUTED
discovery,C06__C06_SEED1_EP1__step14,3,2,14,51002,PLANNED_NOT_AUTHORIZED_NOT_EXECUTED
discovery,C06__C06_SEED1_EP1__step14,3,2,14,51003,PLANNED_NOT_AUTHORIZED_NOT_EXECUTED
discovery,C06__C06_SEED1_EP1__step14,3,3,15,51000,PLANNED_NOT_AUTHORIZED_NOT_EXECUTED
discovery,C06__C06_SEED1_EP1__step14,3,3,15,51001,PLANNED_NOT_AUTHORIZED_NOT_EXECUTED
discovery,C06__C06_SEED1_EP1__step14,3,3,15,51002,PLANNED_NOT_AUTHORIZED_NOT_EXECUTED
discovery,C06__C06_SEED1_EP1__step14,3,3,15,51003,PLANNED_NOT_AUTHORIZED_NOT_EXECUTED
discovery,C06__C06_SEED1_EP1__step124,0,0,0,51000,PLANNED_NOT_AUTHORIZED_NOT_EXECUTED
discovery,C06__C06_SEED1_EP1__step124,0,0,0,51001,PLANNED_NOT_AUTHORIZED_NOT_EXECUTED
discovery,C06__C06_SEED1_EP1__step124,0,0,0,51002,PLANNED_NOT_AUTHORIZED_NOT_EXECUTED
discovery,C06__C06_SEED1_EP1__step124,0,0,0,51003,PLANNED_NOT_AUTHORIZED_NOT_EXECUTED
discovery,C06__C06_SEED1_EP1__step124,0,1,1,51000,PLANNED_NOT_AUTHORIZED_NOT_EXECUTED
discovery,C06__C06_SEED1_EP1__step124,0,1,1,51001,PLANNED_NOT_AUTHORIZED_NOT_EXECUTED
discovery,C06__C06_SEED1_EP1__step124,0,1,1,51002,PLANNED_NOT_AUTHORIZED_NOT_EXECUTED
discovery,C06__C06_SEED1_EP1__step124,0,1,1,51003,PLANNED_NOT_AUTHORIZED_NOT_EXECUTED
discovery,C06__C06_SEED1_EP1__step124,0,2,2,51000,PLANNED_NOT_AUTHORIZED_NOT_EXECUTED
discovery,C06__C06_SEED1_EP1__step124,0,2,2,51001,PLANNED_NOT_AUTHORIZED_NOT_EXECUTED
discovery,C06__C06_SEED1_EP1__step124,0,2,2,51002,PLANNED_NOT_AUTHORIZED_NOT_EXECUTED
discovery,C06__C06_SEED1_EP1__step124,0,2,2,51003,PLANNED_NOT_AUTHORIZED_NOT_EXECUTED
discovery,C06__C06_SEED1_EP1__step124,0,3,3,51000,PLANNED_NOT_AUTHORIZED_NOT_EXECUTED
discovery,C06__C06_SEED1_EP1__step124,0,3,3,51001,PLANNED_NOT_AUTHORIZED_NOT_EXECUTED
discovery,C06__C06_SEED1_EP1__step124,0,3,3,51002,PLANNED_NOT_AUTHORIZED_NOT_EXECUTED
discovery,C06__C06_SEED1_EP1__step124,0,3,3,51003,PLANNED_NOT_AUTHORIZED_NOT_EXECUTED
discovery,C06__C06_SEED1_EP1__step124,1,0,4,51000,PLANNED_NOT_AUTHORIZED_NOT_EXECUTED
discovery,C06__C06_SEED1_EP1__step124,1,0,4,51001,PLANNED_NOT_AUTHORIZED_NOT_EXECUTED
discovery,C06__C06_SEED1_EP1__step124,1,0,4,51002,PLANNED_NOT_AUTHORIZED_NOT_EXECUTED
discovery,C06__C06_SEED1_EP1__step124,1,0,4,51003,PLANNED_NOT_AUTHORIZED_NOT_EXECUTED
discovery,C06__C06_SEED1_EP1__step124,1,1,5,51000,PLANNED_NOT_AUTHORIZED_NOT_EXECUTED
discovery,C06__C06_SEED1_EP1__step124,1,1,5,51001,PLANNED_NOT_AUTHORIZED_NOT_EXECUTED
discovery,C06__C06_SEED1_EP1__step124,1,1,5,51002,PLANNED_NOT_AUTHORIZED_NOT_EXECUTED
discovery,C06__C06_SEED1_EP1__step124,1,1,5,51003,PLANNED_NOT_AUTHORIZED_NOT_EXECUTED
discovery,C06__C06_SEED1_EP1__step124,1,2,6,51000,PLANNED_NOT_AUTHORIZED_NOT_EXECUTED
discovery,C06__C06_SEED1_EP1__step124,1,2,6,51001,PLANNED_NOT_AUTHORIZED_NOT_EXECUTED
discovery,C06__C06_SEED1_EP1__step124,1,2,6,51002,PLANNED_NOT_AUTHORIZED_NOT_EXECUTED
discovery,C06__C06_SEED1_EP1__step124,1,2,6,51003,PLANNED_NOT_AUTHORIZED_NOT_EXECUTED
discovery,C06__C06_SEED1_EP1__step124,1,3,7,51000,PLANNED_NOT_AUTHORIZED_NOT_EXECUTED
discovery,C06__C06_SEED1_EP1__step124,1,3,7,51001,PLANNED_NOT_AUTHORIZED_NOT_EXECUTED
discovery,C06__C06_SEED1_EP1__step124,1,3,7,51002,PLANNED_NOT_AUTHORIZED_NOT_EXECUTED
discovery,C06__C06_SEED1_EP1__step124,1,3,7,51003,PLANNED_NOT_AUTHORIZED_NOT_EXECUTED
discovery,C06__C06_SEED1_EP1__step124,2,0,8,51000,PLANNED_NOT_AUTHORIZED_NOT_EXECUTED
discovery,C06__C06_SEED1_EP1__step124,2,0,8,51001,PLANNED_NOT_AUTHORIZED_NOT_EXECUTED
discovery,C06__C06_SEED1_EP1__step124,2,0,8,51002,PLANNED_NOT_AUTHORIZED_NOT_EXECUTED
discovery,C06__C06_SEED1_EP1__step124,2,0,8,51003,PLANNED_NOT_AUTHORIZED_NOT_EXECUTED
discovery,C06__C06_SEED1_EP1__step124,2,1,9,51000,PLANNED_NOT_AUTHORIZED_NOT_EXECUTED
discovery,C06__C06_SEED1_EP1__step124,2,1,9,51001,PLANNED_NOT_AUTHORIZED_NOT_EXECUTED
discovery,C06__C06_SEED1_EP1__step124,2,1,9,51002,PLANNED_NOT_AUTHORIZED_NOT_EXECUTED
discovery,C06__C06_SEED1_EP1__step124,2,1,9,51003,PLANNED_NOT_AUTHORIZED_NOT_EXECUTED
discovery,C06__C06_SEED1_EP1__step124,2,2,10,51000,PLANNED_NOT_AUTHORIZED_NOT_EXECUTED
discovery,C06__C06_SEED1_EP1__step124,2,2,10,51001,PLANNED_NOT_AUTHORIZED_NOT_EXECUTED
discovery,C06__C06_SEED1_EP1__step124,2,2,10,51002,PLANNED_NOT_AUTHORIZED_NOT_EXECUTED
discovery,C06__C06_SEED1_EP1__step124,2,2,10,51003,PLANNED_NOT_AUTHORIZED_NOT_EXECUTED
discovery,C06__C06_SEED1_EP1__step124,2,3,11,51000,PLANNED_NOT_AUTHORIZED_NOT_EXECUTED
discovery,C06__C06_SEED1_EP1__step124,2,3,11,51001,PLANNED_NOT_AUTHORIZED_NOT_EXECUTED
discovery,C06__C06_SEED1_EP1__step124,2,3,11,51002,PLANNED_NOT_AUTHORIZED_NOT_EXECUTED
discovery,C06__C06_SEED1_EP1__step124,2,3,11,51003,PLANNED_NOT_AUTHORIZED_NOT_EXECUTED
discovery,C06__C06_SEED1_EP1__step124,3,0,12,51000,PLANNED_NOT_AUTHORIZED_NOT_EXECUTED
discovery,C06__C06_SEED1_EP1__step124,3,0,12,51001,PLANNED_NOT_AUTHORIZED_NOT_EXECUTED
discovery,C06__C06_SEED1_EP1__step124,3,0,12,51002,PLANNED_NOT_AUTHORIZED_NOT_EXECUTED
discovery,C06__C06_SEED1_EP1__step124,3,0,12,51003,PLANNED_NOT_AUTHORIZED_NOT_EXECUTED
discovery,C06__C06_SEED1_EP1__step124,3,1,13,51000,PLANNED_NOT_AUTHORIZED_NOT_EXECUTED
discovery,C06__C06_SEED1_EP1__step124,3,1,13,51001,PLANNED_NOT_AUTHORIZED_NOT_EXECUTED
discovery,C06__C06_SEED1_EP1__step124,3,1,13,51002,PLANNED_NOT_AUTHORIZED_NOT_EXECUTED
discovery,C06__C06_SEED1_EP1__step124,3,1,13,51003,PLANNED_NOT_AUTHORIZED_NOT_EXECUTED
discovery,C06__C06_SEED1_EP1__step124,3,2,14,51000,PLANNED_NOT_AUTHORIZED_NOT_EXECUTED
discovery,C06__C06_SEED1_EP1__step124,3,2,14,51001,PLANNED_NOT_AUTHORIZED_NOT_EXECUTED
discovery,C06__C06_SEED1_EP1__step124,3,2,14,51002,PLANNED_NOT_AUTHORIZED_NOT_EXECUTED
discovery,C06__C06_SEED1_EP1__step124,3,2,14,51003,PLANNED_NOT_AUTHORIZED_NOT_EXECUTED
discovery,C06__C06_SEED1_EP1__step124,3,3,15,51000,PLANNED_NOT_AUTHORIZED_NOT_EXECUTED
discovery,C06__C06_SEED1_EP1__step124,3,3,15,51001,PLANNED_NOT_AUTHORIZED_NOT_EXECUTED
discovery,C06__C06_SEED1_EP1__step124,3,3,15,51002,PLANNED_NOT_AUTHORIZED_NOT_EXECUTED
discovery,C06__C06_SEED1_EP1__step124,3,3,15,51003,PLANNED_NOT_AUTHORIZED_NOT_EXECUTED
discovery,C11__C11_100M_SEED0_EP1__step0,0,0,0,51000,PLANNED_NOT_AUTHORIZED_NOT_EXECUTED
discovery,C11__C11_100M_SEED0_EP1__step0,0,0,0,51001,PLANNED_NOT_AUTHORIZED_NOT_EXECUTED
discovery,C11__C11_100M_SEED0_EP1__step0,0,0,0,51002,PLANNED_NOT_AUTHORIZED_NOT_EXECUTED
discovery,C11__C11_100M_SEED0_EP1__step0,0,0,0,51003,PLANNED_NOT_AUTHORIZED_NOT_EXECUTED
discovery,C11__C11_100M_SEED0_EP1__step0,0,1,1,51000,PLANNED_NOT_AUTHORIZED_NOT_EXECUTED
discovery,C11__C11_100M_SEED0_EP1__step0,0,1,1,51001,PLANNED_NOT_AUTHORIZED_NOT_EXECUTED
discovery,C11__C11_100M_SEED0_EP1__step0,0,1,1,51002,PLANNED_NOT_AUTHORIZED_NOT_EXECUTED
discovery,C11__C11_100M_SEED0_EP1__step0,0,1,1,51003,PLANNED_NOT_AUTHORIZED_NOT_EXECUTED
discovery,C11__C11_100M_SEED0_EP1__step0,0,2,2,51000,PLANNED_NOT_AUTHORIZED_NOT_EXECUTED
discovery,C11__C11_100M_SEED0_EP1__step0,0,2,2,51001,PLANNED_NOT_AUTHORIZED_NOT_EXECUTED
discovery,C11__C11_100M_SEED0_EP1__step0,0,2,2,51002,PLANNED_NOT_AUTHORIZED_NOT_EXECUTED
discovery,C11__C11_100M_SEED0_EP1__step0,0,2,2,51003,PLANNED_NOT_AUTHORIZED_NOT_EXECUTED
discovery,C11__C11_100M_SEED0_EP1__step0,0,3,3,51000,PLANNED_NOT_AUTHORIZED_NOT_EXECUTED
discovery,C11__C11_100M_SEED0_EP1__step0,0,3,3,51001,PLANNED_NOT_AUTHORIZED_NOT_EXECUTED
discovery,C11__C11_100M_SEED0_EP1__step0,0,3,3,51002,PLANNED_NOT_AUTHORIZED_NOT_EXECUTED
discovery,C11__C11_100M_SEED0_EP1__step0,0,3,3,51003,PLANNED_NOT_AUTHORIZED_NOT_EXECUTED
discovery,C11__C11_100M_SEED0_EP1__step0,1,0,4,51000,PLANNED_NOT_AUTHORIZED_NOT_EXECUTED
discovery,C11__C11_100M_SEED0_EP1__step0,1,0,4,51001,PLANNED_NOT_AUTHORIZED_NOT_EXECUTED
discovery,C11__C11_100M_SEED0_EP1__step0,1,0,4,51002,PLANNED_NOT_AUTHORIZED_NOT_EXECUTED
discovery,C11__C11_100M_SEED0_EP1__step0,1,0,4,51003,PLANNED_NOT_AUTHORIZED_NOT_EXECUTED
discovery,C11__C11_100M_SEED0_EP1__step0,1,1,5,51000,PLANNED_NOT_AUTHORIZED_NOT_EXECUTED
discovery,C11__C11_100M_SEED0_EP1__step0,1,1,5,51001,PLANNED_NOT_AUTHORIZED_NOT_EXECUTED
discovery,C11__C11_100M_SEED0_EP1__step0,1,1,5,51002,PLANNED_NOT_AUTHORIZED_NOT_EXECUTED
discovery,C11__C11_100M_SEED0_EP1__step0,1,1,5,51003,PLANNED_NOT_AUTHORIZED_NOT_EXECUTED
discovery,C11__C11_100M_SEED0_EP1__step0,1,2,6,51000,PLANNED_NOT_AUTHORIZED_NOT_EXECUTED
discovery,C11__C11_100M_SEED0_EP1__step0,1,2,6,51001,PLANNED_NOT_AUTHORIZED_NOT_EXECUTED
discovery,C11__C11_100M_SEED0_EP1__step0,1,2,6,51002,PLANNED_NOT_AUTHORIZED_NOT_EXECUTED
discovery,C11__C11_100M_SEED0_EP1__step0,1,2,6,51003,PLANNED_NOT_AUTHORIZED_NOT_EXECUTED
discovery,C11__C11_100M_SEED0_EP1__step0,1,3,7,51000,PLANNED_NOT_AUTHORIZED_NOT_EXECUTED
discovery,C11__C11_100M_SEED0_EP1__step0,1,3,7,51001,PLANNED_NOT_AUTHORIZED_NOT_EXECUTED
discovery,C11__C11_100M_SEED0_EP1__step0,1,3,7,51002,PLANNED_NOT_AUTHORIZED_NOT_EXECUTED
discovery,C11__C11_100M_SEED0_EP1__step0,1,3,7,51003,PLANNED_NOT_AUTHORIZED_NOT_EXECUTED
discovery,C11__C11_100M_SEED0_EP1__step0,2,0,8,51000,PLANNED_NOT_AUTHORIZED_NOT_EXECUTED
discovery,C11__C11_100M_SEED0_EP1__step0,2,0,8,51001,PLANNED_NOT_AUTHORIZED_NOT_EXECUTED
discovery,C11__C11_100M_SEED0_EP1__step0,2,0,8,51002,PLANNED_NOT_AUTHORIZED_NOT_EXECUTED
discovery,C11__C11_100M_SEED0_EP1__step0,2,0,8,51003,PLANNED_NOT_AUTHORIZED_NOT_EXECUTED
discovery,C11__C11_100M_SEED0_EP1__step0,2,1,9,51000,PLANNED_NOT_AUTHORIZED_NOT_EXECUTED
discovery,C11__C11_100M_SEED0_EP1__step0,2,1,9,51001,PLANNED_NOT_AUTHORIZED_NOT_EXECUTED
discovery,C11__C11_100M_SEED0_EP1__step0,2,1,9,51002,PLANNED_NOT_AUTHORIZED_NOT_EXECUTED
discovery,C11__C11_100M_SEED0_EP1__step0,2,1,9,51003,PLANNED_NOT_AUTHORIZED_NOT_EXECUTED
discovery,C11__C11_100M_SEED0_EP1__step0,2,2,10,51000,PLANNED_NOT_AUTHORIZED_NOT_EXECUTED
discovery,C11__C11_100M_SEED0_EP1__step0,2,2,10,51001,PLANNED_NOT_AUTHORIZED_NOT_EXECUTED
discovery,C11__C11_100M_SEED0_EP1__step0,2,2,10,51002,PLANNED_NOT_AUTHORIZED_NOT_EXECUTED
discovery,C11__C11_100M_SEED0_EP1__step0,2,2,10,51003,PLANNED_NOT_AUTHORIZED_NOT_EXECUTED
discovery,C11__C11_100M_SEED0_EP1__step0,2,3,11,51000,PLANNED_NOT_AUTHORIZED_NOT_EXECUTED
discovery,C11__C11_100M_SEED0_EP1__step0,2,3,11,51001,PLANNED_NOT_AUTHORIZED_NOT_EXECUTED
discovery,C11__C11_100M_SEED0_EP1__step0,2,3,11,51002,PLANNED_NOT_AUTHORIZED_NOT_EXECUTED
discovery,C11__C11_100M_SEED0_EP1__step0,2,3,11,51003,PLANNED_NOT_AUTHORIZED_NOT_EXECUTED
discovery,C11__C11_100M_SEED0_EP1__step0,3,0,12,51000,PLANNED_NOT_AUTHORIZED_NOT_EXECUTED
discovery,C11__C11_100M_SEED0_EP1__step0,3,0,12,51001,PLANNED_NOT_AUTHORIZED_NOT_EXECUTED
discovery,C11__C11_100M_SEED0_EP1__step0,3,0,12,51002,PLANNED_NOT_AUTHORIZED_NOT_EXECUTED
discovery,C11__C11_100M_SEED0_EP1__step0,3,0,12,51003,PLANNED_NOT_AUTHORIZED_NOT_EXECUTED
discovery,C11__C11_100M_SEED0_EP1__step0,3,1,13,51000,PLANNED_NOT_AUTHORIZED_NOT_EXECUTED
discovery,C11__C11_100M_SEED0_EP1__step0,3,1,13,51001,PLANNED_NOT_AUTHORIZED_NOT_EXECUTED
discovery,C11__C11_100M_SEED0_EP1__step0,3,1,13,51002,PLANNED_NOT_AUTHORIZED_NOT_EXECUTED
discovery,C11__C11_100M_SEED0_EP1__step0,3,1,13,51003,PLANNED_NOT_AUTHORIZED_NOT_EXECUTED
discovery,C11__C11_100M_SEED0_EP1__step0,3,2,14,51000,PLANNED_NOT_AUTHORIZED_NOT_EXECUTED
discovery,C11__C11_100M_SEED0_EP1__step0,3,2,14,51001,PLANNED_NOT_AUTHORIZED_NOT_EXECUTED
discovery,C11__C11_100M_SEED0_EP1__step0,3,2,14,51002,PLANNED_NOT_AUTHORIZED_NOT_EXECUTED
discovery,C11__C11_100M_SEED0_EP1__step0,3,2,14,51003,PLANNED_NOT_AUTHORIZED_NOT_EXECUTED
discovery,C11__C11_100M_SEED0_EP1__step0,3,3,15,51000,PLANNED_NOT_AUTHORIZED_NOT_EXECUTED
discovery,C11__C11_100M_SEED0_EP1__step0,3,3,15,51001,PLANNED_NOT_AUTHORIZED_NOT_EXECUTED
discovery,C11__C11_100M_SEED0_EP1__step0,3,3,15,51002,PLANNED_NOT_AUTHORIZED_NOT_EXECUTED
discovery,C11__C11_100M_SEED0_EP1__step0,3,3,15,51003,PLANNED_NOT_AUTHORIZED_NOT_EXECUTED
discovery,C11__C11_100M_SEED0_EP1__step831,0,0,0,51000,PLANNED_NOT_AUTHORIZED_NOT_EXECUTED
discovery,C11__C11_100M_SEED0_EP1__step831,0,0,0,51001,PLANNED_NOT_AUTHORIZED_NOT_EXECUTED
discovery,C11__C11_100M_SEED0_EP1__step831,0,0,0,51002,PLANNED_NOT_AUTHORIZED_NOT_EXECUTED
discovery,C11__C11_100M_SEED0_EP1__step831,0,0,0,51003,PLANNED_NOT_AUTHORIZED_NOT_EXECUTED
discovery,C11__C11_100M_SEED0_EP1__step831,0,1,1,51000,PLANNED_NOT_AUTHORIZED_NOT_EXECUTED
discovery,C11__C11_100M_SEED0_EP1__step831,0,1,1,51001,PLANNED_NOT_AUTHORIZED_NOT_EXECUTED
discovery,C11__C11_100M_SEED0_EP1__step831,0,1,1,51002,PLANNED_NOT_AUTHORIZED_NOT_EXECUTED
discovery,C11__C11_100M_SEED0_EP1__step831,0,1,1,51003,PLANNED_NOT_AUTHORIZED_NOT_EXECUTED
discovery,C11__C11_100M_SEED0_EP1__step831,0,2,2,51000,PLANNED_NOT_AUTHORIZED_NOT_EXECUTED
discovery,C11__C11_100M_SEED0_EP1__step831,0,2,2,51001,PLANNED_NOT_AUTHORIZED_NOT_EXECUTED
discovery,C11__C11_100M_SEED0_EP1__step831,0,2,2,51002,PLANNED_NOT_AUTHORIZED_NOT_EXECUTED
discovery,C11__C11_100M_SEED0_EP1__step831,0,2,2,51003,PLANNED_NOT_AUTHORIZED_NOT_EXECUTED
discovery,C11__C11_100M_SEED0_EP1__step831,0,3,3,51000,PLANNED_NOT_AUTHORIZED_NOT_EXECUTED
discovery,C11__C11_100M_SEED0_EP1__step831,0,3,3,51001,PLANNED_NOT_AUTHORIZED_NOT_EXECUTED
discovery,C11__C11_100M_SEED0_EP1__step831,0,3,3,51002,PLANNED_NOT_AUTHORIZED_NOT_EXECUTED
discovery,C11__C11_100M_SEED0_EP1__step831,0,3,3,51003,PLANNED_NOT_AUTHORIZED_NOT_EXECUTED
discovery,C11__C11_100M_SEED0_EP1__step831,1,0,4,51000,PLANNED_NOT_AUTHORIZED_NOT_EXECUTED
discovery,C11__C11_100M_SEED0_EP1__step831,1,0,4,51001,PLANNED_NOT_AUTHORIZED_NOT_EXECUTED
discovery,C11__C11_100M_SEED0_EP1__step831,1,0,4,51002,PLANNED_NOT_AUTHORIZED_NOT_EXECUTED
discovery,C11__C11_100M_SEED0_EP1__step831,1,0,4,51003,PLANNED_NOT_AUTHORIZED_NOT_EXECUTED
discovery,C11__C11_100M_SEED0_EP1__step831,1,1,5,51000,PLANNED_NOT_AUTHORIZED_NOT_EXECUTED
discovery,C11__C11_100M_SEED0_EP1__step831,1,1,5,51001,PLANNED_NOT_AUTHORIZED_NOT_EXECUTED
discovery,C11__C11_100M_SEED0_EP1__step831,1,1,5,51002,PLANNED_NOT_AUTHORIZED_NOT_EXECUTED
discovery,C11__C11_100M_SEED0_EP1__step831,1,1,5,51003,PLANNED_NOT_AUTHORIZED_NOT_EXECUTED
discovery,C11__C11_100M_SEED0_EP1__step831,1,2,6,51000,PLANNED_NOT_AUTHORIZED_NOT_EXECUTED
discovery,C11__C11_100M_SEED0_EP1__step831,1,2,6,51001,PLANNED_NOT_AUTHORIZED_NOT_EXECUTED
discovery,C11__C11_100M_SEED0_EP1__step831,1,2,6,51002,PLANNED_NOT_AUTHORIZED_NOT_EXECUTED
discovery,C11__C11_100M_SEED0_EP1__step831,1,2,6,51003,PLANNED_NOT_AUTHORIZED_NOT_EXECUTED
discovery,C11__C11_100M_SEED0_EP1__step831,1,3,7,51000,PLANNED_NOT_AUTHORIZED_NOT_EXECUTED
discovery,C11__C11_100M_SEED0_EP1__step831,1,3,7,51001,PLANNED_NOT_AUTHORIZED_NOT_EXECUTED
discovery,C11__C11_100M_SEED0_EP1__step831,1,3,7,51002,PLANNED_NOT_AUTHORIZED_NOT_EXECUTED
discovery,C11__C11_100M_SEED0_EP1__step831,1,3,7,51003,PLANNED_NOT_AUTHORIZED_NOT_EXECUTED
discovery,C11__C11_100M_SEED0_EP1__step831,2,0,8,51000,PLANNED_NOT_AUTHORIZED_NOT_EXECUTED
discovery,C11__C11_100M_SEED0_EP1__step831,2,0,8,51001,PLANNED_NOT_AUTHORIZED_NOT_EXECUTED
discovery,C11__C11_100M_SEED0_EP1__step831,2,0,8,51002,PLANNED_NOT_AUTHORIZED_NOT_EXECUTED
discovery,C11__C11_100M_SEED0_EP1__step831,2,0,8,51003,PLANNED_NOT_AUTHORIZED_NOT_EXECUTED
discovery,C11__C11_100M_SEED0_EP1__step831,2,1,9,51000,PLANNED_NOT_AUTHORIZED_NOT_EXECUTED
discovery,C11__C11_100M_SEED0_EP1__step831,2,1,9,51001,PLANNED_NOT_AUTHORIZED_NOT_EXECUTED
discovery,C11__C11_100M_SEED0_EP1__step831,2,1,9,51002,PLANNED_NOT_AUTHORIZED_NOT_EXECUTED
discovery,C11__C11_100M_SEED0_EP1__step831,2,1,9,51003,PLANNED_NOT_AUTHORIZED_NOT_EXECUTED
discovery,C11__C11_100M_SEED0_EP1__step831,2,2,10,51000,PLANNED_NOT_AUTHORIZED_NOT_EXECUTED
discovery,C11__C11_100M_SEED0_EP1__step831,2,2,10,51001,PLANNED_NOT_AUTHORIZED_NOT_EXECUTED
discovery,C11__C11_100M_SEED0_EP1__step831,2,2,10,51002,PLANNED_NOT_AUTHORIZED_NOT_EXECUTED
discovery,C11__C11_100M_SEED0_EP1__step831,2,2,10,51003,PLANNED_NOT_AUTHORIZED_NOT_EXECUTED
discovery,C11__C11_100M_SEED0_EP1__step831,2,3,11,51000,PLANNED_NOT_AUTHORIZED_NOT_EXECUTED
discovery,C11__C11_100M_SEED0_EP1__step831,2,3,11,51001,PLANNED_NOT_AUTHORIZED_NOT_EXECUTED
discovery,C11__C11_100M_SEED0_EP1__step831,2,3,11,51002,PLANNED_NOT_AUTHORIZED_NOT_EXECUTED
discovery,C11__C11_100M_SEED0_EP1__step831,2,3,11,51003,PLANNED_NOT_AUTHORIZED_NOT_EXECUTED
discovery,C11__C11_100M_SEED0_EP1__step831,3,0,12,51000,PLANNED_NOT_AUTHORIZED_NOT_EXECUTED
discovery,C11__C11_100M_SEED0_EP1__step831,3,0,12,51001,PLANNED_NOT_AUTHORIZED_NOT_EXECUTED
discovery,C11__C11_100M_SEED0_EP1__step831,3,0,12,51002,PLANNED_NOT_AUTHORIZED_NOT_EXECUTED
discovery,C11__C11_100M_SEED0_EP1__step831,3,0,12,51003,PLANNED_NOT_AUTHORIZED_NOT_EXECUTED
discovery,C11__C11_100M_SEED0_EP1__step831,3,1,13,51000,PLANNED_NOT_AUTHORIZED_NOT_EXECUTED
discovery,C11__C11_100M_SEED0_EP1__step831,3,1,13,51001,PLANNED_NOT_AUTHORIZED_NOT_EXECUTED
discovery,C11__C11_100M_SEED0_EP1__step831,3,1,13,51002,PLANNED_NOT_AUTHORIZED_NOT_EXECUTED
discovery,C11__C11_100M_SEED0_EP1__step831,3,1,13,51003,PLANNED_NOT_AUTHORIZED_NOT_EXECUTED
discovery,C11__C11_100M_SEED0_EP1__step831,3,2,14,51000,PLANNED_NOT_AUTHORIZED_NOT_EXECUTED
discovery,C11__C11_100M_SEED0_EP1__step831,3,2,14,51001,PLANNED_NOT_AUTHORIZED_NOT_EXECUTED
discovery,C11__C11_100M_SEED0_EP1__step831,3,2,14,51002,PLANNED_NOT_AUTHORIZED_NOT_EXECUTED
discovery,C11__C11_100M_SEED0_EP1__step831,3,2,14,51003,PLANNED_NOT_AUTHORIZED_NOT_EXECUTED
discovery,C11__C11_100M_SEED0_EP1__step831,3,3,15,51000,PLANNED_NOT_AUTHORIZED_NOT_EXECUTED
discovery,C11__C11_100M_SEED0_EP1__step831,3,3,15,51001,PLANNED_NOT_AUTHORIZED_NOT_EXECUTED
discovery,C11__C11_100M_SEED0_EP1__step831,3,3,15,51002,PLANNED_NOT_AUTHORIZED_NOT_EXECUTED
discovery,C11__C11_100M_SEED0_EP1__step831,3,3,15,51003,PLANNED_NOT_AUTHORIZED_NOT_EXECUTED
discovery,C11__C11_80M_SEED0_EP0__step0,0,0,0,51000,PLANNED_NOT_AUTHORIZED_NOT_EXECUTED
discovery,C11__C11_80M_SEED0_EP0__step0,0,0,0,51001,PLANNED_NOT_AUTHORIZED_NOT_EXECUTED
discovery,C11__C11_80M_SEED0_EP0__step0,0,0,0,51002,PLANNED_NOT_AUTHORIZED_NOT_EXECUTED
discovery,C11__C11_80M_SEED0_EP0__step0,0,0,0,51003,PLANNED_NOT_AUTHORIZED_NOT_EXECUTED
discovery,C11__C11_80M_SEED0_EP0__step0,0,1,1,51000,PLANNED_NOT_AUTHORIZED_NOT_EXECUTED
discovery,C11__C11_80M_SEED0_EP0__step0,0,1,1,51001,PLANNED_NOT_AUTHORIZED_NOT_EXECUTED
discovery,C11__C11_80M_SEED0_EP0__step0,0,1,1,51002,PLANNED_NOT_AUTHORIZED_NOT_EXECUTED
discovery,C11__C11_80M_SEED0_EP0__step0,0,1,1,51003,PLANNED_NOT_AUTHORIZED_NOT_EXECUTED
discovery,C11__C11_80M_SEED0_EP0__step0,0,2,2,51000,PLANNED_NOT_AUTHORIZED_NOT_EXECUTED
discovery,C11__C11_80M_SEED0_EP0__step0,0,2,2,51001,PLANNED_NOT_AUTHORIZED_NOT_EXECUTED
discovery,C11__C11_80M_SEED0_EP0__step0,0,2,2,51002,PLANNED_NOT_AUTHORIZED_NOT_EXECUTED
discovery,C11__C11_80M_SEED0_EP0__step0,0,2,2,51003,PLANNED_NOT_AUTHORIZED_NOT_EXECUTED
discovery,C11__C11_80M_SEED0_EP0__step0,0,3,3,51000,PLANNED_NOT_AUTHORIZED_NOT_EXECUTED
discovery,C11__C11_80M_SEED0_EP0__step0,0,3,3,51001,PLANNED_NOT_AUTHORIZED_NOT_EXECUTED
discovery,C11__C11_80M_SEED0_EP0__step0,0,3,3,51002,PLANNED_NOT_AUTHORIZED_NOT_EXECUTED
discovery,C11__C11_80M_SEED0_EP0__step0,0,3,3,51003,PLANNED_NOT_AUTHORIZED_NOT_EXECUTED
discovery,C11__C11_80M_SEED0_EP0__step0,1,0,4,51000,PLANNED_NOT_AUTHORIZED_NOT_EXECUTED
discovery,C11__C11_80M_SEED0_EP0__step0,1,0,4,51001,PLANNED_NOT_AUTHORIZED_NOT_EXECUTED
discovery,C11__C11_80M_SEED0_EP0__step0,1,0,4,51002,PLANNED_NOT_AUTHORIZED_NOT_EXECUTED
discovery,C11__C11_80M_SEED0_EP0__step0,1,0,4,51003,PLANNED_NOT_AUTHORIZED_NOT_EXECUTED
discovery,C11__C11_80M_SEED0_EP0__step0,1,1,5,51000,PLANNED_NOT_AUTHORIZED_NOT_EXECUTED
discovery,C11__C11_80M_SEED0_EP0__step0,1,1,5,51001,PLANNED_NOT_AUTHORIZED_NOT_EXECUTED
discovery,C11__C11_80M_SEED0_EP0__step0,1,1,5,51002,PLANNED_NOT_AUTHORIZED_NOT_EXECUTED
discovery,C11__C11_80M_SEED0_EP0__step0,1,1,5,51003,PLANNED_NOT_AUTHORIZED_NOT_EXECUTED
discovery,C11__C11_80M_SEED0_EP0__step0,1,2,6,51000,PLANNED_NOT_AUTHORIZED_NOT_EXECUTED
discovery,C11__C11_80M_SEED0_EP0__step0,1,2,6,51001,PLANNED_NOT_AUTHORIZED_NOT_EXECUTED
discovery,C11__C11_80M_SEED0_EP0__step0,1,2,6,51002,PLANNED_NOT_AUTHORIZED_NOT_EXECUTED
discovery,C11__C11_80M_SEED0_EP0__step0,1,2,6,51003,PLANNED_NOT_AUTHORIZED_NOT_EXECUTED
discovery,C11__C11_80M_SEED0_EP0__step0,1,3,7,51000,PLANNED_NOT_AUTHORIZED_NOT_EXECUTED
discovery,C11__C11_80M_SEED0_EP0__step0,1,3,7,51001,PLANNED_NOT_AUTHORIZED_NOT_EXECUTED
discovery,C11__C11_80M_SEED0_EP0__step0,1,3,7,51002,PLANNED_NOT_AUTHORIZED_NOT_EXECUTED
discovery,C11__C11_80M_SEED0_EP0__step0,1,3,7,51003,PLANNED_NOT_AUTHORIZED_NOT_EXECUTED
discovery,C11__C11_80M_SEED0_EP0__step0,2,0,8,51000,PLANNED_NOT_AUTHORIZED_NOT_EXECUTED
discovery,C11__C11_80M_SEED0_EP0__step0,2,0,8,51001,PLANNED_NOT_AUTHORIZED_NOT_EXECUTED
discovery,C11__C11_80M_SEED0_EP0__step0,2,0,8,51002,PLANNED_NOT_AUTHORIZED_NOT_EXECUTED
discovery,C11__C11_80M_SEED0_EP0__step0,2,0,8,51003,PLANNED_NOT_AUTHORIZED_NOT_EXECUTED
discovery,C11__C11_80M_SEED0_EP0__step0,2,1,9,51000,PLANNED_NOT_AUTHORIZED_NOT_EXECUTED
discovery,C11__C11_80M_SEED0_EP0__step0,2,1,9,51001,PLANNED_NOT_AUTHORIZED_NOT_EXECUTED
discovery,C11__C11_80M_SEED0_EP0__step0,2,1,9,51002,PLANNED_NOT_AUTHORIZED_NOT_EXECUTED
discovery,C11__C11_80M_SEED0_EP0__step0,2,1,9,51003,PLANNED_NOT_AUTHORIZED_NOT_EXECUTED
discovery,C11__C11_80M_SEED0_EP0__step0,2,2,10,51000,PLANNED_NOT_AUTHORIZED_NOT_EXECUTED
discovery,C11__C11_80M_SEED0_EP0__step0,2,2,10,51001,PLANNED_NOT_AUTHORIZED_NOT_EXECUTED
discovery,C11__C11_80M_SEED0_EP0__step0,2,2,10,51002,PLANNED_NOT_AUTHORIZED_NOT_EXECUTED
discovery,C11__C11_80M_SEED0_EP0__step0,2,2,10,51003,PLANNED_NOT_AUTHORIZED_NOT_EXECUTED
discovery,C11__C11_80M_SEED0_EP0__step0,2,3,11,51000,PLANNED_NOT_AUTHORIZED_NOT_EXECUTED
discovery,C11__C11_80M_SEED0_EP0__step0,2,3,11,51001,PLANNED_NOT_AUTHORIZED_NOT_EXECUTED
discovery,C11__C11_80M_SEED0_EP0__step0,2,3,11,51002,PLANNED_NOT_AUTHORIZED_NOT_EXECUTED
discovery,C11__C11_80M_SEED0_EP0__step0,2,3,11,51003,PLANNED_NOT_AUTHORIZED_NOT_EXECUTED
discovery,C11__C11_80M_SEED0_EP0__step0,3,0,12,51000,PLANNED_NOT_AUTHORIZED_NOT_EXECUTED
discovery,C11__C11_80M_SEED0_EP0__step0,3,0,12,51001,PLANNED_NOT_AUTHORIZED_NOT_EXECUTED
discovery,C11__C11_80M_SEED0_EP0__step0,3,0,12,51002,PLANNED_NOT_AUTHORIZED_NOT_EXECUTED
discovery,C11__C11_80M_SEED0_EP0__step0,3,0,12,51003,PLANNED_NOT_AUTHORIZED_NOT_EXECUTED
discovery,C11__C11_80M_SEED0_EP0__step0,3,1,13,51000,PLANNED_NOT_AUTHORIZED_NOT_EXECUTED
discovery,C11__C11_80M_SEED0_EP0__step0,3,1,13,51001,PLANNED_NOT_AUTHORIZED_NOT_EXECUTED
discovery,C11__C11_80M_SEED0_EP0__step0,3,1,13,51002,PLANNED_NOT_AUTHORIZED_NOT_EXECUTED
discovery,C11__C11_80M_SEED0_EP0__step0,3,1,13,51003,PLANNED_NOT_AUTHORIZED_NOT_EXECUTED
discovery,C11__C11_80M_SEED0_EP0__step0,3,2,14,51000,PLANNED_NOT_AUTHORIZED_NOT_EXECUTED
discovery,C11__C11_80M_SEED0_EP0__step0,3,2,14,51001,PLANNED_NOT_AUTHORIZED_NOT_EXECUTED
discovery,C11__C11_80M_SEED0_EP0__step0,3,2,14,51002,PLANNED_NOT_AUTHORIZED_NOT_EXECUTED
discovery,C11__C11_80M_SEED0_EP0__step0,3,2,14,51003,PLANNED_NOT_AUTHORIZED_NOT_EXECUTED
discovery,C11__C11_80M_SEED0_EP0__step0,3,3,15,51000,PLANNED_NOT_AUTHORIZED_NOT_EXECUTED
discovery,C11__C11_80M_SEED0_EP0__step0,3,3,15,51001,PLANNED_NOT_AUTHORIZED_NOT_EXECUTED
discovery,C11__C11_80M_SEED0_EP0__step0,3,3,15,51002,PLANNED_NOT_AUTHORIZED_NOT_EXECUTED
discovery,C11__C11_80M_SEED0_EP0__step0,3,3,15,51003,PLANNED_NOT_AUTHORIZED_NOT_EXECUTED
discovery,C11__C11_80M_SEED0_EP0__step703,0,0,0,51000,PLANNED_NOT_AUTHORIZED_NOT_EXECUTED
discovery,C11__C11_80M_SEED0_EP0__step703,0,0,0,51001,PLANNED_NOT_AUTHORIZED_NOT_EXECUTED
discovery,C11__C11_80M_SEED0_EP0__step703,0,0,0,51002,PLANNED_NOT_AUTHORIZED_NOT_EXECUTED
discovery,C11__C11_80M_SEED0_EP0__step703,0,0,0,51003,PLANNED_NOT_AUTHORIZED_NOT_EXECUTED
discovery,C11__C11_80M_SEED0_EP0__step703,0,1,1,51000,PLANNED_NOT_AUTHORIZED_NOT_EXECUTED
discovery,C11__C11_80M_SEED0_EP0__step703,0,1,1,51001,PLANNED_NOT_AUTHORIZED_NOT_EXECUTED
discovery,C11__C11_80M_SEED0_EP0__step703,0,1,1,51002,PLANNED_NOT_AUTHORIZED_NOT_EXECUTED
discovery,C11__C11_80M_SEED0_EP0__step703,0,1,1,51003,PLANNED_NOT_AUTHORIZED_NOT_EXECUTED
discovery,C11__C11_80M_SEED0_EP0__step703,0,2,2,51000,PLANNED_NOT_AUTHORIZED_NOT_EXECUTED
discovery,C11__C11_80M_SEED0_EP0__step703,0,2,2,51001,PLANNED_NOT_AUTHORIZED_NOT_EXECUTED
discovery,C11__C11_80M_SEED0_EP0__step703,0,2,2,51002,PLANNED_NOT_AUTHORIZED_NOT_EXECUTED
discovery,C11__C11_80M_SEED0_EP0__step703,0,2,2,51003,PLANNED_NOT_AUTHORIZED_NOT_EXECUTED
discovery,C11__C11_80M_SEED0_EP0__step703,0,3,3,51000,PLANNED_NOT_AUTHORIZED_NOT_EXECUTED
discovery,C11__C11_80M_SEED0_EP0__step703,0,3,3,51001,PLANNED_NOT_AUTHORIZED_NOT_EXECUTED
discovery,C11__C11_80M_SEED0_EP0__step703,0,3,3,51002,PLANNED_NOT_AUTHORIZED_NOT_EXECUTED
discovery,C11__C11_80M_SEED0_EP0__step703,0,3,3,51003,PLANNED_NOT_AUTHORIZED_NOT_EXECUTED
discovery,C11__C11_80M_SEED0_EP0__step703,1,0,4,51000,PLANNED_NOT_AUTHORIZED_NOT_EXECUTED
discovery,C11__C11_80M_SEED0_EP0__step703,1,0,4,51001,PLANNED_NOT_AUTHORIZED_NOT_EXECUTED
discovery,C11__C11_80M_SEED0_EP0__step703,1,0,4,51002,PLANNED_NOT_AUTHORIZED_NOT_EXECUTED
discovery,C11__C11_80M_SEED0_EP0__step703,1,0,4,51003,PLANNED_NOT_AUTHORIZED_NOT_EXECUTED
discovery,C11__C11_80M_SEED0_EP0__step703,1,1,5,51000,PLANNED_NOT_AUTHORIZED_NOT_EXECUTED
discovery,C11__C11_80M_SEED0_EP0__step703,1,1,5,51001,PLANNED_NOT_AUTHORIZED_NOT_EXECUTED
discovery,C11__C11_80M_SEED0_EP0__step703,1,1,5,51002,PLANNED_NOT_AUTHORIZED_NOT_EXECUTED
discovery,C11__C11_80M_SEED0_EP0__step703,1,1,5,51003,PLANNED_NOT_AUTHORIZED_NOT_EXECUTED
discovery,C11__C11_80M_SEED0_EP0__step703,1,2,6,51000,PLANNED_NOT_AUTHORIZED_NOT_EXECUTED
discovery,C11__C11_80M_SEED0_EP0__step703,1,2,6,51001,PLANNED_NOT_AUTHORIZED_NOT_EXECUTED
discovery,C11__C11_80M_SEED0_EP0__step703,1,2,6,51002,PLANNED_NOT_AUTHORIZED_NOT_EXECUTED
discovery,C11__C11_80M_SEED0_EP0__step703,1,2,6,51003,PLANNED_NOT_AUTHORIZED_NOT_EXECUTED
discovery,C11__C11_80M_SEED0_EP0__step703,1,3,7,51000,PLANNED_NOT_AUTHORIZED_NOT_EXECUTED
discovery,C11__C11_80M_SEED0_EP0__step703,1,3,7,51001,PLANNED_NOT_AUTHORIZED_NOT_EXECUTED
discovery,C11__C11_80M_SEED0_EP0__step703,1,3,7,51002,PLANNED_NOT_AUTHORIZED_NOT_EXECUTED
discovery,C11__C11_80M_SEED0_EP0__step703,1,3,7,51003,PLANNED_NOT_AUTHORIZED_NOT_EXECUTED
discovery,C11__C11_80M_SEED0_EP0__step703,2,0,8,51000,PLANNED_NOT_AUTHORIZED_NOT_EXECUTED
discovery,C11__C11_80M_SEED0_EP0__step703,2,0,8,51001,PLANNED_NOT_AUTHORIZED_NOT_EXECUTED
discovery,C11__C11_80M_SEED0_EP0__step703,2,0,8,51002,PLANNED_NOT_AUTHORIZED_NOT_EXECUTED
discovery,C11__C11_80M_SEED0_EP0__step703,2,0,8,51003,PLANNED_NOT_AUTHORIZED_NOT_EXECUTED
discovery,C11__C11_80M_SEED0_EP0__step703,2,1,9,51000,PLANNED_NOT_AUTHORIZED_NOT_EXECUTED
discovery,C11__C11_80M_SEED0_EP0__step703,2,1,9,51001,PLANNED_NOT_AUTHORIZED_NOT_EXECUTED
discovery,C11__C11_80M_SEED0_EP0__step703,2,1,9,51002,PLANNED_NOT_AUTHORIZED_NOT_EXECUTED
discovery,C11__C11_80M_SEED0_EP0__step703,2,1,9,51003,PLANNED_NOT_AUTHORIZED_NOT_EXECUTED
discovery,C11__C11_80M_SEED0_EP0__step703,2,2,10,51000,PLANNED_NOT_AUTHORIZED_NOT_EXECUTED
discovery,C11__C11_80M_SEED0_EP0__step703,2,2,10,51001,PLANNED_NOT_AUTHORIZED_NOT_EXECUTED
discovery,C11__C11_80M_SEED0_EP0__step703,2,2,10,51002,PLANNED_NOT_AUTHORIZED_NOT_EXECUTED
discovery,C11__C11_80M_SEED0_EP0__step703,2,2,10,51003,PLANNED_NOT_AUTHORIZED_NOT_EXECUTED
discovery,C11__C11_80M_SEED0_EP0__step703,2,3,11,51000,PLANNED_NOT_AUTHORIZED_NOT_EXECUTED
discovery,C11__C11_80M_SEED0_EP0__step703,2,3,11,51001,PLANNED_NOT_AUTHORIZED_NOT_EXECUTED
discovery,C11__C11_80M_SEED0_EP0__step703,2,3,11,51002,PLANNED_NOT_AUTHORIZED_NOT_EXECUTED
discovery,C11__C11_80M_SEED0_EP0__step703,2,3,11,51003,PLANNED_NOT_AUTHORIZED_NOT_EXECUTED
discovery,C11__C11_80M_SEED0_EP0__step703,3,0,12,51000,PLANNED_NOT_AUTHORIZED_NOT_EXECUTED
discovery,C11__C11_80M_SEED0_EP0__step703,3,0,12,51001,PLANNED_NOT_AUTHORIZED_NOT_EXECUTED
discovery,C11__C11_80M_SEED0_EP0__step703,3,0,12,51002,PLANNED_NOT_AUTHORIZED_NOT_EXECUTED
discovery,C11__C11_80M_SEED0_EP0__step703,3,0,12,51003,PLANNED_NOT_AUTHORIZED_NOT_EXECUTED
discovery,C11__C11_80M_SEED0_EP0__step703,3,1,13,51000,PLANNED_NOT_AUTHORIZED_NOT_EXECUTED
discovery,C11__C11_80M_SEED0_EP0__step703,3,1,13,51001,PLANNED_NOT_AUTHORIZED_NOT_EXECUTED
discovery,C11__C11_80M_SEED0_EP0__step703,3,1,13,51002,PLANNED_NOT_AUTHORIZED_NOT_EXECUTED
discovery,C11__C11_80M_SEED0_EP0__step703,3,1,13,51003,PLANNED_NOT_AUTHORIZED_NOT_EXECUTED
discovery,C11__C11_80M_SEED0_EP0__step703,3,2,14,51000,PLANNED_NOT_AUTHORIZED_NOT_EXECUTED
discovery,C11__C11_80M_SEED0_EP0__step703,3,2,14,51001,PLANNED_NOT_AUTHORIZED_NOT_EXECUTED
discovery,C11__C11_80M_SEED0_EP0__step703,3,2,14,51002,PLANNED_NOT_AUTHORIZED_NOT_EXECUTED
discovery,C11__C11_80M_SEED0_EP0__step703,3,2,14,51003,PLANNED_NOT_AUTHORIZED_NOT_EXECUTED
discovery,C11__C11_80M_SEED0_EP0__step703,3,3,15,51000,PLANNED_NOT_AUTHORIZED_NOT_EXECUTED
discovery,C11__C11_80M_SEED0_EP0__step703,3,3,15,51001,PLANNED_NOT_AUTHORIZED_NOT_EXECUTED
discovery,C11__C11_80M_SEED0_EP0__step703,3,3,15,51002,PLANNED_NOT_AUTHORIZED_NOT_EXECUTED
discovery,C11__C11_80M_SEED0_EP0__step703,3,3,15,51003,PLANNED_NOT_AUTHORIZED_NOT_EXECUTED
confirmation,C04__C04_FROZEN_EP0__step0,0,0,0,52000,PLANNED_NOT_AUTHORIZED_NOT_EXECUTED
confirmation,C04__C04_FROZEN_EP0__step0,0,0,0,52001,PLANNED_NOT_AUTHORIZED_NOT_EXECUTED
confirmation,C04__C04_FROZEN_EP0__step0,0,0,0,52002,PLANNED_NOT_AUTHORIZED_NOT_EXECUTED
confirmation,C04__C04_FROZEN_EP0__step0,0,0,0,52003,PLANNED_NOT_AUTHORIZED_NOT_EXECUTED
confirmation,C04__C04_FROZEN_EP0__step0,0,1,1,52000,PLANNED_NOT_AUTHORIZED_NOT_EXECUTED
confirmation,C04__C04_FROZEN_EP0__step0,0,1,1,52001,PLANNED_NOT_AUTHORIZED_NOT_EXECUTED
confirmation,C04__C04_FROZEN_EP0__step0,0,1,1,52002,PLANNED_NOT_AUTHORIZED_NOT_EXECUTED
confirmation,C04__C04_FROZEN_EP0__step0,0,1,1,52003,PLANNED_NOT_AUTHORIZED_NOT_EXECUTED
confirmation,C04__C04_FROZEN_EP0__step0,0,2,2,52000,PLANNED_NOT_AUTHORIZED_NOT_EXECUTED
confirmation,C04__C04_FROZEN_EP0__step0,0,2,2,52001,PLANNED_NOT_AUTHORIZED_NOT_EXECUTED
confirmation,C04__C04_FROZEN_EP0__step0,0,2,2,52002,PLANNED_NOT_AUTHORIZED_NOT_EXECUTED
confirmation,C04__C04_FROZEN_EP0__step0,0,2,2,52003,PLANNED_NOT_AUTHORIZED_NOT_EXECUTED
confirmation,C04__C04_FROZEN_EP0__step0,0,3,3,52000,PLANNED_NOT_AUTHORIZED_NOT_EXECUTED
confirmation,C04__C04_FROZEN_EP0__step0,0,3,3,52001,PLANNED_NOT_AUTHORIZED_NOT_EXECUTED
confirmation,C04__C04_FROZEN_EP0__step0,0,3,3,52002,PLANNED_NOT_AUTHORIZED_NOT_EXECUTED
confirmation,C04__C04_FROZEN_EP0__step0,0,3,3,52003,PLANNED_NOT_AUTHORIZED_NOT_EXECUTED
confirmation,C04__C04_FROZEN_EP0__step0,1,0,4,52000,PLANNED_NOT_AUTHORIZED_NOT_EXECUTED
confirmation,C04__C04_FROZEN_EP0__step0,1,0,4,52001,PLANNED_NOT_AUTHORIZED_NOT_EXECUTED
confirmation,C04__C04_FROZEN_EP0__step0,1,0,4,52002,PLANNED_NOT_AUTHORIZED_NOT_EXECUTED
confirmation,C04__C04_FROZEN_EP0__step0,1,0,4,52003,PLANNED_NOT_AUTHORIZED_NOT_EXECUTED
confirmation,C04__C04_FROZEN_EP0__step0,1,1,5,52000,PLANNED_NOT_AUTHORIZED_NOT_EXECUTED
confirmation,C04__C04_FROZEN_EP0__step0,1,1,5,52001,PLANNED_NOT_AUTHORIZED_NOT_EXECUTED
confirmation,C04__C04_FROZEN_EP0__step0,1,1,5,52002,PLANNED_NOT_AUTHORIZED_NOT_EXECUTED
confirmation,C04__C04_FROZEN_EP0__step0,1,1,5,52003,PLANNED_NOT_AUTHORIZED_NOT_EXECUTED
confirmation,C04__C04_FROZEN_EP0__step0,1,2,6,52000,PLANNED_NOT_AUTHORIZED_NOT_EXECUTED
confirmation,C04__C04_FROZEN_EP0__step0,1,2,6,52001,PLANNED_NOT_AUTHORIZED_NOT_EXECUTED
confirmation,C04__C04_FROZEN_EP0__step0,1,2,6,52002,PLANNED_NOT_AUTHORIZED_NOT_EXECUTED
confirmation,C04__C04_FROZEN_EP0__step0,1,2,6,52003,PLANNED_NOT_AUTHORIZED_NOT_EXECUTED
confirmation,C04__C04_FROZEN_EP0__step0,1,3,7,52000,PLANNED_NOT_AUTHORIZED_NOT_EXECUTED
confirmation,C04__C04_FROZEN_EP0__step0,1,3,7,52001,PLANNED_NOT_AUTHORIZED_NOT_EXECUTED
confirmation,C04__C04_FROZEN_EP0__step0,1,3,7,52002,PLANNED_NOT_AUTHORIZED_NOT_EXECUTED
confirmation,C04__C04_FROZEN_EP0__step0,1,3,7,52003,PLANNED_NOT_AUTHORIZED_NOT_EXECUTED
confirmation,C04__C04_FROZEN_EP0__step0,2,0,8,52000,PLANNED_NOT_AUTHORIZED_NOT_EXECUTED
confirmation,C04__C04_FROZEN_EP0__step0,2,0,8,52001,PLANNED_NOT_AUTHORIZED_NOT_EXECUTED
confirmation,C04__C04_FROZEN_EP0__step0,2,0,8,52002,PLANNED_NOT_AUTHORIZED_NOT_EXECUTED
confirmation,C04__C04_FROZEN_EP0__step0,2,0,8,52003,PLANNED_NOT_AUTHORIZED_NOT_EXECUTED
confirmation,C04__C04_FROZEN_EP0__step0,2,1,9,52000,PLANNED_NOT_AUTHORIZED_NOT_EXECUTED
confirmation,C04__C04_FROZEN_EP0__step0,2,1,9,52001,PLANNED_NOT_AUTHORIZED_NOT_EXECUTED
confirmation,C04__C04_FROZEN_EP0__step0,2,1,9,52002,PLANNED_NOT_AUTHORIZED_NOT_EXECUTED
confirmation,C04__C04_FROZEN_EP0__step0,2,1,9,52003,PLANNED_NOT_AUTHORIZED_NOT_EXECUTED
confirmation,C04__C04_FROZEN_EP0__step0,2,2,10,52000,PLANNED_NOT_AUTHORIZED_NOT_EXECUTED
confirmation,C04__C04_FROZEN_EP0__step0,2,2,10,52001,PLANNED_NOT_AUTHORIZED_NOT_EXECUTED
confirmation,C04__C04_FROZEN_EP0__step0,2,2,10,52002,PLANNED_NOT_AUTHORIZED_NOT_EXECUTED
confirmation,C04__C04_FROZEN_EP0__step0,2,2,10,52003,PLANNED_NOT_AUTHORIZED_NOT_EXECUTED
confirmation,C04__C04_FROZEN_EP0__step0,2,3,11,52000,PLANNED_NOT_AUTHORIZED_NOT_EXECUTED
confirmation,C04__C04_FROZEN_EP0__step0,2,3,11,52001,PLANNED_NOT_AUTHORIZED_NOT_EXECUTED
confirmation,C04__C04_FROZEN_EP0__step0,2,3,11,52002,PLANNED_NOT_AUTHORIZED_NOT_EXECUTED
confirmation,C04__C04_FROZEN_EP0__step0,2,3,11,52003,PLANNED_NOT_AUTHORIZED_NOT_EXECUTED
confirmation,C04__C04_FROZEN_EP0__step0,3,0,12,52000,PLANNED_NOT_AUTHORIZED_NOT_EXECUTED
confirmation,C04__C04_FROZEN_EP0__step0,3,0,12,52001,PLANNED_NOT_AUTHORIZED_NOT_EXECUTED
confirmation,C04__C04_FROZEN_EP0__step0,3,0,12,52002,PLANNED_NOT_AUTHORIZED_NOT_EXECUTED
confirmation,C04__C04_FROZEN_EP0__step0,3,0,12,52003,PLANNED_NOT_AUTHORIZED_NOT_EXECUTED
confirmation,C04__C04_FROZEN_EP0__step0,3,1,13,52000,PLANNED_NOT_AUTHORIZED_NOT_EXECUTED
confirmation,C04__C04_FROZEN_EP0__step0,3,1,13,52001,PLANNED_NOT_AUTHORIZED_NOT_EXECUTED
confirmation,C04__C04_FROZEN_EP0__step0,3,1,13,52002,PLANNED_NOT_AUTHORIZED_NOT_EXECUTED
confirmation,C04__C04_FROZEN_EP0__step0,3,1,13,52003,PLANNED_NOT_AUTHORIZED_NOT_EXECUTED
confirmation,C04__C04_FROZEN_EP0__step0,3,2,14,52000,PLANNED_NOT_AUTHORIZED_NOT_EXECUTED
confirmation,C04__C04_FROZEN_EP0__step0,3,2,14,52001,PLANNED_NOT_AUTHORIZED_NOT_EXECUTED
confirmation,C04__C04_FROZEN_EP0__step0,3,2,14,52002,PLANNED_NOT_AUTHORIZED_NOT_EXECUTED
confirmation,C04__C04_FROZEN_EP0__step0,3,2,14,52003,PLANNED_NOT_AUTHORIZED_NOT_EXECUTED
confirmation,C04__C04_FROZEN_EP0__step0,3,3,15,52000,PLANNED_NOT_AUTHORIZED_NOT_EXECUTED
confirmation,C04__C04_FROZEN_EP0__step0,3,3,15,52001,PLANNED_NOT_AUTHORIZED_NOT_EXECUTED
confirmation,C04__C04_FROZEN_EP0__step0,3,3,15,52002,PLANNED_NOT_AUTHORIZED_NOT_EXECUTED
confirmation,C04__C04_FROZEN_EP0__step0,3,3,15,52003,PLANNED_NOT_AUTHORIZED_NOT_EXECUTED
confirmation,C04__C04_FROZEN_EP0__step100,0,0,0,52000,PLANNED_NOT_AUTHORIZED_NOT_EXECUTED
confirmation,C04__C04_FROZEN_EP0__step100,0,0,0,52001,PLANNED_NOT_AUTHORIZED_NOT_EXECUTED
confirmation,C04__C04_FROZEN_EP0__step100,0,0,0,52002,PLANNED_NOT_AUTHORIZED_NOT_EXECUTED
confirmation,C04__C04_FROZEN_EP0__step100,0,0,0,52003,PLANNED_NOT_AUTHORIZED_NOT_EXECUTED
confirmation,C04__C04_FROZEN_EP0__step100,0,1,1,52000,PLANNED_NOT_AUTHORIZED_NOT_EXECUTED
confirmation,C04__C04_FROZEN_EP0__step100,0,1,1,52001,PLANNED_NOT_AUTHORIZED_NOT_EXECUTED
confirmation,C04__C04_FROZEN_EP0__step100,0,1,1,52002,PLANNED_NOT_AUTHORIZED_NOT_EXECUTED
confirmation,C04__C04_FROZEN_EP0__step100,0,1,1,52003,PLANNED_NOT_AUTHORIZED_NOT_EXECUTED
confirmation,C04__C04_FROZEN_EP0__step100,0,2,2,52000,PLANNED_NOT_AUTHORIZED_NOT_EXECUTED
confirmation,C04__C04_FROZEN_EP0__step100,0,2,2,52001,PLANNED_NOT_AUTHORIZED_NOT_EXECUTED
confirmation,C04__C04_FROZEN_EP0__step100,0,2,2,52002,PLANNED_NOT_AUTHORIZED_NOT_EXECUTED
confirmation,C04__C04_FROZEN_EP0__step100,0,2,2,52003,PLANNED_NOT_AUTHORIZED_NOT_EXECUTED
confirmation,C04__C04_FROZEN_EP0__step100,0,3,3,52000,PLANNED_NOT_AUTHORIZED_NOT_EXECUTED
confirmation,C04__C04_FROZEN_EP0__step100,0,3,3,52001,PLANNED_NOT_AUTHORIZED_NOT_EXECUTED
confirmation,C04__C04_FROZEN_EP0__step100,0,3,3,52002,PLANNED_NOT_AUTHORIZED_NOT_EXECUTED
confirmation,C04__C04_FROZEN_EP0__step100,0,3,3,52003,PLANNED_NOT_AUTHORIZED_NOT_EXECUTED
confirmation,C04__C04_FROZEN_EP0__step100,1,0,4,52000,PLANNED_NOT_AUTHORIZED_NOT_EXECUTED
confirmation,C04__C04_FROZEN_EP0__step100,1,0,4,52001,PLANNED_NOT_AUTHORIZED_NOT_EXECUTED
confirmation,C04__C04_FROZEN_EP0__step100,1,0,4,52002,PLANNED_NOT_AUTHORIZED_NOT_EXECUTED
confirmation,C04__C04_FROZEN_EP0__step100,1,0,4,52003,PLANNED_NOT_AUTHORIZED_NOT_EXECUTED
confirmation,C04__C04_FROZEN_EP0__step100,1,1,5,52000,PLANNED_NOT_AUTHORIZED_NOT_EXECUTED
confirmation,C04__C04_FROZEN_EP0__step100,1,1,5,52001,PLANNED_NOT_AUTHORIZED_NOT_EXECUTED
confirmation,C04__C04_FROZEN_EP0__step100,1,1,5,52002,PLANNED_NOT_AUTHORIZED_NOT_EXECUTED
confirmation,C04__C04_FROZEN_EP0__step100,1,1,5,52003,PLANNED_NOT_AUTHORIZED_NOT_EXECUTED
confirmation,C04__C04_FROZEN_EP0__step100,1,2,6,52000,PLANNED_NOT_AUTHORIZED_NOT_EXECUTED
confirmation,C04__C04_FROZEN_EP0__step100,1,2,6,52001,PLANNED_NOT_AUTHORIZED_NOT_EXECUTED
confirmation,C04__C04_FROZEN_EP0__step100,1,2,6,52002,PLANNED_NOT_AUTHORIZED_NOT_EXECUTED
confirmation,C04__C04_FROZEN_EP0__step100,1,2,6,52003,PLANNED_NOT_AUTHORIZED_NOT_EXECUTED
confirmation,C04__C04_FROZEN_EP0__step100,1,3,7,52000,PLANNED_NOT_AUTHORIZED_NOT_EXECUTED
confirmation,C04__C04_FROZEN_EP0__step100,1,3,7,52001,PLANNED_NOT_AUTHORIZED_NOT_EXECUTED
confirmation,C04__C04_FROZEN_EP0__step100,1,3,7,52002,PLANNED_NOT_AUTHORIZED_NOT_EXECUTED
confirmation,C04__C04_FROZEN_EP0__step100,1,3,7,52003,PLANNED_NOT_AUTHORIZED_NOT_EXECUTED
confirmation,C04__C04_FROZEN_EP0__step100,2,0,8,52000,PLANNED_NOT_AUTHORIZED_NOT_EXECUTED
confirmation,C04__C04_FROZEN_EP0__step100,2,0,8,52001,PLANNED_NOT_AUTHORIZED_NOT_EXECUTED
confirmation,C04__C04_FROZEN_EP0__step100,2,0,8,52002,PLANNED_NOT_AUTHORIZED_NOT_EXECUTED
confirmation,C04__C04_FROZEN_EP0__step100,2,0,8,52003,PLANNED_NOT_AUTHORIZED_NOT_EXECUTED
confirmation,C04__C04_FROZEN_EP0__step100,2,1,9,52000,PLANNED_NOT_AUTHORIZED_NOT_EXECUTED
confirmation,C04__C04_FROZEN_EP0__step100,2,1,9,52001,PLANNED_NOT_AUTHORIZED_NOT_EXECUTED
confirmation,C04__C04_FROZEN_EP0__step100,2,1,9,52002,PLANNED_NOT_AUTHORIZED_NOT_EXECUTED
confirmation,C04__C04_FROZEN_EP0__step100,2,1,9,52003,PLANNED_NOT_AUTHORIZED_NOT_EXECUTED
confirmation,C04__C04_FROZEN_EP0__step100,2,2,10,52000,PLANNED_NOT_AUTHORIZED_NOT_EXECUTED
confirmation,C04__C04_FROZEN_EP0__step100,2,2,10,52001,PLANNED_NOT_AUTHORIZED_NOT_EXECUTED
confirmation,C04__C04_FROZEN_EP0__step100,2,2,10,52002,PLANNED_NOT_AUTHORIZED_NOT_EXECUTED
confirmation,C04__C04_FROZEN_EP0__step100,2,2,10,52003,PLANNED_NOT_AUTHORIZED_NOT_EXECUTED
confirmation,C04__C04_FROZEN_EP0__step100,2,3,11,52000,PLANNED_NOT_AUTHORIZED_NOT_EXECUTED
confirmation,C04__C04_FROZEN_EP0__step100,2,3,11,52001,PLANNED_NOT_AUTHORIZED_NOT_EXECUTED
confirmation,C04__C04_FROZEN_EP0__step100,2,3,11,52002,PLANNED_NOT_AUTHORIZED_NOT_EXECUTED
confirmation,C04__C04_FROZEN_EP0__step100,2,3,11,52003,PLANNED_NOT_AUTHORIZED_NOT_EXECUTED
confirmation,C04__C04_FROZEN_EP0__step100,3,0,12,52000,PLANNED_NOT_AUTHORIZED_NOT_EXECUTED
confirmation,C04__C04_FROZEN_EP0__step100,3,0,12,52001,PLANNED_NOT_AUTHORIZED_NOT_EXECUTED
confirmation,C04__C04_FROZEN_EP0__step100,3,0,12,52002,PLANNED_NOT_AUTHORIZED_NOT_EXECUTED
confirmation,C04__C04_FROZEN_EP0__step100,3,0,12,52003,PLANNED_NOT_AUTHORIZED_NOT_EXECUTED
confirmation,C04__C04_FROZEN_EP0__step100,3,1,13,52000,PLANNED_NOT_AUTHORIZED_NOT_EXECUTED
confirmation,C04__C04_FROZEN_EP0__step100,3,1,13,52001,PLANNED_NOT_AUTHORIZED_NOT_EXECUTED
confirmation,C04__C04_FROZEN_EP0__step100,3,1,13,52002,PLANNED_NOT_AUTHORIZED_NOT_EXECUTED
confirmation,C04__C04_FROZEN_EP0__step100,3,1,13,52003,PLANNED_NOT_AUTHORIZED_NOT_EXECUTED
confirmation,C04__C04_FROZEN_EP0__step100,3,2,14,52000,PLANNED_NOT_AUTHORIZED_NOT_EXECUTED
confirmation,C04__C04_FROZEN_EP0__step100,3,2,14,52001,PLANNED_NOT_AUTHORIZED_NOT_EXECUTED
confirmation,C04__C04_FROZEN_EP0__step100,3,2,14,52002,PLANNED_NOT_AUTHORIZED_NOT_EXECUTED
confirmation,C04__C04_FROZEN_EP0__step100,3,2,14,52003,PLANNED_NOT_AUTHORIZED_NOT_EXECUTED
confirmation,C04__C04_FROZEN_EP0__step100,3,3,15,52000,PLANNED_NOT_AUTHORIZED_NOT_EXECUTED
confirmation,C04__C04_FROZEN_EP0__step100,3,3,15,52001,PLANNED_NOT_AUTHORIZED_NOT_EXECUTED
confirmation,C04__C04_FROZEN_EP0__step100,3,3,15,52002,PLANNED_NOT_AUTHORIZED_NOT_EXECUTED
confirmation,C04__C04_FROZEN_EP0__step100,3,3,15,52003,PLANNED_NOT_AUTHORIZED_NOT_EXECUTED
confirmation,C04__C04_SEED5_EP1__step13,0,0,0,52000,PLANNED_NOT_AUTHORIZED_NOT_EXECUTED
confirmation,C04__C04_SEED5_EP1__step13,0,0,0,52001,PLANNED_NOT_AUTHORIZED_NOT_EXECUTED
confirmation,C04__C04_SEED5_EP1__step13,0,0,0,52002,PLANNED_NOT_AUTHORIZED_NOT_EXECUTED
confirmation,C04__C04_SEED5_EP1__step13,0,0,0,52003,PLANNED_NOT_AUTHORIZED_NOT_EXECUTED
confirmation,C04__C04_SEED5_EP1__step13,0,1,1,52000,PLANNED_NOT_AUTHORIZED_NOT_EXECUTED
confirmation,C04__C04_SEED5_EP1__step13,0,1,1,52001,PLANNED_NOT_AUTHORIZED_NOT_EXECUTED
confirmation,C04__C04_SEED5_EP1__step13,0,1,1,52002,PLANNED_NOT_AUTHORIZED_NOT_EXECUTED
confirmation,C04__C04_SEED5_EP1__step13,0,1,1,52003,PLANNED_NOT_AUTHORIZED_NOT_EXECUTED
confirmation,C04__C04_SEED5_EP1__step13,0,2,2,52000,PLANNED_NOT_AUTHORIZED_NOT_EXECUTED
confirmation,C04__C04_SEED5_EP1__step13,0,2,2,52001,PLANNED_NOT_AUTHORIZED_NOT_EXECUTED
confirmation,C04__C04_SEED5_EP1__step13,0,2,2,52002,PLANNED_NOT_AUTHORIZED_NOT_EXECUTED
confirmation,C04__C04_SEED5_EP1__step13,0,2,2,52003,PLANNED_NOT_AUTHORIZED_NOT_EXECUTED
confirmation,C04__C04_SEED5_EP1__step13,0,3,3,52000,PLANNED_NOT_AUTHORIZED_NOT_EXECUTED
confirmation,C04__C04_SEED5_EP1__step13,0,3,3,52001,PLANNED_NOT_AUTHORIZED_NOT_EXECUTED
confirmation,C04__C04_SEED5_EP1__step13,0,3,3,52002,PLANNED_NOT_AUTHORIZED_NOT_EXECUTED
confirmation,C04__C04_SEED5_EP1__step13,0,3,3,52003,PLANNED_NOT_AUTHORIZED_NOT_EXECUTED
confirmation,C04__C04_SEED5_EP1__step13,1,0,4,52000,PLANNED_NOT_AUTHORIZED_NOT_EXECUTED
confirmation,C04__C04_SEED5_EP1__step13,1,0,4,52001,PLANNED_NOT_AUTHORIZED_NOT_EXECUTED
confirmation,C04__C04_SEED5_EP1__step13,1,0,4,52002,PLANNED_NOT_AUTHORIZED_NOT_EXECUTED
confirmation,C04__C04_SEED5_EP1__step13,1,0,4,52003,PLANNED_NOT_AUTHORIZED_NOT_EXECUTED
confirmation,C04__C04_SEED5_EP1__step13,1,1,5,52000,PLANNED_NOT_AUTHORIZED_NOT_EXECUTED
confirmation,C04__C04_SEED5_EP1__step13,1,1,5,52001,PLANNED_NOT_AUTHORIZED_NOT_EXECUTED
confirmation,C04__C04_SEED5_EP1__step13,1,1,5,52002,PLANNED_NOT_AUTHORIZED_NOT_EXECUTED
confirmation,C04__C04_SEED5_EP1__step13,1,1,5,52003,PLANNED_NOT_AUTHORIZED_NOT_EXECUTED
confirmation,C04__C04_SEED5_EP1__step13,1,2,6,52000,PLANNED_NOT_AUTHORIZED_NOT_EXECUTED
confirmation,C04__C04_SEED5_EP1__step13,1,2,6,52001,PLANNED_NOT_AUTHORIZED_NOT_EXECUTED
confirmation,C04__C04_SEED5_EP1__step13,1,2,6,52002,PLANNED_NOT_AUTHORIZED_NOT_EXECUTED
confirmation,C04__C04_SEED5_EP1__step13,1,2,6,52003,PLANNED_NOT_AUTHORIZED_NOT_EXECUTED
confirmation,C04__C04_SEED5_EP1__step13,1,3,7,52000,PLANNED_NOT_AUTHORIZED_NOT_EXECUTED
confirmation,C04__C04_SEED5_EP1__step13,1,3,7,52001,PLANNED_NOT_AUTHORIZED_NOT_EXECUTED
confirmation,C04__C04_SEED5_EP1__step13,1,3,7,52002,PLANNED_NOT_AUTHORIZED_NOT_EXECUTED
confirmation,C04__C04_SEED5_EP1__step13,1,3,7,52003,PLANNED_NOT_AUTHORIZED_NOT_EXECUTED
confirmation,C04__C04_SEED5_EP1__step13,2,0,8,52000,PLANNED_NOT_AUTHORIZED_NOT_EXECUTED
confirmation,C04__C04_SEED5_EP1__step13,2,0,8,52001,PLANNED_NOT_AUTHORIZED_NOT_EXECUTED
confirmation,C04__C04_SEED5_EP1__step13,2,0,8,52002,PLANNED_NOT_AUTHORIZED_NOT_EXECUTED
confirmation,C04__C04_SEED5_EP1__step13,2,0,8,52003,PLANNED_NOT_AUTHORIZED_NOT_EXECUTED
confirmation,C04__C04_SEED5_EP1__step13,2,1,9,52000,PLANNED_NOT_AUTHORIZED_NOT_EXECUTED
confirmation,C04__C04_SEED5_EP1__step13,2,1,9,52001,PLANNED_NOT_AUTHORIZED_NOT_EXECUTED
confirmation,C04__C04_SEED5_EP1__step13,2,1,9,52002,PLANNED_NOT_AUTHORIZED_NOT_EXECUTED
confirmation,C04__C04_SEED5_EP1__step13,2,1,9,52003,PLANNED_NOT_AUTHORIZED_NOT_EXECUTED
confirmation,C04__C04_SEED5_EP1__step13,2,2,10,52000,PLANNED_NOT_AUTHORIZED_NOT_EXECUTED
confirmation,C04__C04_SEED5_EP1__step13,2,2,10,52001,PLANNED_NOT_AUTHORIZED_NOT_EXECUTED
confirmation,C04__C04_SEED5_EP1__step13,2,2,10,52002,PLANNED_NOT_AUTHORIZED_NOT_EXECUTED
confirmation,C04__C04_SEED5_EP1__step13,2,2,10,52003,PLANNED_NOT_AUTHORIZED_NOT_EXECUTED
confirmation,C04__C04_SEED5_EP1__step13,2,3,11,52000,PLANNED_NOT_AUTHORIZED_NOT_EXECUTED
confirmation,C04__C04_SEED5_EP1__step13,2,3,11,52001,PLANNED_NOT_AUTHORIZED_NOT_EXECUTED
confirmation,C04__C04_SEED5_EP1__step13,2,3,11,52002,PLANNED_NOT_AUTHORIZED_NOT_EXECUTED
confirmation,C04__C04_SEED5_EP1__step13,2,3,11,52003,PLANNED_NOT_AUTHORIZED_NOT_EXECUTED
confirmation,C04__C04_SEED5_EP1__step13,3,0,12,52000,PLANNED_NOT_AUTHORIZED_NOT_EXECUTED
confirmation,C04__C04_SEED5_EP1__step13,3,0,12,52001,PLANNED_NOT_AUTHORIZED_NOT_EXECUTED
confirmation,C04__C04_SEED5_EP1__step13,3,0,12,52002,PLANNED_NOT_AUTHORIZED_NOT_EXECUTED
confirmation,C04__C04_SEED5_EP1__step13,3,0,12,52003,PLANNED_NOT_AUTHORIZED_NOT_EXECUTED
confirmation,C04__C04_SEED5_EP1__step13,3,1,13,52000,PLANNED_NOT_AUTHORIZED_NOT_EXECUTED
confirmation,C04__C04_SEED5_EP1__step13,3,1,13,52001,PLANNED_NOT_AUTHORIZED_NOT_EXECUTED
confirmation,C04__C04_SEED5_EP1__step13,3,1,13,52002,PLANNED_NOT_AUTHORIZED_NOT_EXECUTED
confirmation,C04__C04_SEED5_EP1__step13,3,1,13,52003,PLANNED_NOT_AUTHORIZED_NOT_EXECUTED
confirmation,C04__C04_SEED5_EP1__step13,3,2,14,52000,PLANNED_NOT_AUTHORIZED_NOT_EXECUTED
confirmation,C04__C04_SEED5_EP1__step13,3,2,14,52001,PLANNED_NOT_AUTHORIZED_NOT_EXECUTED
confirmation,C04__C04_SEED5_EP1__step13,3,2,14,52002,PLANNED_NOT_AUTHORIZED_NOT_EXECUTED
confirmation,C04__C04_SEED5_EP1__step13,3,2,14,52003,PLANNED_NOT_AUTHORIZED_NOT_EXECUTED
confirmation,C04__C04_SEED5_EP1__step13,3,3,15,52000,PLANNED_NOT_AUTHORIZED_NOT_EXECUTED
confirmation,C04__C04_SEED5_EP1__step13,3,3,15,52001,PLANNED_NOT_AUTHORIZED_NOT_EXECUTED
confirmation,C04__C04_SEED5_EP1__step13,3,3,15,52002,PLANNED_NOT_AUTHORIZED_NOT_EXECUTED
confirmation,C04__C04_SEED5_EP1__step13,3,3,15,52003,PLANNED_NOT_AUTHORIZED_NOT_EXECUTED
confirmation,C04__C04_SEED5_EP1__step118,0,0,0,52000,PLANNED_NOT_AUTHORIZED_NOT_EXECUTED
confirmation,C04__C04_SEED5_EP1__step118,0,0,0,52001,PLANNED_NOT_AUTHORIZED_NOT_EXECUTED
confirmation,C04__C04_SEED5_EP1__step118,0,0,0,52002,PLANNED_NOT_AUTHORIZED_NOT_EXECUTED
confirmation,C04__C04_SEED5_EP1__step118,0,0,0,52003,PLANNED_NOT_AUTHORIZED_NOT_EXECUTED
confirmation,C04__C04_SEED5_EP1__step118,0,1,1,52000,PLANNED_NOT_AUTHORIZED_NOT_EXECUTED
confirmation,C04__C04_SEED5_EP1__step118,0,1,1,52001,PLANNED_NOT_AUTHORIZED_NOT_EXECUTED
confirmation,C04__C04_SEED5_EP1__step118,0,1,1,52002,PLANNED_NOT_AUTHORIZED_NOT_EXECUTED
confirmation,C04__C04_SEED5_EP1__step118,0,1,1,52003,PLANNED_NOT_AUTHORIZED_NOT_EXECUTED
confirmation,C04__C04_SEED5_EP1__step118,0,2,2,52000,PLANNED_NOT_AUTHORIZED_NOT_EXECUTED
confirmation,C04__C04_SEED5_EP1__step118,0,2,2,52001,PLANNED_NOT_AUTHORIZED_NOT_EXECUTED
confirmation,C04__C04_SEED5_EP1__step118,0,2,2,52002,PLANNED_NOT_AUTHORIZED_NOT_EXECUTED
confirmation,C04__C04_SEED5_EP1__step118,0,2,2,52003,PLANNED_NOT_AUTHORIZED_NOT_EXECUTED
confirmation,C04__C04_SEED5_EP1__step118,0,3,3,52000,PLANNED_NOT_AUTHORIZED_NOT_EXECUTED
confirmation,C04__C04_SEED5_EP1__step118,0,3,3,52001,PLANNED_NOT_AUTHORIZED_NOT_EXECUTED
confirmation,C04__C04_SEED5_EP1__step118,0,3,3,52002,PLANNED_NOT_AUTHORIZED_NOT_EXECUTED
confirmation,C04__C04_SEED5_EP1__step118,0,3,3,52003,PLANNED_NOT_AUTHORIZED_NOT_EXECUTED
confirmation,C04__C04_SEED5_EP1__step118,1,0,4,52000,PLANNED_NOT_AUTHORIZED_NOT_EXECUTED
confirmation,C04__C04_SEED5_EP1__step118,1,0,4,52001,PLANNED_NOT_AUTHORIZED_NOT_EXECUTED
confirmation,C04__C04_SEED5_EP1__step118,1,0,4,52002,PLANNED_NOT_AUTHORIZED_NOT_EXECUTED
confirmation,C04__C04_SEED5_EP1__step118,1,0,4,52003,PLANNED_NOT_AUTHORIZED_NOT_EXECUTED
confirmation,C04__C04_SEED5_EP1__step118,1,1,5,52000,PLANNED_NOT_AUTHORIZED_NOT_EXECUTED
confirmation,C04__C04_SEED5_EP1__step118,1,1,5,52001,PLANNED_NOT_AUTHORIZED_NOT_EXECUTED
confirmation,C04__C04_SEED5_EP1__step118,1,1,5,52002,PLANNED_NOT_AUTHORIZED_NOT_EXECUTED
confirmation,C04__C04_SEED5_EP1__step118,1,1,5,52003,PLANNED_NOT_AUTHORIZED_NOT_EXECUTED
confirmation,C04__C04_SEED5_EP1__step118,1,2,6,52000,PLANNED_NOT_AUTHORIZED_NOT_EXECUTED
confirmation,C04__C04_SEED5_EP1__step118,1,2,6,52001,PLANNED_NOT_AUTHORIZED_NOT_EXECUTED
confirmation,C04__C04_SEED5_EP1__step118,1,2,6,52002,PLANNED_NOT_AUTHORIZED_NOT_EXECUTED
confirmation,C04__C04_SEED5_EP1__step118,1,2,6,52003,PLANNED_NOT_AUTHORIZED_NOT_EXECUTED
confirmation,C04__C04_SEED5_EP1__step118,1,3,7,52000,PLANNED_NOT_AUTHORIZED_NOT_EXECUTED
confirmation,C04__C04_SEED5_EP1__step118,1,3,7,52001,PLANNED_NOT_AUTHORIZED_NOT_EXECUTED
confirmation,C04__C04_SEED5_EP1__step118,1,3,7,52002,PLANNED_NOT_AUTHORIZED_NOT_EXECUTED
confirmation,C04__C04_SEED5_EP1__step118,1,3,7,52003,PLANNED_NOT_AUTHORIZED_NOT_EXECUTED
confirmation,C04__C04_SEED5_EP1__step118,2,0,8,52000,PLANNED_NOT_AUTHORIZED_NOT_EXECUTED
confirmation,C04__C04_SEED5_EP1__step118,2,0,8,52001,PLANNED_NOT_AUTHORIZED_NOT_EXECUTED
confirmation,C04__C04_SEED5_EP1__step118,2,0,8,52002,PLANNED_NOT_AUTHORIZED_NOT_EXECUTED
confirmation,C04__C04_SEED5_EP1__step118,2,0,8,52003,PLANNED_NOT_AUTHORIZED_NOT_EXECUTED
confirmation,C04__C04_SEED5_EP1__step118,2,1,9,52000,PLANNED_NOT_AUTHORIZED_NOT_EXECUTED
confirmation,C04__C04_SEED5_EP1__step118,2,1,9,52001,PLANNED_NOT_AUTHORIZED_NOT_EXECUTED
confirmation,C04__C04_SEED5_EP1__step118,2,1,9,52002,PLANNED_NOT_AUTHORIZED_NOT_EXECUTED
confirmation,C04__C04_SEED5_EP1__step118,2,1,9,52003,PLANNED_NOT_AUTHORIZED_NOT_EXECUTED
confirmation,C04__C04_SEED5_EP1__step118,2,2,10,52000,PLANNED_NOT_AUTHORIZED_NOT_EXECUTED
confirmation,C04__C04_SEED5_EP1__step118,2,2,10,52001,PLANNED_NOT_AUTHORIZED_NOT_EXECUTED
confirmation,C04__C04_SEED5_EP1__step118,2,2,10,52002,PLANNED_NOT_AUTHORIZED_NOT_EXECUTED
confirmation,C04__C04_SEED5_EP1__step118,2,2,10,52003,PLANNED_NOT_AUTHORIZED_NOT_EXECUTED
confirmation,C04__C04_SEED5_EP1__step118,2,3,11,52000,PLANNED_NOT_AUTHORIZED_NOT_EXECUTED
confirmation,C04__C04_SEED5_EP1__step118,2,3,11,52001,PLANNED_NOT_AUTHORIZED_NOT_EXECUTED
confirmation,C04__C04_SEED5_EP1__step118,2,3,11,52002,PLANNED_NOT_AUTHORIZED_NOT_EXECUTED
confirmation,C04__C04_SEED5_EP1__step118,2,3,11,52003,PLANNED_NOT_AUTHORIZED_NOT_EXECUTED
confirmation,C04__C04_SEED5_EP1__step118,3,0,12,52000,PLANNED_NOT_AUTHORIZED_NOT_EXECUTED
confirmation,C04__C04_SEED5_EP1__step118,3,0,12,52001,PLANNED_NOT_AUTHORIZED_NOT_EXECUTED
confirmation,C04__C04_SEED5_EP1__step118,3,0,12,52002,PLANNED_NOT_AUTHORIZED_NOT_EXECUTED
confirmation,C04__C04_SEED5_EP1__step118,3,0,12,52003,PLANNED_NOT_AUTHORIZED_NOT_EXECUTED
confirmation,C04__C04_SEED5_EP1__step118,3,1,13,52000,PLANNED_NOT_AUTHORIZED_NOT_EXECUTED
confirmation,C04__C04_SEED5_EP1__step118,3,1,13,52001,PLANNED_NOT_AUTHORIZED_NOT_EXECUTED
confirmation,C04__C04_SEED5_EP1__step118,3,1,13,52002,PLANNED_NOT_AUTHORIZED_NOT_EXECUTED
confirmation,C04__C04_SEED5_EP1__step118,3,1,13,52003,PLANNED_NOT_AUTHORIZED_NOT_EXECUTED
confirmation,C04__C04_SEED5_EP1__step118,3,2,14,52000,PLANNED_NOT_AUTHORIZED_NOT_EXECUTED
confirmation,C04__C04_SEED5_EP1__step118,3,2,14,52001,PLANNED_NOT_AUTHORIZED_NOT_EXECUTED
confirmation,C04__C04_SEED5_EP1__step118,3,2,14,52002,PLANNED_NOT_AUTHORIZED_NOT_EXECUTED
confirmation,C04__C04_SEED5_EP1__step118,3,2,14,52003,PLANNED_NOT_AUTHORIZED_NOT_EXECUTED
confirmation,C04__C04_SEED5_EP1__step118,3,3,15,52000,PLANNED_NOT_AUTHORIZED_NOT_EXECUTED
confirmation,C04__C04_SEED5_EP1__step118,3,3,15,52001,PLANNED_NOT_AUTHORIZED_NOT_EXECUTED
confirmation,C04__C04_SEED5_EP1__step118,3,3,15,52002,PLANNED_NOT_AUTHORIZED_NOT_EXECUTED
confirmation,C04__C04_SEED5_EP1__step118,3,3,15,52003,PLANNED_NOT_AUTHORIZED_NOT_EXECUTED
confirmation,C06__C06_FROZEN_EP0__step0,0,0,0,52000,PLANNED_NOT_AUTHORIZED_NOT_EXECUTED
confirmation,C06__C06_FROZEN_EP0__step0,0,0,0,52001,PLANNED_NOT_AUTHORIZED_NOT_EXECUTED
confirmation,C06__C06_FROZEN_EP0__step0,0,0,0,52002,PLANNED_NOT_AUTHORIZED_NOT_EXECUTED
confirmation,C06__C06_FROZEN_EP0__step0,0,0,0,52003,PLANNED_NOT_AUTHORIZED_NOT_EXECUTED
confirmation,C06__C06_FROZEN_EP0__step0,0,1,1,52000,PLANNED_NOT_AUTHORIZED_NOT_EXECUTED
confirmation,C06__C06_FROZEN_EP0__step0,0,1,1,52001,PLANNED_NOT_AUTHORIZED_NOT_EXECUTED
confirmation,C06__C06_FROZEN_EP0__step0,0,1,1,52002,PLANNED_NOT_AUTHORIZED_NOT_EXECUTED
confirmation,C06__C06_FROZEN_EP0__step0,0,1,1,52003,PLANNED_NOT_AUTHORIZED_NOT_EXECUTED
confirmation,C06__C06_FROZEN_EP0__step0,0,2,2,52000,PLANNED_NOT_AUTHORIZED_NOT_EXECUTED
confirmation,C06__C06_FROZEN_EP0__step0,0,2,2,52001,PLANNED_NOT_AUTHORIZED_NOT_EXECUTED
confirmation,C06__C06_FROZEN_EP0__step0,0,2,2,52002,PLANNED_NOT_AUTHORIZED_NOT_EXECUTED
confirmation,C06__C06_FROZEN_EP0__step0,0,2,2,52003,PLANNED_NOT_AUTHORIZED_NOT_EXECUTED
confirmation,C06__C06_FROZEN_EP0__step0,0,3,3,52000,PLANNED_NOT_AUTHORIZED_NOT_EXECUTED
confirmation,C06__C06_FROZEN_EP0__step0,0,3,3,52001,PLANNED_NOT_AUTHORIZED_NOT_EXECUTED
confirmation,C06__C06_FROZEN_EP0__step0,0,3,3,52002,PLANNED_NOT_AUTHORIZED_NOT_EXECUTED
confirmation,C06__C06_FROZEN_EP0__step0,0,3,3,52003,PLANNED_NOT_AUTHORIZED_NOT_EXECUTED
confirmation,C06__C06_FROZEN_EP0__step0,1,0,4,52000,PLANNED_NOT_AUTHORIZED_NOT_EXECUTED
confirmation,C06__C06_FROZEN_EP0__step0,1,0,4,52001,PLANNED_NOT_AUTHORIZED_NOT_EXECUTED
confirmation,C06__C06_FROZEN_EP0__step0,1,0,4,52002,PLANNED_NOT_AUTHORIZED_NOT_EXECUTED
confirmation,C06__C06_FROZEN_EP0__step0,1,0,4,52003,PLANNED_NOT_AUTHORIZED_NOT_EXECUTED
confirmation,C06__C06_FROZEN_EP0__step0,1,1,5,52000,PLANNED_NOT_AUTHORIZED_NOT_EXECUTED
confirmation,C06__C06_FROZEN_EP0__step0,1,1,5,52001,PLANNED_NOT_AUTHORIZED_NOT_EXECUTED
confirmation,C06__C06_FROZEN_EP0__step0,1,1,5,52002,PLANNED_NOT_AUTHORIZED_NOT_EXECUTED
confirmation,C06__C06_FROZEN_EP0__step0,1,1,5,52003,PLANNED_NOT_AUTHORIZED_NOT_EXECUTED
confirmation,C06__C06_FROZEN_EP0__step0,1,2,6,52000,PLANNED_NOT_AUTHORIZED_NOT_EXECUTED
confirmation,C06__C06_FROZEN_EP0__step0,1,2,6,52001,PLANNED_NOT_AUTHORIZED_NOT_EXECUTED
confirmation,C06__C06_FROZEN_EP0__step0,1,2,6,52002,PLANNED_NOT_AUTHORIZED_NOT_EXECUTED
confirmation,C06__C06_FROZEN_EP0__step0,1,2,6,52003,PLANNED_NOT_AUTHORIZED_NOT_EXECUTED
confirmation,C06__C06_FROZEN_EP0__step0,1,3,7,52000,PLANNED_NOT_AUTHORIZED_NOT_EXECUTED
confirmation,C06__C06_FROZEN_EP0__step0,1,3,7,52001,PLANNED_NOT_AUTHORIZED_NOT_EXECUTED
confirmation,C06__C06_FROZEN_EP0__step0,1,3,7,52002,PLANNED_NOT_AUTHORIZED_NOT_EXECUTED
confirmation,C06__C06_FROZEN_EP0__step0,1,3,7,52003,PLANNED_NOT_AUTHORIZED_NOT_EXECUTED
confirmation,C06__C06_FROZEN_EP0__step0,2,0,8,52000,PLANNED_NOT_AUTHORIZED_NOT_EXECUTED
confirmation,C06__C06_FROZEN_EP0__step0,2,0,8,52001,PLANNED_NOT_AUTHORIZED_NOT_EXECUTED
confirmation,C06__C06_FROZEN_EP0__step0,2,0,8,52002,PLANNED_NOT_AUTHORIZED_NOT_EXECUTED
confirmation,C06__C06_FROZEN_EP0__step0,2,0,8,52003,PLANNED_NOT_AUTHORIZED_NOT_EXECUTED
confirmation,C06__C06_FROZEN_EP0__step0,2,1,9,52000,PLANNED_NOT_AUTHORIZED_NOT_EXECUTED
confirmation,C06__C06_FROZEN_EP0__step0,2,1,9,52001,PLANNED_NOT_AUTHORIZED_NOT_EXECUTED
confirmation,C06__C06_FROZEN_EP0__step0,2,1,9,52002,PLANNED_NOT_AUTHORIZED_NOT_EXECUTED
confirmation,C06__C06_FROZEN_EP0__step0,2,1,9,52003,PLANNED_NOT_AUTHORIZED_NOT_EXECUTED
confirmation,C06__C06_FROZEN_EP0__step0,2,2,10,52000,PLANNED_NOT_AUTHORIZED_NOT_EXECUTED
confirmation,C06__C06_FROZEN_EP0__step0,2,2,10,52001,PLANNED_NOT_AUTHORIZED_NOT_EXECUTED
confirmation,C06__C06_FROZEN_EP0__step0,2,2,10,52002,PLANNED_NOT_AUTHORIZED_NOT_EXECUTED
confirmation,C06__C06_FROZEN_EP0__step0,2,2,10,52003,PLANNED_NOT_AUTHORIZED_NOT_EXECUTED
confirmation,C06__C06_FROZEN_EP0__step0,2,3,11,52000,PLANNED_NOT_AUTHORIZED_NOT_EXECUTED
confirmation,C06__C06_FROZEN_EP0__step0,2,3,11,52001,PLANNED_NOT_AUTHORIZED_NOT_EXECUTED
confirmation,C06__C06_FROZEN_EP0__step0,2,3,11,52002,PLANNED_NOT_AUTHORIZED_NOT_EXECUTED
confirmation,C06__C06_FROZEN_EP0__step0,2,3,11,52003,PLANNED_NOT_AUTHORIZED_NOT_EXECUTED
confirmation,C06__C06_FROZEN_EP0__step0,3,0,12,52000,PLANNED_NOT_AUTHORIZED_NOT_EXECUTED
confirmation,C06__C06_FROZEN_EP0__step0,3,0,12,52001,PLANNED_NOT_AUTHORIZED_NOT_EXECUTED
confirmation,C06__C06_FROZEN_EP0__step0,3,0,12,52002,PLANNED_NOT_AUTHORIZED_NOT_EXECUTED
confirmation,C06__C06_FROZEN_EP0__step0,3,0,12,52003,PLANNED_NOT_AUTHORIZED_NOT_EXECUTED
confirmation,C06__C06_FROZEN_EP0__step0,3,1,13,52000,PLANNED_NOT_AUTHORIZED_NOT_EXECUTED
confirmation,C06__C06_FROZEN_EP0__step0,3,1,13,52001,PLANNED_NOT_AUTHORIZED_NOT_EXECUTED
confirmation,C06__C06_FROZEN_EP0__step0,3,1,13,52002,PLANNED_NOT_AUTHORIZED_NOT_EXECUTED
confirmation,C06__C06_FROZEN_EP0__step0,3,1,13,52003,PLANNED_NOT_AUTHORIZED_NOT_EXECUTED
confirmation,C06__C06_FROZEN_EP0__step0,3,2,14,52000,PLANNED_NOT_AUTHORIZED_NOT_EXECUTED
confirmation,C06__C06_FROZEN_EP0__step0,3,2,14,52001,PLANNED_NOT_AUTHORIZED_NOT_EXECUTED
confirmation,C06__C06_FROZEN_EP0__step0,3,2,14,52002,PLANNED_NOT_AUTHORIZED_NOT_EXECUTED
confirmation,C06__C06_FROZEN_EP0__step0,3,2,14,52003,PLANNED_NOT_AUTHORIZED_NOT_EXECUTED
confirmation,C06__C06_FROZEN_EP0__step0,3,3,15,52000,PLANNED_NOT_AUTHORIZED_NOT_EXECUTED
confirmation,C06__C06_FROZEN_EP0__step0,3,3,15,52001,PLANNED_NOT_AUTHORIZED_NOT_EXECUTED
confirmation,C06__C06_FROZEN_EP0__step0,3,3,15,52002,PLANNED_NOT_AUTHORIZED_NOT_EXECUTED
confirmation,C06__C06_FROZEN_EP0__step0,3,3,15,52003,PLANNED_NOT_AUTHORIZED_NOT_EXECUTED
confirmation,C06__C06_FROZEN_EP0__step116,0,0,0,52000,PLANNED_NOT_AUTHORIZED_NOT_EXECUTED
confirmation,C06__C06_FROZEN_EP0__step116,0,0,0,52001,PLANNED_NOT_AUTHORIZED_NOT_EXECUTED
confirmation,C06__C06_FROZEN_EP0__step116,0,0,0,52002,PLANNED_NOT_AUTHORIZED_NOT_EXECUTED
confirmation,C06__C06_FROZEN_EP0__step116,0,0,0,52003,PLANNED_NOT_AUTHORIZED_NOT_EXECUTED
confirmation,C06__C06_FROZEN_EP0__step116,0,1,1,52000,PLANNED_NOT_AUTHORIZED_NOT_EXECUTED
confirmation,C06__C06_FROZEN_EP0__step116,0,1,1,52001,PLANNED_NOT_AUTHORIZED_NOT_EXECUTED
confirmation,C06__C06_FROZEN_EP0__step116,0,1,1,52002,PLANNED_NOT_AUTHORIZED_NOT_EXECUTED
confirmation,C06__C06_FROZEN_EP0__step116,0,1,1,52003,PLANNED_NOT_AUTHORIZED_NOT_EXECUTED
confirmation,C06__C06_FROZEN_EP0__step116,0,2,2,52000,PLANNED_NOT_AUTHORIZED_NOT_EXECUTED
confirmation,C06__C06_FROZEN_EP0__step116,0,2,2,52001,PLANNED_NOT_AUTHORIZED_NOT_EXECUTED
confirmation,C06__C06_FROZEN_EP0__step116,0,2,2,52002,PLANNED_NOT_AUTHORIZED_NOT_EXECUTED
confirmation,C06__C06_FROZEN_EP0__step116,0,2,2,52003,PLANNED_NOT_AUTHORIZED_NOT_EXECUTED
confirmation,C06__C06_FROZEN_EP0__step116,0,3,3,52000,PLANNED_NOT_AUTHORIZED_NOT_EXECUTED
confirmation,C06__C06_FROZEN_EP0__step116,0,3,3,52001,PLANNED_NOT_AUTHORIZED_NOT_EXECUTED
confirmation,C06__C06_FROZEN_EP0__step116,0,3,3,52002,PLANNED_NOT_AUTHORIZED_NOT_EXECUTED
confirmation,C06__C06_FROZEN_EP0__step116,0,3,3,52003,PLANNED_NOT_AUTHORIZED_NOT_EXECUTED
confirmation,C06__C06_FROZEN_EP0__step116,1,0,4,52000,PLANNED_NOT_AUTHORIZED_NOT_EXECUTED
confirmation,C06__C06_FROZEN_EP0__step116,1,0,4,52001,PLANNED_NOT_AUTHORIZED_NOT_EXECUTED
confirmation,C06__C06_FROZEN_EP0__step116,1,0,4,52002,PLANNED_NOT_AUTHORIZED_NOT_EXECUTED
confirmation,C06__C06_FROZEN_EP0__step116,1,0,4,52003,PLANNED_NOT_AUTHORIZED_NOT_EXECUTED
confirmation,C06__C06_FROZEN_EP0__step116,1,1,5,52000,PLANNED_NOT_AUTHORIZED_NOT_EXECUTED
confirmation,C06__C06_FROZEN_EP0__step116,1,1,5,52001,PLANNED_NOT_AUTHORIZED_NOT_EXECUTED
confirmation,C06__C06_FROZEN_EP0__step116,1,1,5,52002,PLANNED_NOT_AUTHORIZED_NOT_EXECUTED
confirmation,C06__C06_FROZEN_EP0__step116,1,1,5,52003,PLANNED_NOT_AUTHORIZED_NOT_EXECUTED
confirmation,C06__C06_FROZEN_EP0__step116,1,2,6,52000,PLANNED_NOT_AUTHORIZED_NOT_EXECUTED
confirmation,C06__C06_FROZEN_EP0__step116,1,2,6,52001,PLANNED_NOT_AUTHORIZED_NOT_EXECUTED
confirmation,C06__C06_FROZEN_EP0__step116,1,2,6,52002,PLANNED_NOT_AUTHORIZED_NOT_EXECUTED
confirmation,C06__C06_FROZEN_EP0__step116,1,2,6,52003,PLANNED_NOT_AUTHORIZED_NOT_EXECUTED
confirmation,C06__C06_FROZEN_EP0__step116,1,3,7,52000,PLANNED_NOT_AUTHORIZED_NOT_EXECUTED
confirmation,C06__C06_FROZEN_EP0__step116,1,3,7,52001,PLANNED_NOT_AUTHORIZED_NOT_EXECUTED
confirmation,C06__C06_FROZEN_EP0__step116,1,3,7,52002,PLANNED_NOT_AUTHORIZED_NOT_EXECUTED
confirmation,C06__C06_FROZEN_EP0__step116,1,3,7,52003,PLANNED_NOT_AUTHORIZED_NOT_EXECUTED
confirmation,C06__C06_FROZEN_EP0__step116,2,0,8,52000,PLANNED_NOT_AUTHORIZED_NOT_EXECUTED
confirmation,C06__C06_FROZEN_EP0__step116,2,0,8,52001,PLANNED_NOT_AUTHORIZED_NOT_EXECUTED
confirmation,C06__C06_FROZEN_EP0__step116,2,0,8,52002,PLANNED_NOT_AUTHORIZED_NOT_EXECUTED
confirmation,C06__C06_FROZEN_EP0__step116,2,0,8,52003,PLANNED_NOT_AUTHORIZED_NOT_EXECUTED
confirmation,C06__C06_FROZEN_EP0__step116,2,1,9,52000,PLANNED_NOT_AUTHORIZED_NOT_EXECUTED
confirmation,C06__C06_FROZEN_EP0__step116,2,1,9,52001,PLANNED_NOT_AUTHORIZED_NOT_EXECUTED
confirmation,C06__C06_FROZEN_EP0__step116,2,1,9,52002,PLANNED_NOT_AUTHORIZED_NOT_EXECUTED
confirmation,C06__C06_FROZEN_EP0__step116,2,1,9,52003,PLANNED_NOT_AUTHORIZED_NOT_EXECUTED
confirmation,C06__C06_FROZEN_EP0__step116,2,2,10,52000,PLANNED_NOT_AUTHORIZED_NOT_EXECUTED
confirmation,C06__C06_FROZEN_EP0__step116,2,2,10,52001,PLANNED_NOT_AUTHORIZED_NOT_EXECUTED
confirmation,C06__C06_FROZEN_EP0__step116,2,2,10,52002,PLANNED_NOT_AUTHORIZED_NOT_EXECUTED
confirmation,C06__C06_FROZEN_EP0__step116,2,2,10,52003,PLANNED_NOT_AUTHORIZED_NOT_EXECUTED
confirmation,C06__C06_FROZEN_EP0__step116,2,3,11,52000,PLANNED_NOT_AUTHORIZED_NOT_EXECUTED
confirmation,C06__C06_FROZEN_EP0__step116,2,3,11,52001,PLANNED_NOT_AUTHORIZED_NOT_EXECUTED
confirmation,C06__C06_FROZEN_EP0__step116,2,3,11,52002,PLANNED_NOT_AUTHORIZED_NOT_EXECUTED
confirmation,C06__C06_FROZEN_EP0__step116,2,3,11,52003,PLANNED_NOT_AUTHORIZED_NOT_EXECUTED
confirmation,C06__C06_FROZEN_EP0__step116,3,0,12,52000,PLANNED_NOT_AUTHORIZED_NOT_EXECUTED
confirmation,C06__C06_FROZEN_EP0__step116,3,0,12,52001,PLANNED_NOT_AUTHORIZED_NOT_EXECUTED
confirmation,C06__C06_FROZEN_EP0__step116,3,0,12,52002,PLANNED_NOT_AUTHORIZED_NOT_EXECUTED
confirmation,C06__C06_FROZEN_EP0__step116,3,0,12,52003,PLANNED_NOT_AUTHORIZED_NOT_EXECUTED
confirmation,C06__C06_FROZEN_EP0__step116,3,1,13,52000,PLANNED_NOT_AUTHORIZED_NOT_EXECUTED
confirmation,C06__C06_FROZEN_EP0__step116,3,1,13,52001,PLANNED_NOT_AUTHORIZED_NOT_EXECUTED
confirmation,C06__C06_FROZEN_EP0__step116,3,1,13,52002,PLANNED_NOT_AUTHORIZED_NOT_EXECUTED
confirmation,C06__C06_FROZEN_EP0__step116,3,1,13,52003,PLANNED_NOT_AUTHORIZED_NOT_EXECUTED
confirmation,C06__C06_FROZEN_EP0__step116,3,2,14,52000,PLANNED_NOT_AUTHORIZED_NOT_EXECUTED
confirmation,C06__C06_FROZEN_EP0__step116,3,2,14,52001,PLANNED_NOT_AUTHORIZED_NOT_EXECUTED
confirmation,C06__C06_FROZEN_EP0__step116,3,2,14,52002,PLANNED_NOT_AUTHORIZED_NOT_EXECUTED
confirmation,C06__C06_FROZEN_EP0__step116,3,2,14,52003,PLANNED_NOT_AUTHORIZED_NOT_EXECUTED
confirmation,C06__C06_FROZEN_EP0__step116,3,3,15,52000,PLANNED_NOT_AUTHORIZED_NOT_EXECUTED
confirmation,C06__C06_FROZEN_EP0__step116,3,3,15,52001,PLANNED_NOT_AUTHORIZED_NOT_EXECUTED
confirmation,C06__C06_FROZEN_EP0__step116,3,3,15,52002,PLANNED_NOT_AUTHORIZED_NOT_EXECUTED
confirmation,C06__C06_FROZEN_EP0__step116,3,3,15,52003,PLANNED_NOT_AUTHORIZED_NOT_EXECUTED
confirmation,C06__C06_SEED1_EP1__step14,0,0,0,52000,PLANNED_NOT_AUTHORIZED_NOT_EXECUTED
confirmation,C06__C06_SEED1_EP1__step14,0,0,0,52001,PLANNED_NOT_AUTHORIZED_NOT_EXECUTED
confirmation,C06__C06_SEED1_EP1__step14,0,0,0,52002,PLANNED_NOT_AUTHORIZED_NOT_EXECUTED
confirmation,C06__C06_SEED1_EP1__step14,0,0,0,52003,PLANNED_NOT_AUTHORIZED_NOT_EXECUTED
confirmation,C06__C06_SEED1_EP1__step14,0,1,1,52000,PLANNED_NOT_AUTHORIZED_NOT_EXECUTED
confirmation,C06__C06_SEED1_EP1__step14,0,1,1,52001,PLANNED_NOT_AUTHORIZED_NOT_EXECUTED
confirmation,C06__C06_SEED1_EP1__step14,0,1,1,52002,PLANNED_NOT_AUTHORIZED_NOT_EXECUTED
confirmation,C06__C06_SEED1_EP1__step14,0,1,1,52003,PLANNED_NOT_AUTHORIZED_NOT_EXECUTED
confirmation,C06__C06_SEED1_EP1__step14,0,2,2,52000,PLANNED_NOT_AUTHORIZED_NOT_EXECUTED
confirmation,C06__C06_SEED1_EP1__step14,0,2,2,52001,PLANNED_NOT_AUTHORIZED_NOT_EXECUTED
confirmation,C06__C06_SEED1_EP1__step14,0,2,2,52002,PLANNED_NOT_AUTHORIZED_NOT_EXECUTED
confirmation,C06__C06_SEED1_EP1__step14,0,2,2,52003,PLANNED_NOT_AUTHORIZED_NOT_EXECUTED
confirmation,C06__C06_SEED1_EP1__step14,0,3,3,52000,PLANNED_NOT_AUTHORIZED_NOT_EXECUTED
confirmation,C06__C06_SEED1_EP1__step14,0,3,3,52001,PLANNED_NOT_AUTHORIZED_NOT_EXECUTED
confirmation,C06__C06_SEED1_EP1__step14,0,3,3,52002,PLANNED_NOT_AUTHORIZED_NOT_EXECUTED
confirmation,C06__C06_SEED1_EP1__step14,0,3,3,52003,PLANNED_NOT_AUTHORIZED_NOT_EXECUTED
confirmation,C06__C06_SEED1_EP1__step14,1,0,4,52000,PLANNED_NOT_AUTHORIZED_NOT_EXECUTED
confirmation,C06__C06_SEED1_EP1__step14,1,0,4,52001,PLANNED_NOT_AUTHORIZED_NOT_EXECUTED
confirmation,C06__C06_SEED1_EP1__step14,1,0,4,52002,PLANNED_NOT_AUTHORIZED_NOT_EXECUTED
confirmation,C06__C06_SEED1_EP1__step14,1,0,4,52003,PLANNED_NOT_AUTHORIZED_NOT_EXECUTED
confirmation,C06__C06_SEED1_EP1__step14,1,1,5,52000,PLANNED_NOT_AUTHORIZED_NOT_EXECUTED
confirmation,C06__C06_SEED1_EP1__step14,1,1,5,52001,PLANNED_NOT_AUTHORIZED_NOT_EXECUTED
confirmation,C06__C06_SEED1_EP1__step14,1,1,5,52002,PLANNED_NOT_AUTHORIZED_NOT_EXECUTED
confirmation,C06__C06_SEED1_EP1__step14,1,1,5,52003,PLANNED_NOT_AUTHORIZED_NOT_EXECUTED
confirmation,C06__C06_SEED1_EP1__step14,1,2,6,52000,PLANNED_NOT_AUTHORIZED_NOT_EXECUTED
confirmation,C06__C06_SEED1_EP1__step14,1,2,6,52001,PLANNED_NOT_AUTHORIZED_NOT_EXECUTED
confirmation,C06__C06_SEED1_EP1__step14,1,2,6,52002,PLANNED_NOT_AUTHORIZED_NOT_EXECUTED
confirmation,C06__C06_SEED1_EP1__step14,1,2,6,52003,PLANNED_NOT_AUTHORIZED_NOT_EXECUTED
confirmation,C06__C06_SEED1_EP1__step14,1,3,7,52000,PLANNED_NOT_AUTHORIZED_NOT_EXECUTED
confirmation,C06__C06_SEED1_EP1__step14,1,3,7,52001,PLANNED_NOT_AUTHORIZED_NOT_EXECUTED
confirmation,C06__C06_SEED1_EP1__step14,1,3,7,52002,PLANNED_NOT_AUTHORIZED_NOT_EXECUTED
confirmation,C06__C06_SEED1_EP1__step14,1,3,7,52003,PLANNED_NOT_AUTHORIZED_NOT_EXECUTED
confirmation,C06__C06_SEED1_EP1__step14,2,0,8,52000,PLANNED_NOT_AUTHORIZED_NOT_EXECUTED
confirmation,C06__C06_SEED1_EP1__step14,2,0,8,52001,PLANNED_NOT_AUTHORIZED_NOT_EXECUTED
confirmation,C06__C06_SEED1_EP1__step14,2,0,8,52002,PLANNED_NOT_AUTHORIZED_NOT_EXECUTED
confirmation,C06__C06_SEED1_EP1__step14,2,0,8,52003,PLANNED_NOT_AUTHORIZED_NOT_EXECUTED
confirmation,C06__C06_SEED1_EP1__step14,2,1,9,52000,PLANNED_NOT_AUTHORIZED_NOT_EXECUTED
confirmation,C06__C06_SEED1_EP1__step14,2,1,9,52001,PLANNED_NOT_AUTHORIZED_NOT_EXECUTED
confirmation,C06__C06_SEED1_EP1__step14,2,1,9,52002,PLANNED_NOT_AUTHORIZED_NOT_EXECUTED
confirmation,C06__C06_SEED1_EP1__step14,2,1,9,52003,PLANNED_NOT_AUTHORIZED_NOT_EXECUTED
confirmation,C06__C06_SEED1_EP1__step14,2,2,10,52000,PLANNED_NOT_AUTHORIZED_NOT_EXECUTED
confirmation,C06__C06_SEED1_EP1__step14,2,2,10,52001,PLANNED_NOT_AUTHORIZED_NOT_EXECUTED
confirmation,C06__C06_SEED1_EP1__step14,2,2,10,52002,PLANNED_NOT_AUTHORIZED_NOT_EXECUTED
confirmation,C06__C06_SEED1_EP1__step14,2,2,10,52003,PLANNED_NOT_AUTHORIZED_NOT_EXECUTED
confirmation,C06__C06_SEED1_EP1__step14,2,3,11,52000,PLANNED_NOT_AUTHORIZED_NOT_EXECUTED
confirmation,C06__C06_SEED1_EP1__step14,2,3,11,52001,PLANNED_NOT_AUTHORIZED_NOT_EXECUTED
confirmation,C06__C06_SEED1_EP1__step14,2,3,11,52002,PLANNED_NOT_AUTHORIZED_NOT_EXECUTED
confirmation,C06__C06_SEED1_EP1__step14,2,3,11,52003,PLANNED_NOT_AUTHORIZED_NOT_EXECUTED
confirmation,C06__C06_SEED1_EP1__step14,3,0,12,52000,PLANNED_NOT_AUTHORIZED_NOT_EXECUTED
confirmation,C06__C06_SEED1_EP1__step14,3,0,12,52001,PLANNED_NOT_AUTHORIZED_NOT_EXECUTED
confirmation,C06__C06_SEED1_EP1__step14,3,0,12,52002,PLANNED_NOT_AUTHORIZED_NOT_EXECUTED
confirmation,C06__C06_SEED1_EP1__step14,3,0,12,52003,PLANNED_NOT_AUTHORIZED_NOT_EXECUTED
confirmation,C06__C06_SEED1_EP1__step14,3,1,13,52000,PLANNED_NOT_AUTHORIZED_NOT_EXECUTED
confirmation,C06__C06_SEED1_EP1__step14,3,1,13,52001,PLANNED_NOT_AUTHORIZED_NOT_EXECUTED
confirmation,C06__C06_SEED1_EP1__step14,3,1,13,52002,PLANNED_NOT_AUTHORIZED_NOT_EXECUTED
confirmation,C06__C06_SEED1_EP1__step14,3,1,13,52003,PLANNED_NOT_AUTHORIZED_NOT_EXECUTED
confirmation,C06__C06_SEED1_EP1__step14,3,2,14,52000,PLANNED_NOT_AUTHORIZED_NOT_EXECUTED
confirmation,C06__C06_SEED1_EP1__step14,3,2,14,52001,PLANNED_NOT_AUTHORIZED_NOT_EXECUTED
confirmation,C06__C06_SEED1_EP1__step14,3,2,14,52002,PLANNED_NOT_AUTHORIZED_NOT_EXECUTED
confirmation,C06__C06_SEED1_EP1__step14,3,2,14,52003,PLANNED_NOT_AUTHORIZED_NOT_EXECUTED
confirmation,C06__C06_SEED1_EP1__step14,3,3,15,52000,PLANNED_NOT_AUTHORIZED_NOT_EXECUTED
confirmation,C06__C06_SEED1_EP1__step14,3,3,15,52001,PLANNED_NOT_AUTHORIZED_NOT_EXECUTED
confirmation,C06__C06_SEED1_EP1__step14,3,3,15,52002,PLANNED_NOT_AUTHORIZED_NOT_EXECUTED
confirmation,C06__C06_SEED1_EP1__step14,3,3,15,52003,PLANNED_NOT_AUTHORIZED_NOT_EXECUTED
confirmation,C06__C06_SEED1_EP1__step124,0,0,0,52000,PLANNED_NOT_AUTHORIZED_NOT_EXECUTED
confirmation,C06__C06_SEED1_EP1__step124,0,0,0,52001,PLANNED_NOT_AUTHORIZED_NOT_EXECUTED
confirmation,C06__C06_SEED1_EP1__step124,0,0,0,52002,PLANNED_NOT_AUTHORIZED_NOT_EXECUTED
confirmation,C06__C06_SEED1_EP1__step124,0,0,0,52003,PLANNED_NOT_AUTHORIZED_NOT_EXECUTED
confirmation,C06__C06_SEED1_EP1__step124,0,1,1,52000,PLANNED_NOT_AUTHORIZED_NOT_EXECUTED
confirmation,C06__C06_SEED1_EP1__step124,0,1,1,52001,PLANNED_NOT_AUTHORIZED_NOT_EXECUTED
confirmation,C06__C06_SEED1_EP1__step124,0,1,1,52002,PLANNED_NOT_AUTHORIZED_NOT_EXECUTED
confirmation,C06__C06_SEED1_EP1__step124,0,1,1,52003,PLANNED_NOT_AUTHORIZED_NOT_EXECUTED
confirmation,C06__C06_SEED1_EP1__step124,0,2,2,52000,PLANNED_NOT_AUTHORIZED_NOT_EXECUTED
confirmation,C06__C06_SEED1_EP1__step124,0,2,2,52001,PLANNED_NOT_AUTHORIZED_NOT_EXECUTED
confirmation,C06__C06_SEED1_EP1__step124,0,2,2,52002,PLANNED_NOT_AUTHORIZED_NOT_EXECUTED
confirmation,C06__C06_SEED1_EP1__step124,0,2,2,52003,PLANNED_NOT_AUTHORIZED_NOT_EXECUTED
confirmation,C06__C06_SEED1_EP1__step124,0,3,3,52000,PLANNED_NOT_AUTHORIZED_NOT_EXECUTED
confirmation,C06__C06_SEED1_EP1__step124,0,3,3,52001,PLANNED_NOT_AUTHORIZED_NOT_EXECUTED
confirmation,C06__C06_SEED1_EP1__step124,0,3,3,52002,PLANNED_NOT_AUTHORIZED_NOT_EXECUTED
confirmation,C06__C06_SEED1_EP1__step124,0,3,3,52003,PLANNED_NOT_AUTHORIZED_NOT_EXECUTED
confirmation,C06__C06_SEED1_EP1__step124,1,0,4,52000,PLANNED_NOT_AUTHORIZED_NOT_EXECUTED
confirmation,C06__C06_SEED1_EP1__step124,1,0,4,52001,PLANNED_NOT_AUTHORIZED_NOT_EXECUTED
confirmation,C06__C06_SEED1_EP1__step124,1,0,4,52002,PLANNED_NOT_AUTHORIZED_NOT_EXECUTED
confirmation,C06__C06_SEED1_EP1__step124,1,0,4,52003,PLANNED_NOT_AUTHORIZED_NOT_EXECUTED
confirmation,C06__C06_SEED1_EP1__step124,1,1,5,52000,PLANNED_NOT_AUTHORIZED_NOT_EXECUTED
confirmation,C06__C06_SEED1_EP1__step124,1,1,5,52001,PLANNED_NOT_AUTHORIZED_NOT_EXECUTED
confirmation,C06__C06_SEED1_EP1__step124,1,1,5,52002,PLANNED_NOT_AUTHORIZED_NOT_EXECUTED
confirmation,C06__C06_SEED1_EP1__step124,1,1,5,52003,PLANNED_NOT_AUTHORIZED_NOT_EXECUTED
confirmation,C06__C06_SEED1_EP1__step124,1,2,6,52000,PLANNED_NOT_AUTHORIZED_NOT_EXECUTED
confirmation,C06__C06_SEED1_EP1__step124,1,2,6,52001,PLANNED_NOT_AUTHORIZED_NOT_EXECUTED
confirmation,C06__C06_SEED1_EP1__step124,1,2,6,52002,PLANNED_NOT_AUTHORIZED_NOT_EXECUTED
confirmation,C06__C06_SEED1_EP1__step124,1,2,6,52003,PLANNED_NOT_AUTHORIZED_NOT_EXECUTED
confirmation,C06__C06_SEED1_EP1__step124,1,3,7,52000,PLANNED_NOT_AUTHORIZED_NOT_EXECUTED
confirmation,C06__C06_SEED1_EP1__step124,1,3,7,52001,PLANNED_NOT_AUTHORIZED_NOT_EXECUTED
confirmation,C06__C06_SEED1_EP1__step124,1,3,7,52002,PLANNED_NOT_AUTHORIZED_NOT_EXECUTED
confirmation,C06__C06_SEED1_EP1__step124,1,3,7,52003,PLANNED_NOT_AUTHORIZED_NOT_EXECUTED
confirmation,C06__C06_SEED1_EP1__step124,2,0,8,52000,PLANNED_NOT_AUTHORIZED_NOT_EXECUTED
confirmation,C06__C06_SEED1_EP1__step124,2,0,8,52001,PLANNED_NOT_AUTHORIZED_NOT_EXECUTED
confirmation,C06__C06_SEED1_EP1__step124,2,0,8,52002,PLANNED_NOT_AUTHORIZED_NOT_EXECUTED
confirmation,C06__C06_SEED1_EP1__step124,2,0,8,52003,PLANNED_NOT_AUTHORIZED_NOT_EXECUTED
confirmation,C06__C06_SEED1_EP1__step124,2,1,9,52000,PLANNED_NOT_AUTHORIZED_NOT_EXECUTED
confirmation,C06__C06_SEED1_EP1__step124,2,1,9,52001,PLANNED_NOT_AUTHORIZED_NOT_EXECUTED
confirmation,C06__C06_SEED1_EP1__step124,2,1,9,52002,PLANNED_NOT_AUTHORIZED_NOT_EXECUTED
confirmation,C06__C06_SEED1_EP1__step124,2,1,9,52003,PLANNED_NOT_AUTHORIZED_NOT_EXECUTED
confirmation,C06__C06_SEED1_EP1__step124,2,2,10,52000,PLANNED_NOT_AUTHORIZED_NOT_EXECUTED
confirmation,C06__C06_SEED1_EP1__step124,2,2,10,52001,PLANNED_NOT_AUTHORIZED_NOT_EXECUTED
confirmation,C06__C06_SEED1_EP1__step124,2,2,10,52002,PLANNED_NOT_AUTHORIZED_NOT_EXECUTED
confirmation,C06__C06_SEED1_EP1__step124,2,2,10,52003,PLANNED_NOT_AUTHORIZED_NOT_EXECUTED
confirmation,C06__C06_SEED1_EP1__step124,2,3,11,52000,PLANNED_NOT_AUTHORIZED_NOT_EXECUTED
confirmation,C06__C06_SEED1_EP1__step124,2,3,11,52001,PLANNED_NOT_AUTHORIZED_NOT_EXECUTED
confirmation,C06__C06_SEED1_EP1__step124,2,3,11,52002,PLANNED_NOT_AUTHORIZED_NOT_EXECUTED
confirmation,C06__C06_SEED1_EP1__step124,2,3,11,52003,PLANNED_NOT_AUTHORIZED_NOT_EXECUTED
confirmation,C06__C06_SEED1_EP1__step124,3,0,12,52000,PLANNED_NOT_AUTHORIZED_NOT_EXECUTED
confirmation,C06__C06_SEED1_EP1__step124,3,0,12,52001,PLANNED_NOT_AUTHORIZED_NOT_EXECUTED
confirmation,C06__C06_SEED1_EP1__step124,3,0,12,52002,PLANNED_NOT_AUTHORIZED_NOT_EXECUTED
confirmation,C06__C06_SEED1_EP1__step124,3,0,12,52003,PLANNED_NOT_AUTHORIZED_NOT_EXECUTED
confirmation,C06__C06_SEED1_EP1__step124,3,1,13,52000,PLANNED_NOT_AUTHORIZED_NOT_EXECUTED
confirmation,C06__C06_SEED1_EP1__step124,3,1,13,52001,PLANNED_NOT_AUTHORIZED_NOT_EXECUTED
confirmation,C06__C06_SEED1_EP1__step124,3,1,13,52002,PLANNED_NOT_AUTHORIZED_NOT_EXECUTED
confirmation,C06__C06_SEED1_EP1__step124,3,1,13,52003,PLANNED_NOT_AUTHORIZED_NOT_EXECUTED
confirmation,C06__C06_SEED1_EP1__step124,3,2,14,52000,PLANNED_NOT_AUTHORIZED_NOT_EXECUTED
confirmation,C06__C06_SEED1_EP1__step124,3,2,14,52001,PLANNED_NOT_AUTHORIZED_NOT_EXECUTED
confirmation,C06__C06_SEED1_EP1__step124,3,2,14,52002,PLANNED_NOT_AUTHORIZED_NOT_EXECUTED
confirmation,C06__C06_SEED1_EP1__step124,3,2,14,52003,PLANNED_NOT_AUTHORIZED_NOT_EXECUTED
confirmation,C06__C06_SEED1_EP1__step124,3,3,15,52000,PLANNED_NOT_AUTHORIZED_NOT_EXECUTED
confirmation,C06__C06_SEED1_EP1__step124,3,3,15,52001,PLANNED_NOT_AUTHORIZED_NOT_EXECUTED
confirmation,C06__C06_SEED1_EP1__step124,3,3,15,52002,PLANNED_NOT_AUTHORIZED_NOT_EXECUTED
confirmation,C06__C06_SEED1_EP1__step124,3,3,15,52003,PLANNED_NOT_AUTHORIZED_NOT_EXECUTED
confirmation,C11__C11_100M_SEED0_EP1__step0,0,0,0,52000,PLANNED_NOT_AUTHORIZED_NOT_EXECUTED
confirmation,C11__C11_100M_SEED0_EP1__step0,0,0,0,52001,PLANNED_NOT_AUTHORIZED_NOT_EXECUTED
confirmation,C11__C11_100M_SEED0_EP1__step0,0,0,0,52002,PLANNED_NOT_AUTHORIZED_NOT_EXECUTED
confirmation,C11__C11_100M_SEED0_EP1__step0,0,0,0,52003,PLANNED_NOT_AUTHORIZED_NOT_EXECUTED
confirmation,C11__C11_100M_SEED0_EP1__step0,0,1,1,52000,PLANNED_NOT_AUTHORIZED_NOT_EXECUTED
confirmation,C11__C11_100M_SEED0_EP1__step0,0,1,1,52001,PLANNED_NOT_AUTHORIZED_NOT_EXECUTED
confirmation,C11__C11_100M_SEED0_EP1__step0,0,1,1,52002,PLANNED_NOT_AUTHORIZED_NOT_EXECUTED
confirmation,C11__C11_100M_SEED0_EP1__step0,0,1,1,52003,PLANNED_NOT_AUTHORIZED_NOT_EXECUTED
confirmation,C11__C11_100M_SEED0_EP1__step0,0,2,2,52000,PLANNED_NOT_AUTHORIZED_NOT_EXECUTED
confirmation,C11__C11_100M_SEED0_EP1__step0,0,2,2,52001,PLANNED_NOT_AUTHORIZED_NOT_EXECUTED
confirmation,C11__C11_100M_SEED0_EP1__step0,0,2,2,52002,PLANNED_NOT_AUTHORIZED_NOT_EXECUTED
confirmation,C11__C11_100M_SEED0_EP1__step0,0,2,2,52003,PLANNED_NOT_AUTHORIZED_NOT_EXECUTED
confirmation,C11__C11_100M_SEED0_EP1__step0,0,3,3,52000,PLANNED_NOT_AUTHORIZED_NOT_EXECUTED
confirmation,C11__C11_100M_SEED0_EP1__step0,0,3,3,52001,PLANNED_NOT_AUTHORIZED_NOT_EXECUTED
confirmation,C11__C11_100M_SEED0_EP1__step0,0,3,3,52002,PLANNED_NOT_AUTHORIZED_NOT_EXECUTED
confirmation,C11__C11_100M_SEED0_EP1__step0,0,3,3,52003,PLANNED_NOT_AUTHORIZED_NOT_EXECUTED
confirmation,C11__C11_100M_SEED0_EP1__step0,1,0,4,52000,PLANNED_NOT_AUTHORIZED_NOT_EXECUTED
confirmation,C11__C11_100M_SEED0_EP1__step0,1,0,4,52001,PLANNED_NOT_AUTHORIZED_NOT_EXECUTED
confirmation,C11__C11_100M_SEED0_EP1__step0,1,0,4,52002,PLANNED_NOT_AUTHORIZED_NOT_EXECUTED
confirmation,C11__C11_100M_SEED0_EP1__step0,1,0,4,52003,PLANNED_NOT_AUTHORIZED_NOT_EXECUTED
confirmation,C11__C11_100M_SEED0_EP1__step0,1,1,5,52000,PLANNED_NOT_AUTHORIZED_NOT_EXECUTED
confirmation,C11__C11_100M_SEED0_EP1__step0,1,1,5,52001,PLANNED_NOT_AUTHORIZED_NOT_EXECUTED
confirmation,C11__C11_100M_SEED0_EP1__step0,1,1,5,52002,PLANNED_NOT_AUTHORIZED_NOT_EXECUTED
confirmation,C11__C11_100M_SEED0_EP1__step0,1,1,5,52003,PLANNED_NOT_AUTHORIZED_NOT_EXECUTED
confirmation,C11__C11_100M_SEED0_EP1__step0,1,2,6,52000,PLANNED_NOT_AUTHORIZED_NOT_EXECUTED
confirmation,C11__C11_100M_SEED0_EP1__step0,1,2,6,52001,PLANNED_NOT_AUTHORIZED_NOT_EXECUTED
confirmation,C11__C11_100M_SEED0_EP1__step0,1,2,6,52002,PLANNED_NOT_AUTHORIZED_NOT_EXECUTED
confirmation,C11__C11_100M_SEED0_EP1__step0,1,2,6,52003,PLANNED_NOT_AUTHORIZED_NOT_EXECUTED
confirmation,C11__C11_100M_SEED0_EP1__step0,1,3,7,52000,PLANNED_NOT_AUTHORIZED_NOT_EXECUTED
confirmation,C11__C11_100M_SEED0_EP1__step0,1,3,7,52001,PLANNED_NOT_AUTHORIZED_NOT_EXECUTED
confirmation,C11__C11_100M_SEED0_EP1__step0,1,3,7,52002,PLANNED_NOT_AUTHORIZED_NOT_EXECUTED
confirmation,C11__C11_100M_SEED0_EP1__step0,1,3,7,52003,PLANNED_NOT_AUTHORIZED_NOT_EXECUTED
confirmation,C11__C11_100M_SEED0_EP1__step0,2,0,8,52000,PLANNED_NOT_AUTHORIZED_NOT_EXECUTED
confirmation,C11__C11_100M_SEED0_EP1__step0,2,0,8,52001,PLANNED_NOT_AUTHORIZED_NOT_EXECUTED
confirmation,C11__C11_100M_SEED0_EP1__step0,2,0,8,52002,PLANNED_NOT_AUTHORIZED_NOT_EXECUTED
confirmation,C11__C11_100M_SEED0_EP1__step0,2,0,8,52003,PLANNED_NOT_AUTHORIZED_NOT_EXECUTED
confirmation,C11__C11_100M_SEED0_EP1__step0,2,1,9,52000,PLANNED_NOT_AUTHORIZED_NOT_EXECUTED
confirmation,C11__C11_100M_SEED0_EP1__step0,2,1,9,52001,PLANNED_NOT_AUTHORIZED_NOT_EXECUTED
confirmation,C11__C11_100M_SEED0_EP1__step0,2,1,9,52002,PLANNED_NOT_AUTHORIZED_NOT_EXECUTED
confirmation,C11__C11_100M_SEED0_EP1__step0,2,1,9,52003,PLANNED_NOT_AUTHORIZED_NOT_EXECUTED
confirmation,C11__C11_100M_SEED0_EP1__step0,2,2,10,52000,PLANNED_NOT_AUTHORIZED_NOT_EXECUTED
confirmation,C11__C11_100M_SEED0_EP1__step0,2,2,10,52001,PLANNED_NOT_AUTHORIZED_NOT_EXECUTED
confirmation,C11__C11_100M_SEED0_EP1__step0,2,2,10,52002,PLANNED_NOT_AUTHORIZED_NOT_EXECUTED
confirmation,C11__C11_100M_SEED0_EP1__step0,2,2,10,52003,PLANNED_NOT_AUTHORIZED_NOT_EXECUTED
confirmation,C11__C11_100M_SEED0_EP1__step0,2,3,11,52000,PLANNED_NOT_AUTHORIZED_NOT_EXECUTED
confirmation,C11__C11_100M_SEED0_EP1__step0,2,3,11,52001,PLANNED_NOT_AUTHORIZED_NOT_EXECUTED
confirmation,C11__C11_100M_SEED0_EP1__step0,2,3,11,52002,PLANNED_NOT_AUTHORIZED_NOT_EXECUTED
confirmation,C11__C11_100M_SEED0_EP1__step0,2,3,11,52003,PLANNED_NOT_AUTHORIZED_NOT_EXECUTED
confirmation,C11__C11_100M_SEED0_EP1__step0,3,0,12,52000,PLANNED_NOT_AUTHORIZED_NOT_EXECUTED
confirmation,C11__C11_100M_SEED0_EP1__step0,3,0,12,52001,PLANNED_NOT_AUTHORIZED_NOT_EXECUTED
confirmation,C11__C11_100M_SEED0_EP1__step0,3,0,12,52002,PLANNED_NOT_AUTHORIZED_NOT_EXECUTED
confirmation,C11__C11_100M_SEED0_EP1__step0,3,0,12,52003,PLANNED_NOT_AUTHORIZED_NOT_EXECUTED
confirmation,C11__C11_100M_SEED0_EP1__step0,3,1,13,52000,PLANNED_NOT_AUTHORIZED_NOT_EXECUTED
confirmation,C11__C11_100M_SEED0_EP1__step0,3,1,13,52001,PLANNED_NOT_AUTHORIZED_NOT_EXECUTED
confirmation,C11__C11_100M_SEED0_EP1__step0,3,1,13,52002,PLANNED_NOT_AUTHORIZED_NOT_EXECUTED
confirmation,C11__C11_100M_SEED0_EP1__step0,3,1,13,52003,PLANNED_NOT_AUTHORIZED_NOT_EXECUTED
confirmation,C11__C11_100M_SEED0_EP1__step0,3,2,14,52000,PLANNED_NOT_AUTHORIZED_NOT_EXECUTED
confirmation,C11__C11_100M_SEED0_EP1__step0,3,2,14,52001,PLANNED_NOT_AUTHORIZED_NOT_EXECUTED
confirmation,C11__C11_100M_SEED0_EP1__step0,3,2,14,52002,PLANNED_NOT_AUTHORIZED_NOT_EXECUTED
confirmation,C11__C11_100M_SEED0_EP1__step0,3,2,14,52003,PLANNED_NOT_AUTHORIZED_NOT_EXECUTED
confirmation,C11__C11_100M_SEED0_EP1__step0,3,3,15,52000,PLANNED_NOT_AUTHORIZED_NOT_EXECUTED
confirmation,C11__C11_100M_SEED0_EP1__step0,3,3,15,52001,PLANNED_NOT_AUTHORIZED_NOT_EXECUTED
confirmation,C11__C11_100M_SEED0_EP1__step0,3,3,15,52002,PLANNED_NOT_AUTHORIZED_NOT_EXECUTED
confirmation,C11__C11_100M_SEED0_EP1__step0,3,3,15,52003,PLANNED_NOT_AUTHORIZED_NOT_EXECUTED
confirmation,C11__C11_100M_SEED0_EP1__step831,0,0,0,52000,PLANNED_NOT_AUTHORIZED_NOT_EXECUTED
confirmation,C11__C11_100M_SEED0_EP1__step831,0,0,0,52001,PLANNED_NOT_AUTHORIZED_NOT_EXECUTED
confirmation,C11__C11_100M_SEED0_EP1__step831,0,0,0,52002,PLANNED_NOT_AUTHORIZED_NOT_EXECUTED
confirmation,C11__C11_100M_SEED0_EP1__step831,0,0,0,52003,PLANNED_NOT_AUTHORIZED_NOT_EXECUTED
confirmation,C11__C11_100M_SEED0_EP1__step831,0,1,1,52000,PLANNED_NOT_AUTHORIZED_NOT_EXECUTED
confirmation,C11__C11_100M_SEED0_EP1__step831,0,1,1,52001,PLANNED_NOT_AUTHORIZED_NOT_EXECUTED
confirmation,C11__C11_100M_SEED0_EP1__step831,0,1,1,52002,PLANNED_NOT_AUTHORIZED_NOT_EXECUTED
confirmation,C11__C11_100M_SEED0_EP1__step831,0,1,1,52003,PLANNED_NOT_AUTHORIZED_NOT_EXECUTED
confirmation,C11__C11_100M_SEED0_EP1__step831,0,2,2,52000,PLANNED_NOT_AUTHORIZED_NOT_EXECUTED
confirmation,C11__C11_100M_SEED0_EP1__step831,0,2,2,52001,PLANNED_NOT_AUTHORIZED_NOT_EXECUTED
confirmation,C11__C11_100M_SEED0_EP1__step831,0,2,2,52002,PLANNED_NOT_AUTHORIZED_NOT_EXECUTED
confirmation,C11__C11_100M_SEED0_EP1__step831,0,2,2,52003,PLANNED_NOT_AUTHORIZED_NOT_EXECUTED
confirmation,C11__C11_100M_SEED0_EP1__step831,0,3,3,52000,PLANNED_NOT_AUTHORIZED_NOT_EXECUTED
confirmation,C11__C11_100M_SEED0_EP1__step831,0,3,3,52001,PLANNED_NOT_AUTHORIZED_NOT_EXECUTED
confirmation,C11__C11_100M_SEED0_EP1__step831,0,3,3,52002,PLANNED_NOT_AUTHORIZED_NOT_EXECUTED
confirmation,C11__C11_100M_SEED0_EP1__step831,0,3,3,52003,PLANNED_NOT_AUTHORIZED_NOT_EXECUTED
confirmation,C11__C11_100M_SEED0_EP1__step831,1,0,4,52000,PLANNED_NOT_AUTHORIZED_NOT_EXECUTED
confirmation,C11__C11_100M_SEED0_EP1__step831,1,0,4,52001,PLANNED_NOT_AUTHORIZED_NOT_EXECUTED
confirmation,C11__C11_100M_SEED0_EP1__step831,1,0,4,52002,PLANNED_NOT_AUTHORIZED_NOT_EXECUTED
confirmation,C11__C11_100M_SEED0_EP1__step831,1,0,4,52003,PLANNED_NOT_AUTHORIZED_NOT_EXECUTED
confirmation,C11__C11_100M_SEED0_EP1__step831,1,1,5,52000,PLANNED_NOT_AUTHORIZED_NOT_EXECUTED
confirmation,C11__C11_100M_SEED0_EP1__step831,1,1,5,52001,PLANNED_NOT_AUTHORIZED_NOT_EXECUTED
confirmation,C11__C11_100M_SEED0_EP1__step831,1,1,5,52002,PLANNED_NOT_AUTHORIZED_NOT_EXECUTED
confirmation,C11__C11_100M_SEED0_EP1__step831,1,1,5,52003,PLANNED_NOT_AUTHORIZED_NOT_EXECUTED
confirmation,C11__C11_100M_SEED0_EP1__step831,1,2,6,52000,PLANNED_NOT_AUTHORIZED_NOT_EXECUTED
confirmation,C11__C11_100M_SEED0_EP1__step831,1,2,6,52001,PLANNED_NOT_AUTHORIZED_NOT_EXECUTED
confirmation,C11__C11_100M_SEED0_EP1__step831,1,2,6,52002,PLANNED_NOT_AUTHORIZED_NOT_EXECUTED
confirmation,C11__C11_100M_SEED0_EP1__step831,1,2,6,52003,PLANNED_NOT_AUTHORIZED_NOT_EXECUTED
confirmation,C11__C11_100M_SEED0_EP1__step831,1,3,7,52000,PLANNED_NOT_AUTHORIZED_NOT_EXECUTED
confirmation,C11__C11_100M_SEED0_EP1__step831,1,3,7,52001,PLANNED_NOT_AUTHORIZED_NOT_EXECUTED
confirmation,C11__C11_100M_SEED0_EP1__step831,1,3,7,52002,PLANNED_NOT_AUTHORIZED_NOT_EXECUTED
confirmation,C11__C11_100M_SEED0_EP1__step831,1,3,7,52003,PLANNED_NOT_AUTHORIZED_NOT_EXECUTED
confirmation,C11__C11_100M_SEED0_EP1__step831,2,0,8,52000,PLANNED_NOT_AUTHORIZED_NOT_EXECUTED
confirmation,C11__C11_100M_SEED0_EP1__step831,2,0,8,52001,PLANNED_NOT_AUTHORIZED_NOT_EXECUTED
confirmation,C11__C11_100M_SEED0_EP1__step831,2,0,8,52002,PLANNED_NOT_AUTHORIZED_NOT_EXECUTED
confirmation,C11__C11_100M_SEED0_EP1__step831,2,0,8,52003,PLANNED_NOT_AUTHORIZED_NOT_EXECUTED
confirmation,C11__C11_100M_SEED0_EP1__step831,2,1,9,52000,PLANNED_NOT_AUTHORIZED_NOT_EXECUTED
confirmation,C11__C11_100M_SEED0_EP1__step831,2,1,9,52001,PLANNED_NOT_AUTHORIZED_NOT_EXECUTED
confirmation,C11__C11_100M_SEED0_EP1__step831,2,1,9,52002,PLANNED_NOT_AUTHORIZED_NOT_EXECUTED
confirmation,C11__C11_100M_SEED0_EP1__step831,2,1,9,52003,PLANNED_NOT_AUTHORIZED_NOT_EXECUTED
confirmation,C11__C11_100M_SEED0_EP1__step831,2,2,10,52000,PLANNED_NOT_AUTHORIZED_NOT_EXECUTED
confirmation,C11__C11_100M_SEED0_EP1__step831,2,2,10,52001,PLANNED_NOT_AUTHORIZED_NOT_EXECUTED
confirmation,C11__C11_100M_SEED0_EP1__step831,2,2,10,52002,PLANNED_NOT_AUTHORIZED_NOT_EXECUTED
confirmation,C11__C11_100M_SEED0_EP1__step831,2,2,10,52003,PLANNED_NOT_AUTHORIZED_NOT_EXECUTED
confirmation,C11__C11_100M_SEED0_EP1__step831,2,3,11,52000,PLANNED_NOT_AUTHORIZED_NOT_EXECUTED
confirmation,C11__C11_100M_SEED0_EP1__step831,2,3,11,52001,PLANNED_NOT_AUTHORIZED_NOT_EXECUTED
confirmation,C11__C11_100M_SEED0_EP1__step831,2,3,11,52002,PLANNED_NOT_AUTHORIZED_NOT_EXECUTED
confirmation,C11__C11_100M_SEED0_EP1__step831,2,3,11,52003,PLANNED_NOT_AUTHORIZED_NOT_EXECUTED
confirmation,C11__C11_100M_SEED0_EP1__step831,3,0,12,52000,PLANNED_NOT_AUTHORIZED_NOT_EXECUTED
confirmation,C11__C11_100M_SEED0_EP1__step831,3,0,12,52001,PLANNED_NOT_AUTHORIZED_NOT_EXECUTED
confirmation,C11__C11_100M_SEED0_EP1__step831,3,0,12,52002,PLANNED_NOT_AUTHORIZED_NOT_EXECUTED
confirmation,C11__C11_100M_SEED0_EP1__step831,3,0,12,52003,PLANNED_NOT_AUTHORIZED_NOT_EXECUTED
confirmation,C11__C11_100M_SEED0_EP1__step831,3,1,13,52000,PLANNED_NOT_AUTHORIZED_NOT_EXECUTED
confirmation,C11__C11_100M_SEED0_EP1__step831,3,1,13,52001,PLANNED_NOT_AUTHORIZED_NOT_EXECUTED
confirmation,C11__C11_100M_SEED0_EP1__step831,3,1,13,52002,PLANNED_NOT_AUTHORIZED_NOT_EXECUTED
confirmation,C11__C11_100M_SEED0_EP1__step831,3,1,13,52003,PLANNED_NOT_AUTHORIZED_NOT_EXECUTED
confirmation,C11__C11_100M_SEED0_EP1__step831,3,2,14,52000,PLANNED_NOT_AUTHORIZED_NOT_EXECUTED
confirmation,C11__C11_100M_SEED0_EP1__step831,3,2,14,52001,PLANNED_NOT_AUTHORIZED_NOT_EXECUTED
confirmation,C11__C11_100M_SEED0_EP1__step831,3,2,14,52002,PLANNED_NOT_AUTHORIZED_NOT_EXECUTED
confirmation,C11__C11_100M_SEED0_EP1__step831,3,2,14,52003,PLANNED_NOT_AUTHORIZED_NOT_EXECUTED
confirmation,C11__C11_100M_SEED0_EP1__step831,3,3,15,52000,PLANNED_NOT_AUTHORIZED_NOT_EXECUTED
confirmation,C11__C11_100M_SEED0_EP1__step831,3,3,15,52001,PLANNED_NOT_AUTHORIZED_NOT_EXECUTED
confirmation,C11__C11_100M_SEED0_EP1__step831,3,3,15,52002,PLANNED_NOT_AUTHORIZED_NOT_EXECUTED
confirmation,C11__C11_100M_SEED0_EP1__step831,3,3,15,52003,PLANNED_NOT_AUTHORIZED_NOT_EXECUTED
confirmation,C11__C11_80M_SEED0_EP0__step0,0,0,0,52000,PLANNED_NOT_AUTHORIZED_NOT_EXECUTED
confirmation,C11__C11_80M_SEED0_EP0__step0,0,0,0,52001,PLANNED_NOT_AUTHORIZED_NOT_EXECUTED
confirmation,C11__C11_80M_SEED0_EP0__step0,0,0,0,52002,PLANNED_NOT_AUTHORIZED_NOT_EXECUTED
confirmation,C11__C11_80M_SEED0_EP0__step0,0,0,0,52003,PLANNED_NOT_AUTHORIZED_NOT_EXECUTED
confirmation,C11__C11_80M_SEED0_EP0__step0,0,1,1,52000,PLANNED_NOT_AUTHORIZED_NOT_EXECUTED
confirmation,C11__C11_80M_SEED0_EP0__step0,0,1,1,52001,PLANNED_NOT_AUTHORIZED_NOT_EXECUTED
confirmation,C11__C11_80M_SEED0_EP0__step0,0,1,1,52002,PLANNED_NOT_AUTHORIZED_NOT_EXECUTED
confirmation,C11__C11_80M_SEED0_EP0__step0,0,1,1,52003,PLANNED_NOT_AUTHORIZED_NOT_EXECUTED
confirmation,C11__C11_80M_SEED0_EP0__step0,0,2,2,52000,PLANNED_NOT_AUTHORIZED_NOT_EXECUTED
confirmation,C11__C11_80M_SEED0_EP0__step0,0,2,2,52001,PLANNED_NOT_AUTHORIZED_NOT_EXECUTED
confirmation,C11__C11_80M_SEED0_EP0__step0,0,2,2,52002,PLANNED_NOT_AUTHORIZED_NOT_EXECUTED
confirmation,C11__C11_80M_SEED0_EP0__step0,0,2,2,52003,PLANNED_NOT_AUTHORIZED_NOT_EXECUTED
confirmation,C11__C11_80M_SEED0_EP0__step0,0,3,3,52000,PLANNED_NOT_AUTHORIZED_NOT_EXECUTED
confirmation,C11__C11_80M_SEED0_EP0__step0,0,3,3,52001,PLANNED_NOT_AUTHORIZED_NOT_EXECUTED
confirmation,C11__C11_80M_SEED0_EP0__step0,0,3,3,52002,PLANNED_NOT_AUTHORIZED_NOT_EXECUTED
confirmation,C11__C11_80M_SEED0_EP0__step0,0,3,3,52003,PLANNED_NOT_AUTHORIZED_NOT_EXECUTED
confirmation,C11__C11_80M_SEED0_EP0__step0,1,0,4,52000,PLANNED_NOT_AUTHORIZED_NOT_EXECUTED
confirmation,C11__C11_80M_SEED0_EP0__step0,1,0,4,52001,PLANNED_NOT_AUTHORIZED_NOT_EXECUTED
confirmation,C11__C11_80M_SEED0_EP0__step0,1,0,4,52002,PLANNED_NOT_AUTHORIZED_NOT_EXECUTED
confirmation,C11__C11_80M_SEED0_EP0__step0,1,0,4,52003,PLANNED_NOT_AUTHORIZED_NOT_EXECUTED
confirmation,C11__C11_80M_SEED0_EP0__step0,1,1,5,52000,PLANNED_NOT_AUTHORIZED_NOT_EXECUTED
confirmation,C11__C11_80M_SEED0_EP0__step0,1,1,5,52001,PLANNED_NOT_AUTHORIZED_NOT_EXECUTED
confirmation,C11__C11_80M_SEED0_EP0__step0,1,1,5,52002,PLANNED_NOT_AUTHORIZED_NOT_EXECUTED
confirmation,C11__C11_80M_SEED0_EP0__step0,1,1,5,52003,PLANNED_NOT_AUTHORIZED_NOT_EXECUTED
confirmation,C11__C11_80M_SEED0_EP0__step0,1,2,6,52000,PLANNED_NOT_AUTHORIZED_NOT_EXECUTED
confirmation,C11__C11_80M_SEED0_EP0__step0,1,2,6,52001,PLANNED_NOT_AUTHORIZED_NOT_EXECUTED
confirmation,C11__C11_80M_SEED0_EP0__step0,1,2,6,52002,PLANNED_NOT_AUTHORIZED_NOT_EXECUTED
confirmation,C11__C11_80M_SEED0_EP0__step0,1,2,6,52003,PLANNED_NOT_AUTHORIZED_NOT_EXECUTED
confirmation,C11__C11_80M_SEED0_EP0__step0,1,3,7,52000,PLANNED_NOT_AUTHORIZED_NOT_EXECUTED
confirmation,C11__C11_80M_SEED0_EP0__step0,1,3,7,52001,PLANNED_NOT_AUTHORIZED_NOT_EXECUTED
confirmation,C11__C11_80M_SEED0_EP0__step0,1,3,7,52002,PLANNED_NOT_AUTHORIZED_NOT_EXECUTED
confirmation,C11__C11_80M_SEED0_EP0__step0,1,3,7,52003,PLANNED_NOT_AUTHORIZED_NOT_EXECUTED
confirmation,C11__C11_80M_SEED0_EP0__step0,2,0,8,52000,PLANNED_NOT_AUTHORIZED_NOT_EXECUTED
confirmation,C11__C11_80M_SEED0_EP0__step0,2,0,8,52001,PLANNED_NOT_AUTHORIZED_NOT_EXECUTED
confirmation,C11__C11_80M_SEED0_EP0__step0,2,0,8,52002,PLANNED_NOT_AUTHORIZED_NOT_EXECUTED
confirmation,C11__C11_80M_SEED0_EP0__step0,2,0,8,52003,PLANNED_NOT_AUTHORIZED_NOT_EXECUTED
confirmation,C11__C11_80M_SEED0_EP0__step0,2,1,9,52000,PLANNED_NOT_AUTHORIZED_NOT_EXECUTED
confirmation,C11__C11_80M_SEED0_EP0__step0,2,1,9,52001,PLANNED_NOT_AUTHORIZED_NOT_EXECUTED
confirmation,C11__C11_80M_SEED0_EP0__step0,2,1,9,52002,PLANNED_NOT_AUTHORIZED_NOT_EXECUTED
confirmation,C11__C11_80M_SEED0_EP0__step0,2,1,9,52003,PLANNED_NOT_AUTHORIZED_NOT_EXECUTED
confirmation,C11__C11_80M_SEED0_EP0__step0,2,2,10,52000,PLANNED_NOT_AUTHORIZED_NOT_EXECUTED
confirmation,C11__C11_80M_SEED0_EP0__step0,2,2,10,52001,PLANNED_NOT_AUTHORIZED_NOT_EXECUTED
confirmation,C11__C11_80M_SEED0_EP0__step0,2,2,10,52002,PLANNED_NOT_AUTHORIZED_NOT_EXECUTED
confirmation,C11__C11_80M_SEED0_EP0__step0,2,2,10,52003,PLANNED_NOT_AUTHORIZED_NOT_EXECUTED
confirmation,C11__C11_80M_SEED0_EP0__step0,2,3,11,52000,PLANNED_NOT_AUTHORIZED_NOT_EXECUTED
confirmation,C11__C11_80M_SEED0_EP0__step0,2,3,11,52001,PLANNED_NOT_AUTHORIZED_NOT_EXECUTED
confirmation,C11__C11_80M_SEED0_EP0__step0,2,3,11,52002,PLANNED_NOT_AUTHORIZED_NOT_EXECUTED
confirmation,C11__C11_80M_SEED0_EP0__step0,2,3,11,52003,PLANNED_NOT_AUTHORIZED_NOT_EXECUTED
confirmation,C11__C11_80M_SEED0_EP0__step0,3,0,12,52000,PLANNED_NOT_AUTHORIZED_NOT_EXECUTED
confirmation,C11__C11_80M_SEED0_EP0__step0,3,0,12,52001,PLANNED_NOT_AUTHORIZED_NOT_EXECUTED
confirmation,C11__C11_80M_SEED0_EP0__step0,3,0,12,52002,PLANNED_NOT_AUTHORIZED_NOT_EXECUTED
confirmation,C11__C11_80M_SEED0_EP0__step0,3,0,12,52003,PLANNED_NOT_AUTHORIZED_NOT_EXECUTED
confirmation,C11__C11_80M_SEED0_EP0__step0,3,1,13,52000,PLANNED_NOT_AUTHORIZED_NOT_EXECUTED
confirmation,C11__C11_80M_SEED0_EP0__step0,3,1,13,52001,PLANNED_NOT_AUTHORIZED_NOT_EXECUTED
confirmation,C11__C11_80M_SEED0_EP0__step0,3,1,13,52002,PLANNED_NOT_AUTHORIZED_NOT_EXECUTED
confirmation,C11__C11_80M_SEED0_EP0__step0,3,1,13,52003,PLANNED_NOT_AUTHORIZED_NOT_EXECUTED
confirmation,C11__C11_80M_SEED0_EP0__step0,3,2,14,52000,PLANNED_NOT_AUTHORIZED_NOT_EXECUTED
confirmation,C11__C11_80M_SEED0_EP0__step0,3,2,14,52001,PLANNED_NOT_AUTHORIZED_NOT_EXECUTED
confirmation,C11__C11_80M_SEED0_EP0__step0,3,2,14,52002,PLANNED_NOT_AUTHORIZED_NOT_EXECUTED
confirmation,C11__C11_80M_SEED0_EP0__step0,3,2,14,52003,PLANNED_NOT_AUTHORIZED_NOT_EXECUTED
confirmation,C11__C11_80M_SEED0_EP0__step0,3,3,15,52000,PLANNED_NOT_AUTHORIZED_NOT_EXECUTED
confirmation,C11__C11_80M_SEED0_EP0__step0,3,3,15,52001,PLANNED_NOT_AUTHORIZED_NOT_EXECUTED
confirmation,C11__C11_80M_SEED0_EP0__step0,3,3,15,52002,PLANNED_NOT_AUTHORIZED_NOT_EXECUTED
confirmation,C11__C11_80M_SEED0_EP0__step0,3,3,15,52003,PLANNED_NOT_AUTHORIZED_NOT_EXECUTED
confirmation,C11__C11_80M_SEED0_EP0__step703,0,0,0,52000,PLANNED_NOT_AUTHORIZED_NOT_EXECUTED
confirmation,C11__C11_80M_SEED0_EP0__step703,0,0,0,52001,PLANNED_NOT_AUTHORIZED_NOT_EXECUTED
confirmation,C11__C11_80M_SEED0_EP0__step703,0,0,0,52002,PLANNED_NOT_AUTHORIZED_NOT_EXECUTED
confirmation,C11__C11_80M_SEED0_EP0__step703,0,0,0,52003,PLANNED_NOT_AUTHORIZED_NOT_EXECUTED
confirmation,C11__C11_80M_SEED0_EP0__step703,0,1,1,52000,PLANNED_NOT_AUTHORIZED_NOT_EXECUTED
confirmation,C11__C11_80M_SEED0_EP0__step703,0,1,1,52001,PLANNED_NOT_AUTHORIZED_NOT_EXECUTED
confirmation,C11__C11_80M_SEED0_EP0__step703,0,1,1,52002,PLANNED_NOT_AUTHORIZED_NOT_EXECUTED
confirmation,C11__C11_80M_SEED0_EP0__step703,0,1,1,52003,PLANNED_NOT_AUTHORIZED_NOT_EXECUTED
confirmation,C11__C11_80M_SEED0_EP0__step703,0,2,2,52000,PLANNED_NOT_AUTHORIZED_NOT_EXECUTED
confirmation,C11__C11_80M_SEED0_EP0__step703,0,2,2,52001,PLANNED_NOT_AUTHORIZED_NOT_EXECUTED
confirmation,C11__C11_80M_SEED0_EP0__step703,0,2,2,52002,PLANNED_NOT_AUTHORIZED_NOT_EXECUTED
confirmation,C11__C11_80M_SEED0_EP0__step703,0,2,2,52003,PLANNED_NOT_AUTHORIZED_NOT_EXECUTED
confirmation,C11__C11_80M_SEED0_EP0__step703,0,3,3,52000,PLANNED_NOT_AUTHORIZED_NOT_EXECUTED
confirmation,C11__C11_80M_SEED0_EP0__step703,0,3,3,52001,PLANNED_NOT_AUTHORIZED_NOT_EXECUTED
confirmation,C11__C11_80M_SEED0_EP0__step703,0,3,3,52002,PLANNED_NOT_AUTHORIZED_NOT_EXECUTED
confirmation,C11__C11_80M_SEED0_EP0__step703,0,3,3,52003,PLANNED_NOT_AUTHORIZED_NOT_EXECUTED
confirmation,C11__C11_80M_SEED0_EP0__step703,1,0,4,52000,PLANNED_NOT_AUTHORIZED_NOT_EXECUTED
confirmation,C11__C11_80M_SEED0_EP0__step703,1,0,4,52001,PLANNED_NOT_AUTHORIZED_NOT_EXECUTED
confirmation,C11__C11_80M_SEED0_EP0__step703,1,0,4,52002,PLANNED_NOT_AUTHORIZED_NOT_EXECUTED
confirmation,C11__C11_80M_SEED0_EP0__step703,1,0,4,52003,PLANNED_NOT_AUTHORIZED_NOT_EXECUTED
confirmation,C11__C11_80M_SEED0_EP0__step703,1,1,5,52000,PLANNED_NOT_AUTHORIZED_NOT_EXECUTED
confirmation,C11__C11_80M_SEED0_EP0__step703,1,1,5,52001,PLANNED_NOT_AUTHORIZED_NOT_EXECUTED
confirmation,C11__C11_80M_SEED0_EP0__step703,1,1,5,52002,PLANNED_NOT_AUTHORIZED_NOT_EXECUTED
confirmation,C11__C11_80M_SEED0_EP0__step703,1,1,5,52003,PLANNED_NOT_AUTHORIZED_NOT_EXECUTED
confirmation,C11__C11_80M_SEED0_EP0__step703,1,2,6,52000,PLANNED_NOT_AUTHORIZED_NOT_EXECUTED
confirmation,C11__C11_80M_SEED0_EP0__step703,1,2,6,52001,PLANNED_NOT_AUTHORIZED_NOT_EXECUTED
confirmation,C11__C11_80M_SEED0_EP0__step703,1,2,6,52002,PLANNED_NOT_AUTHORIZED_NOT_EXECUTED
confirmation,C11__C11_80M_SEED0_EP0__step703,1,2,6,52003,PLANNED_NOT_AUTHORIZED_NOT_EXECUTED
confirmation,C11__C11_80M_SEED0_EP0__step703,1,3,7,52000,PLANNED_NOT_AUTHORIZED_NOT_EXECUTED
confirmation,C11__C11_80M_SEED0_EP0__step703,1,3,7,52001,PLANNED_NOT_AUTHORIZED_NOT_EXECUTED
confirmation,C11__C11_80M_SEED0_EP0__step703,1,3,7,52002,PLANNED_NOT_AUTHORIZED_NOT_EXECUTED
confirmation,C11__C11_80M_SEED0_EP0__step703,1,3,7,52003,PLANNED_NOT_AUTHORIZED_NOT_EXECUTED
confirmation,C11__C11_80M_SEED0_EP0__step703,2,0,8,52000,PLANNED_NOT_AUTHORIZED_NOT_EXECUTED
confirmation,C11__C11_80M_SEED0_EP0__step703,2,0,8,52001,PLANNED_NOT_AUTHORIZED_NOT_EXECUTED
confirmation,C11__C11_80M_SEED0_EP0__step703,2,0,8,52002,PLANNED_NOT_AUTHORIZED_NOT_EXECUTED
confirmation,C11__C11_80M_SEED0_EP0__step703,2,0,8,52003,PLANNED_NOT_AUTHORIZED_NOT_EXECUTED
confirmation,C11__C11_80M_SEED0_EP0__step703,2,1,9,52000,PLANNED_NOT_AUTHORIZED_NOT_EXECUTED
confirmation,C11__C11_80M_SEED0_EP0__step703,2,1,9,52001,PLANNED_NOT_AUTHORIZED_NOT_EXECUTED
confirmation,C11__C11_80M_SEED0_EP0__step703,2,1,9,52002,PLANNED_NOT_AUTHORIZED_NOT_EXECUTED
confirmation,C11__C11_80M_SEED0_EP0__step703,2,1,9,52003,PLANNED_NOT_AUTHORIZED_NOT_EXECUTED
confirmation,C11__C11_80M_SEED0_EP0__step703,2,2,10,52000,PLANNED_NOT_AUTHORIZED_NOT_EXECUTED
confirmation,C11__C11_80M_SEED0_EP0__step703,2,2,10,52001,PLANNED_NOT_AUTHORIZED_NOT_EXECUTED
confirmation,C11__C11_80M_SEED0_EP0__step703,2,2,10,52002,PLANNED_NOT_AUTHORIZED_NOT_EXECUTED
confirmation,C11__C11_80M_SEED0_EP0__step703,2,2,10,52003,PLANNED_NOT_AUTHORIZED_NOT_EXECUTED
confirmation,C11__C11_80M_SEED0_EP0__step703,2,3,11,52000,PLANNED_NOT_AUTHORIZED_NOT_EXECUTED
confirmation,C11__C11_80M_SEED0_EP0__step703,2,3,11,52001,PLANNED_NOT_AUTHORIZED_NOT_EXECUTED
confirmation,C11__C11_80M_SEED0_EP0__step703,2,3,11,52002,PLANNED_NOT_AUTHORIZED_NOT_EXECUTED
confirmation,C11__C11_80M_SEED0_EP0__step703,2,3,11,52003,PLANNED_NOT_AUTHORIZED_NOT_EXECUTED
confirmation,C11__C11_80M_SEED0_EP0__step703,3,0,12,52000,PLANNED_NOT_AUTHORIZED_NOT_EXECUTED
confirmation,C11__C11_80M_SEED0_EP0__step703,3,0,12,52001,PLANNED_NOT_AUTHORIZED_NOT_EXECUTED
confirmation,C11__C11_80M_SEED0_EP0__step703,3,0,12,52002,PLANNED_NOT_AUTHORIZED_NOT_EXECUTED
confirmation,C11__C11_80M_SEED0_EP0__step703,3,0,12,52003,PLANNED_NOT_AUTHORIZED_NOT_EXECUTED
confirmation,C11__C11_80M_SEED0_EP0__step703,3,1,13,52000,PLANNED_NOT_AUTHORIZED_NOT_EXECUTED
confirmation,C11__C11_80M_SEED0_EP0__step703,3,1,13,52001,PLANNED_NOT_AUTHORIZED_NOT_EXECUTED
confirmation,C11__C11_80M_SEED0_EP0__step703,3,1,13,52002,PLANNED_NOT_AUTHORIZED_NOT_EXECUTED
confirmation,C11__C11_80M_SEED0_EP0__step703,3,1,13,52003,PLANNED_NOT_AUTHORIZED_NOT_EXECUTED
confirmation,C11__C11_80M_SEED0_EP0__step703,3,2,14,52000,PLANNED_NOT_AUTHORIZED_NOT_EXECUTED
confirmation,C11__C11_80M_SEED0_EP0__step703,3,2,14,52001,PLANNED_NOT_AUTHORIZED_NOT_EXECUTED
confirmation,C11__C11_80M_SEED0_EP0__step703,3,2,14,52002,PLANNED_NOT_AUTHORIZED_NOT_EXECUTED
confirmation,C11__C11_80M_SEED0_EP0__step703,3,2,14,52003,PLANNED_NOT_AUTHORIZED_NOT_EXECUTED
confirmation,C11__C11_80M_SEED0_EP0__step703,3,3,15,52000,PLANNED_NOT_AUTHORIZED_NOT_EXECUTED
confirmation,C11__C11_80M_SEED0_EP0__step703,3,3,15,52001,PLANNED_NOT_AUTHORIZED_NOT_EXECUTED
confirmation,C11__C11_80M_SEED0_EP0__step703,3,3,15,52002,PLANNED_NOT_AUTHORIZED_NOT_EXECUTED
confirmation,C11__C11_80M_SEED0_EP0__step703,3,3,15,52003,PLANNED_NOT_AUTHORIZED_NOT_EXECUTED
